-0.999059796333313,-0.04207226634025574,0.010458696633577347,-0.9167839884757996,0.003219745121896267,0.1685730367898941,0.9856838583946228,9.344343185424805,-0.043233007192611694,0.9847908616065979,-0.16827908158302307,-1.9241596460342407,0.0,0.0,0.0,1.0
-0.9989092350006104,-0.04605019837617874,0.007732086814939976,-0.9226449728012085,-0.00022102100774645805,0.17024870216846466,0.9854010939598083,9.37825870513916,-0.04669428989291191,0.9843244552612305,-0.17007318139076233,-1.938661813735962,0.0,0.0,0.0,1.0
-0.9985999464988708,-0.051950614899396896,0.009967373684048653,-0.9162782430648804,0.001067901961505413,0.16858884692192078,0.9856859445571899,9.379615783691406,-0.05288737639784813,0.9843165278434753,-0.16829732060432434,-1.938851237297058,0.0,0.0,0.0,1.0
-0.9986547231674194,-0.05136999487876892,0.007069164887070656,-0.9143170118331909,-0.0017220363952219486,0.16910769045352936,0.9855960607528687,9.387674331665039,-0.05182551220059395,0.9842579960823059,-0.16896864771842957,-1.9382742643356323,0.0,0.0,0.0,1.0
-0.9988196492195129,-0.048277854919433594,0.005341776646673679,-0.9182836413383484,-0.0029721660539507866,0.17051666975021362,0.9853503108024597,9.371054649353027,-0.04848146066069603,0.9841713309288025,-0.17045889794826508,-1.9374784231185913,0.0,0.0,0.0,1.0
-0.9988078474998474,-0.04809516668319702,0.008353311568498611,-0.90475994348526,0.00040905922651290894,0.16286881268024445,0.9866476655006409,9.302809715270996,-0.04881347343325615,0.9854748249053955,-0.16265498101711273,-1.9174784421920776,0.0,0.0,0.0,1.0
-0.9990476369857788,-0.04355626180768013,0.0025853486731648445,-0.9150955080986023,-0.004635277204215527,0.16486278176307678,0.9863056540489197,9.33813190460205,-0.04338601604104042,0.9853543043136597,-0.16490766406059265,-1.9241383075714111,0.0,0.0,0.0,1.0
-0.9990752935409546,-0.04241033270955086,0.007063558325171471,-0.9205268025398254,7.076794281601906e-05,0.16266734898090363,0.9866810441017151,9.281064987182617,-0.042994480580091476,0.9857690930366516,-0.16251392662525177,-1.922143816947937,0.0,0.0,0.0,1.0
-0.9990440607070923,-0.04304924234747887,0.007597087416797876,-0.9066199660301208,0.0006615095771849155,0.1588810533285141,0.987297534942627,9.250184059143066,-0.043709442019462585,0.9863587617874146,-0.15870070457458496,-1.912355899810791,0.0,0.0,0.0,1.0
-0.9991436004638672,-0.0401119738817215,0.010151891969144344,-0.9159594774246216,0.003630173858255148,0.15942656993865967,0.987203061580658,9.2657470703125,-0.0412171445786953,0.9863945245742798,-0.15914441645145416,-1.9191429615020752,0.0,0.0,0.0,1.0
-0.998986005783081,-0.042952243238687515,0.013492671772837639,-0.9188728928565979,0.006616123020648956,0.15638190507888794,0.9876745343208313,9.29051399230957,-0.04453284665942192,0.986762285232544,-0.15593914687633514,-1.941429853439331,0.0,0.0,0.0,1.0
-0.9990550875663757,-0.041094496846199036,0.014146982692182064,-0.924447774887085,0.007578179705888033,0.15580636262893677,0.9877585172653198,9.236412048339844,-0.04279562830924988,0.9869323968887329,-0.15534771978855133,-1.922166347503662,0.0,0.0,0.0,1.0
-0.9991866946220398,-0.016160817816853523,0.03694256767630577,-1.1895501613616943,0.03431589901447296,0.140292689204216,0.9895152449607849,9.106369018554688,-0.021174147725105286,0.9899782538414001,-0.13962401449680328,-2.1835689544677734,0.0,0.0,0.0,1.0
-0.9991360306739807,-0.02509993501007557,0.03312281146645546,-1.1717711687088013,0.02881598100066185,0.1558907926082611,0.9873538613319397,9.18776798248291,-0.029946058988571167,0.9874553084373474,-0.15503284335136414,-2.1645030975341797,0.0,0.0,0.0,1.0
-0.9991229772567749,-0.024198390543460846,0.03417148441076279,-1.1684236526489258,0.030073195695877075,0.1531471610069275,0.9877457022666931,9.169891357421875,-0.029135122895240784,0.9879070520401001,-0.1522851288318634,-2.1598052978515625,0.0,0.0,0.0,1.0
-0.9991440773010254,-0.0248243510723114,0.033088695257902145,-1.166124939918518,0.028834663331508636,0.15556995570659637,0.987403929233551,9.162135124206543,-0.029659267514944077,0.9875128269195557,-0.1547209918498993,-2.1648173332214355,0.0,0.0,0.0,1.0
-0.9989703893661499,-0.027035348117351532,0.03643001988530159,-1.1768237352371216,0.03176248446106911,0.15655186772346497,0.9871588945388794,9.26041030883789,-0.032391373068094254,0.9872996807098389,-0.15553198754787445,-2.1713778972625732,0.0,0.0,0.0,1.0
-0.9990856647491455,-0.027017012238502502,0.033134009689092636,-1.1803704500198364,0.028467128053307533,0.15782760083675385,0.9870562553405762,9.308992385864258,-0.03189677372574806,0.9870970249176025,-0.15691420435905457,-2.172868251800537,0.0,0.0,0.0,1.0
-0.9989255666732788,-0.029449600726366043,0.03578382357954979,-1.1742368936538696,0.030754026025533676,0.15638361871242523,0.9872174859046936,9.229059219360352,-0.034669164568185806,0.9872573018074036,-0.15530990064144135,-2.1658761501312256,0.0,0.0,0.0,1.0
-0.9987504482269287,-0.03265383839607239,0.037830766290426254,-1.1632118225097656,0.032389745116233826,0.15351805090904236,0.9876148104667664,9.185892105102539,-0.0380571223795414,0.9876061677932739,-0.15226857364177704,-2.1571662425994873,0.0,0.0,0.0,1.0
-0.9988147020339966,-0.03196438029408455,0.03670813888311386,-1.1668846607208252,0.031356990337371826,0.15425561368465424,0.9875332713127136,9.183950424194336,-0.03722832351922989,0.9875137805938721,-0.15307046473026276,-2.152550458908081,0.0,0.0,0.0,1.0
-0.9987044930458069,-0.03340081498026848,0.038388364017009735,-1.1669467687606812,0.032774314284324646,0.15486203134059906,0.9873923063278198,9.185576438903809,-0.03892461210489273,0.9873713254928589,-0.15356671810150146,-2.155717611312866,0.0,0.0,0.0,1.0
-0.9988346099853516,-0.03179004415869713,0.036316148936748505,-1.1710426807403564,0.030948597937822342,0.15552400052547455,0.9873471856117249,9.174609184265137,-0.03703584149479866,0.9873204231262207,-0.1543588936328888,-2.1518754959106445,0.0,0.0,0.0,1.0
-0.9979521632194519,-0.0061473967507481575,0.06366879492998123,-1.1235474348068237,0.06221948191523552,0.13764522969722748,0.988525390625,8.793902397155762,-0.014840563759207726,0.9904625415802002,-0.13698086142539978,-2.2215704917907715,0.0,0.0,0.0,1.0
-0.9984135627746582,0.002834028797224164,0.05623341724276543,-1.1152472496032715,0.056065633893013,0.14199329912662506,0.9882785677909851,8.787372589111328,-0.005183958448469639,0.9898635745048523,-0.14192694425582886,-2.2229368686676025,0.0,0.0,0.0,1.0
-0.9984439611434937,0.004207904916256666,0.055605173110961914,-1.1174172163009644,0.05564334616065025,0.14078184962272644,0.9884757399559021,8.752877235412598,-0.003668786957859993,0.9900316596031189,-0.14079692959785461,-2.2200145721435547,0.0,0.0,0.0,1.0
-0.9984304904937744,0.005709945224225521,0.055713310837745667,-1.121016502380371,0.0559600405395031,0.14162956178188324,0.9883368015289307,8.782608032226562,-0.002247302792966366,0.9899033308029175,-0.1417268067598343,-2.227128744125366,0.0,0.0,0.0,1.0
-0.9983882308006287,0.005927274469286203,0.05644212290644646,-1.1208293437957764,0.056716423481702805,0.13965754210948944,0.988574206829071,8.743243217468262,-0.0020230174995958805,0.990182101726532,-0.13976864516735077,-2.227395534515381,0.0,0.0,0.0,1.0
-0.9985225200653076,0.006642060820013285,0.05393261834979057,-1.1164835691452026,0.05433106794953346,0.14010494947433472,0.9886448979377747,8.780448913574219,-0.0009895865805447102,0.9901143908500671,-0.1402588039636612,-2.23193097114563,0.0,0.0,0.0,1.0
-0.9985829591751099,0.008347932249307632,0.052558641880750656,-1.112016201019287,0.053208671510219574,0.13865874707698822,0.9889097809791565,8.77726936340332,0.000967636238783598,0.9903050661087036,-0.13890644907951355,-2.228184461593628,0.0,0.0,0.0,1.0
-0.998466432094574,0.007951763458549976,0.054786939173936844,-1.105417251586914,0.0553593710064888,0.13584183156490326,0.9891826510429382,8.737086296081543,0.0004233880899846554,0.9906986355781555,-0.13607370853424072,-2.223391532897949,0.0,0.0,0.0,1.0
-0.9986628890037537,0.009949717670679092,0.05072891339659691,-1.1221510171890259,0.051627811044454575,0.14177660644054413,0.9885514974594116,8.772470474243164,0.0026436354964971542,0.9898486137390137,-0.1421007215976715,-2.222498893737793,0.0,0.0,0.0,1.0
-0.9985249638557434,0.007445116527378559,0.053782761096954346,-1.1042852401733398,0.05429551750421524,0.13894717395305634,0.9888102412223816,8.767772674560547,-0.0001111556775867939,0.990271806716919,-0.13914644718170166,-2.22322416305542,0.0,0.0,0.0,1.0
-0.9985958337783813,0.009578079916536808,0.05210111290216446,-1.1104997396469116,0.05292637273669243,0.13860687613487244,0.988932192325592,8.752386093139648,0.002250498626381159,0.9903011322021484,-0.13891920447349548,-2.216806650161743,0.0,0.0,0.0,1.0
-0.9975468516349792,0.019037242978811264,0.06736426055431366,-1.074880599975586,0.06941446661949158,0.14452770352363586,0.9870629906654358,8.44816780090332,0.009054955095052719,0.9893176555633545,-0.14549459517002106,-2.2054758071899414,0.0,0.0,0.0,1.0
-0.9971755146980286,0.014595179818570614,0.07367468625307083,-1.0955148935317993,0.07499801367521286,0.14080481231212616,0.9871926307678223,8.50899600982666,0.004034504294395447,0.9899297952651978,-0.14150172472000122,-2.2234461307525635,0.0,0.0,0.0,1.0
-0.9969951510429382,0.012421682476997375,0.07646168768405914,-1.0811618566513062,0.07744783908128738,0.1396137773990631,0.9871726632118225,8.546631813049316,0.0015872400254011154,0.9901280999183655,-0.14015628397464752,-2.227323532104492,0.0,0.0,0.0,1.0
-0.9968560934066772,0.015163176693022251,0.07776859402656555,-1.0934231281280518,0.07911264896392822,0.13639341294765472,0.9874907732009888,8.482158660888672,0.004366372711956501,0.9905386567115784,-0.13716422021389008,-2.2235195636749268,0.0,0.0,0.0,1.0
-0.9968555569648743,0.01506356243044138,0.07779532670974731,-1.0854954719543457,0.07912258803844452,0.1357293576002121,0.9875814914703369,8.54879093170166,0.0043173860758543015,0.9906314611434937,-0.13649442791938782,-2.2273800373077393,0.0,0.0,0.0,1.0
-0.9963959455490112,0.013313290663063526,0.08377248793840408,-1.0823053121566772,0.08479993045330048,0.13292361795902252,0.9874918460845947,8.524590492248535,0.0020114239305257797,0.9910368919372559,-0.133573517203331,-2.225407361984253,0.0,0.0,0.0,1.0
-0.9966555833816528,0.013834157958626747,0.08053703606128693,-1.0723642110824585,0.08166231960058212,0.13271060585975647,0.9877849221229553,8.531902313232422,0.0029770545661449432,0.9910582900047302,-0.13339649140834808,-2.2220191955566406,0.0,0.0,0.0,1.0
-0.9967761635780334,0.013649003580212593,0.07906293869018555,-1.076041579246521,0.08017893880605698,0.1334809511899948,0.9878026843070984,8.545084953308105,0.0029291249811649323,0.9909573197364807,-0.13414500653743744,-2.222529411315918,0.0,0.0,0.0,1.0
-0.996858537197113,0.015698574483394623,0.07763061672449112,-1.0885577201843262,0.07903735339641571,0.13400794565677643,0.9878233075141907,8.527410507202148,0.005104300566017628,0.990855872631073,-0.13482773303985596,-2.2178940773010254,0.0,0.0,0.0,1.0
-0.9969077110290527,0.015772096812725067,0.0769822895526886,-1.0801703929901123,0.07839639484882355,0.13244013488292694,0.9880858659744263,8.534093856811523,0.00538864079862833,0.9910655617713928,-0.13326705992221832,-2.216663360595703,0.0,0.0,0.0,1.0
-0.9970880746841431,0.016550375148653984,0.07443997263908386,-1.0784897804260254,0.07598143815994263,0.13261328637599945,0.9882512092590332,8.53641414642334,0.006484200246632099,0.9910296201705933,-0.13348466157913208,-2.2146801948547363,0.0,0.0,0.0,1.0
-0.9967312812805176,0.03150663524866104,0.07439098507165909,-1.0446947813034058,0.0781116634607315,0.14079448580741882,0.9869526028633118,8.193403244018555,0.020621709525585175,0.9895372986793518,-0.14279532432556152,-2.242457628250122,0.0,0.0,0.0,1.0
-0.9968421459197998,0.02950378693640232,0.0737241581082344,-1.061807632446289,0.07736863940954208,0.15176965296268463,0.9853832721710205,8.183259010314941,0.01788344606757164,0.9879754781723022,-0.15357306599617004,-2.2456867694854736,0.0,0.0,0.0,1.0
-0.9965397715568542,0.03242957219481468,0.07653014361858368,-1.0596776008605957,0.08046527206897736,0.1456627994775772,0.9860566258430481,8.148641586303711,0.02082979865372181,0.9888026714324951,-0.14776822924613953,-2.237626552581787,0.0,0.0,0.0,1.0
-0.9967185854911804,0.029232792556285858,0.07548227906227112,-1.051714301109314,0.07899685204029083,0.14792636036872864,0.9858383536338806,8.192777633666992,0.01765299029648304,0.9885662794113159,-0.1497502475976944,-2.2531092166900635,0.0,0.0,0.0,1.0
-0.9965553283691406,0.03328969329595566,0.07595519721508026,-1.0626028776168823,0.08001429587602615,0.14524155855178833,0.9861554503440857,8.164481163024902,0.02179696038365364,0.9888359904289246,-0.14740490913391113,-2.2461628913879395,0.0,0.0,0.0,1.0
-0.9965499639511108,0.034693196415901184,0.0753953605890274,-1.055481195449829,0.07957540452480316,0.1413559764623642,0.98675537109375,8.166291236877441,0.02357611432671547,0.9893506765365601,-0.1436290293931961,-2.2327072620391846,0.0,0.0,0.0,1.0
-0.9970130920410156,0.02894476056098938,0.07160305976867676,-1.0572702884674072,0.07511530816555023,0.14784371852874756,0.9861540794372559,8.203133583068848,0.017957933247089386,0.9885870814323425,-0.1495763212442398,-2.2468833923339844,0.0,0.0,0.0,1.0
-0.9971083402633667,0.028432652354240417,0.0704737976193428,-1.0645956993103027,0.07394944876432419,0.14940360188484192,0.9860071539878845,8.22242546081543,0.017505759373307228,0.9883674383163452,-0.15107417106628418,-2.250929117202759,0.0,0.0,0.0,1.0
-0.9971483945846558,0.028409287333488464,0.06991467624902725,-1.07205331325531,0.0733962282538414,0.14958421885967255,0.986021101474762,8.17823600769043,0.0175540242344141,0.9883407950401306,-0.15124280750751495,-2.2440054416656494,0.0,0.0,0.0,1.0
-0.9970611333847046,0.02836897410452366,0.0711633563041687,-1.0697277784347534,0.07460791617631912,0.14861927926540375,0.9860760569572449,8.174832344055176,0.017397720366716385,0.9884874820709229,-0.150299072265625,-2.2465970516204834,0.0,0.0,0.0,1.0
-0.9970917701721191,0.026117857545614243,0.07159502059221268,-1.0704015493392944,0.0747344046831131,0.15111295878887177,0.9856873750686646,8.182791709899902,0.01492510735988617,0.988171398639679,-0.15262539684772491,-2.249786138534546,0.0,0.0,0.0,1.0
-0.9964634776115417,0.03972858563065529,0.07404187321662903,-1.0651355981826782,0.07904428988695145,0.14426836371421814,0.9863765239715576,7.885838985443115,0.028505442664027214,0.9887407422065735,-0.14689847826957703,-2.182063579559326,0.0,0.0,0.0,1.0
-0.9959638714790344,0.04001785069704056,0.08033959567546844,-1.0504859685897827,0.08525922149419785,0.1420925110578537,0.9861746430397034,7.941159725189209,0.028048940002918243,0.9890440702438354,-0.144930899143219,-2.193660020828247,0.0,0.0,0.0,1.0
-0.9961629509925842,0.04170806705951691,0.07694045454263687,-1.0583902597427368,0.08215119689702988,0.14250245690345764,0.9863793849945068,7.933752059936523,0.030175771564245224,0.9889153242111206,-0.14538204669952393,-2.1889429092407227,0.0,0.0,0.0,1.0
-0.996056079864502,0.041360076516866684,0.07849657535552979,-1.0530213117599487,0.08359427005052567,0.1409328430891037,0.986483633518219,7.91797399520874,0.02973829209804535,0.9891548156738281,-0.14383447170257568,-2.188589096069336,0.0,0.0,0.0,1.0
-0.9961314797401428,0.04086480662226677,0.07779505103826523,-1.0533246994018555,0.08280239254236221,0.14006468653678894,0.9866740107536316,7.913466930389404,0.02942390739917755,0.9892987012863159,-0.1429065465927124,-2.183950185775757,0.0,0.0,0.0,1.0
-0.99611496925354,0.04230227321386337,0.07723677903413773,-1.0572865009307861,0.08246145397424698,0.14026570320129395,0.9866740703582764,7.918865203857422,0.03090488538146019,0.9892098307609558,-0.1432090699672699,-2.182772397994995,0.0,0.0,0.0,1.0
-0.9960584044456482,0.04125265032052994,0.07852283865213394,-1.0534641742706299,0.08348226547241211,0.13686388731002808,0.987065851688385,7.8735785484313965,0.029972141608595848,0.9897305369377136,-0.1397683024406433,-2.177546501159668,0.0,0.0,0.0,1.0
-0.9961444139480591,0.039681848138570786,0.07824122160673141,-1.0531861782073975,0.08300662040710449,0.13766904175281525,0.9869940280914307,7.873511791229248,0.02839435078203678,0.9896830916404724,-0.14043210446834564,-2.1792402267456055,0.0,0.0,0.0,1.0
-0.9964059591293335,0.04067094624042511,0.0743032917380333,-1.0562286376953125,0.07921384274959564,0.13667918741703033,0.9874430894851685,7.888651371002197,0.030004533007740974,0.989780068397522,-0.13940966129302979,-2.1755669116973877,0.0,0.0,0.0,1.0
-0.9961869120597839,0.03646843507885933,0.07925629615783691,-1.0522890090942383,0.08348403126001358,0.13464733958244324,0.987370491027832,7.856067657470703,0.025336209684610367,0.9902222752571106,-0.1371784508228302,-2.170001268386841,0.0,0.0,0.0,1.0
-0.9962233304977417,0.03914522007107735,0.07750297337770462,-0.9823599457740784,0.0821203663945198,0.13487204909324646,0.9874541759490967,7.711248397827148,0.02820112556219101,0.990089476108551,-0.13757729530334473,-2.125450372695923,0.0,0.0,0.0,1.0
-0.9960124492645264,0.04870082437992096,0.07474831491708755,-0.9860048294067383,0.08095461130142212,0.14129638671875,0.9866517186164856,7.763251304626465,0.037489086389541626,0.9887686967849731,-0.14467552304267883,-2.1413462162017822,0.0,0.0,0.0,1.0
-0.9960787296295166,0.046448055654764175,0.07529745250940323,-0.981417179107666,0.08102623373270035,0.13721124827861786,0.9872222542762756,7.7594685554504395,0.03552290052175522,0.9894521832466125,-0.14043670892715454,-2.1398725509643555,0.0,0.0,0.0,1.0
-0.9958838820457458,0.04806717112660408,0.0768427848815918,-0.9844413995742798,0.0826931893825531,0.13473479449748993,0.9874251484870911,7.729400634765625,0.037109341472387314,0.9897151589393616,-0.1381550282239914,-2.1326732635498047,0.0,0.0,0.0,1.0
-0.9961203932762146,0.04565507918596268,0.0752313956618309,-0.9825064539909363,0.08071790635585785,0.1334865242242813,0.9877580404281616,7.703980922698975,0.0350537933409214,0.9899984002113342,-0.1366538256406784,-2.127164602279663,0.0,0.0,0.0,1.0
-0.9959619045257568,0.04198605194687843,0.07935407012701035,-0.9778673052787781,0.08418810367584229,0.12979158759117126,0.9879608154296875,7.698878288269043,0.031181082129478455,0.9906519651412964,-0.13280220329761505,-2.123138427734375,0.0,0.0,0.0,1.0
-0.9961593151092529,0.04322974383831024,0.07614326477050781,-0.9833667278289795,0.08120105415582657,0.13077804446220398,0.9880806803703308,7.690611839294434,0.03275660425424576,0.9904686808586121,-0.13378606736660004,-2.121924877166748,0.0,0.0,0.0,1.0
-0.9963489770889282,0.04155285283923149,0.07457921653985977,-0.9834659695625305,0.07936087250709534,0.12874692678451538,0.9884968400001526,7.680883407592773,0.03147301822900772,0.9908064603805542,-0.13157454133033752,-2.114750623703003,0.0,0.0,0.0,1.0
-0.9964603781700134,0.041934479027986526,0.07285653054714203,-0.9925310015678406,0.0776866152882576,0.12827140092849731,0.9886916875839233,7.68605375289917,0.03211486339569092,0.9908521175384521,-0.13107512891292572,-2.1115005016326904,0.0,0.0,0.0,1.0
-0.9963468909263611,0.040269508957862854,0.07530760020017624,-0.9899824857711792,0.0798485204577446,0.12658222019672394,0.9887371063232422,7.720687389373779,0.030283359810709953,0.9911384582519531,-0.12933525443077087,-2.1139440536499023,0.0,0.0,0.0,1.0
-0.9966149926185608,0.03723622113466263,0.07329369336366653,-0.9948667287826538,0.07738427817821503,0.12394697964191437,0.9892668128013611,7.6760640144348145,0.027752023190259933,0.9915899038314819,-0.1264089196920395,-2.103898525238037,0.0,0.0,0.0,1.0
-0.996464729309082,0.03609131649136543,0.07586472481489182,-0.8986344337463379,0.07925206422805786,0.10417712479829788,0.9913960695266724,7.460231781005859,0.02787742018699646,0.993903636932373,-0.10666914284229279,-1.9373892545700073,0.0,0.0,0.0,1.0
-0.9956804513931274,0.054310768842697144,0.0753047913312912,-0.8860213756561279,0.08153733611106873,0.12354741245508194,0.988983154296875,7.5873188972473145,0.04440872371196747,0.9908513426780701,-0.1274421066045761,-1.9862620830535889,0.0,0.0,0.0,1.0
-0.9955862760543823,0.05136971175670624,0.07854323834180832,-0.8832385540008545,0.08397504687309265,0.11391308903694153,0.9899353384971619,7.53896427154541,0.041905589401721954,0.9921616911888123,-0.11772409081459045,-1.978733777999878,0.0,0.0,0.0,1.0
-0.9958537220954895,0.0517825111746788,0.07479281723499298,-0.8936166167259216,0.08047189563512802,0.11804397404193878,0.9897423386573792,7.556452751159668,0.042422499507665634,0.9916573166847229,-0.12172156572341919,-1.9785515069961548,0.0,0.0,0.0,1.0
-0.9958306550979614,0.050420381128787994,0.07602065801620483,-0.8978523015975952,0.08146841078996658,0.11664937436580658,0.9898261427879333,7.555163860321045,0.04103964567184448,0.9918925166130066,-0.12027068436145782,-1.9737930297851562,0.0,0.0,0.0,1.0
-0.9959425926208496,0.052579063922166824,0.07303276658058167,-0.8974706530570984,0.0786377415060997,0.11390170454978943,0.9903749227523804,7.541913032531738,0.04375443235039711,0.9920997619628906,-0.11757425963878632,-1.9703824520111084,0.0,0.0,0.0,1.0
-0.996057391166687,0.05077114328742027,0.0727459043264389,-0.8990101218223572,0.07811295986175537,0.11327297985553741,0.990488588809967,7.535918235778809,0.04204809293150902,0.9922658801078796,-0.11679227650165558,-1.9680631160736084,0.0,0.0,0.0,1.0
-0.9960624575614929,0.05056830495595932,0.07281738519668579,-0.9036659002304077,0.07815994322299957,0.11326468735933304,0.9904857873916626,7.530293941497803,0.04183955118060112,0.9922771453857422,-0.11677111685276031,-1.965836524963379,0.0,0.0,0.0,1.0
-0.9960116147994995,0.04933278635144234,0.07434424012899399,-0.899513840675354,0.07959699630737305,0.11482120305299759,0.9901921153068542,7.544199466705322,0.040312644094228745,0.992160439491272,-0.1182899922132492,-1.9667465686798096,0.0,0.0,0.0,1.0
-0.9959971904754639,0.04926232248544693,0.0745837464928627,-0.903483510017395,0.07973305135965347,0.11251448839902878,0.9904459118843079,7.5280303955078125,0.04039991647005081,0.992428183555603,-0.11599195003509521,-1.9639583826065063,0.0,0.0,0.0,1.0
-0.996069610118866,0.04827823489904404,0.07425981014966965,-0.9075958132743835,0.07919285446405411,0.10991179943084717,0.9907814860343933,7.462690353393555,0.0396711491048336,0.9927681684494019,-0.11330309510231018,-1.9568357467651367,0.0,0.0,0.0,1.0
-0.9961786270141602,0.054948270320892334,0.06788819283246994,-0.8640633225440979,0.0719524547457695,0.07571979612112045,0.9945297241210938,7.512006759643555,0.04950720816850662,0.9956139326095581,-0.07938411086797714,-1.7533372640609741,0.0,0.0,0.0,1.0
-0.9956013560295105,0.05861072242259979,0.07309344410896301,-0.8540598750114441,0.07806594669818878,0.0875951424241066,0.9930924773216248,7.6159772872924805,0.05180324241518974,0.9944303631782532,-0.09178534150123596,-1.7838318347930908,0.0,0.0,0.0,1.0
-0.9955000281333923,0.05739209055900574,0.0754038468003273,-0.8597767353057861,0.08040159940719604,0.09043094515800476,0.9926518797874451,7.663824081420898,0.050151530653238297,0.9942476153373718,-0.09463842213153839,-1.787520170211792,0.0,0.0,0.0,1.0
-0.9954574108123779,0.058435775339603424,0.07516494393348694,-0.8596076965332031,0.08026151359081268,0.09041229635477066,0.9926649332046509,7.668745040893555,0.051211316138505936,0.9941885471343994,-0.09469173848628998,-1.7860298156738281,0.0,0.0,0.0,1.0
-0.9951660633087158,0.05759018287062645,0.07954761385917664,-0.8534373641014099,0.08429977297782898,0.08542504906654358,0.9927718639373779,7.5954108238220215,0.05037855729460716,0.9946787357330322,-0.08986695855855942,-1.7883074283599854,0.0,0.0,0.0,1.0
-0.9954782724380493,0.05558909475803375,0.07702545821666718,-0.8558043837547302,0.08165483921766281,0.08647127449512482,0.992902398109436,7.580096244812012,0.04853405803442001,0.9947022795677185,-0.09061939269304276,-1.7896065711975098,0.0,0.0,0.0,1.0
-0.99549800157547,0.055605195462703705,0.0767580196261406,-0.8491348028182983,0.08129145950078964,0.08446547389030457,0.993104875087738,7.575743675231934,0.04873838648200035,0.9948736429214478,-0.08860544115304947,-1.789926528930664,0.0,0.0,0.0,1.0
-0.9951601028442383,0.05891997739672661,0.07864297926425934,-0.8450456857681274,0.08342739939689636,0.08370256423950195,0.9929922819137573,7.582179546356201,0.05192446708679199,0.9947472810745239,-0.0882129967212677,-1.7828195095062256,0.0,0.0,0.0,1.0
-0.9955025911331177,0.05747082456946373,0.07531052827835083,-0.8488497138023376,0.07993755489587784,0.08298295736312866,0.9933397769927979,7.563815116882324,0.05083856359124184,0.994892418384552,-0.08720383048057556,-1.7832435369491577,0.0,0.0,0.0,1.0
-0.9957965612411499,0.054347582161426544,0.07372603565454483,-0.8441267609596252,0.07812967151403427,0.08393261581659317,0.9934037327766418,7.576249122619629,0.047801077365875244,0.9949882626533508,-0.0878259688615799,-1.7840641736984253,0.0,0.0,0.0,1.0
-0.9960355162620544,0.05811823904514313,0.0673462375998497,-0.8204406499862671,0.07122255116701126,0.06742514669895172,0.9951789379119873,7.577162265777588,0.053297217935323715,0.9960301518440247,-0.07129717618227005,-1.686835527420044,0.0,0.0,0.0,1.0
-0.9950099587440491,0.07232583314180374,0.06873119622468948,-0.8358712196350098,0.07319627702236176,0.06100988760590553,0.9954496622085571,7.567772388458252,0.06780344992876053,0.9955132603645325,-0.06599943339824677,-1.685964584350586,0.0,0.0,0.0,1.0
-0.994887113571167,0.06621037423610687,0.07626175135374069,-0.8300826549530029,0.08032390475273132,0.061024803668260574,0.9948989748954773,7.564633369445801,0.061218779534101486,0.9959377646446228,-0.0660310611128807,-1.6926034688949585,0.0,0.0,0.0,1.0
-0.9953103065490723,0.06365072727203369,0.07284235209226608,-0.8299762010574341,0.07682304084300995,0.06250576674938202,0.9950835704803467,7.578187465667725,0.05878471955657005,0.9960128664970398,-0.06710247695446014,-1.694251298904419,0.0,0.0,0.0,1.0
-0.9949321746826172,0.0669281929731369,0.075037881731987,-0.8269997239112854,0.07914477586746216,0.06097973510622978,0.9949963092803955,7.587751865386963,0.06201750785112381,0.9958926439285278,-0.06596770882606506,-1.694297194480896,0.0,0.0,0.0,1.0
-0.9953374862670898,0.06449339538812637,0.07172051072120667,-0.8309745192527771,0.07584038376808167,0.06387831270694733,0.9950717687606812,7.584841728210449,0.05959417298436165,0.9958715438842773,-0.06847168505191803,-1.697832703590393,0.0,0.0,0.0,1.0
-0.9950399398803711,0.06526222079992294,0.07507561147212982,-0.8232744932174683,0.07882333546876907,0.056882523000240326,0.9952644109725952,7.574093341827393,0.06068267673254013,0.9962455034255981,-0.0617445707321167,-1.698628544807434,0.0,0.0,0.0,1.0
-0.9950234889984131,0.0657319501042366,0.07488327473402023,-0.8252533078193665,0.07890310883522034,0.06085093319416046,0.9950233101844788,7.560041904449463,0.06084810197353363,0.9959800839424133,-0.06573457270860672,-1.701200246810913,0.0,0.0,0.0,1.0
-0.9952740669250488,0.061577703803777695,0.07508417218923569,-0.8258523941040039,0.0789630189538002,0.06318219751119614,0.9948732256889343,7.581371784210205,0.05651802942156792,0.9961004853248596,-0.06774596124887466,-1.7027746438980103,0.0,0.0,0.0,1.0
-0.995391845703125,0.06261181831359863,0.07262763381004333,-0.8260964155197144,0.07654116302728653,0.06255242228507996,0.9951022863388062,7.590870380401611,0.057762134820222855,0.9960758090019226,-0.06705654412508011,-1.70299232006073,0.0,0.0,0.0,1.0
-0.9956739544868469,0.05503305792808533,0.07486451417207718,-0.7765327095985413,0.07800953835248947,0.057412147521972656,0.9952980875968933,7.559624195098877,0.05047617107629776,0.9968326091766357,-0.06145688518881798,-1.6458431482315063,0.0,0.0,0.0,1.0
-0.9961174130439758,0.055604297667741776,0.06825163960456848,-0.8026772141456604,0.07156462222337723,0.05994459614157677,0.995633065700531,7.575841903686523,0.05127016082406044,0.9966517686843872,-0.0636911615729332,-1.6258240938186646,0.0,0.0,0.0,1.0
-0.9962570667266846,0.05618538334965706,0.06568901985883713,-0.8019118309020996,0.06904298067092896,0.05999621003866196,0.9958080053329468,7.609743595123291,0.05200875923037529,0.9966160655021667,-0.06365085393190384,-1.6232284307479858,0.0,0.0,0.0,1.0
-0.9961500763893127,0.055107973515987396,0.06817740947008133,-0.8020840287208557,0.07153094559907913,0.06136324256658554,0.9955490231513977,7.589500904083252,0.050679098814725876,0.9965930581092834,-0.06506893038749695,-1.6214330196380615,0.0,0.0,0.0,1.0
-0.9962440133094788,0.05305301770567894,0.0684342235326767,-0.8043984770774841,0.0718396008014679,0.06518576294183731,0.995283842086792,7.638515949249268,0.04834187030792236,0.996461808681488,-0.0687522366642952,-1.6268277168273926,0.0,0.0,0.0,1.0
-0.9961676597595215,0.05547083169221878,0.06762263178825378,-0.8029572367668152,0.0711028203368187,0.06336858868598938,0.9954540729522705,7.604571342468262,0.05093351751565933,0.9964473843574524,-0.0670698806643486,-1.6280817985534668,0.0,0.0,0.0,1.0
-0.9958981871604919,0.058668460696935654,0.06888293474912643,-0.8023288249969482,0.07254064083099365,0.06268184632062912,0.9953938126564026,7.548216342926025,0.05408051237463951,0.9963077306747437,-0.06668058782815933,-1.6289258003234863,0.0,0.0,0.0,1.0
-0.9957715272903442,0.06402254849672318,0.06587919592857361,-0.794364869594574,0.06992082297801971,0.06308324635028839,0.9955558776855469,7.525484561920166,0.05958215147256851,0.9959526062011719,-0.06729301065206528,-1.6315537691116333,0.0,0.0,0.0,1.0
-0.9959416389465332,0.060015719383955,0.06706899404525757,-0.7989411950111389,0.0707627609372139,0.0616975836455822,0.9955832362174988,7.560563087463379,0.05561264976859093,0.9962888360023499,-0.06569407135248184,-1.6288267374038696,0.0,0.0,0.0,1.0
-0.9962682127952576,0.050911203026771545,0.06969712674617767,-0.79278165102005,0.0729338601231575,0.06475722044706345,0.9952322244644165,7.609072208404541,0.04615508019924164,0.9966015219688416,-0.06822870671749115,-1.6277740001678467,0.0,0.0,0.0,1.0
-0.9956916570663452,0.05691273882985115,0.07320492714643478,-0.7530505657196045,0.07633579522371292,0.05493421107530594,0.9955676794052124,7.554115295410156,0.052639029920101166,0.9968666434288025,-0.05904201790690422,-1.6112169027328491,0.0,0.0,0.0,1.0
-0.9958457350730896,0.05528094619512558,0.0723554939031601,-0.7588421702384949,0.07547515630722046,0.05659842491149902,0.9955400824546814,7.591598033905029,0.05093919485807419,0.996865451335907,-0.06053563579916954,-1.6097065210342407,0.0,0.0,0.0,1.0
-0.995990514755249,0.05266493931412697,0.0723138079047203,-0.7542227506637573,0.075314000248909,0.05740434676408768,0.9955061674118042,7.6170830726623535,0.04827713966369629,0.9969609379768372,-0.06114059314131737,-1.6055623292922974,0.0,0.0,0.0,1.0
-0.9959476590156555,0.05254099518060684,0.07299057394266129,-0.7559494972229004,0.07606745511293411,0.05916009098291397,0.9953460693359375,7.614139080047607,0.047978345304727554,0.9968647956848145,-0.06291701644659042,-1.5998417139053345,0.0,0.0,0.0,1.0
-0.9958363175392151,0.05064157024025917,0.07579812407493591,-0.7527577877044678,0.07881474494934082,0.060493916273117065,0.9950520992279053,7.602838039398193,0.045805674046278,0.9968830943107605,-0.06423334777355194,-1.5994806289672852,0.0,0.0,0.0,1.0
-0.9956095814704895,0.06018843874335289,0.07168621569871902,-0.7625670433044434,0.07520569860935211,0.0583999864757061,0.9954563975334167,7.531204700469971,0.0557284951210022,0.9964771270751953,-0.06267009675502777,-1.592772364616394,0.0,0.0,0.0,1.0
-0.9954652786254883,0.055252447724342346,0.07743382453918457,-0.7532714605331421,0.08080179989337921,0.061574991792440414,0.9948263764381409,7.564748764038086,0.05019860714673996,0.996571958065033,-0.06576026231050491,-1.5972650051116943,0.0,0.0,0.0,1.0
-0.9955836534500122,0.0510006882250309,0.07881642878055573,-0.758026123046875,0.08185460418462753,0.06051057204604149,0.994805634021759,7.578089714050293,0.04596654698252678,0.9968637824058533,-0.06441797316074371,-1.5960839986801147,0.0,0.0,0.0,1.0
-0.9952788949012756,0.05510309711098671,0.07989748567342758,-0.7538343667984009,0.08309253305196762,0.05835774913430214,0.9948316812515259,7.561076641082764,0.05015566572546959,0.9967738389968872,-0.06266088783740997,-1.5968053340911865,0.0,0.0,0.0,1.0
-0.9953163862228394,0.05134126916527748,0.08191076666116714,-0.7627213001251221,0.08479061722755432,0.05667654797434807,0.9947855472564697,7.5630364418029785,0.04643113538622856,0.9970715641975403,-0.06076435372233391,-1.5908443927764893,0.0,0.0,0.0,1.0
-0.9954372644424438,0.04460709169507027,0.08434941619634628,-0.7592560052871704,0.08686846494674683,0.057921167463064194,0.9945345520973206,7.597661018371582,0.03947767987847328,0.9973240494728088,-0.06153184175491333,-1.588818907737732,0.0,0.0,0.0,1.0
-0.9955222010612488,0.03799973055720329,0.0865541324019432,-0.755607545375824,0.08856210112571716,0.05479096993803978,0.994562566280365,7.534239292144775,0.03305072337388992,0.9977745413780212,-0.05791096389293671,-1.536727786064148,0.0,0.0,0.0,1.0
-0.9957183003425598,0.054489511996507645,0.07467237859964371,-0.7549819946289062,0.07749567180871964,0.05168229714035988,0.9956521987915039,7.495665550231934,0.05039336159825325,0.997175931930542,-0.05568371340632439,-1.5552256107330322,0.0,0.0,0.0,1.0
-0.9958232045173645,0.04557722061872482,0.07911272346973419,-0.7565270066261292,0.0813884362578392,0.05044865608215332,0.9954048991203308,7.543182849884033,0.04137665405869484,0.9976861476898193,-0.05394740402698517,-1.5549079179763794,0.0,0.0,0.0,1.0
-0.9957827925682068,0.050488173961639404,0.07659997791051865,-0.7582731246948242,0.07912503182888031,0.050069257616996765,0.9956064820289612,7.5043134689331055,0.0464310497045517,0.9974687695503235,-0.05385298654437065,-1.5548354387283325,0.0,0.0,0.0,1.0
-0.9954665303230286,0.05202653631567955,0.07962215691804886,-0.7516923546791077,0.08207878470420837,0.046921830624341965,0.9955206513404846,7.486405849456787,0.048057474195957184,0.9975427985191345,-0.050979383289813995,-1.5505783557891846,0.0,0.0,0.0,1.0
-0.9955503344535828,0.05218110233545303,0.07846450805664062,-0.757743239402771,0.08088643848896027,0.04604363068938255,0.9956592321395874,7.489989757537842,0.04834180697798729,0.9975756406784058,-0.050059493631124496,-1.5479422807693481,0.0,0.0,0.0,1.0
-0.995431661605835,0.05156233534216881,0.0803559422492981,-0.7486379146575928,0.0827430933713913,0.04596224054694176,0.9955103993415833,7.473055362701416,0.04763750359416008,0.9976115226745605,-0.05001869797706604,-1.5418524742126465,0.0,0.0,0.0,1.0
-0.995570182800293,0.05324755609035492,0.07749030739068985,-0.7582995295524597,0.07973713427782059,0.04145082086324692,0.9959537386894226,7.472189426422119,0.049820058047771454,0.9977206587791443,-0.045513007789850235,-1.5369271039962769,0.0,0.0,0.0,1.0
-0.9956878423690796,0.05281699821352959,0.07626326382160187,-0.7618095278739929,0.07853412628173828,0.04234180599451065,0.9960118532180786,7.453517436981201,0.049377232789993286,0.9977061152458191,-0.04630715772509575,-1.5446354150772095,0.0,0.0,0.0,1.0
-0.9957457184791565,0.05278507620096207,0.07552564144134521,-0.7650272846221924,0.07782226800918579,0.04289747774600983,0.9960439205169678,7.441803932189941,0.04933639615774155,0.9976840615272522,-0.046822838485240936,-1.544013261795044,0.0,0.0,0.0,1.0
-0.9956489205360413,0.0591578334569931,0.07199717313051224,-0.7720783948898315,0.07485020905733109,0.04751461744308472,0.996062159538269,7.406126976013184,0.055503960698843,0.9971172213554382,-0.05173585191369057,-1.535992980003357,0.0,0.0,0.0,1.0
-0.9958430528640747,0.03914002701640129,0.08224806934595108,-0.7848038673400879,0.08429182320833206,0.053796254098415375,0.9949879050254822,7.319639205932617,0.03451921418309212,0.9977846145629883,-0.05687180906534195,-1.4614161252975464,0.0,0.0,0.0,1.0
-0.9951595664024353,0.013120452873408794,0.09739232063293457,-0.7513762712478638,0.097964808344841,0.05413469672203064,0.9937164187431335,7.568204879760742,0.007765705231577158,0.9984474182128906,-0.05515800416469574,-1.5157917737960815,0.0,0.0,0.0,1.0
-0.995121419429779,0.018783994019031525,0.09685329347848892,-0.74214768409729,0.09775163978338242,0.05496207997202873,0.9936919808387756,7.514973163604736,0.013342246413230896,0.9983117580413818,-0.05653010681271553,-1.5188738107681274,0.0,0.0,0.0,1.0
-0.9950674176216125,0.018575791269540787,0.09744624048471451,-0.7402251362800598,0.09836573898792267,0.057561520487070084,0.9934841990470886,7.511771202087402,0.0128456000238657,0.9981690645217896,-0.05910481512546539,-1.5199164152145386,0.0,0.0,0.0,1.0
-0.9947971105575562,0.01714579202234745,0.1004229485988617,-0.7365663051605225,0.10124794393777847,0.05709409341216087,0.9932215809822083,7.512996196746826,0.011296015232801437,0.9982215762138367,-0.05853301286697388,-1.5265337228775024,0.0,0.0,0.0,1.0
-0.9945361018180847,0.023681119084358215,0.10167171061038971,-0.7390771508216858,0.10275176912546158,0.05003059655427933,0.99344801902771,7.441959381103516,0.018439266830682755,0.9984669089317322,-0.05219050869345665,-1.531051754951477,0.0,0.0,0.0,1.0
-0.9947091937065125,0.02124720625579357,0.1005091592669487,-0.7395314574241638,0.10150410979986191,0.05255580320954323,0.993445873260498,7.4648566246032715,0.015825612470507622,0.9983919262886047,-0.05443441867828369,-1.5317209959030151,0.0,0.0,0.0,1.0
-0.99504554271698,0.027126416563987732,0.09564793109893799,-0.742476761341095,0.09695320576429367,0.051773037761449814,0.9939414262771606,7.41469669342041,0.022010086104273796,0.9982903599739075,-0.054146524518728256,-1.5316882133483887,0.0,0.0,0.0,1.0
-0.9950209856033325,0.021175308153033257,0.09738992154598236,-0.739051342010498,0.09834713488817215,0.050203997641801834,0.9938849806785583,7.4413676261901855,0.016156457364559174,0.9985144734382629,-0.05203656107187271,-1.5349314212799072,0.0,0.0,0.0,1.0
-0.9948660731315613,0.0149590028449893,0.10008910298347473,-0.7342920899391174,0.10076458752155304,0.05469362810254097,0.993405818939209,7.477981090545654,0.009386124089360237,0.9983911514282227,-0.05592016875743866,-1.536616563796997,0.0,0.0,0.0,1.0
-0.9950064420700073,0.020007336512207985,0.09778466820716858,-0.7405251264572144,0.09862680733203888,0.04665278270840645,0.9940302968025208,7.447160720825195,0.015325971879065037,0.9987107515335083,-0.04839308187365532,-1.534456491470337,0.0,0.0,0.0,1.0
-0.9949002265930176,0.031971126794815063,0.09566318988800049,-0.7507588267326355,0.09711668640375137,0.04751044884324074,0.9941384196281433,7.5120530128479,0.027238721027970314,0.998358964920044,-0.05037308856844902,-1.5160260200500488,0.0,0.0,0.0,1.0
-0.9954164624214172,0.04895216226577759,0.08215594291687012,-0.778784453868866,0.08422935009002686,0.04191341623663902,0.9955644607543945,7.495927333831787,0.04529160261154175,0.9979212284088135,-0.04584451764822006,-1.477726697921753,0.0,0.0,0.0,1.0
-0.9952122569084167,0.039420370012521744,0.08943512290716171,-0.7876055240631104,0.0913529172539711,0.04987705871462822,0.9945687055587769,7.5412468910217285,0.034745506942272186,0.997977077960968,-0.05323942378163338,-1.4795708656311035,0.0,0.0,0.0,1.0
-0.9952793717384338,0.04644027352333069,0.08521878719329834,-0.7834620475769043,0.08724130690097809,0.043416526168584824,0.9952406883239746,7.486869812011719,0.04251934587955475,0.9979771375656128,-0.04726308211684227,-1.4739024639129639,0.0,0.0,0.0,1.0
-0.9952906370162964,0.045534055680036545,0.0855751782655716,-0.7767692804336548,0.08744674921035767,0.040831539779901505,0.9953320026397705,7.504581451416016,0.04182733967900276,0.9981279969215393,-0.0446210540831089,-1.469874620437622,0.0,0.0,0.0,1.0
-0.9953111410140991,0.04360044375061989,0.0863405168056488,-0.7829351425170898,0.08824747055768967,0.04388831928372383,0.9951311945915222,7.5287652015686035,0.039598822593688965,0.998084545135498,-0.0475301630795002,-1.4723684787750244,0.0,0.0,0.0,1.0
-0.9952421188354492,0.0400230772793293,0.08883286267518997,-0.7847764492034912,0.09054630994796753,0.04325031116604805,0.9949526786804199,7.532524585723877,0.0359790176153183,0.9982622861862183,-0.04666847735643387,-1.4697518348693848,0.0,0.0,0.0,1.0
-0.995384156703949,0.048131782561540604,0.08302847295999527,-0.7896690964698792,0.08500684797763824,0.04062426835298538,0.9955518245697021,7.4755659103393555,0.04454471543431282,0.998014509677887,-0.044528283178806305,-1.461005449295044,0.0,0.0,0.0,1.0
-0.9954264163970947,0.0430196076631546,0.08529660105705261,-0.7963963747024536,0.08696847409009933,0.03861400857567787,0.9954624176025391,7.51472282409668,0.039530761539936066,0.9983277320861816,-0.04217875376343727,-1.4546488523483276,0.0,0.0,0.0,1.0
-0.9954538941383362,0.04606667160987854,0.08336290717124939,-0.8007963299751282,0.08523115515708923,0.04019719734787941,0.9955500364303589,7.493114948272705,0.04251072183251381,0.9981292486190796,-0.043940771371126175,-1.4588943719863892,0.0,0.0,0.0,1.0
-0.9955690503120422,0.051315512508153915,0.0787973701953888,-0.7991286516189575,0.08088868856430054,0.04003641754388809,0.9959187507629395,7.427361488342285,0.047951310873031616,0.997879683971405,-0.04400986060500145,-1.4483206272125244,0.0,0.0,0.0,1.0
-0.9937875270843506,0.04511246830224991,0.1017412543296814,-0.6535302400588989,0.10357168316841125,0.040280915796756744,0.993806004524231,7.064983367919922,0.04073481261730194,0.998169481754303,-0.04470304399728775,-1.4696052074432373,0.0,0.0,0.0,1.0
-0.9933595657348633,0.03981761261820793,0.10794124007225037,-0.6353759169578552,0.10990321636199951,0.050903044641017914,0.9926379919052124,7.211947917938232,0.03402993828058243,0.9979095458984375,-0.05494111031293869,-1.5035947561264038,0.0,0.0,0.0,1.0
-0.9931767582893372,0.03540864586830139,0.11111345142126083,-0.612855076789856,0.11297565698623657,0.055839624255895615,0.9920274019241333,7.312989711761475,0.028921816498041153,0.9978116750717163,-0.05945893004536629,-1.5123542547225952,0.0,0.0,0.0,1.0
-0.9933176040649414,0.037886884063482285,0.10901756584644318,-0.6336957216262817,0.11083997786045074,0.04988656938076019,0.9925854206085205,7.239743232727051,0.0321674570441246,0.9980360865592957,-0.0537525899708271,-1.5089846849441528,0.0,0.0,0.0,1.0
-0.9929481148719788,0.03272600844502449,0.11394310742616653,-0.6297160983085632,0.11545434594154358,0.04875093325972557,0.9921157956123352,7.257349014282227,0.026913154870271683,0.9982747435569763,-0.052185509353876114,-1.5079443454742432,0.0,0.0,0.0,1.0
-0.9929414391517639,0.03429405391216278,0.11353922635316849,-0.6368005275726318,0.11508800834417343,0.04718520864844322,0.9922339916229248,7.242371559143066,0.028670353814959526,0.9982972741127014,-0.05079898238182068,-1.5076749324798584,0.0,0.0,0.0,1.0
-0.9929103851318359,0.032832592725753784,0.11424072086811066,-0.64274662733078,0.11578000336885452,0.04959241300821304,0.9920361042022705,7.251255989074707,0.026905642822384834,0.9982297420501709,-0.053042180836200714,-1.5058183670043945,0.0,0.0,0.0,1.0
-0.9922471046447754,0.02759062685072422,0.12117945402860641,-0.6257273554801941,0.12248305976390839,0.051853857934474945,0.9911150336265564,7.285090446472168,0.021061863750219345,0.9982734322547913,-0.05483122169971466,-1.5022099018096924,0.0,0.0,0.0,1.0
-0.9930899143218994,0.036198340356349945,0.11163421720266342,-0.6434421539306641,0.11338809877634048,0.05068553611636162,0.9922570586204529,7.225162506103516,0.03025982156395912,0.9980584383010864,-0.05443975329399109,-1.4850941896438599,0.0,0.0,0.0,1.0
-0.9925208687782288,0.03027709759771824,0.11826089769601822,-0.6415579319000244,0.1197175458073616,0.05193968489766121,0.9914484620094299,7.240511894226074,0.023875746876001358,0.9981911778450012,-0.05517592281103134,-1.4937597513198853,0.0,0.0,0.0,1.0
-0.9934634566307068,0.04549010097980499,0.10469458997249603,-0.6985660195350647,0.10646805167198181,0.038483258336782455,0.9935711026191711,7.211012363433838,0.041168663650751114,0.9982231855392456,-0.04307495430111885,-1.4189116954803467,0.0,0.0,0.0,1.0
-0.9931322932243347,0.038320399820804596,0.11054293811321259,-0.682610034942627,0.1118226945400238,0.033032070845365524,0.9931790232658386,7.288713455200195,0.03440755605697632,0.9987194538116455,-0.03709030896425247,-1.4493341445922852,0.0,0.0,0.0,1.0
-0.9929742217063904,0.037442293018102646,0.11225051432847977,-0.6875705718994141,0.11340140551328659,0.030171802267432213,0.9930910468101501,7.2765350341796875,0.033796802163124084,0.9988431930541992,-0.034205831587314606,-1.447003960609436,0.0,0.0,0.0,1.0
-0.9928354024887085,0.035671647638082504,0.1140417754650116,-0.6903126239776611,0.11503810435533524,0.027244457975029945,0.9929873943328857,7.282873630523682,0.0323144868016243,0.9989920854568481,-0.031152861192822456,-1.444329023361206,0.0,0.0,0.0,1.0
-0.9931010007858276,0.035906895995140076,0.11162851750850677,-0.6933760643005371,0.11268802732229233,0.02897150255739689,0.9932079315185547,7.2709059715271,0.03242897242307663,0.9989351034164429,-0.03281790763139725,-1.4467558860778809,0.0,0.0,0.0,1.0
-0.9921830892562866,0.027405137196183205,0.12174458801746368,-0.6900607943534851,0.12256331741809845,0.0304889939725399,0.9919922947883606,7.294355869293213,0.023473814129829407,0.9991593956947327,-0.033609528094530106,-1.4505088329315186,0.0,0.0,0.0,1.0
-0.9920413494110107,0.027691660448908806,0.1228298470377922,-0.6839476227760315,0.12367798388004303,0.03133189678192139,0.991827666759491,7.280919075012207,0.023616861552000046,0.9991253614425659,-0.0345073826611042,-1.453240156173706,0.0,0.0,0.0,1.0
-0.9921159744262695,0.026598220691084862,0.1224679946899414,-0.6836284399032593,0.1232815831899643,0.03146695718169212,0.9918727278709412,7.283956527709961,0.022528354078531265,0.9991508722305298,-0.0344979427754879,-1.4567700624465942,0.0,0.0,0.0,1.0
-0.9930387139320374,0.03692549839615822,0.11185076832771301,-0.6830308437347412,0.11295901238918304,0.029424944892525673,0.9931638240814209,7.2075042724609375,0.0333818644285202,0.9988847374916077,-0.033391181379556656,-1.4456919431686401,0.0,0.0,0.0,1.0
-0.9927657246589661,0.033530861139297485,0.11529045552015305,-0.6788213849067688,0.11629047244787216,0.029576756060123444,0.9927747249603271,7.230902194976807,0.029878675937652588,0.9989998936653137,-0.03326210752129555,-1.4545562267303467,0.0,0.0,0.0,1.0
-0.9924665093421936,0.03204949200153351,0.11824999004602432,-0.6773762702941895,0.11922183632850647,0.030323483049869537,0.9924045205116272,7.2260966300964355,0.02822030894458294,0.9990261793136597,-0.03391604125499725,-1.4577473402023315,0.0,0.0,0.0,1.0
-0.9920533895492554,0.024540966376662254,0.1234009712934494,-0.7191885113716125,0.12410932034254074,0.029803715646266937,0.9918208718299866,7.203070163726807,0.02066243626177311,0.9992545247077942,-0.0326126404106617,-1.4115097522735596,0.0,0.0,0.0,1.0
-0.9934195876121521,0.04189002886414528,0.10659639537334442,-0.7279351353645325,0.10845700651407242,0.044980816543102264,0.9930830001831055,7.240146160125732,0.03680548071861267,0.9981091618537903,-0.04922809079289436,-1.3896372318267822,0.0,0.0,0.0,1.0
-0.9929084777832031,0.030813533812761307,0.11481814831495285,-0.7209180593490601,0.11608048528432846,0.04289465770125389,0.9923131465911865,7.274819374084473,0.025651590898633003,0.9986043572425842,-0.046167321503162384,-1.3968383073806763,0.0,0.0,0.0,1.0
-0.9925284385681152,0.028440838679671288,0.11865241825580597,-0.7045928239822388,0.11985082924365997,0.04497542977333069,0.9917726516723633,7.332852363586426,0.02287040464580059,0.9985831379890442,-0.048048052936792374,-1.3881756067276,0.0,0.0,0.0,1.0
-0.9933338165283203,0.036610860377550125,0.10930480062961578,-0.7169170379638672,0.11094529181718826,0.04625453054904938,0.9927495718002319,7.231673717498779,0.03128957003355026,0.9982585310935974,-0.05000799521803856,-1.3925668001174927,0.0,0.0,0.0,1.0
-0.9931660890579224,0.037978094071149826,0.11035770922899246,-0.710059642791748,0.11193032562732697,0.042122673243284225,0.9928228855133057,7.1983962059021,0.03305695950984955,0.9983903765678406,-0.04608571529388428,-1.3970154523849487,0.0,0.0,0.0,1.0
-0.9934929609298706,0.03982248529791832,0.10670457780361176,-0.7088788151741028,0.10814253985881805,0.035889632999897,0.9934872984886169,7.150969505310059,0.03573354333639145,0.9985619783401489,-0.03996260464191437,-1.3943052291870117,0.0,0.0,0.0,1.0
-0.9930725693702698,0.036692507565021515,0.11162663996219635,-0.7048969864845276,0.11296793073415756,0.03677210211753845,0.9929179549217224,7.170888900756836,0.03232790529727936,0.9986498355865479,-0.04066244140267372,-1.4002095460891724,0.0,0.0,0.0,1.0
-0.9924125671386719,0.025890164077281952,0.12019538879394531,-0.6917722225189209,0.1212102472782135,0.04204144701361656,0.991736114025116,7.221664905548096,0.02062302455306053,0.998780369758606,-0.044860612601041794,-1.4075775146484375,0.0,0.0,0.0,1.0
-0.99308842420578,0.03516818955540657,0.11197587102651596,-0.703641414642334,0.11325844377279282,0.036878183484077454,0.9928809404373169,7.133621692657471,0.0307883583009243,0.9987007975578308,-0.04060639068484306,-1.404498815536499,0.0,0.0,0.0,1.0
-0.9927802681922913,0.03202953189611435,0.11559125781059265,-0.6957885026931763,0.11686357855796814,0.04119430109858513,0.9922932982444763,7.170164585113525,0.02702098712325096,0.9986376166343689,-0.04463998228311539,-1.4132745265960693,0.0,0.0,0.0,1.0
-0.9903407692909241,-0.01452301163226366,0.13789211213588715,-0.6837788224220276,0.13726893067359924,0.03756426274776459,0.9898213148117065,7.013612747192383,-0.019555000588297844,0.9991886615753174,-0.03520786389708519,-1.4311901330947876,0.0,0.0,0.0,1.0
-0.9923859238624573,0.009527035057544708,0.1227981224656105,-0.7218675017356873,0.1230413094162941,0.031628597527742386,0.9918973445892334,6.989030838012695,0.005565909668803215,0.9994542598724365,-0.032559994608163834,-1.4065836668014526,0.0,0.0,0.0,1.0
-0.991995632648468,0.005078540649265051,0.12616990506649017,-0.7173509001731873,0.12627142667770386,0.03671344369649887,0.9913161396980286,7.0284013748168945,0.000402307603508234,0.9993129372596741,-0.037060853093862534,-1.4084529876708984,0.0,0.0,0.0,1.0
-0.990663468837738,-0.00751452473923564,0.13612253963947296,-0.7031975388526917,0.13577388226985931,0.03569493442773819,0.9900966286659241,7.075350761413574,-0.012298990041017532,0.999334454536438,-0.034341394901275635,-1.4199225902557373,0.0,0.0,0.0,1.0
-0.9915117621421814,0.0013582388637587428,0.13000982999801636,-0.7115494012832642,0.12998276948928833,0.03327304869890213,0.9909578561782837,7.011615753173828,-0.0029798662289977074,0.999445378780365,-0.033167172223329544,-1.4137094020843506,0.0,0.0,0.0,1.0
-0.9916481971740723,0.002981034805998206,0.12893812358379364,-0.7159473896026611,0.12896579504013062,0.03317875415086746,0.9910938739776611,6.987427711486816,-0.0013235213700681925,0.9994449615478516,-0.03328610211610794,-1.4098927974700928,0.0,0.0,0.0,1.0
-0.9918177127838135,0.005149990785866976,0.1275583803653717,-0.7158722281455994,0.1276623010635376,0.039724599570035934,0.9910218715667725,7.008512020111084,3.654835745692253e-05,0.9991974234580994,-0.040057018399238586,-1.4047852754592896,0.0,0.0,0.0,1.0
-0.9910640120506287,0.00011356792674632743,0.13338702917099,-0.7067959308624268,0.13324609398841858,0.04680700600147247,0.9899770021438599,7.066949844360352,-0.006131018046289682,0.9989039301872253,-0.04640387371182442,-1.4108326435089111,0.0,0.0,0.0,1.0
-0.9910143613815308,-0.002304556081071496,0.13373561203479767,-0.7122696042060852,0.13351216912269592,0.04323627054691315,0.9901036024093628,7.054847240447998,-0.008063978515565395,0.9990622401237488,-0.04254007712006569,-1.4120299816131592,0.0,0.0,0.0,1.0
-0.9900161027908325,-0.010995026677846909,0.14052452147006989,-0.7076488137245178,0.13988347351551056,0.04599863290786743,0.9890989065170288,7.068742275238037,-0.017339104786515236,0.998880922794342,-0.044001366943120956,-1.410426378250122,0.0,0.0,0.0,1.0
-0.9906926155090332,-0.005948669742792845,0.1359882354736328,-0.7163897156715393,0.13558290898799896,0.04539530724287033,0.9897254705429077,7.059083461761475,-0.012060778215527534,0.9989513754844666,-0.04416625201702118,-1.4124035835266113,0.0,0.0,0.0,1.0
-0.986661970615387,-0.04687606915831566,0.15588675439357758,-0.5925693511962891,0.15281148254871368,0.06328298151493073,0.9862270355224609,6.779198169708252,-0.0560954287648201,0.996894121170044,-0.05527571216225624,-1.3757516145706177,0.0,0.0,0.0,1.0
-0.9872361421585083,-0.04423204064369202,0.15299785137176514,-0.5941482186317444,0.15062671899795532,0.05273868888616562,0.9871830344200134,6.7967376708984375,-0.05173402652144432,0.9976282715797424,-0.04540301486849785,-1.3790252208709717,0.0,0.0,0.0,1.0
-0.986389696598053,-0.048027344048023224,0.15725362300872803,-0.5883908271789551,0.15481771528720856,0.05083047226071358,0.9866345524787903,6.794345855712891,-0.05537871643900871,0.9975518584251404,-0.04270317405462265,-1.3786437511444092,0.0,0.0,0.0,1.0
-0.9880064129829407,-0.03944212943315506,0.14929062128067017,-0.5989143252372742,0.14725393056869507,0.05030716583132744,0.9878185391426086,6.744312286376953,-0.046472057700157166,0.9979546666145325,-0.043895795941352844,-1.3691214323043823,0.0,0.0,0.0,1.0
-0.9878586530685425,-0.038574520498514175,0.15049001574516296,-0.5954387784004211,0.14829997718334198,0.0544586181640625,0.9874418377876282,6.768152713775635,-0.04628557711839676,0.9977706670761108,-0.0480768159031868,-1.3695069551467896,0.0,0.0,0.0,1.0
-0.9884503483772278,-0.03645092621445656,0.14709612727165222,-0.6100949048995972,0.1451735645532608,0.05073871463537216,0.9881044030189514,6.726310729980469,-0.04348079115152359,0.9980465769767761,-0.04486098885536194,-1.3602702617645264,0.0,0.0,0.0,1.0
-0.9891389012336731,-0.03329315409064293,0.14316336810588837,-0.6175928711891174,0.1413421779870987,0.051808375865221024,0.9886041879653931,6.726397514343262,-0.04033081233501434,0.9981019496917725,-0.04653995484113693,-1.3503345251083374,0.0,0.0,0.0,1.0
-0.988597571849823,-0.03878962621092796,0.14549948275089264,-0.6277739405632019,0.14360977709293365,0.047730207443237305,0.988482654094696,6.677864074707031,-0.0452875941991806,0.9981067180633545,-0.04161540046334267,-1.3571391105651855,0.0,0.0,0.0,1.0
-0.9880012273788452,-0.04048667848110199,0.1490446776151657,-0.6223574280738831,0.1470012366771698,0.049485012888908386,0.9878976941108704,6.699068069458008,-0.04737217724323273,0.9979538917541504,-0.04293966665863991,-1.359466552734375,0.0,0.0,0.0,1.0
-0.9880375862121582,-0.03921923041343689,0.14914299547672272,-0.6082475781440735,0.14695128798484802,0.05384436622262001,0.9876771569252014,6.7319416999816895,-0.04676644504070282,0.9977788329124451,-0.047436945140361786,-1.35847806930542,0.0,0.0,0.0,1.0
-0.9876775741577148,-0.0383169911801815,0.15173929929733276,-0.591678261756897,0.14939922094345093,0.057943474501371384,0.9870777130126953,6.768978595733643,-0.0466141514480114,0.9975842237472534,-0.051504939794540405,-1.3577589988708496,0.0,0.0,0.0,1.0
-0.9867603778839111,-0.04753910005092621,0.1550614982843399,-0.6371859312057495,0.15139372646808624,0.07293181121349335,0.9857794046401978,6.5238871574401855,-0.05817197635769844,0.9962033033370972,-0.06476910412311554,-1.3260098695755005,0.0,0.0,0.0,1.0
-0.9846092462539673,-0.059111591428518295,0.1644706279039383,-0.6076239943504333,0.16031476855278015,0.06928491592407227,0.984631359577179,6.59466028213501,-0.06959845870733261,0.9958441257476807,-0.05874210596084595,-1.3518505096435547,0.0,0.0,0.0,1.0
-0.9838777184486389,-0.06097504496574402,0.16812680661678314,-0.5974795818328857,0.16380609571933746,0.07005958259105682,0.984001636505127,6.61509370803833,-0.07177843898534775,0.9956774711608887,-0.05894198268651962,-1.3542571067810059,0.0,0.0,0.0,1.0
-0.9832348823547363,-0.06332878768444061,0.17099325358867645,-0.5872822999954224,0.1663089245557785,0.07307291030883789,0.9833624958992004,6.633674621582031,-0.07477013021707535,0.9953139424324036,-0.06131569296121597,-1.3559041023254395,0.0,0.0,0.0,1.0
-0.9858402609825134,-0.052043136209249496,0.15940654277801514,-0.6169518232345581,0.15570589900016785,0.06877194344997406,0.9854065775871277,6.556744575500488,-0.06224634498357773,0.9962740540504456,-0.05969472602009773,-1.3442223072052002,0.0,0.0,0.0,1.0
-0.9852389097213745,-0.055012837052345276,0.16210441291332245,-0.6117108464241028,0.15817604959011078,0.06953137367963791,0.9849597811698914,6.5853142738342285,-0.06545677781105042,0.9960617423057556,-0.059803299605846405,-1.347944736480713,0.0,0.0,0.0,1.0
-0.984914243221283,-0.05562672019004822,0.16385848820209503,-0.6069902777671814,0.15977346897125244,0.07132482528686523,0.9845736026763916,6.598527908325195,-0.06645578145980835,0.9959008097648621,-0.0613611675798893,-1.3486555814743042,0.0,0.0,0.0,1.0
-0.9837219715118408,-0.059851136058568954,0.16943717002868652,-0.5804686546325684,0.16478772461414337,0.0755879282951355,0.983428418636322,6.650964736938477,-0.07166671752929688,0.9953413009643555,-0.0644947811961174,-1.356886625289917,0.0,0.0,0.0,1.0
-0.9850389957427979,-0.05515928193926811,0.16326554119586945,-0.6131581664085388,0.15936443209648132,0.06897948682308197,0.9848069548606873,6.585625648498535,-0.06558321416378021,0.9960919618606567,-0.05915705859661102,-1.3473514318466187,0.0,0.0,0.0,1.0
-0.9836111664772034,-0.059465207159519196,0.1702144891023636,-0.5801671147346497,0.1656886786222458,0.07420621812343597,0.9833822846412659,6.649890422821045,-0.07110800594091415,0.9954683780670166,-0.06313735991716385,-1.354688286781311,0.0,0.0,0.0,1.0
-0.9852019548416138,-0.05304354056715965,0.1629830002784729,-0.6125678420066833,0.159099280834198,0.07068134844303131,0.9847291707992554,6.59820032119751,-0.06375337392091751,0.9960876107215881,-0.0611962154507637,-1.3483585119247437,0.0,0.0,0.0,1.0
-0.982123613357544,-0.07289371639490128,0.17355026304721832,-0.6050293445587158,0.16712096333503723,0.08662432432174683,0.982123613357544,6.490962028503418,-0.08662431687116623,0.9935706853866577,-0.07289373129606247,-1.3331358432769775,0.0,0.0,0.0,1.0
-0.9834393858909607,-0.07205145061016083,0.16629943251609802,-0.6321191787719727,0.1604619324207306,0.08041814714670181,0.9837605357170105,6.442994594573975,-0.08425487577915192,0.9941536784172058,-0.06752485781908035,-1.3305764198303223,0.0,0.0,0.0,1.0
-0.986066997051239,-0.06327914446592331,0.15384267270565033,-0.6477521657943726,0.1485033482313156,0.08186563849449158,0.9855175018310547,6.370437145233154,-0.07495713979005814,0.9946324825286865,-0.07132784277200699,-1.3276004791259766,0.0,0.0,0.0,1.0
-0.9831442832946777,-0.07351440191268921,0.16740068793296814,-0.6264221668243408,0.16131117939949036,0.08219139277935028,0.9834751486778259,6.459709167480469,-0.08605848252773285,0.9939014911651611,-0.06894730031490326,-1.3332648277282715,0.0,0.0,0.0,1.0
-0.9844844341278076,-0.07044144719839096,0.160712331533432,-0.6544176340103149,0.15542738139629364,0.07502532005310059,0.9849941730499268,6.380138397216797,-0.08144191652536392,0.9946905374526978,-0.0629127249121666,-1.3233848810195923,0.0,0.0,0.0,1.0
-0.9830082058906555,-0.07172957807779312,0.16896677017211914,-0.634884238243103,0.16310186684131622,0.08101003617048264,0.9832777976989746,6.471257209777832,-0.0842180997133255,0.9941288828849792,-0.0679343044757843,-1.3309993743896484,0.0,0.0,0.0,1.0
-0.9835336208343506,-0.06742315739393234,0.16767734289169312,-0.6547300815582275,0.16214734315872192,0.08052422106266022,0.9834755063056946,6.446195602416992,-0.07981111109256744,0.9944696426391602,-0.06826579570770264,-1.3302353620529175,0.0,0.0,0.0,1.0
-0.9826275706291199,-0.06859782338142395,0.17244549095630646,-0.6631877422332764,0.16676710546016693,0.08135629445314407,0.9826341867446899,6.426982879638672,-0.08143609017133713,0.9943216443061829,-0.06850307434797287,-1.3252345323562622,0.0,0.0,0.0,1.0
-0.9850636720657349,-0.05984272062778473,0.16145718097686768,-0.6869416832923889,0.1564892828464508,0.08006434142589569,0.9844291806221008,6.360546588897705,-0.07183787971735,0.9949917793273926,-0.06950372457504272,-1.326183795928955,0.0,0.0,0.0,1.0
-0.9841703772544861,-0.06358342617750168,0.16542591154575348,-0.6899127960205078,0.16037558019161224,0.07770787179470062,0.9839924573898315,6.3843488693237305,-0.07542051374912262,0.9949464797973633,-0.0662805587053299,-1.3272819519042969,0.0,0.0,0.0,1.0
-0.9796187877655029,-0.08116809278726578,0.183735653758049,-0.6579223871231079,0.176044300198555,0.09352914988994598,0.9799289107322693,6.413086891174316,-0.09672360122203827,0.992302417755127,-0.0773337334394455,-1.3195072412490845,0.0,0.0,0.0,1.0
-0.9807846546173096,-0.0867217406630516,0.17475919425487518,-0.6123655438423157,0.16701740026474,0.0897284746170044,0.9818625450134277,6.4262166023254395,-0.10082970559597015,0.9921835064888,-0.07352027297019958,-1.328313946723938,0.0,0.0,0.0,1.0
-0.979994535446167,-0.08509396016597748,0.17991556227207184,-0.6163349747657776,0.17182806134223938,0.09440585970878601,0.9805930256843567,6.453557968139648,-0.10042762756347656,0.9918903708457947,-0.07789570093154907,-1.333164930343628,0.0,0.0,0.0,1.0
-0.9802449345588684,-0.08528170734643936,0.17845669388771057,-0.6267800331115723,0.1704620122909546,0.09333422034978867,0.9809339642524719,6.435729026794434,-0.10031183809041977,0.9919756650924683,-0.07695310562849045,-1.3288772106170654,0.0,0.0,0.0,1.0
-0.9800406098365784,-0.08421895653009415,0.1800764799118042,-0.6328599452972412,0.17205548286437988,0.09442990273237228,0.9805508255958557,6.423264503479004,-0.09958557039499283,0.9919627904891968,-0.07805480062961578,-1.3231905698776245,0.0,0.0,0.0,1.0
-0.9805188775062561,-0.08020921051502228,0.179301917552948,-0.628867506980896,0.17145690321922302,0.09589047729969025,0.9805139303207397,6.457015037536621,-0.09583959728479385,0.9921549558639526,-0.08026999980211258,-1.3206596374511719,0.0,0.0,0.0,1.0
-0.9790850877761841,-0.08520455658435822,0.18474973738193512,-0.6198565363883972,0.1766425520181656,0.0945444107055664,0.9797238111495972,6.490687370300293,-0.10094399005174637,0.99186772108078,-0.07751627266407013,-1.3160183429718018,0.0,0.0,0.0,1.0
-0.9783119559288025,-0.08658984303474426,0.18817009031772614,-0.6130359768867493,0.17969262599945068,0.09709934890270233,0.9789189696311951,6.539740562438965,-0.10303562879562378,0.9915008544921875,-0.07943389564752579,-1.3174492120742798,0.0,0.0,0.0,1.0
-0.9805806279182434,-0.07762639224529266,0.1800995171070099,-0.643903911113739,0.1722552627325058,0.09810197353363037,0.9801551699638367,6.435193061828613,-0.09375402331352234,0.9921442270278931,-0.08282534033060074,-1.30174720287323,0.0,0.0,0.0,1.0
-0.9770243763923645,-0.08965670317411423,0.19335238635540009,-0.6134512424468994,0.18449914455413818,0.09836205095052719,0.9778982996940613,6.552648544311523,-0.10669366270303726,0.9911037087440491,-0.0795605331659317,-1.3167855739593506,0.0,0.0,0.0,1.0
-0.9792856574058533,-0.08025898784399033,0.18589812517166138,-0.6347194910049438,0.17788013815879822,0.097627654671669,0.9791974425315857,6.499324798583984,-0.09673818945884705,0.9919815063476562,-0.0813288763165474,-1.3051502704620361,0.0,0.0,0.0,1.0
-0.9751468300819397,-0.08511084318161011,0.20456010103225708,-0.7091349363327026,0.1962185651063919,0.09701879322528839,0.9757487177848816,6.458205223083496,-0.10289296507835388,0.9916368126869202,-0.07790723443031311,-1.367180585861206,0.0,0.0,0.0,1.0
-0.9791179895401001,-0.08455286920070648,0.18487495183944702,-0.7067742347717285,0.17737025022506714,0.08906397968530655,0.9801058173179626,6.3499436378479,-0.09933646023273468,0.992430567741394,-0.07220698148012161,-1.3783742189407349,0.0,0.0,0.0,1.0
-0.9777708649635315,-0.08769495040178299,0.19045676290988922,-0.7039556503295898,0.18249644339084625,0.0913282185792923,0.9789556860923767,6.3553547859191895,-0.10324354469776154,0.9919520020484924,-0.07329404354095459,-1.3771942853927612,0.0,0.0,0.0,1.0
-0.9802976250648499,-0.08138412237167358,0.1799808293581009,-0.7209796905517578,0.17217616736888885,0.0945063903927803,0.9805222749710083,6.306428909301758,-0.0968082845211029,0.9921920895576477,-0.07863198965787888,-1.3696222305297852,0.0,0.0,0.0,1.0
-0.978789210319519,-0.08328280597925186,0.18717820942401886,-0.7057558298110962,0.17930477857589722,0.09372376650571823,0.9793189764022827,6.346722602844238,-0.09910347312688828,0.9921087622642517,-0.0768028050661087,-1.374305009841919,0.0,0.0,0.0,1.0
-0.9787948131561279,-0.0837089791893959,0.18695856630802155,-0.7158037424087524,0.17886587977409363,0.09557642787694931,0.9792202115058899,6.327964782714844,-0.09983834624290466,0.9918961524963379,-0.07857703417539597,-1.3743278980255127,0.0,0.0,0.0,1.0
-0.9814212918281555,-0.07444684952497482,0.17683297395706177,-0.7416238784790039,0.16935229301452637,0.09705724567174911,0.9807648658752441,6.273898124694824,-0.09017777442932129,0.9924905896186829,-0.08264631032943726,-1.3665597438812256,0.0,0.0,0.0,1.0
-0.9792529940605164,-0.08013620972633362,0.18612322211265564,-0.7180544137954712,0.17816556990146637,0.09711115807294846,0.9791968464851379,6.325275897979736,-0.09654376655817032,0.9920421838760376,-0.08081887662410736,-1.3729074001312256,0.0,0.0,0.0,1.0
-0.9800654649734497,-0.07841192185878754,0.18254655599594116,-0.7227415442466736,0.17428754270076752,0.10173788666725159,0.9794250130653381,6.325096607208252,-0.09537050127983093,0.991716206073761,-0.0860435739159584,-1.3754485845565796,0.0,0.0,0.0,1.0
-0.978430449962616,-0.08388460427522659,0.18877829611301422,-0.7062993049621582,0.17971400916576385,0.1049840897321701,0.9781008362770081,6.32670783996582,-0.10186631977558136,0.9909297227859497,-0.08764439821243286,-1.3841180801391602,0.0,0.0,0.0,1.0
-0.9800153374671936,-0.07797007262706757,0.18300405144691467,-0.726510226726532,0.17459708452224731,0.10367579013109207,0.979166567325592,6.334992408752441,-0.09531877934932709,0.9915502667427063,-0.08799052238464355,-1.3724194765090942,0.0,0.0,0.0,1.0
-0.9758700728416443,-0.07331512868404388,0.20567572116851807,-0.8037559390068054,0.19739708304405212,0.10643143951892853,0.9745290279388428,6.245765686035156,-0.09333807229995728,0.9916133880615234,-0.0893910601735115,-1.4203227758407593,0.0,0.0,0.0,1.0
-0.9765816926956177,-0.07120399922132492,0.20302240550518036,-0.7853360772132874,0.1959855854511261,0.09487186372280121,0.9760066270828247,6.319420337677002,-0.08875669538974762,0.9929397106170654,-0.07869517803192139,-1.40336275100708,0.0,0.0,0.0,1.0
-0.9756080508232117,-0.08003907650709152,0.20440801978111267,-0.787948727607727,0.1963060200214386,0.0986524224281311,0.9755673408508301,6.270349025726318,-0.09824886173009872,0.9918978810310364,-0.0805339440703392,-1.411402940750122,0.0,0.0,0.0,1.0
-0.9765434265136719,-0.07969579845666885,0.2000289410352707,-0.787785530090332,0.19213935732841492,0.09677645564079285,0.9765841960906982,6.254735469818115,-0.09718775004148483,0.9921103715896606,-0.07919371128082275,-1.4211602210998535,0.0,0.0,0.0,1.0
-0.9779207706451416,-0.07770300656557083,0.1939927637577057,-0.8035529851913452,0.1861831247806549,0.09761963039636612,0.977653443813324,6.197137832641602,-0.0949041098356247,0.9921857714653015,-0.0809972807765007,-1.4173921346664429,0.0,0.0,0.0,1.0
-0.9759103655815125,-0.08221109211444855,0.20208999514579773,-0.769239604473114,0.19357258081436157,0.10101387649774551,0.9758718013763428,6.272095680236816,-0.10064138472080231,0.9914824962615967,-0.08266666531562805,-1.4336953163146973,0.0,0.0,0.0,1.0
-0.9754952192306519,-0.08394761383533478,0.20337596535682678,-0.7761507630348206,0.19522802531719208,0.09601674973964691,0.9760465025901794,6.274471282958984,-0.10146427899599075,0.9918334484100342,-0.07727496325969696,-1.432353138923645,0.0,0.0,0.0,1.0
-0.9768245220184326,-0.07837575674057007,0.19917608797550201,-0.7816240787506104,0.19132676720619202,0.09745272994041443,0.9766765236854553,6.232170581817627,-0.09595800936222076,0.9921492338180542,-0.08019883930683136,-1.42745840549469,0.0,0.0,0.0,1.0
-0.975180983543396,-0.08580473810434341,0.20410680770874023,-0.7681260704994202,0.1955561488866806,0.09849435091018677,0.9757339358329773,6.2251996994018555,-0.10382595658302307,0.991431474685669,-0.07927017658948898,-1.4300121068954468,0.0,0.0,0.0,1.0
-0.9744135141372681,-0.08682572841644287,0.20731498301029205,-0.7610393166542053,0.19888445734977722,0.09660868346691132,0.9752495288848877,6.24840784072876,-0.10470518469810486,0.9915281534194946,-0.07686851918697357,-1.4282358884811401,0.0,0.0,0.0,1.0
-0.9750617742538452,-0.09001441299915314,0.20285950601100922,-0.8514918684959412,0.19257868826389313,0.11114956438541412,0.974966287612915,5.961599826812744,-0.11030876636505127,0.9897187352180481,-0.09104283154010773,-1.445891261100769,0.0,0.0,0.0,1.0
-0.9707865118980408,-0.0975639820098877,0.21921396255493164,-0.8260470628738403,0.20892423391342163,0.1055934876203537,0.9722143411636353,6.119536399841309,-0.11800067126750946,0.9896116256713867,-0.08212525397539139,-1.451913595199585,0.0,0.0,0.0,1.0
-0.9730152487754822,-0.09656469523906708,0.2095627784729004,-0.8343672156333923,0.1993057280778885,0.10591672360897064,0.9741964936256409,6.061656475067139,-0.11626919358968735,0.9896751642227173,-0.08381269127130508,-1.4483516216278076,0.0,0.0,0.0,1.0
-0.9749016165733337,-0.09133338928222656,0.20303981006145477,-0.8460047245025635,0.19360655546188354,0.10249112546443939,0.9757111072540283,5.985631942749023,-0.10992477089166641,0.9905320405960083,-0.08223601430654526,-1.4369333982467651,0.0,0.0,0.0,1.0
-0.9789851903915405,-0.08051611483097076,0.18736350536346436,-0.8841985464096069,0.17932114005088806,0.09766055643558502,0.978931188583374,5.84423828125,-0.09711776673793793,0.991957426071167,-0.08117000013589859,-1.424621343612671,0.0,0.0,0.0,1.0
-0.9792473912239075,-0.07752437889575958,0.18725526332855225,-0.8822124004364014,0.179356649518013,0.09873201698064804,0.9788172841072083,5.816237449645996,-0.0943702906370163,0.9920896291732788,-0.08277855813503265,-1.445460319519043,0.0,0.0,0.0,1.0
-0.984229564666748,-0.05314745381474495,0.16872313618659973,-0.9071660041809082,0.163031205534935,0.09762772172689438,0.9817788004875183,5.7600483894348145,-0.06865110248327255,0.9938028454780579,-0.0874233990907669,-1.467334508895874,0.0,0.0,0.0,1.0
-0.9790186285972595,-0.07375448197126389,0.1899547129869461,-0.8806830644607544,0.18132179975509644,0.11003461480140686,0.9772486090660095,5.767524719238281,-0.09297806024551392,0.9911874532699585,-0.09435264021158218,-1.4755498170852661,0.0,0.0,0.0,1.0
-0.9785616993904114,-0.0744345560669899,0.19203254580497742,-0.8774524927139282,0.18276220560073853,0.11600951105356216,0.9762887954711914,5.750619888305664,-0.0949472188949585,0.9904550909996033,-0.09991864114999771,-1.484660267829895,0.0,0.0,0.0,1.0
-0.9767614006996155,-0.07976235449314117,0.19893498718738556,-0.8699420094490051,0.1889684945344925,0.11748164147138596,0.9749302864074707,5.779392242431641,-0.10113394260406494,0.9898667335510254,-0.09967896342277527,-1.4911043643951416,0.0,0.0,0.0,1.0
-0.9802881479263306,-0.059390511363744736,0.18843546509742737,-0.8416844606399536,0.18124520778656006,0.1093321442604065,0.9773416519165039,5.766931056976318,-0.07864687591791153,0.9922294020652771,-0.0964127629995346,-1.4859888553619385,0.0,0.0,0.0,1.0
-0.9769074320793152,-0.07718046009540558,0.19923627376556396,-0.8424776196479797,0.19151043891906738,0.09717260301113129,0.9766684770584106,6.03432559967041,-0.09474002569913864,0.9922704696655273,-0.08014777302742004,-1.4301350116729736,0.0,0.0,0.0,1.0
-0.976675808429718,-0.0755835697054863,0.2009761482477188,-0.8351652026176453,0.1933431327342987,0.09755166620016098,0.9762694835662842,6.077159881591797,-0.09339548647403717,0.9923561215400696,-0.0806627944111824,-1.4376364946365356,0.0,0.0,0.0,1.0
-0.9769852757453918,-0.07562673091888428,0.19945001602172852,-0.833589494228363,0.19144415855407715,0.10146971046924591,0.976244330406189,6.065537929534912,-0.09406831115484238,0.9919599294662476,-0.08465611934661865,-1.436749815940857,0.0,0.0,0.0,1.0
-0.9779041409492493,-0.07478811591863632,0.19521839916706085,-0.8333336710929871,0.18718956410884857,0.10251696407794952,0.976959764957428,6.026208400726318,-0.09307817369699478,0.9919158220291138,-0.08625221252441406,-1.4345307350158691,0.0,0.0,0.0,1.0
-0.9778110980987549,-0.07497047632932663,0.1956140100955963,-0.8245295286178589,0.18778622150421143,0.10020144283771515,0.9770854115486145,6.054430961608887,-0.0928533673286438,0.9921386241912842,-0.08389966189861298,-1.4449539184570312,0.0,0.0,0.0,1.0
-0.9810279011726379,-0.058548010885715485,0.18481411039829254,-0.8595196604728699,0.17844586074352264,0.09988407045602798,0.9788668155670166,6.018021583557129,-0.07577069103717804,0.993274986743927,-0.08754141628742218,-1.4324414730072021,0.0,0.0,0.0,1.0
-0.9816740155220032,-0.05665981397032738,0.18194982409477234,-0.860774576663971,0.1760372370481491,0.09605526179075241,0.9796858429908752,5.923107624053955,-0.07298605144023895,0.9937620759010315,-0.08432071655988693,-1.4340465068817139,0.0,0.0,0.0,1.0
-0.9818243384361267,-0.055737532675266266,0.18142327666282654,-0.8672897219657898,0.1759272962808609,0.09137330949306488,0.9801533222198486,5.883965015411377,-0.07120857387781143,0.9942556023597717,-0.07990678399801254,-1.4343440532684326,0.0,0.0,0.0,1.0
-0.9816415309906006,-0.051686063408851624,0.183598592877388,-0.8469671010971069,0.17811132967472076,0.09596763551235199,0.9793193936347961,5.9101104736328125,-0.06823668628931046,0.9940415620803833,-0.0849999412894249,-1.4440765380859375,0.0,0.0,0.0,1.0
-0.9802911877632141,-0.05614548549056053,0.18941183388233185,-0.8364766240119934,0.1834532767534256,0.09706360101699829,0.9782246351242065,5.95103120803833,-0.07330789417028427,0.9936932921409607,-0.08485051989555359,-1.4428226947784424,0.0,0.0,0.0,1.0
-0.9841418266296387,-0.01682530902326107,0.17658384144306183,-0.7897692918777466,0.17410118877887726,0.0990016758441925,0.9797384738922119,5.4144415855407715,-0.03396650031208992,0.9949450492858887,-0.09450238198041916,-1.5130469799041748,0.0,0.0,0.0,1.0
-0.9820308089256287,-0.032499559223651886,0.18590117990970612,-0.7915592789649963,0.1816505789756775,0.1043197512626648,0.9778141379356384,5.547338962554932,-0.051171693950891495,0.9940126538276672,-0.09654165059328079,-1.4778223037719727,0.0,0.0,0.0,1.0
-0.9824881553649902,-0.035344913601875305,0.18294203281402588,-0.7930583357810974,0.178461953997612,0.10371309518814087,0.9784656167030334,5.539218425750732,-0.05355726182460785,0.9939789772033691,-0.09558916836977005,-1.4808510541915894,0.0,0.0,0.0,1.0
-0.9821691513061523,-0.03673963248729706,0.18437442183494568,-0.7921980619430542,0.17962214350700378,0.10610482841730118,0.9779967665672302,5.5319132804870605,-0.05549425631761551,0.993675947189331,-0.09761364758014679,-1.491875410079956,0.0,0.0,0.0,1.0
-0.9823893904685974,-0.03630552068352699,0.18328391015529633,-0.7903143763542175,0.17845164239406586,0.1083945482969284,0.9779598712921143,5.523095607757568,-0.055372320115566254,0.9934447407722473,-0.10000686347484589,-1.4942631721496582,0.0,0.0,0.0,1.0
-0.9825618863105774,-0.03923627361655235,0.18174907565116882,-0.7912812232971191,0.1767011135816574,0.10718464106321335,0.978411078453064,5.499070644378662,-0.057869911193847656,0.9934645891189575,-0.09838245064020157,-1.496842384338379,0.0,0.0,0.0,1.0
-0.9820060133934021,-0.04047224670648575,0.1844618022441864,-0.7861430644989014,0.17930559813976288,0.10676995664834976,0.9779824614524841,5.502320766448975,-0.05927612632513046,0.9934596419334412,-0.09759184718132019,-1.5009496212005615,0.0,0.0,0.0,1.0
-0.9820992350578308,-0.04355822876095772,0.18325871229171753,-0.7909945845603943,0.17791196703910828,0.10507472604513168,0.9784204363822937,5.488605499267578,-0.06187412142753601,0.9935099482536316,-0.09544427692890167,-1.499300479888916,0.0,0.0,0.0,1.0
-0.9817401170730591,-0.04294990375638008,0.18531520664691925,-0.7853716611862183,0.1798831820487976,0.10726162791252136,0.9778225421905518,5.486722946166992,-0.061874598264694214,0.9933027029037476,-0.09757707267999649,-1.5011001825332642,0.0,0.0,0.0,1.0
-0.9815919399261475,-0.04065022990107536,0.18661391735076904,-0.7793534994125366,0.181304469704628,0.10887852311134338,0.9773812890052795,5.481922149658203,-0.06004901975393295,0.9932235479354858,-0.09950421750545502,-1.5030478239059448,0.0,0.0,0.0,1.0
-0.9813043475151062,-0.03962075710296631,0.18833988904953003,-0.7788254022598267,0.18298090994358063,0.11129800230264664,0.9767961502075195,5.477645397186279,-0.059663258492946625,0.9929969906806946,-0.10196737200021744,-1.50719153881073,0.0,0.0,0.0,1.0
-0.9840386509895325,-0.00833192840218544,0.17775984108448029,-0.7563608884811401,0.17599375545978546,0.10232830047607422,0.9790582656860352,5.15909481048584,-0.02634730562567711,0.9947158098220825,-0.0992286279797554,-1.5375971794128418,0.0,0.0,0.0,1.0
-0.9837346076965332,-0.009351798333227634,0.17938420176506042,-0.7662290930747986,0.17771509289741516,0.0946759358048439,0.9795171022415161,5.217483043670654,-0.026143614202737808,0.9954642057418823,-0.09147404134273529,-1.5057713985443115,0.0,0.0,0.0,1.0
-0.9841657876968384,-0.009659554809331894,0.17698703706264496,-0.768031120300293,0.17534038424491882,0.09313604980707169,0.9800925254821777,5.2116193771362305,-0.02595113217830658,0.9956064820289612,-0.08996760100126266,-1.5029345750808716,0.0,0.0,0.0,1.0
-0.9843479990959167,-0.005032817367464304,0.1761637181043625,-0.7705736756324768,0.17488829791545868,0.09546925872564316,0.9799488186836243,5.1814422607421875,-0.02175012230873108,0.9954196810722351,-0.09309479594230652,-1.5015987157821655,0.0,0.0,0.0,1.0
-0.9846799373626709,-0.00013466959353536367,0.174371600151062,-0.7782837748527527,0.17363478243350983,0.09107794612646103,0.9805895090103149,5.1884989738464355,-0.016013462096452713,0.995843768119812,-0.08965923637151718,-1.4941569566726685,0.0,0.0,0.0,1.0
-0.9843562245368958,0.00010974831093335524,0.1761896014213562,-0.7791182994842529,0.17544429004192352,0.09249531477689743,0.9801346659660339,5.178042411804199,-0.016189144924283028,0.9957131147384644,-0.0910675898194313,-1.4936500787734985,0.0,0.0,0.0,1.0
-0.985453188419342,0.004877523053437471,0.16987739503383636,-0.7892493605613708,0.16961708664894104,0.09051992744207382,0.9813441038131714,5.182178497314453,-0.01059076189994812,0.9958827495574951,-0.09003046154975891,-1.4907282590866089,0.0,0.0,0.0,1.0
-0.9853507876396179,0.003095543012022972,0.1705116480588913,-0.8100695013999939,0.17013172805309296,0.08696408569812775,0.9815765023231506,5.1490983963012695,-0.011789877898991108,0.9962065815925598,-0.08621678501367569,-1.4948725700378418,0.0,0.0,0.0,1.0
-0.9858719110488892,0.008854726329445839,0.1672668755054474,-0.8100391626358032,0.16736017167568207,0.09302429109811783,0.9814973473548889,5.172240257263184,-0.006868990138173103,0.9956244230270386,-0.0931919664144516,-1.500934362411499,0.0,0.0,0.0,1.0
-0.9854755997657776,0.0038210174534469843,0.16977433860301971,-0.7937405109405518,0.16936790943145752,0.09480184316635132,0.9809827208518982,5.130840301513672,-0.012346569448709488,0.9954888224601746,-0.09407205879688263,-1.504096269607544,0.0,0.0,0.0,1.0
-0.9850000143051147,0.0009641767246648669,0.17255164682865143,-0.7911309003829956,0.1718835085630417,0.09357381612062454,0.9806630611419678,5.1033430099487305,-0.015200784429907799,0.9956119060516357,-0.09233593940734863,-1.5043429136276245,0.0,0.0,0.0,1.0
-0.985415518283844,0.013283598236739635,0.16964612901210785,-0.8121994137763977,0.17014098167419434,0.09380535781383514,0.9809447526931763,4.891505718231201,-0.0028832396492362022,0.9955019354820251,-0.09469734877347946,-1.5229421854019165,0.0,0.0,0.0,1.0
-0.9842766523361206,0.005760889500379562,0.1765400767326355,-0.773880124092102,0.176216721534729,0.10068973898887634,0.979188084602356,5.065634727478027,-0.01213478110730648,0.994901180267334,-0.10012172162532806,-1.521143913269043,0.0,0.0,0.0,1.0
-0.9840981960296631,0.0006683672545477748,0.17762407660484314,-0.7778681516647339,0.17680756747722626,0.09953099489212036,0.979200005531311,5.0572357177734375,-0.017024636268615723,0.9950342178344727,-0.09806644916534424,-1.5235129594802856,0.0,0.0,0.0,1.0
-0.984079122543335,0.005443686619400978,0.17764738202095032,-0.7832379937171936,0.17729398608207703,0.10009881108999252,0.9790541529655457,5.052814483642578,-0.012452628463506699,0.9949625134468079,-0.09947029501199722,-1.5228147506713867,0.0,0.0,0.0,1.0
-0.9838134050369263,0.001293275272473693,0.17919133603572845,-0.789132297039032,0.17840655148029327,0.10083018243312836,0.9787769317626953,5.041875839233398,-0.016802066937088966,0.9949027895927429,-0.09942881017923355,-1.5288513898849487,0.0,0.0,0.0,1.0
-0.9832137227058411,0.0016567709390074015,0.18244998157024384,-0.7943571209907532,0.18171444535255432,0.09904561191797256,0.9783505797386169,5.033047676086426,-0.01644996553659439,0.9950814843177795,-0.09768406301736832,-1.5266411304473877,0.0,0.0,0.0,1.0
-0.98292475938797,-0.007194042671471834,0.18386751413345337,-0.809411883354187,0.18236732482910156,0.09506076574325562,0.9786243438720703,5.002765655517578,-0.024518851190805435,0.9954454898834229,-0.09212561696767807,-1.5286540985107422,0.0,0.0,0.0,1.0
-0.9816566109657288,-0.004307777155190706,0.1906091421842575,-0.8070095181465149,0.18921634554862976,0.10069206357002258,0.976759135723114,5.009480953216553,-0.02340048737823963,0.9949083924293518,-0.09802991896867752,-1.524254322052002,0.0,0.0,0.0,1.0
-0.9820154905319214,-0.005359454080462456,0.1887240707874298,-0.8128354549407959,0.18725667893886566,0.09990701824426651,0.9772172570228577,4.9701056480407715,-0.024092212319374084,0.9949823021888733,-0.09710665047168732,-1.52601158618927,0.0,0.0,0.0,1.0
-0.9825147390365601,-0.00421292195096612,0.18613724410533905,-0.8170102834701538,0.1848243921995163,0.09857027977705002,0.9778158664703369,4.954587936401367,-0.02246706187725067,0.9951212406158447,-0.09606809169054031,-1.524756669998169,0.0,0.0,0.0,1.0
-0.9831178188323975,-0.0008378711645491421,0.1829717606306076,-0.8099091649055481,0.18194743990898132,0.1012861356139183,0.9780778288841248,4.9687628746032715,-0.019352003931999207,0.9948569536209106,-0.09942375123500824,-1.521462321281433,0.0,0.0,0.0,1.0
-0.9834297299385071,0.008880158886313438,0.1810719221830368,-0.8691052794456482,0.18109022080898285,0.09494230151176453,0.9788729548454285,4.623375415802002,-0.008498837240040302,0.9954431653022766,-0.09497719258069992,-1.4817525148391724,0.0,0.0,0.0,1.0
-0.9858782887458801,0.011233755387365818,0.16708599030971527,-0.8404185771942139,0.16742296516895294,0.0879887193441391,0.9819508790969849,4.7265448570251465,-0.003670685924589634,0.9960581064224243,-0.08862695842981339,-1.4829227924346924,0.0,0.0,0.0,1.0
-0.9864673614501953,0.02239922806620598,0.16242040693759918,-0.8445776700973511,0.16382445394992828,0.09473354369401932,0.9819303154945374,4.7040486335754395,0.006607823073863983,0.9952507019042969,-0.09712108224630356,-1.4943512678146362,0.0,0.0,0.0,1.0
-0.9854400157928467,0.023878982290625572,0.16833840310573578,-0.8429192900657654,0.16987574100494385,0.09699913114309311,0.9806800484657288,4.698358058929443,0.007088962942361832,0.9949979782104492,-0.0996432825922966,-1.4960620403289795,0.0,0.0,0.0,1.0
-0.9854503273963928,0.02642562985420227,0.16789686679840088,-0.8492642641067505,0.16968050599098206,0.09595748782157898,0.9808163046836853,4.667821884155273,0.009807726368308067,0.9950345754623413,-0.09904525429010391,-1.499049186706543,0.0,0.0,0.0,1.0
-0.9846914410591125,0.034110184758901596,0.17093642055988312,-0.8519636392593384,0.17354296147823334,0.10016016662120819,0.9797197580337524,4.672122001647949,0.016297398135066032,0.9943864941596985,-0.1045464426279068,-1.4963650703430176,0.0,0.0,0.0,1.0
-0.9846936464309692,0.04095293954014778,0.16941441595554352,-0.8549574613571167,0.1727806031703949,0.10154825448989868,0.9797115921974182,4.679497718811035,0.022918332368135452,0.9939873218536377,-0.10706979781389236,-1.4991949796676636,0.0,0.0,0.0,1.0
-0.9849106073379517,0.052115801721811295,0.16503028571605682,-0.8578699827194214,0.16977165639400482,0.10584104061126709,0.9797832369804382,4.70687198638916,0.033595215529203415,0.9930164813995361,-0.11309175193309784,-1.4964473247528076,0.0,0.0,0.0,1.0
-0.9845309853553772,0.043132439255714417,0.1698186993598938,-0.8523807525634766,0.17354519665241241,0.10674073547124863,0.9790242314338684,4.69158935546875,0.0241011343896389,0.9933509230613708,-0.1125749796628952,-1.495980143547058,0.0,0.0,0.0,1.0
-0.9847291111946106,0.04404396563768387,0.16843020915985107,-0.8534991145133972,0.17217330634593964,0.10307729989290237,0.979658842086792,4.678241729736328,0.025786729529500008,0.9936977624893188,-0.10908640921115875,-1.4980226755142212,0.0,0.0,0.0,1.0
-0.9834481477737427,0.03905584663152695,0.1769302487373352,-0.8947534561157227,0.18016941845417023,0.10731373727321625,0.9777641296386719,4.616659164428711,0.019200360402464867,0.9934578537940979,-0.11257416754961014,-1.4583115577697754,0.0,0.0,0.0,1.0
-0.9844042658805847,0.005460036918520927,0.17583654820919037,-0.8805695176124573,0.17563386261463165,0.08761721104383469,0.9805488586425781,4.681952476501465,-0.010052476078271866,0.9961392879486084,-0.08720972388982773,-1.428020715713501,0.0,0.0,0.0,1.0
-0.984505832195282,-0.006804685108363628,0.17521974444389343,-0.8935520648956299,0.1741017997264862,0.0811687558889389,0.9813767075538635,4.648809909820557,-0.02090032771229744,0.9966771006584167,-0.07872641086578369,-1.4185043573379517,0.0,0.0,0.0,1.0
-0.983517050743103,-0.012376883067190647,0.18039143085479736,-0.8980960249900818,0.17882561683654785,0.08102193474769592,0.9805390238761902,4.648163795471191,-0.026751680299639702,0.9966354370117188,-0.07747314870357513,-1.4028661251068115,0.0,0.0,0.0,1.0
-0.9834284782409668,-0.019469834864139557,0.18024815618991852,-0.9176679849624634,0.17825713753700256,0.07744855433702469,0.9809312224388123,4.6248345375061035,-0.0330585278570652,0.9968062043190002,-0.07269447296857834,-1.3973369598388672,0.0,0.0,0.0,1.0
-0.9832443594932556,-0.016022786498069763,0.1815871000289917,-0.9373449683189392,0.17984455823898315,0.07744067162275314,0.9806420803070068,4.6273698806762695,-0.029774844646453857,0.9968681931495667,-0.07326149195432663,-1.3895328044891357,0.0,0.0,0.0,1.0
-0.9846893548965454,0.006529383827000856,0.17419619858264923,-0.9721827507019043,0.17411403357982635,0.08523000776767731,0.9810301661491394,4.65801477432251,-0.008441220968961716,0.9963398575782776,-0.0850619375705719,-1.3840073347091675,0.0,0.0,0.0,1.0
-0.9854922294616699,0.025333907455205917,0.167819082736969,-0.9841943979263306,0.16942742466926575,0.08876336365938187,0.9815372228622437,4.658565044403076,0.009969989769160748,0.995730459690094,-0.09176786243915558,-1.3855918645858765,0.0,0.0,0.0,1.0
-0.9848134517669678,0.025945674628019333,0.17166607081890106,-0.9746726155281067,0.17334257066249847,0.0914994552731514,0.980601966381073,4.643589496612549,0.009735027328133583,0.9954670071601868,-0.0946073904633522,-1.386256217956543,0.0,0.0,0.0,1.0
-0.987047016620636,0.03671000152826309,0.1561746895313263,-0.9761863946914673,0.15900970995426178,0.09455648809671402,0.9827384948730469,4.580516338348389,0.021309006959199905,0.9948424696922302,-0.09916894137859344,-1.3984401226043701,0.0,0.0,0.0,1.0
-0.9869454503059387,0.04502493515610695,0.15463341772556305,-1.019880771636963,0.15861372649669647,0.10518898814916611,0.9817214608192444,4.535464286804199,0.027936210855841637,0.9934324622154236,-0.11095735430717468,-1.420174241065979,0.0,0.0,0.0,1.0
-0.984169602394104,0.03341389447450638,0.1740507036447525,-0.9109909534454346,0.17671506106853485,0.1102721095085144,0.9780653715133667,4.564613342285156,0.013488035649061203,0.9933395981788635,-0.11443119496107101,-1.4834816455841064,0.0,0.0,0.0,1.0
-0.9852661490440369,0.036127448081970215,0.16716894507408142,-0.9059371948242188,0.17017841339111328,0.10977430641651154,0.9792797565460205,4.560552597045898,0.017028024420142174,0.9932997822761536,-0.11430501192808151,-1.4896607398986816,0.0,0.0,0.0,1.0
-0.9856699109077454,0.03551161661744118,0.16490532457828522,-0.9074731469154358,0.16782408952713013,0.10776588320732117,0.9799090027809143,4.565632343292236,0.017026983201503754,0.9935418963432312,-0.11218129098415375,-1.4848597049713135,0.0,0.0,0.0,1.0
-0.9860373139381409,0.03177080303430557,0.16346582770347595,-0.9148969054222107,0.16592565178871155,0.10426182299852371,0.9806110858917236,4.5603346824646,0.014111557975411415,0.9940422773361206,-0.10807764530181885,-1.4835695028305054,0.0,0.0,0.0,1.0
-0.9857401847839355,0.030331134796142578,0.1655178666114807,-0.9126638174057007,0.16778729856014252,0.10240741074085236,0.9804897308349609,4.542824745178223,0.012789109721779823,0.9942799806594849,-0.10603629052639008,-1.4826812744140625,0.0,0.0,0.0,1.0
-0.9849269986152649,0.035230208188295364,0.16934461891651154,-0.9090937376022339,0.172223761677742,0.10887141525745392,0.9790229201316833,4.514296531677246,0.016054395586252213,0.9934312701225281,-0.11329788714647293,-1.4917240142822266,0.0,0.0,0.0,1.0
-0.9852049350738525,0.03718814626336098,0.16729697585105896,-0.9102602005004883,0.1703842431306839,0.10744252800941467,0.9795025587081909,4.561870574951172,0.01845107600092888,0.9935155510902405,-0.11218918114900589,-1.4857134819030762,0.0,0.0,0.0,1.0
-0.9850804209709167,0.031204646453261375,0.16924183070659637,-0.9137052297592163,0.17157763242721558,0.10191629081964493,0.9798847436904907,4.60196590423584,0.01332845725119114,0.9943034648895264,-0.10574976354837418,-1.4775762557983398,0.0,0.0,0.0,1.0
-0.9842090606689453,0.0331786684691906,0.17387257516384125,-0.90802001953125,0.17645800113677979,0.10639972984790802,0.9785405397415161,4.580112934112549,0.013966679573059082,0.9937697052955627,-0.11057421565055847,-1.480082392692566,0.0,0.0,0.0,1.0
-0.9836773872375488,0.030189959332346916,0.1773904412984848,-0.9034442901611328,0.1796298772096634,0.10679522901773453,0.9779202342033386,4.590345859527588,0.01057891733944416,0.9938226342201233,-0.1104750707745552,-1.479801058769226,0.0,0.0,0.0,1.0
-0.9870315194129944,0.02346498891711235,0.15880221128463745,-1.0225632190704346,0.1604580283164978,0.11533110588788986,0.9802815914154053,4.262193202972412,0.0046874601393938065,0.9930499196052551,-0.11760058254003525,-1.4640558958053589,0.0,0.0,0.0,1.0
-0.9879726767539978,0.02892913669347763,0.15189814567565918,-1.0350347757339478,0.1542740911245346,0.11795327812433243,0.9809620380401611,4.280486106872559,0.01046149805188179,0.9925976395606995,-0.12099764496088028,-1.464767575263977,0.0,0.0,0.0,1.0
-0.9886345267295837,0.028360869735479355,0.14763988554477692,-1.0360883474349976,0.14991942048072815,0.1126444935798645,0.9822604060173035,4.305129528045654,0.011226937174797058,0.9932305216789246,-0.115616075694561,-1.4584039449691772,0.0,0.0,0.0,1.0
-0.9884324073791504,0.03362467885017395,0.1478876918554306,-1.0397359132766724,0.15082834661006927,0.11583258956670761,0.9817502498626709,4.303050994873047,0.015880824998021126,0.9926994442939758,-0.1195642277598381,-1.4659589529037476,0.0,0.0,0.0,1.0
-0.988180935382843,0.03248067945241928,0.14981120824813843,-1.036703109741211,0.152607262134552,0.1161893978714943,0.9814331531524658,4.289583683013916,0.0144711434841156,0.9926958084106445,-0.11977294087409973,-1.468065857887268,0.0,0.0,0.0,1.0
-0.9884179830551147,0.033137477934360504,0.14809390902519226,-1.0360240936279297,0.1509937047958374,0.11705457419157028,0.9815798997879028,4.308923721313477,0.015192011371254921,0.9925724267959595,-0.12070240825414658,-1.4683367013931274,0.0,0.0,0.0,1.0
-0.9880642294883728,0.03594321012496948,0.1497904509305954,-1.0372852087020874,0.15306143462657928,0.11950988322496414,0.9809635877609253,4.338246822357178,0.017357539385557175,0.9921821355819702,-0.12358496338129044,-1.4617974758148193,0.0,0.0,0.0,1.0
-0.9876771569252014,0.0312725268304348,0.15334844589233398,-1.024872064590454,0.15600551664829254,0.1185322031378746,0.9806183576583862,4.336815357208252,0.0124896839261055,0.9924575686454773,-0.12195024639368057,-1.457568645477295,0.0,0.0,0.0,1.0
-0.9867992997169495,0.03356536105275154,0.15843112766742706,-1.007591724395752,0.16138999164104462,0.12270165234804153,0.9792331457138062,4.372475624084473,0.013428552076220512,0.9918758869171143,-0.1264990121126175,-1.4655481576919556,0.0,0.0,0.0,1.0
-0.9871467351913452,0.02848919853568077,0.1572568118572235,-0.9994931221008301,0.15955129265785217,0.11900727450847626,0.9799901843070984,4.38950252532959,0.009204426780343056,0.9924845695495605,-0.12202314287424088,-1.4653010368347168,0.0,0.0,0.0,1.0
-0.9873644113540649,0.03104017674922943,0.1553967148065567,-0.9988951683044434,0.15801669657230377,0.11902210861444473,0.9802369475364685,4.407843112945557,0.011931084096431732,0.9924063086509705,-0.12242305278778076,-1.4582382440567017,0.0,0.0,0.0,1.0
-0.9878246188163757,0.017101243138313293,0.15462838113307953,-0.998051106929779,0.15556110441684723,0.11988044530153275,0.980525016784668,4.413403034210205,-0.001768721267580986,0.9926409721374512,-0.1210811585187912,-1.4959784746170044,0.0,0.0,0.0,1.0
-0.9873111844062805,0.02123613841831684,0.15737073123455048,-1.0347118377685547,0.15879499912261963,0.1269376426935196,0.9791174530982971,4.229398727416992,0.0008164010941982269,0.991683304309845,-0.1286991536617279,-1.494547724723816,0.0,0.0,0.0,1.0
-0.9871411919593811,0.021831266582012177,0.1583532989025116,-1.0340232849121094,0.15984803438186646,0.12869144976139069,0.9787170886993408,4.223522186279297,0.000987917184829712,0.9914443492889404,-0.13052630424499512,-1.499968409538269,0.0,0.0,0.0,1.0
-0.9867118000984192,0.016503093764185905,0.1616399735212326,-1.0400304794311523,0.16242912411689758,0.12514768540859222,0.9787516593933105,4.226508617401123,-0.004076438024640083,0.9920008778572083,-0.12616528570652008,-1.500417947769165,0.0,0.0,0.0,1.0
-0.9869546294212341,0.01459479983896017,0.16033600270748138,-1.0397921800613403,0.1609104573726654,0.12242306023836136,0.9793469905853271,4.266730785369873,-0.00533545296639204,0.9923706650733948,-0.12317446619272232,-1.4928556680679321,0.0,0.0,0.0,1.0
-0.9862400889396667,0.01599210686981678,0.16454416513442993,-1.040494680404663,0.16527004539966583,0.11971637606620789,0.9789555072784424,4.289079189300537,-0.00404307059943676,0.9926793575286865,-0.12071210891008377,-1.4872214794158936,0.0,0.0,0.0,1.0
-0.9863929152488708,0.016505051404237747,0.163574680685997,-1.0433566570281982,0.16436536610126495,0.12092217803001404,0.9789595603942871,4.301977157592773,-0.003622027114033699,0.9925247430801392,-0.12198963016271591,-1.4809800386428833,0.0,0.0,0.0,1.0
-0.9859315156936646,0.01660243608057499,0.16632305085659027,-1.0372886657714844,0.16709165275096893,0.12410133332014084,0.9780997633934021,4.279519081115723,-0.004402073100209236,0.9921306371688843,-0.12512953579425812,-1.480102300643921,0.0,0.0,0.0,1.0
-0.9858209490776062,0.012576776556670666,0.16732877492904663,-1.0398924350738525,0.16759397089481354,0.12328869104385376,0.9781166911125183,4.29695463180542,-0.008328191004693508,0.9922911524772644,-0.12364836782217026,-1.4810899496078491,0.0,0.0,0.0,1.0
-0.9862357974052429,0.014867101795971394,0.16467532515525818,-1.0431379079818726,0.16524815559387207,0.12272214144468307,0.9785869121551514,4.296682357788086,-0.0056605590507388115,0.9923297166824341,-0.12348973751068115,-1.4827256202697754,0.0,0.0,0.0,1.0
-0.9861958026885986,0.013856178149580956,0.165002703666687,-1.0365749597549438,0.16545818746089935,0.12121817469596863,0.9787388443946838,4.299444198608398,-0.006439749151468277,0.9925291538238525,-0.12183748185634613,-1.4819138050079346,0.0,0.0,0.0,1.0
-0.986616849899292,0.040162522345781326,0.15803222358226776,-1.0217125415802002,0.16119708120822906,0.09431970864534378,0.982404887676239,4.591399192810059,0.02455030381679535,0.9947315454483032,-0.09953148663043976,-1.4735732078552246,0.0,0.0,0.0,1.0
-0.9878586530685425,0.04002434387803078,0.15011078119277954,-1.0166572332382202,0.15335483849048615,0.09667504578828812,0.983430802822113,4.564067840576172,0.02484920620918274,0.9945108890533447,-0.10163921862840652,-1.4724901914596558,0.0,0.0,0.0,1.0
-0.9877603054046631,0.03880300745368004,0.15107540786266327,-1.0258289575576782,0.15412354469299316,0.09385260194540024,0.9835840463638306,4.573513507843018,0.02398720011115074,0.9948295950889587,-0.09868434071540833,-1.470650315284729,0.0,0.0,0.0,1.0
-0.9873136281967163,0.03931191563606262,0.15383845567703247,-1.0236477851867676,0.15696729719638824,0.09559178352355957,0.9829666614532471,4.57134485244751,0.02393661066889763,0.9946439862251282,-0.10054975748062134,-1.4635043144226074,0.0,0.0,0.0,1.0
-0.9875950217247009,0.037212107330560684,0.15254944562911987,-1.03416109085083,0.15546530485153198,0.09524133056402206,0.9832394123077393,4.577723026275635,0.022059395909309387,0.9947584867477417,-0.09984505921602249,-1.4593312740325928,0.0,0.0,0.0,1.0
-0.9876052141189575,0.03863796964287758,0.15212811529636383,-1.030563235282898,0.15525470674037933,0.09807160496711731,0.9829943180084229,4.5701117515563965,0.02306145615875721,0.9944289922714233,-0.10285475850105286,-1.4620888233184814,0.0,0.0,0.0,1.0
-0.9878382682800293,0.03489312902092934,0.15151892602443695,-1.0392348766326904,0.1541924923658371,0.09446455538272858,0.983514666557312,4.569952487945557,0.02000473625957966,0.9949164986610413,-0.09869596362113953,-1.4630008935928345,0.0,0.0,0.0,1.0
-0.9877709150314331,0.0429624579846859,0.1498761922121048,-1.043392539024353,0.15347647666931152,0.09867594391107559,0.9832131862640381,4.554633617401123,0.027452079579234123,0.9941917657852173,-0.10406295955181122,-1.466613531112671,0.0,0.0,0.0,1.0
-0.9877018332481384,0.0340333953499794,0.15260033309459686,-1.0416103601455688,0.15521405637264252,0.0960291177034378,0.9832023978233337,4.559494495391846,0.01880764216184616,0.9947965145111084,-0.100130595266819,-1.4602057933807373,0.0,0.0,0.0,1.0
-0.9871614575386047,0.034049417823553085,0.15605418384075165,-1.039570689201355,0.15875807404518127,0.1017877459526062,0.9820565581321716,4.571404933929443,0.01755405031144619,0.9942232370376587,-0.1058865562081337,-1.452346682548523,0.0,0.0,0.0,1.0
-0.9869427680969238,0.043615084141492844,0.15505379438400269,-1.0730769634246826,0.15850193798542023,0.0917285680770874,0.983088493347168,4.720362186431885,0.02865462750196457,0.9948284029960632,-0.09744392335414886,-1.427869200706482,0.0,0.0,0.0,1.0
-0.987230122089386,0.04458365961909294,0.15293478965759277,-1.0523473024368286,0.15627245604991913,0.08473968505859375,0.9840722680091858,4.619142055511475,0.03091389499604702,0.9954051971435547,-0.09062477201223373,-1.4725542068481445,0.0,0.0,0.0,1.0
-0.987917959690094,0.05642137676477432,0.14434240758419037,-1.055708885192871,0.14890001714229584,0.0872868150472641,0.984992265701294,4.571837425231934,0.042975425720214844,0.9945840835571289,-0.09463336318731308,-1.476301908493042,0.0,0.0,0.0,1.0
-0.9875030517578125,0.06379566341638565,0.14411059021949768,-1.0449206829071045,0.14961865544319153,0.09218645840883255,0.9844368696212769,4.498441696166992,0.049517758190631866,0.9936960339546204,-0.10057943314313889,-1.4925270080566406,0.0,0.0,0.0,1.0
-0.9880090355873108,0.06161179021000862,0.14157038927078247,-1.0456888675689697,0.14671798050403595,0.08909913152456284,0.9851574301719666,4.4767303466796875,0.04808351397514343,0.99411541223526,-0.09707029908895493,-1.4922521114349365,0.0,0.0,0.0,1.0
-0.9885707497596741,0.07035622000694275,0.13333335518836975,-1.0522218942642212,0.1395867019891739,0.09306569397449493,0.9858267307281494,4.464331150054932,0.05695028603076935,0.9931710362434387,-0.10182281583547592,-1.4972615242004395,0.0,0.0,0.0,1.0
-0.9895292520523071,0.06542988866567612,0.12864966690540314,-1.0312927961349487,0.13429367542266846,0.09077203273773193,0.9867753982543945,4.4610819816589355,0.05288681015372276,0.9937199354171753,-0.09860840439796448,-1.4995930194854736,0.0,0.0,0.0,1.0
-0.9891078472137451,0.05275292694568634,0.13741470873355865,-1.0101763010025024,0.14157730340957642,0.08556393533945084,0.9862224459648132,4.462453842163086,0.04026837646961212,0.9949350953102112,-0.0921005830168724,-1.4841755628585815,0.0,0.0,0.0,1.0
-0.9881618022918701,0.04896901920437813,0.14538967609405518,-0.9910818338394165,0.14911268651485443,0.08371308445930481,0.9852702617645264,4.471532344818115,0.036076705902814865,0.9952859282493591,-0.09002397954463959,-1.4725842475891113,0.0,0.0,0.0,1.0
-0.9882997274398804,0.01168482843786478,0.15207625925540924,-0.9546226263046265,0.15252447128295898,0.07623928785324097,0.9853546619415283,4.410817623138428,-8.048489689826965e-05,0.9970211386680603,-0.07712949067354202,-1.4786418676376343,0.0,0.0,0.0,1.0
-0.9897575974464417,0.02229285053908825,0.14100685715675354,-0.9898030161857605,0.142343670129776,0.07889199256896973,0.9866682887077332,4.390700340270996,0.010871338658034801,0.9966338276863098,-0.08125718683004379,-1.476336121559143,0.0,0.0,0.0,1.0
-0.9906202554702759,0.03010493889451027,0.13328590989112854,-1.06329345703125,0.13527911901474,0.07857430726289749,0.9876869916915894,4.510782718658447,0.01926140859723091,0.996453583240509,-0.08190987259149551,-1.4131187200546265,0.0,0.0,0.0,1.0
-0.9874154925346375,0.055580709129571915,0.1480587273836136,-1.0955073833465576,0.15227064490318298,0.0812864601612091,0.9849904179573059,4.777740478515625,0.042711298912763596,0.9951397776603699,-0.08872681856155396,-1.4322515726089478,0.0,0.0,0.0,1.0
-0.9873026013374329,0.06111829727888107,0.14662215113639832,-1.087052583694458,0.15106934309005737,0.07591491937637329,0.9856038689613342,4.756040573120117,0.049107626080513,0.9952394366264343,-0.08418408781290054,-1.4281738996505737,0.0,0.0,0.0,1.0
-0.9872780442237854,0.06657528132200241,0.14439436793327332,-1.0895321369171143,0.14947451651096344,0.07895848900079727,0.9856078624725342,4.743305206298828,0.054215967655181885,0.9946523308753967,-0.08790528774261475,-1.4442704916000366,0.0,0.0,0.0,1.0
-0.9873391389846802,0.057664431631565094,0.14777041971683502,-1.0777819156646729,0.15193253755569458,0.07608498632907867,0.9854580163955688,4.743044376373291,0.04558276757597923,0.9954324960708618,-0.08388279378414154,-1.4368374347686768,0.0,0.0,0.0,1.0
-0.9861939549446106,0.05444186553359032,0.15638908743858337,-1.0832515954971313,0.1604139655828476,0.07971171289682388,0.9838259220123291,4.725305557250977,0.041095275431871414,0.9953301548957825,-0.08734443783760071,-1.4386916160583496,0.0,0.0,0.0,1.0
-0.9868209362030029,0.055849589407444,0.151872456073761,-1.0742666721343994,0.1559738963842392,0.07838325202465057,0.984646201133728,4.731255531311035,0.043087832629680634,0.9953576326370239,-0.08606132119894028,-1.4366008043289185,0.0,0.0,0.0,1.0
-0.9864386320114136,0.05860799923539162,0.15330970287322998,-1.0864912271499634,0.1577252447605133,0.08009813725948334,0.9842292070388794,4.735380172729492,0.04540388286113739,0.9950624704360962,-0.0882558673620224,-1.4366556406021118,0.0,0.0,0.0,1.0
-0.9863027334213257,0.062141142785549164,0.1527918577194214,-1.0897194147109985,0.15753528475761414,0.08036462962627411,0.984237790107727,4.720788478851318,0.04888260364532471,0.99482661485672,-0.08905327320098877,-1.4415837526321411,0.0,0.0,0.0,1.0
-0.9873971939086914,0.047590307891368866,0.15093690156936646,-1.0799522399902344,0.15410161018371582,0.07187803834676743,0.9854370355606079,4.665185451507568,0.03604820370674133,0.996277391910553,-0.0783059224486351,-1.4276195764541626,0.0,0.0,0.0,1.0
-0.9863359928131104,0.06311388313770294,0.15217742323875427,-1.0822688341140747,0.15685224533081055,0.07725269347429276,0.9845960736274719,4.721264362335205,0.05038556829094887,0.9950118660926819,-0.08609666675329208,-1.4412156343460083,0.0,0.0,0.0,1.0
-0.989637017250061,0.008872025646269321,0.1433173269033432,-0.9781309366226196,0.14350886642932892,0.09500066190958023,0.9850786924362183,4.191133499145508,-0.004875596612691879,0.9954376220703125,-0.09528938680887222,-1.4407700300216675,0.0,0.0,0.0,1.0
-0.9896777868270874,0.004640053026378155,0.14323562383651733,-0.9952976107597351,0.1429973840713501,0.09803427755832672,0.9848558902740479,4.2633562088012695,-0.009472217410802841,0.9951722621917725,-0.09768585115671158,-1.4215728044509888,0.0,0.0,0.0,1.0
-0.9895468950271606,0.005376020446419716,0.14411133527755737,-0.9950166940689087,0.14390021562576294,0.10243941843509674,0.9842758178710938,4.277574062347412,-0.009471194818615913,0.994724690914154,-0.10214222222566605,-1.4237316846847534,0.0,0.0,0.0,1.0
-0.9885913133621216,0.0008682271582074463,0.15062029659748077,-0.9924317598342896,0.14996905624866486,0.09873968362808228,0.9837477803230286,4.255173206329346,-0.014018084853887558,0.9951128959655762,-0.09774339944124222,-1.4272634983062744,0.0,0.0,0.0,1.0
-0.989078938961029,0.00279031740501523,0.14736038446426392,-0.9880630373954773,0.1469392329454422,0.09652723371982574,0.9844244122505188,4.279179096221924,-0.011477434076368809,0.9953263998031616,-0.09588306397199631,-1.4321035146713257,0.0,0.0,0.0,1.0
-0.9880127906799316,-9.437342669116333e-05,0.15437184274196625,-0.991569995880127,0.15359102189540863,0.0998527780175209,0.9830763936042786,4.236807823181152,-0.015507234260439873,0.9950022101402283,-0.09864132851362228,-1.4337424039840698,0.0,0.0,0.0,1.0
-0.9884173274040222,-0.01974848285317421,0.1504697948694229,-0.9638939499855042,0.14800359308719635,0.09380242973566055,0.9845283627510071,4.118436336517334,-0.03355737403035164,0.9953949451446533,-0.08979310840368271,-1.4385020732879639,0.0,0.0,0.0,1.0
-0.9885982871055603,-0.009909789077937603,0.15025080740451813,-0.9272657632827759,0.1485915333032608,0.09731215238571167,0.9840990304946899,4.1927690505981445,-0.02437344193458557,0.9952045679092407,-0.09473010897636414,-1.4510626792907715,0.0,0.0,0.0,1.0
-0.9882689118385315,-0.023486154153943062,0.15090706944465637,-0.9156476259231567,0.14794696867465973,0.0979691818356514,0.9841309189796448,4.150894641876221,-0.03789769485592842,0.9949122071266174,-0.09334519505500793,-1.4507248401641846,0.0,0.0,0.0,1.0
-0.9887229800224304,-0.028519824147224426,0.14701563119888306,-0.9081166982650757,0.1437378227710724,0.09478475153446198,0.9850661754608154,4.144811153411865,-0.042028751224279404,0.9950892329216003,-0.08961648494005203,-1.4453567266464233,0.0,0.0,0.0,1.0
-0.9881076216697693,-0.043481744825839996,0.14748750627040863,-0.9086370468139648,0.14317098259925842,0.08967642486095428,0.9856268167495728,4.093470573425293,-0.05608292669057846,0.9950212836265564,-0.0823846384882927,-1.4369672536849976,0.0,0.0,0.0,1.0
-0.9863644242286682,-0.06075310334563255,0.1529516875743866,-0.917861819267273,0.14602550864219666,0.1055707335472107,0.9836317300796509,3.8555819988250732,-0.07590589672327042,0.9925541877746582,-0.09525972604751587,-1.4648195505142212,0.0,0.0,0.0,1.0
-0.9877095818519592,-0.015194112434983253,0.1555599570274353,-0.9990100860595703,0.1528126746416092,0.11519940942525864,0.9815179109573364,3.993492603302002,-0.03283371031284332,0.993226170539856,-0.11146171391010284,-1.4554270505905151,0.0,0.0,0.0,1.0
-0.9881000518798828,-0.01600506529211998,0.1529775708913803,-1.0026090145111084,0.1501622349023819,0.1150142177939415,0.9819485545158386,3.9803574085235596,-0.033310748636722565,0.9932349324226379,-0.11124219000339508,-1.452576756477356,0.0,0.0,0.0,1.0
-0.9882197380065918,-0.00765338446944952,0.1528501659631729,-0.995934784412384,0.15088434517383575,0.11838114261627197,0.981437623500824,4.0310845375061035,-0.02560589648783207,0.9929386973381042,-0.11583179980516434,-1.4599863290786743,0.0,0.0,0.0,1.0
-0.9875692129135132,-0.012609441764652729,0.1566784828901291,-1.0022324323654175,0.15415793657302856,0.11698270589113235,0.9810965657234192,4.003889560699463,-0.030699752271175385,0.9930539131164551,-0.11358466744422913,-1.4591318368911743,0.0,0.0,0.0,1.0
-0.9877728223800659,-0.0062964181415736675,0.15577279031276703,-1.0235564708709717,0.15406514704227448,0.11342226713895798,0.9815290570259094,3.9977736473083496,-0.023848220705986023,0.9935268759727478,-0.11106538027524948,-1.473575472831726,0.0,0.0,0.0,1.0
-0.9852144122123718,0.0018243332160636783,0.171315997838974,-1.0609458684921265,0.17035932838916779,0.11648858338594437,0.9784723520278931,3.948791742324829,-0.018171297386288643,0.993190348148346,-0.11507702618837357,-1.4878119230270386,0.0,0.0,0.0,1.0
-0.9827769994735718,0.012120800092816353,0.1843976527452469,-1.1547292470932007,0.184644415974617,0.10475952178239822,0.9772062301635742,3.9215493202209473,-0.007472890429198742,0.9944236874580383,-0.10519329458475113,-1.5489966869354248,0.0,0.0,0.0,1.0
-0.9837981462478638,0.02500236965715885,0.17752790451049805,-1.1653310060501099,0.179185688495636,0.10503250360488892,0.9781925678253174,3.9380335807800293,0.005810931324958801,0.9941545128822327,-0.107810840010643,-1.5487562417984009,0.0,0.0,0.0,1.0
-0.9841418266296387,0.030989600345492363,0.17465521395206451,-1.1890751123428345,0.1768886148929596,0.09797850996255875,0.9793419241905212,3.93292236328125,0.013236958533525467,0.9947059154510498,-0.10190646350383759,-1.5426926612854004,0.0,0.0,0.0,1.0
-0.9852027297019958,0.03413965553045273,0.16795851290225983,-1.2019561529159546,0.17055237293243408,0.09833871573209763,0.9804291725158691,3.979386568069458,0.016954688355326653,0.9945672154426575,-0.10270616412162781,-1.5507688522338867,0.0,0.0,0.0,1.0
-0.9817696809768677,-0.028253426775336266,0.1879628747701645,-1.1363859176635742,0.18533310294151306,0.07720234245061874,0.9796384572982788,3.706441640853882,-0.04218931496143341,0.9966150522232056,-0.07055862247943878,-1.4284484386444092,0.0,0.0,0.0,1.0
-0.9852402210235596,-0.028108807280659676,0.168853759765625,-0.9851542711257935,0.16554152965545654,0.09457536786794662,0.9816575646400452,3.8455753326416016,-0.0435626283288002,0.9951208233833313,-0.08852627873420715,-1.3636596202850342,0.0,0.0,0.0,1.0
-0.9837763905525208,-0.028841238468885422,0.1770656406879425,-1.0144741535186768,0.17391769587993622,0.088791124522686,0.9807490706443787,3.7663016319274902,-0.04400787502527237,0.9956325888633728,-0.08233460783958435,-1.3736062049865723,0.0,0.0,0.0,1.0
-0.9845567941665649,-0.023015571758151054,0.17354625463485718,-1.0314706563949585,0.17095395922660828,0.08719117939472198,0.9814134836196899,3.7973272800445557,-0.037719495594501495,0.9959257245063782,-0.08191005885601044,-1.3648935556411743,0.0,0.0,0.0,1.0
-0.9862733483314514,-0.01779792085289955,0.1641588807106018,-1.0450353622436523,0.16229553520679474,0.07863613963127136,0.983603835105896,3.651585102081299,-0.030414924025535583,0.9967445135116577,-0.07466820627450943,-1.3693370819091797,0.0,0.0,0.0,1.0
-0.9855063557624817,-0.0030184932984411716,0.16961142420768738,-1.008541226387024,0.168733611702919,0.08567949384450912,0.9819307327270508,3.914031744003296,-0.017496172338724136,0.9963181614875793,-0.08392836898565292,-1.3622431755065918,0.0,0.0,0.0,1.0
-0.983957827091217,-0.014265391044318676,0.1778298169374466,-0.9958765506744385,0.17619790136814117,0.07846380770206451,0.9812225103378296,3.878671884536743,-0.027950730174779892,0.9968148469924927,-0.07469154894351959,-1.356337070465088,0.0,0.0,0.0,1.0
-0.984322726726532,-0.009194741025567055,0.17613670229911804,-1.0212525129318237,0.17497634887695312,0.07467735558748245,0.9817365407943726,3.7066550254821777,-0.022180236876010895,0.9971653819084167,-0.07189776748418808,-1.359944462776184,0.0,0.0,0.0,1.0
-0.9832385778427124,-0.03352615237236023,0.17921459674835205,-1.0236380100250244,0.17656373977661133,0.07002657651901245,0.9817950129508972,3.7368054389953613,-0.04546559229493141,0.9969815611839294,-0.06293332576751709,-1.357682228088379,0.0,0.0,0.0,1.0
-0.9871878027915955,-0.04530109465122223,0.15299685299396515,-1.0568901300430298,0.14977771043777466,0.0675271674990654,0.9864110350608826,3.623410940170288,-0.05501694604754448,0.9966884851455688,-0.059876903891563416,-1.3831361532211304,0.0,0.0,0.0,1.0
-0.9846691489219666,-0.03960682824254036,0.1698761135339737,-1.0335595607757568,0.16678453981876373,0.07142812013626099,0.983402669429779,3.6706881523132324,-0.05108339339494705,0.9966590404510498,-0.06372725963592529,-1.3641595840454102,0.0,0.0,0.0,1.0
-0.9792394638061523,-0.03849586471915245,0.19901803135871887,-1.2071866989135742,0.19530552625656128,0.0837058424949646,0.9771637916564941,3.5196478366851807,-0.05427573621273041,0.9957466125488281,-0.07444960623979568,-1.5701055526733398,0.0,0.0,0.0,1.0
-0.9807504415512085,-0.041488151997327805,0.1908068060874939,-1.1470924615859985,0.1855953484773636,0.10563316941261292,0.9769318699836731,3.669382333755493,-0.0606866292655468,0.9935393333435059,-0.09589976072311401,-1.5922201871871948,0.0,0.0,0.0,1.0
-0.9817062616348267,-0.03607730567455292,0.18695254623889923,-1.151830792427063,0.1818295419216156,0.11366207152605057,0.9767389297485352,3.6789822578430176,-0.05648752301931381,0.992864191532135,-0.1050228551030159,-1.5909650325775146,0.0,0.0,0.0,1.0
-0.9796881675720215,-0.046133436262607574,0.19514799118041992,-1.1582657098770142,0.18962420523166656,0.10338669270277023,0.9763984084129333,3.6090235710144043,-0.06522032618522644,0.9935707449913025,-0.09253870695829391,-1.5983531475067139,0.0,0.0,0.0,1.0
-0.9793511629104614,-0.043987322598695755,0.1973230242729187,-1.1211683750152588,0.1922924816608429,0.09862490743398666,0.9763691425323486,3.735727071762085,-0.06240882724523544,0.9941519498825073,-0.08812998980283737,-1.5935163497924805,0.0,0.0,0.0,1.0
-0.9798809289932251,-0.05551517754793167,0.19170668721199036,-1.1538933515548706,0.18498259782791138,0.10800638794898987,0.9767886996269226,3.5522546768188477,-0.07493214309215546,0.9925990104675293,-0.09556405991315842,-1.6176612377166748,0.0,0.0,0.0,1.0
-0.978882372379303,-0.06079946458339691,0.1951736956834793,-1.1501017808914185,0.18776755034923553,0.1100722923874855,0.9760263562202454,3.5345547199249268,-0.08082509785890579,0.9920622706413269,-0.0963316559791565,-1.6185041666030884,0.0,0.0,0.0,1.0
-0.9787865281105042,-0.06138340383768082,0.19547118246555328,-1.1500085592269897,0.18757997453212738,0.11525022983551025,0.9754645824432373,3.540330171585083,-0.08240543305873871,0.991438090801239,-0.10129107534885406,-1.6215206384658813,0.0,0.0,0.0,1.0
-0.9763550162315369,-0.06582912057638168,0.20590633153915405,-1.1209967136383057,0.19809378683567047,0.10887452960014343,0.974117636680603,3.5370612144470215,-0.0865432620048523,0.9918734431266785,-0.09325985610485077,-1.609429955482483,0.0,0.0,0.0,1.0
-0.9758378267288208,-0.06871020793914795,0.20741117000579834,-1.1168076992034912,0.19978788495063782,0.10372622311115265,0.9743334054946899,3.5394644737243652,-0.08846063166856766,0.9922296404838562,-0.08749250322580338,-1.6064282655715942,0.0,0.0,0.0,1.0
-0.976551353931427,-0.05309687554836273,0.20863422751426697,-1.1275262832641602,0.20240895450115204,0.10367494076490402,0.9737977385520935,3.464076519012451,-0.07333576679229736,0.9931929111480713,-0.09049661457538605,-1.614537000656128,0.0,0.0,0.0,1.0
-0.9738149046897888,-0.07503916323184967,0.21460114419460297,-1.1867969036102295,0.20868203043937683,0.07948417961597443,0.9747482538223267,3.27158260345459,-0.09020168334245682,0.9940077066421509,-0.061743561178445816,-1.8080354928970337,0.0,0.0,0.0,1.0
-0.9770411252975464,-0.05527132749557495,0.2057562917470932,-1.2117215394973755,0.20120251178741455,0.07819816470146179,0.9764233827590942,3.3629908561706543,-0.07005798071622849,0.9954045414924622,-0.06528209149837494,-1.7908194065093994,0.0,0.0,0.0,1.0
-0.9775171279907227,-0.05621762201189995,0.20322369039058685,-1.2090983390808105,0.1984924077987671,0.07983888685703278,0.9768452048301697,3.3535163402557373,-0.0711410641670227,0.9952211976051331,-0.06688510626554489,-1.7850350141525269,0.0,0.0,0.0,1.0
-0.9775515198707581,-0.05759841576218605,0.20267094671726227,-1.1960797309875488,0.19818121194839478,0.07522439956665039,0.9772745370864868,3.4132306575775146,-0.07153525948524475,0.9955018162727356,-0.06212079897522926,-1.7892662286758423,0.0,0.0,0.0,1.0
-0.9774659276008606,-0.06373254209756851,0.2012423276901245,-1.185948133468628,0.1963629275560379,0.07535728812217712,0.9776312112808228,3.4444336891174316,-0.07747200131416321,0.9951177835464478,-0.061144474893808365,-1.7835108041763306,0.0,0.0,0.0,1.0
-0.9769493341445923,-0.06297726929187775,0.2039703130722046,-1.198756217956543,0.19886118173599243,0.07891872525215149,0.9768449664115906,3.3946032524108887,-0.07761611044406891,0.9948897957801819,-0.06457586586475372,-1.783403992652893,0.0,0.0,0.0,1.0
-0.9765830636024475,-0.06652703136205673,0.20459629595279694,-1.204418420791626,0.1991010159254074,0.08083976805210114,0.9766389727592468,3.360743761062622,-0.08151240646839142,0.9945043921470642,-0.06570114940404892,-1.7880088090896606,0.0,0.0,0.0,1.0
-0.9768326282501221,-0.06633485853672028,0.20346415042877197,-1.1925662755966187,0.1980835497379303,0.079588882625103,0.9769485592842102,3.3887240886688232,-0.0809992253780365,0.9946181178092957,-0.06460516899824142,-1.7842808961868286,0.0,0.0,0.0,1.0
-0.9768795967102051,-0.06570515781641006,0.20344316959381104,-1.1841981410980225,0.19762185215950012,0.08550429344177246,0.9765421748161316,3.3330605030059814,-0.08155912160873413,0.9941689372062683,-0.07054261863231659,-1.787278652191162,0.0,0.0,0.0,1.0
-0.9768734574317932,-0.06698952615261078,0.20305335521697998,-1.1762202978134155,0.1970900297164917,0.08611813932657242,0.9765956997871399,3.3105244636535645,-0.0829082578420639,0.9940301179885864,-0.07092355936765671,-1.781215786933899,0.0,0.0,0.0,1.0
-0.9768013954162598,-0.06630606204271317,0.20362339913845062,-1.1624265909194946,0.19746628403663635,0.08903588354587555,0.9762579798698425,3.2934935092926025,-0.08286161720752716,0.993818998336792,-0.07387716323137283,-1.7721914052963257,0.0,0.0,0.0,1.0
-0.9619503617286682,-0.11267654597759247,0.2489083856344223,-1.0574742555618286,0.2418753206729889,0.07251060754060745,0.9675942063331604,3.1253273487091064,-0.12707367539405823,0.9909824132919312,-0.04249792918562889,-1.7126052379608154,0.0,0.0,0.0,1.0
-0.962861180305481,-0.10598575323820114,0.24832507967948914,-1.0877550840377808,0.2431694120168686,0.0592787079513073,0.9681707620620728,3.2181477546691895,-0.11733270436525345,0.9925991892814636,-0.03130466863512993,-1.7420461177825928,0.0,0.0,0.0,1.0
-0.963044285774231,-0.11044704169034958,0.24565652012825012,-1.062888503074646,0.2401888072490692,0.06055653095245361,0.9688355326652527,3.261298179626465,-0.12188112735748291,0.992035448551178,-0.03179048001766205,-1.7463942766189575,0.0,0.0,0.0,1.0
-0.9641818404197693,-0.11405150592327118,0.23946954309940338,-1.067064642906189,0.23346875607967377,0.06354615092277527,0.9702856540679932,3.2451541423797607,-0.1258799135684967,0.99144047498703,-0.034642577171325684,-1.73722505569458,0.0,0.0,0.0,1.0
-0.9645665884017944,-0.1137971505522728,0.23803646862506866,-1.0773606300354004,0.23210710287094116,0.06298136711120605,0.970649003982544,3.212400436401367,-0.12544895708560944,0.9915056228637695,-0.034336600452661514,-1.7318462133407593,0.0,0.0,0.0,1.0
-0.9650677442550659,-0.11182083189487457,0.2369394153356552,-1.0746206045150757,0.2312300056219101,0.06171698868274689,0.9709396362304688,3.2120554447174072,-0.12319446355104446,0.9918100237846375,-0.03370474651455879,-1.7312713861465454,0.0,0.0,0.0,1.0
-0.9655266404151917,-0.10747384279966354,0.2370816022157669,-1.0504812002182007,0.23146772384643555,0.06218411400914192,0.9708530902862549,3.2432548999786377,-0.11908403038978577,0.9922612905502319,-0.03516369313001633,-1.7217638492584229,0.0,0.0,0.0,1.0
-0.9650737047195435,-0.10784320533275604,0.23875221610069275,-1.078371286392212,0.2333085685968399,0.060736775398254395,0.970504105091095,3.1900391578674316,-0.11916331201791763,0.9923109412193298,-0.03345471993088722,-1.7139828205108643,0.0,0.0,0.0,1.0
-0.9649167060852051,-0.1051233783364296,0.24059271812438965,-1.090865969657898,0.23521213233470917,0.061075106263160706,0.9700232744216919,3.16188907623291,-0.11666634678840637,0.9925819635391235,-0.0342060923576355,-1.7146995067596436,0.0,0.0,0.0,1.0
-0.9630929231643677,-0.10656464844942093,0.24717602133750916,-1.0901577472686768,0.24164557456970215,0.06221739947795868,0.9683679342269897,3.14603328704834,-0.1185724288225174,0.9923572540283203,-0.03417025879025459,-1.7294186353683472,0.0,0.0,0.0,1.0
-0.9636064171791077,-0.10504734516143799,0.24582062661647797,-1.1014055013656616,0.24052397906780243,0.06061945855617523,0.9687484502792358,3.108116865158081,-0.11666595935821533,0.9926179647445679,-0.03314689174294472,-1.7249993085861206,0.0,0.0,0.0,1.0
-0.9499160051345825,-0.13639433681964874,0.28116926550865173,-1.1453043222427368,0.2748596668243408,0.06346757709980011,0.9593873023986816,2.7964069843292236,-0.14870013296604156,0.9886193871498108,-0.022799566388130188,-1.5977108478546143,0.0,0.0,0.0,1.0
-0.9531477093696594,-0.12547214329242706,0.27525651454925537,-1.1790560483932495,0.27022236585617065,0.05585479736328125,0.9611763954162598,2.8310728073120117,-0.13597527146339417,0.9905235767364502,-0.019332490861415863,-1.5753165483474731,0.0,0.0,0.0,1.0
-0.9540582299232483,-0.11599202454090118,0.2762586772441864,-1.1752915382385254,0.2715761661529541,0.054715536534786224,0.9608603715896606,2.85951566696167,-0.1265677660703659,0.9917418956756592,-0.02070113644003868,-1.5737637281417847,0.0,0.0,0.0,1.0
-0.9536615610122681,-0.11761394888162613,0.27694159746170044,-1.184250831604004,0.27219006419181824,0.055027075111866,0.9606688618659973,2.81860089302063,-0.1282273381948471,0.9915336966514587,-0.02046385407447815,-1.5651155710220337,0.0,0.0,0.0,1.0
-0.9528348445892334,-0.12320858240127563,0.27735450863838196,-1.1807490587234497,0.27237188816070557,0.05593457445502281,0.960564911365509,2.8077874183654785,-0.13386353850364685,0.9908031821250916,-0.019737858325242996,-1.5669004917144775,0.0,0.0,0.0,1.0
-0.9524722099304199,-0.1248648464679718,0.27785882353782654,-1.1801670789718628,0.27278953790664673,0.05635814368724823,0.960421621799469,2.8038861751556396,-0.13558250665664673,0.9905717968940735,-0.01961774192750454,-1.5666224956512451,0.0,0.0,0.0,1.0
-0.9524872899055481,-0.12500564754009247,0.2777436077594757,-1.1772133111953735,0.2726042568683624,0.056841813027858734,0.9604457020759583,2.80002760887146,-0.13584858179092407,0.9905263781547546,-0.020064035430550575,-1.5644093751907349,0.0,0.0,0.0,1.0
-0.9525319337844849,-0.12675607204437256,0.2767956256866455,-1.1739164590835571,0.2716454565525055,0.05660651624202728,0.9607312083244324,2.8181533813476562,-0.13744695484638214,0.9903174638748169,-0.01948680356144905,-1.5641968250274658,0.0,0.0,0.0,1.0
-0.9525399208068848,-0.12554948031902313,0.27731752395629883,-1.1806631088256836,0.272169291973114,0.05679986998438835,0.9605715870857239,2.7739665508270264,-0.1363508701324463,0.9904600381851196,-0.019933432340621948,-1.5629966259002686,0.0,0.0,0.0,1.0
-0.9529365301132202,-0.12559320032596588,0.27593186497688293,-1.1782320737838745,0.270907461643219,0.05580834299325943,0.9609862565994263,2.818838119506836,-0.1360926330089569,0.990510880947113,-0.01915767602622509,-1.563723087310791,0.0,0.0,0.0,1.0
-0.9525452852249146,-0.12575489282608032,0.27720606327056885,-1.1758676767349243,0.27219894528388977,0.055738210678100586,0.9606253504753113,2.8305041790008545,-0.13625431060791016,0.9904943704605103,-0.01886281743645668,-1.5665160417556763,0.0,0.0,0.0,1.0
-0.9411340951919556,-0.1499238759279251,0.30296790599823,-1.2923575639724731,0.29653120040893555,0.06411869823932648,0.9528684020042419,2.466398000717163,-0.16228361427783966,0.9866162538528442,-0.01588718220591545,-1.4530432224273682,0.0,0.0,0.0,1.0
-0.941288411617279,-0.1543687880039215,0.3002440333366394,-1.2548182010650635,0.29476532340049744,0.0577831044793129,0.953821063041687,2.5321853160858154,-0.16458922624588013,0.9863222241401672,-0.008887997828423977,-1.4629242420196533,0.0,0.0,0.0,1.0
-0.9406483769416809,-0.15479932725429535,0.30202287435531616,-1.270444631576538,0.2963028848171234,0.059342071413993835,0.9532487988471985,2.4985294342041016,-0.16548490524291992,0.9861621260643005,-0.009952539578080177,-1.4596750736236572,0.0,0.0,0.0,1.0
-0.9404526948928833,-0.15639826655387878,0.30180832743644714,-1.2617709636688232,0.29610782861709595,0.059115245938301086,0.9533233642578125,2.519087553024292,-0.1669396162033081,0.9859234094619751,-0.009284337051212788,-1.4611973762512207,0.0,0.0,0.0,1.0
-0.941746711730957,-0.15138334035873413,0.300326943397522,-1.2707738876342773,0.29446902871131897,0.06027183309197426,0.9537584781646729,2.5139548778533936,-0.16248439252376556,0.9866358637809753,-0.012183097191154957,-1.4607418775558472,0.0,0.0,0.0,1.0
-0.9415173530578613,-0.15197749435901642,0.30074548721313477,-1.264960527420044,0.29496434330940247,0.059795133769512177,0.9536354541778564,2.5158557891845703,-0.16291426122188568,0.9865736365318298,-0.011470220051705837,-1.4584605693817139,0.0,0.0,0.0,1.0
-0.9416565895080566,-0.15266762673854828,0.2999591529369354,-1.277894377708435,0.2939099371433258,0.06129957735538483,0.9538654685020447,2.4981906414031982,-0.16401173174381256,0.9863746762275696,-0.0128526221960783,-1.4605408906936646,0.0,0.0,0.0,1.0
-0.9419869780540466,-0.15143762528896332,0.2995450496673584,-1.2710407972335815,0.29381072521209717,0.05945620685815811,0.9540126919746399,2.507594347000122,-0.16228322684764862,0.9866769909858704,-0.011512975208461285,-1.4582237005233765,0.0,0.0,0.0,1.0
-0.9409664273262024,-0.15364772081375122,0.3016200363636017,-1.2713570594787598,0.29546138644218445,0.06200749799609184,0.9533402323722839,2.502927541732788,-0.1651812493801117,0.9861782193183899,-0.012950005941092968,-1.4608451128005981,0.0,0.0,0.0,1.0
-0.9410626888275146,-0.15439513325691223,0.30093711614608765,-1.266310214996338,0.2949368953704834,0.06095219776034355,0.9535707235336304,2.51448655128479,-0.1655694544315338,0.9861273169517517,-0.011823020875453949,-1.4599226713180542,0.0,0.0,0.0,1.0
-0.9406588673591614,-0.1535394936800003,0.30263257026672363,-1.2836185693740845,0.2962121069431305,0.063656747341156,0.9529985189437866,2.4684865474700928,-0.16558751463890076,0.9860899448394775,-0.014399029314517975,-1.4616687297821045,0.0,0.0,0.0,1.0
-0.9365350604057312,-0.12417490780353546,0.3278455138206482,-1.3410221338272095,0.32483524084091187,0.04434116929769516,0.9447306394577026,2.3084826469421387,-0.13184888660907745,0.9912691116333008,-0.0011906676227226853,-1.4141278266906738,0.0,0.0,0.0,1.0
-0.9373175501823425,-0.12418337166309357,0.3255985677242279,-1.3154610395431519,0.32284781336784363,0.04223708435893059,0.9455080032348633,2.3476295471191406,-0.13116870820522308,0.9913600087165833,0.0005027729202993214,-1.418066382408142,0.0,0.0,0.0,1.0
-0.9385363459587097,-0.11876793205738068,0.324104368686676,-1.333308219909668,0.32104021310806274,0.044618796557188034,0.946013867855072,2.3288605213165283,-0.1268172711133957,0.9919189810752869,-0.003747078124433756,-1.4157832860946655,0.0,0.0,0.0,1.0
-0.9401407241821289,-0.11513461917638779,0.3207481801509857,-1.3191436529159546,0.31782209873199463,0.043433643877506256,0.9471550583839417,2.359818696975708,-0.12298159301280975,0.9923998713493347,-0.004241409245878458,-1.4197518825531006,0.0,0.0,0.0,1.0
-0.9413273334503174,-0.11045041680335999,0.31891006231307983,-1.329429030418396,0.315835177898407,0.044771354645490646,0.9477572441101074,2.343125581741333,-0.11895820498466492,0.9928727149963379,-0.007260372396558523,-1.4155405759811401,0.0,0.0,0.0,1.0
-0.9402490258216858,-0.10980737209320068,0.3222949802875519,-1.3430792093276978,0.3193243741989136,0.04412836581468582,0.9466174840927124,2.316383123397827,-0.1181679219007492,0.9929727911949158,-0.006427486892789602,-1.4100031852722168,0.0,0.0,0.0,1.0
-0.940614640712738,-0.1074514091014862,0.3220222294330597,-1.3546509742736816,0.31909507513046265,0.043880388140678406,0.9467062950134277,2.291102647781372,-0.1158553883433342,0.9932414889335632,-0.006987320724874735,-1.4089351892471313,0.0,0.0,0.0,1.0
-0.9406137466430664,-0.11238057911396027,0.32033786177635193,-1.328597068786621,0.31715822219848633,0.045602764934301376,0.9472755789756775,2.341658115386963,-0.12106367200613022,0.992618203163147,-0.007252165582031012,-1.4172947406768799,0.0,0.0,0.0,1.0
-0.9401933550834656,-0.11176585406064987,0.32178381085395813,-1.3383022546768188,0.31861987709999084,0.045594438910484314,0.9467853307723999,2.3242673873901367,-0.12048982828855515,0.992688000202179,-0.00725676491856575,-1.4135652780532837,0.0,0.0,0.0,1.0
-0.9410154223442078,-0.11359316110610962,0.31872645020484924,-1.3097317218780518,0.3156698942184448,0.04443603754043579,0.9478280544281006,2.3793258666992188,-0.12182972580194473,0.9925330877304077,-0.00595706095919013,-1.4239139556884766,0.0,0.0,0.0,1.0
-0.9414280652999878,-0.11005472391843796,0.31874939799308777,-1.3392257690429688,0.3156488835811615,0.045001689344644547,0.9478083252906799,2.3289597034454346,-0.11865504831075668,0.9929062724113464,-0.007627205457538366,-1.4151078462600708,0.0,0.0,0.0,1.0
-0.9431526064872742,-0.0827701985836029,0.3218887746334076,-1.3637065887451172,0.32039502263069153,0.031101878732442856,0.9467733502388,2.3136274814605713,-0.08837595582008362,0.9960831999778748,-0.002814656589180231,-1.3938919305801392,0.0,0.0,0.0,1.0
-0.9388908743858337,-0.09625682234764099,0.33048227429389954,-1.3704851865768433,0.3294062912464142,0.027325190603733063,0.9437927603721619,2.303133726119995,-0.09987699240446091,0.9949814081192017,0.006052231416106224,-1.4031730890274048,0.0,0.0,0.0,1.0
-0.9397299885749817,-0.09278716146945953,0.3290867507457733,-1.3753118515014648,0.3280204236507416,0.026957912370562553,0.9442859292030334,2.2979166507720947,-0.09648910164833069,0.9953209757804871,0.005102925468236208,-1.4000481367111206,0.0,0.0,0.0,1.0
-0.9400179386138916,-0.09224444627761841,0.32841625809669495,-1.3748035430908203,0.3273843228816986,0.026539474725723267,0.944518506526947,2.3035738468170166,-0.09584258496761322,0.9953826665878296,0.0052517992444336414,-1.4010547399520874,0.0,0.0,0.0,1.0
-0.9412853121757507,-0.08776525408029556,0.32600489258766174,-1.3950655460357666,0.32489585876464844,0.027041269466280937,0.9453631639480591,2.2726378440856934,-0.09178562462329865,0.9957740306854248,0.0030610200483351946,-1.3962411880493164,0.0,0.0,0.0,1.0
-0.9401741623878479,-0.09184156358242035,0.32808181643486023,-1.3697723150253296,0.32701417803764343,0.026872964575886726,0.9446372985839844,2.31514048576355,-0.09557349234819412,0.9954109191894531,0.004768224898725748,-1.4034841060638428,0.0,0.0,0.0,1.0
-0.9409586787223816,-0.08833766728639603,0.3267924189567566,-1.3979158401489258,0.3255698084831238,0.028320658951997757,0.9450937509536743,2.2653849124908447,-0.09274236112833023,0.9956879019737244,0.0021115101408213377,-1.3953206539154053,0.0,0.0,0.0,1.0
-0.9399808645248413,-0.09334171563386917,0.32821229100227356,-1.3697376251220703,0.32710838317871094,0.027328886091709137,0.9445915222167969,2.3185219764709473,-0.09713947772979736,0.9952589273452759,0.004844229202717543,-1.40308678150177,0.0,0.0,0.0,1.0
-0.9403831958770752,-0.09236132353544235,0.327335923910141,-1.3636151552200317,0.32633402943611145,0.026180246844887733,0.9448919296264648,2.334045886993408,-0.09584120661020279,0.9953813552856445,0.005521178711205721,-1.4038479328155518,0.0,0.0,0.0,1.0
-0.9414714574813843,-0.08497921377420425,0.32620561122894287,-1.3995314836502075,0.32494089007377625,0.02870294451713562,0.9452986717224121,2.259935140609741,-0.08969379961490631,0.9959692358970642,0.0005902205011807382,-1.3952486515045166,0.0,0.0,0.0,1.0
-0.9396666288375854,-0.09431423246860504,0.32883331179618835,-1.3600006103515625,0.327806681394577,0.026625370606780052,0.9443695545196533,2.3285324573516846,-0.09782280772924423,0.9951863884925842,0.0058978646993637085,-1.402919054031372,0.0,0.0,0.0,1.0
-0.9417927861213684,-0.04887237772345543,0.33262279629707336,-1.3688321113586426,0.33197417855262756,0.02107669785618782,0.9430530071258545,2.1821770668029785,-0.05309982970356941,0.9985826015472412,-0.003625513520091772,-1.3949236869812012,0.0,0.0,0.0,1.0
-0.9399213790893555,-0.05375014618039131,0.3371329605579376,-1.3321459293365479,0.3366280794143677,0.018458737060427666,0.9414567351341248,2.2259349822998047,-0.05682648718357086,0.9983837604522705,0.0007440465269610286,-1.4030516147613525,0.0,0.0,0.0,1.0
-0.9391016364097595,-0.05871524661779404,0.33858615159988403,-1.347095012664795,0.33774420619010925,0.024017995223402977,0.9409314393997192,2.1775476932525635,-0.0633791834115982,0.99798583984375,-0.0027246037498116493,-1.3960304260253906,0.0,0.0,0.0,1.0
-0.9371723532676697,-0.06417227536439896,0.34291383624076843,-1.325784683227539,0.3419816195964813,0.025331934913992882,0.9393651485443115,2.206601619720459,-0.06896786391735077,0.997617244720459,-0.0017946514999493957,-1.3985742330551147,0.0,0.0,0.0,1.0
-0.9365971088409424,-0.06674907356500626,0.34399181604385376,-1.2971702814102173,0.34307053685188293,0.02516825683414936,0.9389724135398865,2.2680366039276123,-0.07133321464061737,0.9974523186683655,-0.0006728778243996203,-1.391518473625183,0.0,0.0,0.0,1.0
-0.9361755847930908,-0.05160676687955856,0.3477240800857544,-1.2853195667266846,0.3464358448982239,0.03238963708281517,0.9375143051147461,2.2619237899780273,-0.05964474007487297,0.9981420636177063,-0.012443953193724155,-1.387353777885437,0.0,0.0,0.0,1.0
-0.936371922492981,-0.04433174058794975,0.34819871187210083,-1.2934619188308716,0.34694772958755493,0.03358044475317001,0.9372830986976624,2.2468221187591553,-0.05324406176805496,0.998452365398407,-0.016062986105680466,-1.3898628950119019,0.0,0.0,0.0,1.0
-0.9366076588630676,-0.034776609390974045,0.34864991903305054,-1.2905560731887817,0.34746646881103516,0.035868920385837555,0.9370061755180359,2.2546579837799072,-0.04509159177541733,0.9987512826919556,-0.021511398255825043,-1.3849116563796997,0.0,0.0,0.0,1.0
-0.9377936720848083,-0.031720954924821854,0.3457408547401428,-1.279740571975708,0.34476375579833984,0.032511092722415924,0.9381263256072998,2.281322717666626,-0.040998674929142,0.9989678263664246,-0.01955246366560459,-1.373789668083191,0.0,0.0,0.0,1.0
-0.938454270362854,-0.030168211087584496,0.3440835177898407,-1.2837916612625122,0.34318825602531433,0.03120189905166626,0.9387482404708862,2.27791166305542,-0.03905641287565231,0.9990577697753906,-0.018928179517388344,-1.3731341361999512,0.0,0.0,0.0,1.0
-0.9389200806617737,-0.0020569339394569397,0.34412917494773865,-1.3053499460220337,0.344024658203125,0.019745517522096634,0.9387530088424683,2.214169979095459,-0.008725961670279503,0.9998029470443726,-0.017831826582551003,-1.3586424589157104,0.0,0.0,0.0,1.0
-0.9429044127464294,-0.02449713461101055,0.33216139674186707,-1.3550740480422974,0.33213943243026733,0.005079739727079868,0.9432166218757629,2.1585004329681396,-0.024793395772576332,0.9996870160102844,0.0033467549365013838,-1.3639366626739502,0.0,0.0,0.0,1.0
-0.9435033798217773,-0.024745000526309013,0.3304377496242523,-1.357208490371704,0.3303651511669159,0.007084730546921492,0.9438266158103943,2.139317512512207,-0.025696050375699997,0.9996687173843384,0.0014904184499755502,-1.3617137670516968,0.0,0.0,0.0,1.0
-0.9428424835205078,-0.02504529431462288,0.3322962820529938,-1.3413312435150146,0.332221657037735,0.007205377332866192,0.9431738257408142,2.1106677055358887,-0.02601638436317444,0.9996603727340698,0.001527053420431912,-1.3578373193740845,0.0,0.0,0.0,1.0
-0.9440626502037048,-0.02679457701742649,0.3286758363246918,-1.324663758277893,0.32850566506385803,0.01064846757799387,0.9444419741630554,2.097151756286621,-0.028805814683437347,0.9995842576026917,-0.0012506501516327262,-1.346903681755066,0.0,0.0,0.0,1.0
-0.9453978538513184,-0.023127680644392967,0.32509705424308777,-1.3286683559417725,0.32500511407852173,0.007733641657978296,0.9456806778907776,2.1095356941223145,-0.024385584518313408,0.9997026324272156,0.00020524713909253478,-1.3485316038131714,0.0,0.0,0.0,1.0
-0.9446200728416443,-0.0230658371001482,0.32735440135002136,-1.3268932104110718,0.327236533164978,0.008818338625133038,0.9449012875556946,2.0987725257873535,-0.024681661278009415,0.9996950626373291,-0.00078199541894719,-1.3484394550323486,0.0,0.0,0.0,1.0
-0.9448736906051636,-0.02217334322631359,0.32668325304985046,-1.3318413496017456,0.326545387506485,0.009678986854851246,0.9451319575309753,2.0788090229034424,-0.024118697270751,0.9997072815895081,-0.0019048177637159824,-1.343572974205017,0.0,0.0,0.0,1.0
-0.9443512558937073,-0.023438207805156708,0.328102707862854,-1.3295867443084717,0.32795828580856323,0.00987121369689703,0.9446406364440918,2.086071491241455,-0.025379454717040062,0.9996765851974487,-0.0016351392259821296,-1.3461374044418335,0.0,0.0,0.0,1.0
-0.943220317363739,-0.02423890493810177,0.3312823474407196,-1.3243745565414429,0.3311253488063812,0.010342998430132866,0.9435301423072815,2.0887327194213867,-0.0262965876609087,0.9996526837348938,-0.0017296106088906527,-1.3480020761489868,0.0,0.0,0.0,1.0
-0.944041907787323,-0.02802417054772377,0.32863280177116394,-1.3204612731933594,0.32849764823913574,0.009428516961634159,0.9444577097892761,2.1246957778930664,-0.029566165059804916,0.9995627999305725,0.0003049599763471633,-1.3515870571136475,0.0,0.0,0.0,1.0
-0.936518669128418,0.013827749527990818,0.3503449857234955,-1.2884706258773804,0.35051387548446655,0.01260098535567522,0.9364727735519409,2.2364907264709473,0.008534619584679604,0.9998250007629395,-0.01664787530899048,-1.2998565435409546,0.0,0.0,0.0,1.0
-0.9352286458015442,0.024383841082453728,0.35320350527763367,-1.3441581726074219,0.35345888137817383,0.006964871659874916,0.9354240894317627,2.261462688446045,0.02034921571612358,0.999678373336792,-0.015132433734834194,-1.3181169033050537,0.0,0.0,0.0,1.0
-0.9368838667869568,0.022766076028347015,0.34889867901802063,-1.3480145931243896,0.34911999106407166,0.00647445023059845,0.9370556473731995,2.2775211334228516,0.019074155017733574,0.9997198581695557,-0.014013899490237236,-1.321943998336792,0.0,0.0,0.0,1.0
-0.9361948370933533,0.022156156599521637,0.35078248381614685,-1.3508710861206055,0.35103005170822144,0.008370679803192616,0.936326801776886,2.253502130508423,0.01780911535024643,0.9997195601463318,-0.015614064410328865,-1.317822813987732,0.0,0.0,0.0,1.0
-0.9381559491157532,0.0282618198543787,0.3450573682785034,-1.346097707748413,0.34532687067985535,0.005132574588060379,0.9384683966636658,2.2747349739074707,0.02475179359316826,0.99958735704422,-0.014574723318219185,-1.3146615028381348,0.0,0.0,0.0,1.0
-0.9380821585655212,0.028306160122156143,0.3452543616294861,-1.3463166952133179,0.3455869257450104,0.007691327482461929,0.9383552074432373,2.247469663619995,0.023905768990516663,0.9995696544647217,-0.016997337341308594,-1.310648798942566,0.0,0.0,0.0,1.0
-0.9393130540847778,0.03253377228975296,0.34151509404182434,-1.3465787172317505,0.3419104516506195,0.007309239357709885,0.939704179763794,2.25443959236145,0.02807590365409851,0.9994439482688904,-0.017989300191402435,-1.3092353343963623,0.0,0.0,0.0,1.0
-0.9393516182899475,0.03815929591655731,0.340826153755188,-1.3564598560333252,0.3412225842475891,0.004207306541502476,0.9399731755256653,2.219426393508911,0.03443475067615509,0.999262809753418,-0.01697295345366001,-1.3064141273498535,0.0,0.0,0.0,1.0
-0.9425021409988403,0.04154016450047493,0.331608384847641,-1.3661739826202393,0.33192178606987,0.0006886785849928856,0.9433066248893738,2.2536587715148926,0.038956742733716965,0.9991365671157837,-0.014437167905271053,-1.3084696531295776,0.0,0.0,0.0,1.0
-0.942983865737915,0.04369281232357025,0.32995811104774475,-1.3665506839752197,0.33025923371315,-0.000344754196703434,0.9438902139663696,2.259559392929077,0.04135496914386749,0.9990448951721191,-0.014104858040809631,-1.309667944908142,0.0,0.0,0.0,1.0
-0.9418176412582397,0.03766435384750366,0.3340073823928833,-1.368779182434082,0.33422520756721497,-0.0005426621064543724,0.9424930810928345,2.2755284309387207,0.0356796495616436,0.9992902874946594,-0.012077288702130318,-1.325514316558838,0.0,0.0,0.0,1.0
-0.9437053799629211,0.05086328089237213,0.3268533945083618,-1.2656062841415405,0.32646647095680237,-0.015973251312971115,0.9450737833976746,2.4101431369781494,0.053290463984012604,0.998577892780304,-0.0015311134047806263,-1.311397910118103,0.0,0.0,0.0,1.0
-0.9313462972640991,0.028956826776266098,0.36298152804374695,-1.3514286279678345,0.3632103204727173,0.0028911568224430084,0.9317026734352112,2.226475954055786,0.025929715484380722,0.9995765089988708,-0.013210086151957512,-1.2685346603393555,0.0,0.0,0.0,1.0
-0.9307690262794495,0.037886444479227066,0.36363938450813293,-1.375797986984253,0.3643729090690613,0.014451157301664352,0.9311410188674927,2.156599998474121,0.03002260997891426,0.9991775155067444,-0.027255484834313393,-1.2744356393814087,0.0,0.0,0.0,1.0
-0.93260258436203,0.07247210294008255,0.3535535931587219,-1.4080359935760498,0.3548101782798767,0.004836386069655418,0.9349258542060852,2.129805088043213,0.06604611873626709,0.9973586797714233,-0.0302242673933506,-1.2610363960266113,0.0,0.0,0.0,1.0
-0.9367621541023254,0.09527333825826645,0.3367486298084259,-1.4100773334503174,0.33685898780822754,-0.015409933403134346,0.9414290189743042,2.101417303085327,0.09488235414028168,0.995331883430481,-0.017658237367868423,-1.304620623588562,0.0,0.0,0.0,1.0
-0.9394542574882507,0.09599114954471588,0.3289550840854645,-1.3978160619735718,0.3291909992694855,-0.01382484845817089,0.944162130355835,2.1192164421081543,0.09517896175384521,0.9952861666679382,-0.018611609935760498,-1.3136887550354004,0.0,0.0,0.0,1.0
-0.9408649802207947,0.10002941638231277,0.32367753982543945,-1.3668185472488403,0.32383981347084045,-0.015063734725117683,0.9459919929504395,2.1720690727233887,0.0995028167963028,0.9948704242706299,-0.01822056621313095,-1.3124488592147827,0.0,0.0,0.0,1.0
-0.9413114786148071,0.10000062733888626,0.3223855793476105,-1.3508765697479248,0.32206517457962036,-0.01977754384279251,0.9465108513832092,2.172442674636841,0.10102768242359161,0.99479079246521,-0.0135898906737566,-1.3167320489883423,0.0,0.0,0.0,1.0
-0.9415607452392578,0.10135536640882492,0.3212326765060425,-1.267741322517395,0.3212536871433258,-0.016563164070248604,0.9468483328819275,2.203281879425049,0.10128878057003021,0.9947123527526855,-0.016965556889772415,-1.3072867393493652,0.0,0.0,0.0,1.0
-0.939565122127533,0.11184088885784149,0.3235877752304077,-1.1898548603057861,0.32345670461654663,-0.019821414723992348,0.9460353255271912,2.1825690269470215,0.11221940070390701,0.993528425693512,-0.017552174627780914,-1.3510839939117432,0.0,0.0,0.0,1.0
-0.9377468824386597,0.11346740275621414,0.328262060880661,-1.131908655166626,0.3291303515434265,-0.011533692479133606,0.9442140460014343,2.170691967010498,0.11092358827590942,0.9934747815132141,-0.02652987837791443,-1.3761411905288696,0.0,0.0,0.0,1.0
-0.9339943528175354,0.14339441061019897,0.32725006341934204,-1.134598970413208,0.3254148066043854,-0.036744531244039536,0.9448571801185608,2.189703941345215,0.14751188457012177,0.9889832735061646,-0.012343481183052063,-1.5571256875991821,0.0,0.0,0.0,1.0
-0.9343044757843018,0.06824176013469696,0.349883109331131,-1.3096312284469604,0.3493936061859131,-0.019372377544641495,0.936775803565979,2.202805280685425,0.07070528715848923,0.9974807500839233,-0.00574353476986289,-1.4698889255523682,0.0,0.0,0.0,1.0
-0.9344316720962524,0.06478730589151382,0.35019999742507935,-1.3194464445114136,0.34953516721725464,-0.02169835940003395,0.9366719126701355,2.2208166122436523,0.06828321516513824,0.997663140296936,-0.002369806170463562,-1.4688448905944824,0.0,0.0,0.0,1.0
-0.9354697465896606,0.06670907884836197,0.347053587436676,-1.3050503730773926,0.3463415503501892,-0.02232971414923668,0.9378426671028137,2.2651236057281494,0.07031222432851791,0.9975225329399109,-0.0022153533063828945,-1.4542739391326904,0.0,0.0,0.0,1.0
-0.9364061951637268,0.06181278079748154,0.34543099999427795,-1.3340787887573242,0.34491977095603943,-0.01909814402461052,0.9384378790855408,2.237370252609253,0.06460454314947128,0.9979050159454346,-0.0034368303604424,-1.4742298126220703,0.0,0.0,0.0,1.0
-0.936173141002655,0.06899310648441315,0.34470245242118835,-1.3047441244125366,0.34403687715530396,-0.021684663370251656,0.9387057423591614,2.294041633605957,0.0722389817237854,0.9973814487457275,-0.0034355733077973127,-1.4649657011032104,0.0,0.0,0.0,1.0
-0.9365752935409546,0.0645533949136734,0.34446993470191956,-1.3226944208145142,0.34375742077827454,-0.022189008072018623,0.9387962818145752,2.274122476577759,0.06824593245983124,0.9976674914360046,-0.001409029820933938,-1.4665133953094482,0.0,0.0,0.0,1.0
-0.936826229095459,0.06639275699853897,0.3434365391731262,-1.3293938636779785,0.3427293300628662,-0.02212209813296795,0.939173698425293,2.269857168197632,0.0699518695473671,0.9975482821464539,-0.0020301828626543283,-1.467268943786621,0.0,0.0,0.0,1.0
-0.9375196099281311,0.06406737118959427,0.34198305010795593,-1.3313980102539062,0.3411228060722351,-0.02425728179514408,0.9397057294845581,2.266761302947998,0.06850004941225052,0.9976507425308228,0.0008868346340022981,-1.4624443054199219,0.0,0.0,0.0,1.0
-0.9374703764915466,0.06288070231676102,0.3423379957675934,-1.3482897281646729,0.3415873944759369,-0.022658951580524445,0.9395768642425537,2.249659776687622,0.06683827191591263,0.9977638125419617,-0.00023715838324278593,-1.4710757732391357,0.0,0.0,0.0,1.0
-0.9362722039222717,0.07119645923376083,0.343984454870224,-1.307875156402588,0.34264859557151794,-0.03058052808046341,0.9389657378196716,2.2936301231384277,0.07737026363611221,0.996993362903595,0.004236332606524229,-1.4498661756515503,0.0,0.0,0.0,1.0
-0.9462451934814453,0.11788954585790634,0.30120113492012024,-0.9212296009063721,0.2967565059661865,-0.054017022252082825,0.9534242153167725,1.9428638219833374,0.12866872549057007,0.9915564656257629,0.01612885855138302,-1.8532752990722656,0.0,0.0,0.0,1.0
-0.9460350275039673,0.11455243080854416,0.303142786026001,-0.9152346253395081,0.2995324432849884,-0.04793336242437363,0.9528812766075134,1.8728688955307007,0.12368550896644592,0.9922600984573364,0.011034466326236725,-1.8596582412719727,0.0,0.0,0.0,1.0
-0.943940281867981,0.116672083735466,0.3088113069534302,-0.9300527572631836,0.30330920219421387,-0.06273694336414337,0.9508246779441833,1.8478505611419678,0.13030856847763062,0.9911869764328003,0.02383221499621868,-1.8556777238845825,0.0,0.0,0.0,1.0
-0.9447892308235168,0.11401785165071487,0.3072022497653961,-0.9054757952690125,0.30149081349372864,-0.06477764248847961,0.9512660503387451,1.8644040822982788,0.12836115062236786,0.991364598274231,0.026825880631804466,-1.859771490097046,0.0,0.0,0.0,1.0
-0.9435800313949585,0.12126445770263672,0.30814212560653687,-0.8467943668365479,0.3024958372116089,-0.06296394765377045,0.9510687589645386,1.9175301790237427,0.1347326785326004,0.9906212687492371,0.022729529067873955,-1.8366948366165161,0.0,0.0,0.0,1.0
-0.9460386633872986,0.10611669719219208,0.30618637800216675,-0.8436481952667236,0.3025093674659729,-0.04956803470849991,0.9518566727638245,1.8997344970703125,0.11618494242429733,0.9931175112724304,0.014791984111070633,-1.84334397315979,0.0,0.0,0.0,1.0
-0.9458041191101074,0.09391291439533234,0.3108616769313812,-0.8448909521102905,0.3081544041633606,-0.042442306876182556,0.9503892064094543,1.8851484060287476,0.1024475023150444,0.99467533826828,0.011202428489923477,-1.8619234561920166,0.0,0.0,0.0,1.0
-0.9447678923606873,0.10694750398397446,0.30979976058006287,-0.8265494108200073,0.3055008351802826,-0.05489426851272583,0.9506081938743591,1.9015312194824219,0.11867139488458633,0.9927482008934021,0.01918979175388813,-1.838226079940796,0.0,0.0,0.0,1.0
-0.9439707398414612,0.10475271940231323,0.31296348571777344,-0.8157746195793152,0.3084715008735657,-0.05706055089831352,0.9495206475257874,1.9151296615600586,0.11732273548841476,0.9928600192070007,0.021550260484218597,-1.8442366123199463,0.0,0.0,0.0,1.0
-0.9436255097389221,0.10602712631225586,0.3135749101638794,-0.8167272210121155,0.3088169991970062,-0.05908169224858284,0.9492846727371216,1.9111825227737427,0.1191764548420906,0.9926064610481262,0.023008009418845177,-1.8361469507217407,0.0,0.0,0.0,1.0
-0.9443275928497314,0.09820519387722015,0.3140081465244293,-0.8197981119155884,0.3101211488246918,-0.05301302671432495,0.9492177963256836,1.9223933219909668,0.10986463725566864,0.9937531352043152,0.019606158137321472,-1.8519703149795532,0.0,0.0,0.0,1.0
-0.9456202387809753,0.10286484658718109,0.3085794150829315,-0.616363525390625,0.3030349612236023,-0.06615006923675537,0.9506807923316956,1.6583436727523804,0.11820418387651443,0.9924933314323425,0.03138120099902153,-2.1299428939819336,0.0,0.0,0.0,1.0
-0.9471147060394287,0.10757910460233688,0.3023250699043274,-0.7168654799461365,0.29757240414619446,-0.05817112699151039,0.9529253244400024,1.6200989484786987,0.1201014444231987,0.992493212223053,0.023082155734300613,-2.1765809059143066,0.0,0.0,0.0,1.0
-0.947481095790863,0.11088599264621735,0.29997318983078003,-0.704367458820343,0.29528239369392395,-0.05693710967898369,0.953711986541748,1.6437146663665771,0.12283290177583694,0.9922008514404297,0.021204154938459396,-2.1669702529907227,0.0,0.0,0.0,1.0
-0.947718620300293,0.11249155551195145,0.2986219525337219,-0.7049213647842407,0.2942778468132019,-0.053813621401786804,0.954203724861145,1.634699821472168,0.12340977787971497,0.992194414138794,0.01789640076458454,-2.176356077194214,0.0,0.0,0.0,1.0
-0.9470424652099609,0.11611299216747284,0.2993798553943634,-0.7198808789253235,0.29535046219825745,-0.05088796466588974,0.9540327787399292,1.6231489181518555,0.12601043283939362,0.9919315576553345,0.01389903575181961,-2.1898746490478516,0.0,0.0,0.0,1.0
-0.947149395942688,0.11552904546260834,0.29926759004592896,-0.682768702507019,0.2954900860786438,-0.04895082116127014,0.9540908932685852,1.6367429494857788,0.12487459927797318,0.9920972585678101,0.012226049788296223,-2.1699843406677246,0.0,0.0,0.0,1.0
-0.9472512006759644,0.11439722031354904,0.2993800640106201,-0.700925886631012,0.29642534255981445,-0.042424481362104416,0.9541133046150208,1.610206127166748,0.1218489557504654,0.9925288558006287,0.006276403553783894,-2.1777396202087402,0.0,0.0,0.0,1.0
-0.9474531412124634,0.11843760311603546,0.2971617579460144,-0.7351347208023071,0.2946430742740631,-0.03864602372050285,0.9548256397247314,1.5979313850402832,0.12457137554883957,0.9922091364860535,0.0017184761818498373,-2.184526205062866,0.0,0.0,0.0,1.0
-0.947322428226471,0.12429863959550858,0.2951779365539551,-0.6862550973892212,0.29242220520973206,-0.04028072953224182,0.9554405808448792,1.611689567565918,0.13064993917942047,0.9914268851280212,0.0018111567478626966,-2.169586420059204,0.0,0.0,0.0,1.0
-0.9463880062103271,0.12533965706825256,0.2977243959903717,-0.7120003700256348,0.29565200209617615,-0.03526073694229126,0.9546447992324829,1.5914289951324463,0.13015280663967133,0.9914871454238892,-0.0036865791771560907,-2.1792824268341064,0.0,0.0,0.0,1.0
-0.9466719031333923,0.1254996657371521,0.2967526614665985,-0.7412400245666504,0.2946564257144928,-0.03538168966770172,0.9549480080604553,1.5809645652770996,0.13034525513648987,0.9914624691009521,-0.0034844314213842154,-2.18365216255188,0.0,0.0,0.0,1.0
-0.9501757621765137,0.08821099251508713,0.298973023891449,-0.9685373902320862,0.2943763732910156,-0.06148990988731384,0.9537093043327332,1.8745555877685547,0.10251147300004959,0.9942020773887634,0.032458990812301636,-2.2194128036499023,0.0,0.0,0.0,1.0
-0.9509639739990234,0.0717887356877327,0.30085521936416626,-0.9328613877296448,0.2950945198535919,-0.08083106577396393,0.952042818069458,1.9310030937194824,0.09266439825296402,0.9941391348838806,0.05568297207355499,-2.1981353759765625,0.0,0.0,0.0,1.0
-0.9508040547370911,0.07603567093610764,0.3003169596195221,-0.9303772449493408,0.294259250164032,-0.08145403861999512,0.9522482752799988,1.9190219640731812,0.09686686098575592,0.9937725067138672,0.05507263168692589,-2.19838547706604,0.0,0.0,0.0,1.0
-0.9496002197265625,0.08634224534034729,0.3013378381729126,-0.9223617315292358,0.29471728205680847,-0.08153638243675232,0.9520995616912842,1.9108376502990723,0.1067764088511467,0.992923378944397,0.05198041722178459,-2.190127372741699,0.0,0.0,0.0,1.0
-0.9508970379829407,0.08101662993431091,0.2987157106399536,-0.9005324244499207,0.29214736819267273,-0.08374063670635223,0.9527000188827515,1.9202320575714111,0.10219919681549072,0.9931886792182922,0.055959928780794144,-2.185743808746338,0.0,0.0,0.0,1.0
-0.9512652158737183,0.07948266714811325,0.2979547381401062,-0.8855679035186768,0.29166388511657715,-0.08184243738651276,0.9530131220817566,1.926443338394165,0.10013336688280106,0.9934708476066589,0.054671645164489746,-2.1814167499542236,0.0,0.0,0.0,1.0
-0.9504572153091431,0.07977799326181412,0.3004438877105713,-0.8545854687690735,0.2934396266937256,-0.08870473504066467,0.9518532752990723,1.964510202407837,0.1025877445936203,0.9928579330444336,0.06090003252029419,-2.1621203422546387,0.0,0.0,0.0,1.0
-0.9510346055030823,0.06872360408306122,0.30134719610214233,-0.8802856206893921,0.29567721486091614,-0.08174869418144226,0.9517836570739746,1.9441611766815186,0.09004474431276321,0.9942806959152222,0.0574258416891098,-2.181856632232666,0.0,0.0,0.0,1.0
-0.9499185085296631,0.06897444278001785,0.3047906458377838,-0.8875718116760254,0.29968690872192383,-0.07532854378223419,0.951059103012085,1.9424642324447632,0.08855820447206497,0.9947704076766968,0.05088524892926216,-2.1827566623687744,0.0,0.0,0.0,1.0
-0.9493880271911621,0.06273815035820007,0.3077763319015503,-0.8479297161102295,0.3014363944530487,-0.09350027143955231,0.9488908648490906,1.914951205253601,0.08830882608890533,0.993640661239624,0.06985647976398468,-2.151503562927246,0.0,0.0,0.0,1.0
-0.9505157470703125,0.061448052525520325,0.30453890562057495,-0.8570449948310852,0.2986883223056793,-0.08892782777547836,0.9501985311508179,1.9051400423049927,0.08546982705593109,0.9941408038139343,0.0661734864115715,-2.1720261573791504,0.0,0.0,0.0,1.0
-0.9505250453948975,0.08283169567584991,0.2994011640548706,-0.9401947259902954,0.29687365889549255,-0.041601043194532394,0.9540101289749146,1.5355488061904907,0.09147767722606659,0.9956948757171631,0.014952285215258598,-2.1530585289001465,0.0,0.0,0.0,1.0
-0.9525595903396606,0.0991981029510498,0.28773242235183716,-0.8561309576034546,0.2812928855419159,-0.0740266665816307,0.9567624926567078,1.7363123893737793,0.11620888859033585,0.9923102855682373,0.04261109232902527,-2.089604616165161,0.0,0.0,0.0,1.0
-0.9515401124954224,0.09745163470506668,0.2916755974292755,-0.8227936625480652,0.2847002148628235,-0.0794244259595871,0.9553207159042358,1.781923532485962,0.11626371741294861,0.992065966129303,0.04783102497458458,-2.077877998352051,0.0,0.0,0.0,1.0
-0.9507231116294861,0.10239095240831375,0.29264602065086365,-0.8017343282699585,0.28448304533958435,-0.08718553930521011,0.9547083973884583,1.8515177965164185,0.1232680007815361,0.9909161329269409,0.053760819137096405,-2.046764850616455,0.0,0.0,0.0,1.0
-0.9505907893180847,0.10067861527204514,0.29366806149482727,-0.8070342540740967,0.2861422598361969,-0.08276844024658203,0.9546056389808655,1.81753671169281,0.12041482329368591,0.991470217704773,0.04987051337957382,-2.051999092102051,0.0,0.0,0.0,1.0
-0.9508872032165527,0.09835481643676758,0.29349589347839355,-0.8044471740722656,0.2864898443222046,-0.07937828451395035,0.9547893404960632,1.8261401653289795,0.11720533668994904,0.9919805526733398,0.04730214178562164,-2.051032543182373,0.0,0.0,0.0,1.0
-0.9505873918533325,0.10160630196332932,0.2933594882488251,-0.8017559051513672,0.2857428789138794,-0.0831172913312912,0.9546949863433838,1.8216843605041504,0.12138626724481583,0.9913463592529297,0.04997697472572327,-2.0519888401031494,0.0,0.0,0.0,1.0
-0.9508640170097351,0.09415550529956818,0.2949446439743042,-0.7918438911437988,0.2871581017971039,-0.08794830739498138,0.9538371562957764,1.8530540466308594,0.11574889719486237,0.9916651248931885,0.056589365005493164,-2.042180299758911,0.0,0.0,0.0,1.0
-0.9507527947425842,0.09589680284261703,0.29474204778671265,-0.7955577373504639,0.28730955719947815,-0.08409561216831207,0.9541389346122742,1.8320703506469727,0.11628539115190506,0.9918324947357178,0.0524020679295063,-2.0452544689178467,0.0,0.0,0.0,1.0
-0.9511925578117371,0.09413810819387436,0.29388904571533203,-0.7921154499053955,0.28636986017227173,-0.08562983572483063,0.9542850255966187,1.8358122110366821,0.11500024795532227,0.9918697476387024,0.05449214577674866,-2.040158748626709,0.0,0.0,0.0,1.0
-0.9511374235153198,0.0954660102725029,0.29363906383514404,-0.7964735627174377,0.2863886058330536,-0.08269686996936798,0.9545379281044006,1.8162997961044312,0.11540896445512772,0.9919916987419128,0.051315706223249435,-2.046335458755493,0.0,0.0,0.0,1.0
-0.9449254870414734,0.046245113015174866,0.32400187849998474,-1.0652236938476562,0.32096418738365173,-0.06269069015979767,0.9450141787528992,2.059281826019287,0.06401418894529343,0.9969609975814819,0.04439500719308853,-1.9047077894210815,0.0,0.0,0.0,1.0
-0.9442572593688965,0.061189502477645874,0.32347187399864197,-1.216234803199768,0.3205985128879547,-0.05232967436313629,0.9457685351371765,1.8642133474349976,0.07479828596115112,0.9967533349990845,0.029795415699481964,-1.9676605463027954,0.0,0.0,0.0,1.0
-0.9446777105331421,0.059084225445985794,0.3226345181465149,-1.2036925554275513,0.3198177218437195,-0.052411556243896484,0.9460282921791077,1.8786150217056274,0.07280512899160385,0.9968761205673218,0.030615845695137978,-1.9691787958145142,0.0,0.0,0.0,1.0
-0.9454651474952698,0.05764050409197807,0.3205825984477997,-1.2027859687805176,0.3179015815258026,-0.051098406314849854,0.946745753288269,1.870821237564087,0.0709521621465683,0.9970288276672363,0.029987752437591553,-1.9702059030532837,0.0,0.0,0.0,1.0
-0.9449372887611389,0.05582844838500023,0.3224543333053589,-1.209707260131836,0.3200017213821411,-0.04862332344055176,0.9461684226989746,1.8503903150558472,0.06850191205739975,0.9972557425498962,0.028080791234970093,-1.9720802307128906,0.0,0.0,0.0,1.0
-0.9450874328613281,0.0564446784555912,0.3219063878059387,-1.2060089111328125,0.3193401098251343,-0.04999881982803345,0.9463202357292175,1.8520373106002808,0.06950968503952026,0.9971529841423035,0.0292282085865736,-1.9741722345352173,0.0,0.0,0.0,1.0
-0.9464786052703857,0.05541002377867699,0.317974716424942,-1.1532008647918701,0.31562942266464233,-0.04713362455368042,0.947711169719696,1.8935378789901733,0.06750000268220901,0.9973505735397339,0.027121933177113533,-1.985505223274231,0.0,0.0,0.0,1.0
-0.9472439289093018,0.04893198236823082,0.31675636768341064,-1.1276843547821045,0.31473734974861145,-0.04477114975452423,0.9481223225593567,1.9218809604644775,0.060575053095817566,0.9977981448173523,0.027008479461073875,-2.0076303482055664,0.0,0.0,0.0,1.0
-0.9475277066230774,0.04955778643488884,0.3158090114593506,-1.130361795425415,0.3139330744743347,-0.04212751239538193,0.9485100507736206,1.916301965713501,0.060310304164886475,0.9978824257850647,0.02435915358364582,-2.0088951587677,0.0,0.0,0.0,1.0
-0.947807788848877,0.05051828548312187,0.31481465697288513,-1.1427068710327148,0.31304019689559937,-0.04006343334913254,0.9488945007324219,1.8788872957229614,0.06054908037185669,0.9979192018508911,0.022158183157444,-2.013951301574707,0.0,0.0,0.0,1.0
-0.94852614402771,0.05461272969841957,0.31195446848869324,-1.1665875911712646,0.3107008934020996,-0.03032715618610382,0.9500238299369812,1.8707213401794434,0.06134408339858055,0.998046875,0.01179787702858448,-2.006742238998413,0.0,0.0,0.0,1.0
-0.9403127431869507,0.017975933849811554,0.339836448431015,-1.32957124710083,0.33977511525154114,-0.006455843802541494,0.9404845833778381,2.00046968460083,0.019100019708275795,0.9998175501823425,-3.726312206708826e-05,-1.9441492557525635,0.0,0.0,0.0,1.0
-0.9379072785377502,0.022940633818507195,0.3461266756057739,-1.3225524425506592,0.3451550602912903,-0.0378410629928112,0.9377825260162354,2.1589221954345703,0.03461112454533577,0.9990204572677612,0.02757333219051361,-1.906583309173584,0.0,0.0,0.0,1.0
-0.9365779757499695,0.03645489364862442,0.34855806827545166,-1.4063537120819092,0.3476676642894745,-0.028635986149311066,0.9371804594993591,2.0548622608184814,0.04414611682295799,0.9989248514175415,0.014145645312964916,-1.8955583572387695,0.0,0.0,0.0,1.0
-0.9364339709281921,0.03871750086545944,0.34870103001594543,-1.4146223068237305,0.34770894050598145,-0.030152196064591408,0.9371176362037659,2.073012590408325,0.046796951442956924,0.998795211315155,0.014773120172321796,-1.8790581226348877,0.0,0.0,0.0,1.0
-0.936937153339386,0.0373709537088871,0.3474942147731781,-1.440334677696228,0.34649553894996643,-0.030721744522452354,0.9375483989715576,2.0450916290283203,0.045712705701589584,0.9988290667533875,0.0158354751765728,-1.8747903108596802,0.0,0.0,0.0,1.0
-0.9366814494132996,0.042675700038671494,0.3475724160671234,-1.4588245153427124,0.3466779887676239,-0.02706148847937584,0.9375936985015869,1.9825937747955322,0.04941829666495323,0.9987223744392395,0.010553269647061825,-1.8980424404144287,0.0,0.0,0.0,1.0
-0.9375408887863159,0.041435495018959045,0.3453987240791321,-1.4521119594573975,0.3444472849369049,-0.028471466153860092,0.9383738040924072,2.005687713623047,0.048715990036726,0.9987354278564453,0.012420820072293282,-1.891417384147644,0.0,0.0,0.0,1.0
-0.9378366470336914,0.040789924561977386,0.3446718156337738,-1.447677731513977,0.3434675633907318,-0.0337754562497139,0.9385570287704468,2.0406222343444824,0.04992511868476868,0.998596727848053,0.017665844410657883,-1.8768140077590942,0.0,0.0,0.0,1.0
-0.9378653764724731,0.04027099534869194,0.34465453028678894,-1.460571050643921,0.34352603554725647,-0.03242504224181175,0.9385831952095032,2.0158815383911133,0.048973117023706436,0.998662531375885,0.016576187685132027,-1.8843308687210083,0.0,0.0,0.0,1.0
-0.9380125403404236,0.04019800201058388,0.3442622721195221,-1.4606597423553467,0.3433234989643097,-0.028514645993709564,0.9387842416763306,2.001495361328125,0.04755376651883125,0.9987847208976746,0.012946178205311298,-1.8889325857162476,0.0,0.0,0.0,1.0
-0.9379047751426697,0.0438196137547493,0.3441139757633209,-1.4572101831436157,0.3432278037071228,-0.026591423898935318,0.938875675201416,1.9909749031066895,0.050291649997234344,0.9986854791641235,0.009900112636387348,-1.9055713415145874,0.0,0.0,0.0,1.0
-0.9317609667778015,0.0604330338537693,0.35800763964653015,-1.585736870765686,0.35940152406692505,0.013658465817570686,0.9330830574035645,1.721824049949646,0.05149919539690018,0.9980788230895996,-0.034446150064468384,-1.8760327100753784,0.0,0.0,0.0,1.0
-0.9312927722930908,0.05013548955321312,0.360804945230484,-1.506558895111084,0.3621525764465332,0.020750820636749268,0.9318878650665283,1.7169106006622314,0.039233651012182236,0.9985268712043762,-0.03748178854584694,-1.9009840488433838,0.0,0.0,0.0,1.0
-0.9307921528816223,0.05579647049307823,0.3612653613090515,-1.501578450202942,0.36262446641921997,0.016180211678147316,0.9317948818206787,1.7413181066513062,0.04614551365375519,0.9983110427856445,-0.0352935791015625,-1.8903412818908691,0.0,0.0,0.0,1.0
-0.9299985766410828,0.06039087101817131,0.3625681400299072,-1.533760666847229,0.36430662870407104,0.020429475232958794,0.931054949760437,1.691760778427124,0.0488201379776001,0.9979656934738159,-0.04100017249584198,-1.8919806480407715,0.0,0.0,0.0,1.0
-0.9300877451896667,0.06115404888987541,0.3622113764286041,-1.5399589538574219,0.36409714818000793,0.02279083803296089,0.9310820698738098,1.6854647397994995,0.04868433624505997,0.9978680610656738,-0.04346349090337753,-1.8930234909057617,0.0,0.0,0.0,1.0
-0.9302470684051514,0.0628117173910141,0.3615177869796753,-1.5437729358673096,0.3633687496185303,0.020686667412519455,0.9314157366752625,1.687119960784912,0.05102521926164627,0.997810959815979,-0.042067524045705795,-1.8945107460021973,0.0,0.0,0.0,1.0
-0.9299919605255127,0.06573036313056946,0.361655056476593,-1.512794852256775,0.3635970950126648,0.020059233531355858,0.9313402771949768,1.7316210269927979,0.053962815552949905,0.9976357221603394,-0.04255429655313492,-1.893946647644043,0.0,0.0,0.0,1.0
-0.9298408031463623,0.06068985536694527,0.3629226088523865,-1.5399205684661865,0.3644937574863434,0.01681734435260296,0.9310539364814758,1.6996333599090576,0.05040213465690613,0.9980149269104004,-0.03775852546095848,-1.89346444606781,0.0,0.0,0.0,1.0
-0.9287071228027344,0.06737883388996124,0.3646412193775177,-1.5584700107574463,0.36656737327575684,0.018419785425066948,0.9302091598510742,1.6399794816970825,0.0559597909450531,0.9975574016571045,-0.041805464774370193,-1.9055562019348145,0.0,0.0,0.0,1.0
-0.9296591877937317,0.06411077082157135,0.36279961466789246,-1.5237376689910889,0.3645784854888916,0.01824183203279972,0.9309939742088318,1.716086983680725,0.053068608045578,0.9977760314941406,-0.040332093834877014,-1.890255093574524,0.0,0.0,0.0,1.0
-0.930186927318573,0.06166129559278488,0.36187028884887695,-1.5155525207519531,0.3634020686149597,0.015368642285466194,0.9315056204795837,1.7325903177261353,0.051876384764909744,0.9979787468910217,-0.036703553050756454,-1.8900887966156006,0.0,0.0,0.0,1.0
-0.9225685596466064,0.09932272136211395,0.37282997369766235,-1.4525922536849976,0.37641268968582153,0.019468799233436584,0.9262474775314331,1.3716325759887695,0.08473886549472809,0.9948647618293762,-0.055347636342048645,-2.0410938262939453,0.0,0.0,0.0,1.0
-0.9235056042671204,0.08266062289476395,0.3745725750923157,-1.3947069644927979,0.37710192799568176,0.01687368005514145,0.9260179996490479,1.4311060905456543,0.0702248066663742,0.9964348673820496,-0.046754419803619385,-2.042630910873413,0.0,0.0,0.0,1.0
-0.9238489866256714,0.08172474056482315,0.3739306330680847,-1.3565324544906616,0.3761661946773529,0.013342779129743576,0.9264561533927917,1.4644733667373657,0.07072511315345764,0.9965656399726868,-0.04306879639625549,-2.0297281742095947,0.0,0.0,0.0,1.0
-0.923421323299408,0.08271166682243347,0.37476903200149536,-1.3852406740188599,0.3771888017654419,0.015284072607755661,0.926010251045227,1.4414376020431519,0.07086385786533356,0.9964563250541687,-0.04531154781579971,-2.0378994941711426,0.0,0.0,0.0,1.0
-0.9238227009773254,0.08259997516870499,0.37380319833755493,-1.3734636306762695,0.3763545751571655,0.017256952822208405,0.9263149499893188,1.451489806175232,0.07006289064884186,0.9964333772659302,-0.047029245644807816,-2.040151596069336,0.0,0.0,0.0,1.0
-0.9237908124923706,0.08264241367578506,0.3738727271556854,-1.3883329629898071,0.37678277492523193,0.022395022213459015,0.9260308742523193,1.4343544244766235,0.06815654039382935,0.9963275194168091,-0.05182655528187752,-2.0430080890655518,0.0,0.0,0.0,1.0
-0.9239137768745422,0.08224842697381973,0.37365561723709106,-1.3897854089736938,0.3764743208885193,0.021364793181419373,0.9261806607246399,1.4318161010742188,0.06819383054971695,0.9963828921318054,-0.05070364475250244,-2.0471301078796387,0.0,0.0,0.0,1.0
-0.9237449765205383,0.08496296405792236,0.37346553802490234,-1.3858554363250732,0.37653419375419617,0.022928480058908463,0.9261189699172974,1.43037748336792,0.07012280821800232,0.996120274066925,-0.05317152664065361,-2.048722505569458,0.0,0.0,0.0,1.0
-0.9236403107643127,0.0866633877158165,0.3733336925506592,-1.3820525407791138,0.3766244053840637,0.024755321443080902,0.9260351657867432,1.422737956047058,0.07101134955883026,0.9959299564361572,-0.05550456419587135,-2.0499813556671143,0.0,0.0,0.0,1.0
-0.9235636591911316,0.08746150135993958,0.373337060213089,-1.3978917598724365,0.3769797086715698,0.029067713767290115,0.9257652163505554,1.4083642959594727,0.07011676579713821,0.9957436919212341,-0.05981709435582161,-2.0588290691375732,0.0,0.0,0.0,1.0
-0.9234141707420349,0.09401320666074753,0.37211257219314575,-1.4126280546188354,0.376714289188385,0.03650842607021332,0.9256097674369812,1.3961567878723145,0.07343429327011108,0.9949012994766235,-0.06912852078676224,-2.0741922855377197,0.0,0.0,0.0,1.0
-0.9163239598274231,0.12998202443122864,0.3787546753883362,-1.4258499145507812,0.3847200274467468,0.023364730179309845,0.9227375388145447,1.1627131700515747,0.1110897958278656,0.9912410378456116,-0.07141634821891785,-2.1188642978668213,0.0,0.0,0.0,1.0
-0.9165893793106079,0.12702307105064392,0.37911611795425415,-1.4198029041290283,0.38282251358032227,0.005202449858188629,0.9238072633743286,1.206875205039978,0.11537249386310577,0.9918860793113708,-0.05339580401778221,-2.117487668991089,0.0,0.0,0.0,1.0
-0.9170443415641785,0.12780062854290009,0.37775206565856934,-1.4212830066680908,0.38202139735221863,0.009774673730134964,0.9241017699241638,1.203224539756775,0.11440839618444443,0.9917517304420471,-0.057786379009485245,-2.120424270629883,0.0,0.0,0.0,1.0
-0.9163768291473389,0.12895509600639343,0.378977507352829,-1.4208424091339111,0.3837638795375824,0.013574428856372833,0.9233314394950867,1.1932122707366943,0.11392389237880707,0.9915574789047241,-0.06192759796977043,-2.120115280151367,0.0,0.0,0.0,1.0
-0.9173769354820251,0.12672607600688934,0.37730634212493896,-1.425828218460083,0.3821030259132385,0.015011094510555267,0.9239977598190308,1.1978521347045898,0.1114308312535286,0.9918241500854492,-0.06219325214624405,-2.1242520809173584,0.0,0.0,0.0,1.0
-0.9177426099777222,0.12603971362113953,0.376646488904953,-1.4311224222183228,0.3818996250629425,0.01956048235297203,0.9239968061447144,1.1923649311065674,0.10909289866685867,0.9918323755264282,-0.06608601659536362,-2.1224093437194824,0.0,0.0,0.0,1.0
-0.9176663756370544,0.13087646663188934,0.3751796782016754,-1.453080654144287,0.3817537724971771,0.02843659743666649,0.9238265156745911,1.1725139617919922,0.11023832112550735,0.9909908175468445,-0.07605790346860886,-2.1386520862579346,0.0,0.0,0.0,1.0
-0.9180986285209656,0.12899693846702576,0.37477293610572815,-1.4481463432312012,0.38066917657852173,0.023630473762750626,0.9244093298912048,1.1759370565414429,0.11038989573717117,0.9913634657859802,-0.07080025970935822,-2.1263773441314697,0.0,0.0,0.0,1.0
-0.9172858595848083,0.13704326748847961,0.3739061653614044,-1.4668899774551392,0.38112351298332214,0.029877282679080963,0.9240412712097168,1.1583614349365234,0.11546231806278229,0.9901143312454224,-0.07963642477989197,-2.1359450817108154,0.0,0.0,0.0,1.0
-0.9161117672920227,0.13922692835330963,0.37597227096557617,-1.4843063354492188,0.3845699727535248,0.040061552077531815,0.922226071357727,1.1249943971633911,0.11333668231964111,0.9894497990608215,-0.09024336189031601,-2.143808603286743,0.0,0.0,0.0,1.0
-0.9161176085472107,0.1377171277999878,0.37651360034942627,-1.4891163110733032,0.3854787349700928,0.044536106288433075,0.9216412901878357,1.1226270198822021,0.11015734821557999,0.9894697666168213,-0.0938873365521431,-2.148435354232788,0.0,0.0,0.0,1.0
-0.9072932004928589,0.16937460005283356,0.38487836718559265,-1.4923815727233887,0.3965071737766266,0.03985778987407684,0.9171659350395203,0.9747998714447021,0.1400042176246643,0.984745442867279,-0.10332094132900238,-2.070094108581543,0.0,0.0,0.0,1.0
-0.9077338576316833,0.16313643753528595,0.386530339717865,-1.4227770566940308,0.39303237199783325,0.008332021534442902,0.9194868206977844,1.0455834865570068,0.14678123593330383,0.9865682721138,-0.07168116420507431,-2.0593295097351074,0.0,0.0,0.0,1.0
-0.9090964198112488,0.16253793239593506,0.38356882333755493,-1.4304299354553223,0.3909977674484253,0.01519177109003067,0.9202662110328674,1.0403964519500732,0.1437510848045349,0.9865853786468506,-0.07736275345087051,-2.066819667816162,0.0,0.0,0.0,1.0
-0.9094899892807007,0.16611625254154205,0.38109496235847473,-1.4422471523284912,0.3900272846221924,0.02364695817232132,0.9204996228218079,1.0283560752868652,0.14389820396900177,0.9858226180076599,-0.08629654347896576,-2.073991060256958,0.0,0.0,0.0,1.0
-0.9096481800079346,0.1657962203025818,0.3808566927909851,-1.4451677799224854,0.39031779766082764,0.02751123160123825,0.9202690720558167,1.0227833986282349,0.1420992910861969,0.9857762455940247,-0.08973876386880875,-2.076209545135498,0.0,0.0,0.0,1.0
-0.9097527861595154,0.16646729409694672,0.3803137540817261,-1.4546376466751099,0.39076554775238037,0.034025825560092926,0.9198611974716187,1.004648208618164,0.14018630981445312,0.9854597449302673,-0.09600477665662766,-2.083164691925049,0.0,0.0,0.0,1.0
-0.9083832502365112,0.16681236028671265,0.38342350721359253,-1.4577370882034302,0.39470797777175903,0.039437904953956604,0.9179598689079285,0.9990972876548767,0.13800561428070068,0.9851996302604675,-0.1016669049859047,-2.0913350582122803,0.0,0.0,0.0,1.0
-0.9089998602867126,0.165841743350029,0.38238176703453064,-1.4591639041900635,0.3932812511920929,0.03748200088739395,0.9186539053916931,0.9980310797691345,0.13801872730255127,0.9854398965835571,-0.09929357469081879,-2.088078022003174,0.0,0.0,0.0,1.0
-0.9068145751953125,0.16483324766159058,0.38796570897102356,-1.4702523946762085,0.399497926235199,0.04240560531616211,0.9157528281211853,0.9844709038734436,0.1344945728778839,0.9854094982147217,-0.10430455952882767,-2.0952157974243164,0.0,0.0,0.0,1.0
-0.9073737263679504,0.16391868889331818,0.38704466819763184,-1.4691860675811768,0.3979514539241791,0.03860393166542053,0.9165939092636108,0.9810746312141418,0.13530543446540833,0.9857182502746582,-0.10025987029075623,-2.087940216064453,0.0,0.0,0.0,1.0
-0.9073247909545898,0.16474051773548126,0.3868102431297302,-1.4747589826583862,0.3983684182167053,0.042751893401145935,0.9162285923957825,0.9715743064880371,0.13440310955047607,0.9854099750518799,-0.10441727936267853,-2.087721824645996,0.0,0.0,0.0,1.0
-0.902995228767395,0.19802407920360565,0.38129520416259766,-1.5322136878967285,0.3971821069717407,0.04630482941865921,0.9165709018707275,0.6100191473960876,0.16384729743003845,0.9791027903556824,-0.12046466767787933,-1.9843180179595947,0.0,0.0,0.0,1.0
-0.9025689363479614,0.19184236228466034,0.3854425251483917,-1.4680918455123901,0.3952282667160034,0.014081455767154694,0.9184749722480774,0.6834654211997986,0.17077481746673584,0.9813247323036194,-0.0885310098528862,-1.9594751596450806,0.0,0.0,0.0,1.0
-0.9022059440612793,0.19241730868816376,0.38600510358810425,-1.482502818107605,0.39599764347076416,0.01490715891122818,0.9181304574012756,0.6732794046401978,0.17090995609760284,0.9811999797821045,-0.0896461233496666,-1.9580894708633423,0.0,0.0,0.0,1.0
-0.9036491513252258,0.1900779902935028,0.38378190994262695,-1.4753884077072144,0.3940315842628479,0.017889253795146942,0.9189227819442749,0.684373676776886,0.16780142486095428,0.9816059470176697,-0.09106234461069107,-1.960809588432312,0.0,0.0,0.0,1.0
-0.9034640192985535,0.19250816106796265,0.38300567865371704,-1.46811842918396,0.39379459619522095,0.019751325249671936,0.9189862608909607,0.6862030625343323,0.16934749484062195,0.9810965657234192,-0.09365328401327133,-1.9619412422180176,0.0,0.0,0.0,1.0
-0.9025160074234009,0.19416926801204681,0.38439977169036865,-1.4761054515838623,0.39479920268058777,0.01645597070455551,0.9186201095581055,0.6815633177757263,0.172042116522789,0.9808300137519836,-0.09150965511798859,-1.9619648456573486,0.0,0.0,0.0,1.0
-0.9030758738517761,0.1948196440935135,0.38275212049484253,-1.4613028764724731,0.3934187591075897,0.017791591584682465,0.9191872477531433,0.6912631988525391,0.17226596176624298,0.9806777238845825,-0.09271286427974701,-1.9621543884277344,0.0,0.0,0.0,1.0
-0.9028984308242798,0.1952693909406662,0.3829415738582611,-1.476584553718567,0.39381808042526245,0.01871928572654724,0.9189977645874023,0.6805271506309509,0.17228373885154724,0.9805710315704346,-0.09380223602056503,-1.9613429307937622,0.0,0.0,0.0,1.0
-0.9009138941764832,0.1982426792383194,0.38607504963874817,-1.4831244945526123,0.3967769145965576,0.01578972488641739,0.9177792072296143,0.6773900985717773,0.17584699392318726,0.9800257086753845,-0.09288330376148224,-1.9591765403747559,0.0,0.0,0.0,1.0
-0.9014750719070435,0.19850407540798187,0.3846281170845032,-1.4863760471343994,0.39558136463165283,0.017200268805027008,0.9182698726654053,0.6773532629013062,0.17566460371017456,0.9799491167068481,-0.09403011947870255,-1.9585360288619995,0.0,0.0,0.0,1.0
-0.9006311893463135,0.19801005721092224,0.3868533968925476,-1.4943102598190308,0.3990498185157776,0.024259917438030243,0.9166082739830017,0.6527186632156372,0.1721126139163971,0.9798997044563293,-0.10086511820554733,-1.957604169845581,0.0,0.0,0.0,1.0
-0.906646192073822,0.22940801084041595,0.35406869649887085,-1.6414729356765747,0.36975038051605225,0.02792009711265564,0.9287115335464478,0.3103075921535492,0.20316824316978455,0.972929835319519,-0.11013735085725784,-1.771148920059204,0.0,0.0,0.0,1.0
-0.9059889316558838,0.22638699412345886,0.35767731070518494,-1.6265063285827637,0.37077462673187256,0.01673480123281479,0.9285721182823181,0.32294678688049316,0.20423097908496857,0.9738937020301819,-0.09910009801387787,-1.7725419998168945,0.0,0.0,0.0,1.0
-0.9055017232894897,0.22996921837329865,0.3566243052482605,-1.6295360326766968,0.3702712655067444,0.01767382025718689,0.928755521774292,0.32591715455055237,0.20728224515914917,0.9730374217033386,-0.10115466266870499,-1.7724940776824951,0.0,0.0,0.0,1.0
-0.9050514101982117,0.23027640581130981,0.3575678765773773,-1.6355202198028564,0.3712749779224396,0.017688222229480743,0.9283545017242432,0.3237912654876709,0.20745337009429932,0.9729644656181335,-0.1015046164393425,-1.7716100215911865,0.0,0.0,0.0,1.0
-0.9062820672988892,0.2278105765581131,0.35602694749832153,-1.629305362701416,0.36963027715682983,0.018625251948833466,0.9289922714233398,0.33023470640182495,0.20500315725803375,0.9735273122787476,-0.10108542442321777,-1.7686371803283691,0.0,0.0,0.0,1.0
-0.9059250354766846,0.22408153116703033,0.359287291765213,-1.6411106586456299,0.37257152795791626,0.018605023622512817,0.9278169274330139,0.3159036934375763,0.20122209191322327,0.9743927717208862,-0.10034115612506866,-1.7617971897125244,0.0,0.0,0.0,1.0
-0.9059663414955139,0.22713099420070648,0.3572625517845154,-1.6398729085922241,0.37108340859413147,0.01986130326986313,0.9283871650695801,0.3206239640712738,0.2037697732448578,0.9736616611480713,-0.1022782176733017,-1.7550150156021118,0.0,0.0,0.0,1.0
-0.9047749638557434,0.22729413211345673,0.36016610264778137,-1.652746558189392,0.37444648146629333,0.021633736789226532,0.926996111869812,0.3033541440963745,0.20290902256965637,0.9735857844352722,-0.10468315333127975,-1.7575777769088745,0.0,0.0,0.0,1.0
-0.9041779041290283,0.22981522977352142,0.3600656986236572,-1.6578723192214966,0.3752383589744568,0.024559922516345978,0.9266029596328735,0.29736605286598206,0.20410428941249847,0.9729244112968445,-0.108442023396492,-1.7543115615844727,0.0,0.0,0.0,1.0
-0.9033521413803101,0.22840379178524017,0.3630242645740509,-1.6670845746994019,0.378812700510025,0.02795611321926117,0.9250510334968567,0.27804988622665405,0.20113642513751984,0.9731650352478027,-0.11177647113800049,-1.7579047679901123,0.0,0.0,0.0,1.0
-0.9036450386047363,0.23155690729618073,0.36028748750686646,-1.6645739078521729,0.377037912607193,0.031089283525943756,0.9256759285926819,0.2770111560821533,0.2031455934047699,0.9723244905471802,-0.11539939790964127,-1.7562073469161987,0.0,0.0,0.0,1.0
-0.895297646522522,0.2683353126049042,0.35558170080184937,-1.7831217050552368,0.373894065618515,0.018714524805545807,0.9272825717926025,0.02756211720407009,0.2421680986881256,0.9631437659263611,-0.11708404868841171,-1.6977931261062622,0.0,0.0,0.0,1.0
-0.8963901996612549,0.2652183175086975,0.3551674783229828,-1.7401788234710693,0.370147705078125,0.007032699882984161,0.9289463758468628,0.07457557320594788,0.24387580156326294,0.9641627669334412,-0.10447397828102112,-1.7160320281982422,0.0,0.0,0.0,1.0
-0.8951694965362549,0.26998433470726013,0.3546547293663025,-1.7475892305374146,0.3703586757183075,0.007817640900611877,0.9288558959960938,0.06895377486944199,0.2480039894580841,0.9628329873085022,-0.10698915272951126,-1.7156473398208618,0.0,0.0,0.0,1.0
-0.8948416113853455,0.2691510021686554,0.3561128079891205,-1.7467981576919556,0.3725336194038391,0.010780222713947296,0.9279561042785645,0.06137914955615997,0.24592134356498718,0.9630377292633057,-0.1099143847823143,-1.71497642993927,0.0,0.0,0.0,1.0
-0.8953105211257935,0.27338841557502747,0.3516786992549896,-1.7289860248565674,0.3695836663246155,0.015205174684524536,0.9290730357170105,0.09775839745998383,0.248650461435318,0.9617835283279419,-0.11465322971343994,-1.7240110635757446,0.0,0.0,0.0,1.0
-0.893955409526825,0.269827663898468,0.3578222095966339,-1.7435728311538696,0.37612637877464294,0.017616450786590576,0.926400899887085,0.043744806200265884,0.24366503953933716,0.9627474546432495,-0.1172376200556755,-1.7123713493347168,0.0,0.0,0.0,1.0
-0.8941019177436829,0.2720222473144531,0.35578885674476624,-1.7395801544189453,0.37396878004074097,0.016337275505065918,0.9272974133491516,0.06782351434230804,0.24643288552761078,0.9621522426605225,-0.11633501201868057,-1.7129089832305908,0.0,0.0,0.0,1.0
-0.8942351341247559,0.27179351449012756,0.3556287884712219,-1.7457119226455688,0.374540239572525,0.019338011741638184,0.9270089864730835,0.04928814619779587,0.24507787823677063,0.9621612429618835,-0.11909034103155136,-1.7092692852020264,0.0,0.0,0.0,1.0
-0.8862061500549316,0.2758218050003052,0.372237890958786,-1.7650481462478638,0.3911583721637726,0.014910519123077393,0.9202026128768921,-0.048646751791238785,0.2482617050409317,0.9610931873321533,-0.12110380083322525,-1.6983726024627686,0.0,0.0,0.0,1.0
-0.8892005681991577,0.27671846747398376,0.3643476665019989,-1.7616721391677856,0.38322338461875916,0.01545906811952591,0.9235263466835022,-0.01675191894173622,0.24992430210113525,0.9608266353607178,-0.11979120224714279,-1.7002273797988892,0.0,0.0,0.0,1.0
-0.885826051235199,0.2787569761276245,0.3709539771080017,-1.7744855880737305,0.38991832733154297,0.01379469782114029,0.9207461476325989,-0.056202273815870285,0.2515471875667572,0.9602625966072083,-0.12091214954853058,-1.6981335878372192,0.0,0.0,0.0,1.0
-0.8709045052528381,0.32050248980522156,0.37256336212158203,-1.8653191328048706,0.3970472514629364,0.012112408876419067,0.917718231678009,-0.2144898772239685,0.2896183133125305,0.9471701979637146,-0.13780339062213898,-1.631354808807373,0.0,0.0,0.0,1.0
-0.8816723227500916,0.31067556142807007,0.3551543354988098,-1.798403024673462,0.376365065574646,0.009031727910041809,0.92642742395401,-0.07431314885616302,0.28461071848869324,0.9504731297492981,-0.12489045411348343,-1.6546398401260376,0.0,0.0,0.0,1.0
-0.8796882629394531,0.31082504987716675,0.3599115312099457,-1.8143153190612793,0.38041603565216064,0.005798526108264923,0.9247972369194031,-0.10382457822561264,0.28536316752433777,0.9504494071006775,-0.12334372848272324,-1.6439242362976074,0.0,0.0,0.0,1.0
-0.8797165155410767,0.311062216758728,0.35963761806488037,-1.8130605220794678,0.3804267942905426,0.006685376167297363,0.9247868657112122,-0.1046871617436409,0.28526195883750916,0.9503660798072815,-0.12421763688325882,-1.6448842287063599,0.0,0.0,0.0,1.0
-0.8806480169296265,0.3132970333099365,0.35539284348487854,-1.8084255456924438,0.37708142399787903,0.009368367493152618,0.9261327385902405,-0.08219894766807556,0.28682515025138855,0.9496089816093445,-0.12638872861862183,-1.6549466848373413,0.0,0.0,0.0,1.0
-0.880498468875885,0.31724920868873596,0.35224345326423645,-1.7900402545928955,0.3750916123390198,0.011880248785018921,0.9269116520881653,-0.04796621948480606,0.2898772358894348,0.9482677578926086,-0.12945805490016937,-1.6624915599822998,0.0,0.0,0.0,1.0
-0.8797301054000854,0.31734517216682434,0.35407203435897827,-1.8076424598693848,0.37662070989608765,0.010540522634983063,0.9263075590133667,-0.07662801444530487,0.29022711515426636,0.9482515454292297,-0.12879158556461334,-1.6542431116104126,0.0,0.0,0.0,1.0
-0.8784741163253784,0.31659746170043945,0.3578398823738098,-1.812821388244629,0.3803388774394989,0.010076746344566345,0.9247922897338867,-0.09500108659267426,0.28918102383613586,0.9485064744949341,-0.12926647067070007,-1.6473677158355713,0.0,0.0,0.0,1.0
-0.8783718347549438,0.31819042563438416,0.35667601227760315,-1.8116976022720337,0.37927165627479553,0.009846672415733337,0.9252329468727112,-0.09246610105037689,0.2908881902694702,0.9479756355285645,-0.1293296366930008,-1.6484344005584717,0.0,0.0,0.0,1.0
-0.8785935044288635,0.31946152448654175,0.35498976707458496,-1.8117564916610718,0.3780640959739685,0.011100254952907562,0.9257128238677979,-0.08785399794578552,0.291789174079895,0.9475342035293579,-0.13052955269813538,-1.6477982997894287,0.0,0.0,0.0,1.0
-0.8796005845069885,0.319698303937912,0.3522723913192749,-1.8068376779556274,0.37547537684440613,0.011879108846187592,0.9267562031745911,-0.07150815427303314,0.29209771752357483,0.9474449157714844,-0.13048771023750305,-1.6520845890045166,0.0,0.0,0.0,1.0
-0.8501805663108826,0.36845657229423523,0.3760755658149719,-1.9118168354034424,0.403950572013855,-0.001615568995475769,0.9147793650627136,-0.24681678414344788,0.33766406774520874,0.9296435713768005,-0.14746470749378204,-1.5630934238433838,0.0,0.0,0.0,1.0
-0.8532337546348572,0.3593727946281433,0.3779461979866028,-1.9029334783554077,0.40274518728256226,-0.006384819746017456,0.9152898788452148,-0.24392423033714294,0.331343412399292,0.9331722259521484,-0.13928791880607605,-1.5646145343780518,0.0,0.0,0.0,1.0
-0.85174959897995,0.3567500412464142,0.3837343156337738,-1.9165382385253906,0.40819740295410156,-0.007331058382987976,0.9128642678260803,-0.2702971398830414,0.32847753167152405,0.9341710805892944,-0.13938021659851074,-1.5509589910507202,0.0,0.0,0.0,1.0
-0.85246741771698,0.3602241277694702,0.3788638114929199,-1.926908016204834,0.40408530831336975,-0.005769520998001099,0.9147030711174011,-0.26839521527290344,0.3316839933395386,0.9328479170799255,-0.1406429558992386,-1.5448720455169678,0.0,0.0,0.0,1.0
-0.8539127707481384,0.35887545347213745,0.3768838942050934,-1.9322854280471802,0.4027307629585266,-0.002981722354888916,0.9153136610984802,-0.27510368824005127,0.3296073377132416,0.9333807229995728,-0.14198404550552368,-1.545410394668579,0.0,0.0,0.0,1.0
-0.8534828424453735,0.35989418625831604,0.3768862187862396,-1.9437230825424194,0.4030534029006958,-0.0025476962327957153,0.9151729345321655,-0.28350770473480225,0.3303256034851074,0.9329896569252014,-0.14288216829299927,-1.5422956943511963,0.0,0.0,0.0,1.0
-0.8557145595550537,0.36511683464050293,0.3666636347770691,-1.9303901195526123,0.39536309242248535,0.0041953325271606445,0.9185153245925903,-0.26311150193214417,0.3338271379470825,0.930952250957489,-0.14794372022151947,-1.5480775833129883,0.0,0.0,0.0,1.0
-0.8541043400764465,0.3632691502571106,0.37221136689186096,-1.9532251358032227,0.39960023760795593,0.00026994943618774414,0.916689395904541,-0.2972175180912018,0.33290454745292664,0.9316841959953308,-0.1453929841518402,-1.5376394987106323,0.0,0.0,0.0,1.0
-0.8545221090316772,0.3665827512741089,0.3679797649383545,-1.9477483034133911,0.39638596773147583,0.002415210008621216,0.9180808663368225,-0.2953278720378876,0.3356638252735138,0.9303823709487915,-0.14737209677696228,-1.5376428365707397,0.0,0.0,0.0,1.0
-0.8549932837486267,0.36317241191864014,0.3702597916126251,-1.97152841091156,0.39811763167381287,0.0020284950733184814,0.917332112789154,-0.3228284418582916,0.3323986232280731,0.9317197203636169,-0.1463197022676468,-1.5320111513137817,0.0,0.0,0.0,1.0
-0.855065643787384,0.3666025400161743,0.3666951060295105,-1.9571185111999512,0.39505499601364136,0.0025424212217330933,0.9186539649963379,-0.30965670943260193,0.3358485996723175,0.9303742051124573,-0.14700210094451904,-1.5308120250701904,0.0,0.0,0.0,1.0
-0.8352252840995789,0.41087913513183594,0.3654819428920746,-1.985854983329773,0.4054863154888153,0.011220172047615051,0.9140322208404541,-0.35604971647262573,0.37145599722862244,0.9116207361221313,-0.17597724497318268,-1.516438603401184,0.0,0.0,0.0,1.0
-0.8331742286682129,0.4014023244380951,0.3803904354572296,-1.946264386177063,0.41565778851509094,0.0008528977632522583,0.90952068567276,-0.28840914368629456,0.36475929617881775,0.9159015417098999,-0.16755661368370056,-1.557773470878601,0.0,0.0,0.0,1.0
-0.8313461542129517,0.40526872873306274,0.3802904784679413,-1.9548407793045044,0.41625046730041504,0.0006642043590545654,0.9092497229576111,-0.2987717390060425,0.3682379126548767,0.9141973257064819,-0.16924548149108887,-1.5474225282669067,0.0,0.0,0.0,1.0
-0.8305736184120178,0.40768858790397644,0.3793909251689911,-1.9514522552490234,0.41602420806884766,0.0013211369514465332,0.9093525409698486,-0.2953226566314697,0.3702314496040344,0.9131200909614563,-0.1707056164741516,-1.5472080707550049,0.0,0.0,0.0,1.0
-0.8282438516616821,0.4142415523529053,0.37738052010536194,-1.940841555595398,0.4143584668636322,-0.0006500333547592163,0.910113513469696,-0.2851119935512543,0.37725216150283813,0.9101667404174805,-0.17110612988471985,-1.538004994392395,0.0,0.0,0.0,1.0
-0.8258969187736511,0.4180285930633545,0.37834683060646057,-1.9604640007019043,0.41403740644454956,-0.00582413375377655,0.9102411866188049,-0.31823113560676575,0.38271039724349976,0.9084151387214661,-0.1682693362236023,-1.5208241939544678,0.0,0.0,0.0,1.0
-0.82356858253479,0.4264943599700928,0.3739481568336487,-1.9425015449523926,0.4127333164215088,-0.0016333609819412231,0.9108504056930542,-0.2939872741699219,0.3890833854675293,0.9044886827468872,-0.17468325793743134,-1.5246775150299072,0.0,0.0,0.0,1.0
-0.818333089351654,0.42870891094207764,0.3828049898147583,-1.9707523584365845,0.41978222131729126,-0.009106770157814026,0.907579243183136,-0.3565536439418793,0.39257338643074036,0.9033968448638916,-0.172512024641037,-1.5091484785079956,0.0,0.0,0.0,1.0
-0.812809944152832,0.43220633268356323,0.39056071639060974,-1.9946863651275635,0.42393362522125244,-0.020953118801116943,0.9054508805274963,-0.40794551372528076,0.3995250463485718,0.9015312790870667,-0.16619589924812317,-1.4973907470703125,0.0,0.0,0.0,1.0
-0.8140829205513,0.4331907331943512,0.38680073618888855,-1.9925358295440674,0.42291778326034546,-0.014250040054321289,0.9060559868812561,-0.39121803641319275,0.39800697565078735,0.9011896252632141,-0.17160333693027496,-1.497804045677185,0.0,0.0,0.0,1.0
-0.8121402263641357,0.43619102239608765,0.38751211762428284,-2.0068187713623047,0.4231468439102173,-0.016950488090515137,0.9059025645256042,-0.4104717969894409,0.40171509981155396,0.8996944427490234,-0.1708066761493683,-1.4853205680847168,0.0,0.0,0.0,1.0
-0.8038724064826965,0.43792587518692017,0.40250471234321594,-2.1963772773742676,0.43670743703842163,-0.02488785982131958,0.8992592692375183,-0.8294392228126526,0.40382638573646545,0.898666501045227,-0.17123880982398987,-1.3199654817581177,0.0,0.0,0.0,1.0
-0.8344784379005432,0.399380624294281,0.37965887784957886,-2.106873035430908,0.41707122325897217,0.0074781328439712524,0.9088430404663086,-0.6168819069862366,0.36013516783714294,0.9167547225952148,-0.17281050980091095,-1.389040231704712,0.0,0.0,0.0,1.0
-0.83555668592453,0.3993534743785858,0.3773086667060852,-2.107210397720337,0.41560521721839905,0.010277524590492249,0.9094870090484619,-0.6125041842460632,0.3593290150165558,0.9167394042015076,-0.17456084489822388,-1.389123797416687,0.0,0.0,0.0,1.0
-0.8304042816162109,0.4059739112854004,0.38159385323524475,-2.137260913848877,0.4206141233444214,0.007623538374900818,0.9072076082229614,-0.665075957775116,0.3653935194015503,0.9138528108596802,-0.17708900570869446,-1.3756471872329712,0.0,0.0,0.0,1.0
-0.8303568363189697,0.40746521949768066,0.38010483980178833,-2.1369776725769043,0.4196120500564575,0.008393198251724243,0.9076648354530334,-0.6619924902915955,0.3666515052318573,0.9131821393966675,-0.17794668674468994,-1.375797152519226,0.0,0.0,0.0,1.0
-0.8295964598655701,0.40905532240867615,0.380057156085968,-2.1495962142944336,0.42034509778022766,0.009498536586761475,0.9073145389556885,-0.6816831827163696,0.3675318956375122,0.9124601483345032,-0.1798243671655655,-1.3739511966705322,0.0,0.0,0.0,1.0
-0.8294573426246643,0.41034168004989624,0.3789725601673126,-2.1492857933044434,0.4201870560646057,0.011357009410858154,0.9073664546012878,-0.6777796745300293,0.3680263161659241,0.9118611216545105,-0.1818404197692871,-1.3732951879501343,0.0,0.0,0.0,1.0
-0.8305264115333557,0.40850117802619934,0.37861955165863037,-2.1628806591033936,0.4206498861312866,0.014472812414169312,0.9071076512336731,-0.6989246010780334,0.3650748133659363,0.9126430749893188,-0.1838560402393341,-1.3693991899490356,0.0,0.0,0.0,1.0
-0.8324500918388367,0.4046292304992676,0.37855252623558044,-2.1727981567382812,0.4211331307888031,0.01802489161491394,0.9068197011947632,-0.7139878869056702,0.36010241508483887,0.914303183555603,-0.1854075938463211,-1.365773320198059,0.0,0.0,0.0,1.0
-0.8336758613586426,0.40366166830062866,0.37688425183296204,-2.163355588912964,0.4203171133995056,0.021118462085723877,0.9071314334869385,-0.7068841457366943,0.35821500420570374,0.9146645069122314,-0.1872718781232834,-1.3705947399139404,0.0,0.0,0.0,1.0
-0.8322818875312805,0.40613213181495667,0.37731096148490906,-2.1782774925231934,0.4197308123111725,0.017061099410057068,0.9074882864952087,-0.724064826965332,0.3621228039264679,0.9136551022529602,-0.18466581404209137,-1.3645455837249756,0.0,0.0,0.0,1.0
-0.7923901677131653,0.46084359288215637,0.39967605471611023,-2.242706537246704,0.44001704454421997,-0.021985992789268494,0.897720217704773,-0.9088244438171387,0.42249590158462524,0.8872089982032776,-0.18535754084587097,-1.2971757650375366,0.0,0.0,0.0,1.0
-0.7959431409835815,0.45152804255485535,0.403233140707016,-2.165930986404419,0.43564119935035706,-0.03528842329978943,0.8994284272193909,-0.8167496919631958,0.42034661769866943,0.891558825969696,-0.1686166375875473,-1.3143185377120972,0.0,0.0,0.0,1.0
-0.7919259667396545,0.45845136046409607,0.40333062410354614,-2.1798832416534424,0.43657442927360535,-0.03670397400856018,0.8989191651344299,-0.8312327265739441,0.4269145131111145,0.8879612684249878,-0.1710813194513321,-1.3050373792648315,0.0,0.0,0.0,1.0
-0.7929967641830444,0.45821642875671387,0.4014896750450134,-2.1671128273010254,0.4344293177127838,-0.036713242530822754,0.8999574184417725,-0.8211550116539001,0.427115261554718,0.8880821466445923,-0.16994914412498474,-1.3090217113494873,0.0,0.0,0.0,1.0
-0.7905120253562927,0.4603886306285858,0.4038972854614258,-2.1937429904937744,0.437179833650589,-0.037664175033569336,0.8985851407051086,-0.8442738652229309,0.42891085147857666,0.8869181275367737,-0.17149865627288818,-1.3012948036193848,0.0,0.0,0.0,1.0
-0.7939900755882263,0.4571669399738312,0.40072205662727356,-2.1641132831573486,0.4337633550167084,-0.035812363028526306,0.9003148674964905,-0.8141857981681824,0.425944983959198,0.8886595964431763,-0.169867604970932,-1.3108490705490112,0.0,0.0,0.0,1.0
-0.7936534881591797,0.45577484369277954,0.40296828746795654,-2.165621519088745,0.43678873777389526,-0.03417307138442993,0.8989147543907166,-0.8178293704986572,0.42347338795661926,0.8894388675689697,-0.17195576429367065,-1.3126990795135498,0.0,0.0,0.0,1.0
-0.7955407500267029,0.45376452803611755,0.40151306986808777,-2.160632371902466,0.4343908727169037,-0.03483410179615021,0.9000506401062012,-0.8105961680412292,0.4223973751068115,0.8904405236244202,-0.169399231672287,-1.3173779249191284,0.0,0.0,0.0,1.0
-0.7945631146430969,0.4535599946975708,0.40367403626441956,-2.177272319793701,0.4372607171535492,-0.03384272754192352,0.8986977934837341,-0.8251359462738037,0.4212748110294342,0.8905829787254333,-0.17143377661705017,-1.3130532503128052,0.0,0.0,0.0,1.0
-0.7976396083831787,0.45000016689300537,0.4015854001045227,-2.1480913162231445,0.4354303181171417,-0.031076043844223022,0.8996858596801758,-0.784813642501831,0.417338490486145,0.8924875855445862,-0.17115622758865356,-1.3233948945999146,0.0,0.0,0.0,1.0
-0.7949907183647156,0.45322099328041077,0.40321269631385803,-2.162008762359619,0.4378710687160492,-0.031288161873817444,0.898493230342865,-0.8117977380752563,0.419831782579422,0.8908488750457764,-0.17357856035232544,-1.316291093826294,0.0,0.0,0.0,1.0
-0.7946916818618774,0.4551863968372345,0.4015849828720093,-2.195406913757324,0.4375843405723572,-0.028921514749526978,0.898712158203125,-0.811015248298645,0.420695960521698,0.8899263143539429,-0.17619875073432922,-1.2675243616104126,0.0,0.0,0.0,1.0
-0.7856518626213074,0.46746695041656494,0.4052478075027466,-2.2355339527130127,0.4385398030281067,-0.041238680481910706,0.8977651000022888,-0.8764631748199463,0.43638741970062256,0.8830481767654419,-0.17260363698005676,-1.2474770545959473,0.0,0.0,0.0,1.0
-0.7846155762672424,0.46718862652778625,0.4075698256492615,-2.2459120750427246,0.4413762092590332,-0.04074074327945709,0.8963967561721802,-0.8911551237106323,0.43539106845855713,0.88321852684021,-0.1742401272058487,-1.2419570684432983,0.0,0.0,0.0,1.0
-0.775393009185791,0.4736691415309906,0.4176161587238312,-2.2641680240631104,0.45013296604156494,-0.04922871291637421,0.8916034698486328,-0.9311809539794922,0.44288375973701477,0.8793259263038635,-0.17504248023033142,-1.237308144569397,0.0,0.0,0.0,1.0
-0.7737023830413818,0.47987011075019836,0.41365352272987366,-2.2286009788513184,0.44305381178855896,-0.05688856542110443,0.8946881890296936,-0.8788772225379944,0.4528663158416748,0.8754931688308716,-0.16859348118305206,-1.2695260047912598,0.0,0.0,0.0,1.0
-0.7754780650138855,0.4775505065917969,0.4130125343799591,-2.220313787460327,0.43997812271118164,-0.060422733426094055,0.8959734439849854,-0.8588634729385376,0.45282793045043945,0.8765242099761963,-0.1632552593946457,-1.2857725620269775,0.0,0.0,0.0,1.0
-0.768532931804657,0.4836725890636444,0.41882917284965515,-2.2150752544403076,0.4437251687049866,-0.06867852807044983,0.8935273885726929,-0.8707213401794434,0.46093931794166565,0.8725503087043762,-0.16183599829673767,-1.2887122631072998,0.0,0.0,0.0,1.0
-0.771126925945282,0.48294031620025635,0.4148879647254944,-2.1958718299865723,0.4393361806869507,-0.06801965832710266,0.8957439064979553,-0.8441827893257141,0.4608113467693329,0.8730074763298035,-0.15972134470939636,-1.303503394126892,0.0,0.0,0.0,1.0
-0.7696306705474854,0.4830256998538971,0.4175582826137543,-2.188997507095337,0.44261428713798523,-0.06772057712078094,0.8941513299942017,-0.8459831476211548,0.4601753354072571,0.8729835152626038,-0.16167423129081726,-1.309450387954712,0.0,0.0,0.0,1.0
-0.7739441990852356,0.47883152961730957,0.41440409421920776,-2.187318801879883,0.43870726227760315,-0.06649546325206757,0.8961665034294128,-0.8395158052444458,0.4566687345504761,0.8753848671913147,-0.15860308706760406,-1.3161686658859253,0.0,0.0,0.0,1.0
-0.775913655757904,0.47770416736602783,0.41201546788215637,-2.1899445056915283,0.43680867552757263,-0.06437905132770538,0.8972477912902832,-0.838992714881897,0.45514413714408875,0.8761587142944336,-0.1587127298116684,-1.3233146667480469,0.0,0.0,0.0,1.0
-0.7830401659011841,0.4653555452823639,0.41266492009162903,-2.1507232189178467,0.4401514530181885,-0.0541742742061615,0.8962878584861755,-0.7330570220947266,0.43944835662841797,0.8834644556045532,-0.16240626573562622,-1.2980369329452515,0.0,0.0,0.0,1.0
-0.795634925365448,0.4505627155303955,0.4049176871776581,-2.1874568462371826,0.44062113761901855,-0.02827124297618866,0.897247850894928,-0.7367434501647949,0.41571396589279175,0.8922970294952393,-0.1760338395833969,-1.2387771606445312,0.0,0.0,0.0,1.0
-0.7993803024291992,0.447476327419281,0.40094393491744995,-2.17476749420166,0.43551403284072876,-0.02816776931285858,0.8997411131858826,-0.7207793593406677,0.4139065742492676,0.8938520550727844,-0.1723654568195343,-1.262063980102539,0.0,0.0,0.0,1.0
-0.8078328371047974,0.43043574690818787,0.40265515446662903,-2.137441396713257,0.4361976087093353,-0.022855743765830994,0.8995605707168579,-0.6488962173461914,0.39640602469444275,0.9023317694664001,-0.1692914366722107,-1.2999014854431152,0.0,0.0,0.0,1.0
-0.8081555962562561,0.4300868511199951,0.40238019824028015,-2.150540590286255,0.43541255593299866,-0.023780465126037598,0.8999168872833252,-0.6620713472366333,0.39661121368408203,0.9024742841720581,-0.16804689168930054,-1.2979868650436401,0.0,0.0,0.0,1.0
-0.8104742765426636,0.42692866921424866,0.4010777771472931,-2.148545026779175,0.43382638692855835,-0.022605150938034058,0.9007128477096558,-0.6544707417488098,0.393606573343277,0.9040026664733887,-0.16689202189445496,-1.3050950765609741,0.0,0.0,0.0,1.0
-0.8107061982154846,0.42670029401779175,0.4008520245552063,-2.148838758468628,0.43440690636634827,-0.020584598183631897,0.9004815220832825,-0.6532329320907593,0.392487108707428,0.9041588306427002,-0.16867350041866302,-1.3013319969177246,0.0,0.0,0.0,1.0
-0.8121510744094849,0.42498645186424255,0.3997463881969452,-2.1649560928344727,0.43293440341949463,-0.0203341543674469,0.9011960625648499,-0.6779402494430542,0.3911246359348297,0.9049713015556335,-0.1674768626689911,-1.3022584915161133,0.0,0.0,0.0,1.0
-0.8182492256164551,0.4176015555858612,0.3950660824775696,-2.1514768600463867,0.4281594157218933,-0.015867620706558228,0.9035638570785522,-0.6353235244750977,0.3835984170436859,0.9084917306900024,-0.16581636667251587,-1.325322151184082,0.0,0.0,0.0,1.0
-0.8225027322769165,0.41468238830566406,0.38926568627357483,-2.1434364318847656,0.42234599590301514,-0.013085752725601196,0.9063403010368347,-0.6259440183639526,0.3809371888637543,0.9098721742630005,-0.1643763929605484,-1.3430404663085938,0.0,0.0,0.0,1.0
-0.822802722454071,0.41599875688552856,0.3872217833995819,-2.140105724334717,0.41923391819000244,-0.015746548771858215,0.9077416658401489,-0.6148236989974976,0.3837168216705322,0.9092288613319397,-0.16144448518753052,-1.3553568124771118,0.0,0.0,0.0,1.0
-0.8142428994178772,0.4177125096321106,0.40314364433288574,-2.1421709060668945,0.42455074191093445,-0.04516524076461792,0.9042769074440002,-0.6293497681617737,0.39593586325645447,0.9074559807777405,-0.1405646800994873,-1.4012764692306519,0.0,0.0,0.0,1.0
-0.7880655527114868,0.45591554045677185,0.413634717464447,-2.152538537979126,0.43822401762008667,-0.05641360580921173,0.8970937728881836,-0.688418447971344,0.4323336184024811,0.8882333636283875,-0.15533553063869476,-1.3099141120910645,0.0,0.0,0.0,1.0
-0.7889429330825806,0.45441463589668274,0.41361379623413086,-2.1431565284729004,0.4378163814544678,-0.05659128725528717,0.8972815871238708,-0.6729122400283813,0.4311448335647583,0.8889908194541931,-0.15430289506912231,-1.314090609550476,0.0,0.0,0.0,1.0
-0.7898828983306885,0.45299965143203735,0.4133719205856323,-2.1462721824645996,0.4381527304649353,-0.054748520255088806,0.8972316980361938,-0.6820755004882812,0.4290771782398224,0.8898279666900635,-0.15523812174797058,-1.3090014457702637,0.0,0.0,0.0,1.0
-0.7881320118904114,0.45433327555656433,0.4152459502220154,-2.1458771228790283,0.4389050602912903,-0.05814085900783539,0.8966503739356995,-0.6856123208999634,0.43152087926864624,0.888932466506958,-0.1535865068435669,-1.3087903261184692,0.0,0.0,0.0,1.0
-0.7890345454216003,0.452306866645813,0.41574397683143616,-2.1460065841674805,0.43913644552230835,-0.058012768626213074,0.8965454697608948,-0.6787039637565613,0.42963212728500366,0.8899736404418945,-0.15285034477710724,-1.3112448453903198,0.0,0.0,0.0,1.0
-0.7922579050064087,0.4456038773059845,0.41685089468955994,-2.141367197036743,0.43921005725860596,-0.05778507888317108,0.8965240716934204,-0.6813967227935791,0.42358237504959106,0.8933634161949158,-0.14993302524089813,-1.3127086162567139,0.0,0.0,0.0,1.0
-0.792228102684021,0.44366222620010376,0.4189731776714325,-2.145296573638916,0.4420093894004822,-0.056155115365982056,0.8952509760856628,-0.6989797353744507,0.4207165241241455,0.8944330811500549,-0.1516151875257492,-1.3144810199737549,0.0,0.0,0.0,1.0
-0.7936123609542847,0.44156956672668457,0.41856396198272705,-2.14406681060791,0.4418344497680664,-0.05468831956386566,0.8954281806945801,-0.7085285186767578,0.4182843565940857,0.8955588340759277,-0.15169931948184967,-1.3129521608352661,0.0,0.0,0.0,1.0
-0.7925347685813904,0.44294577836990356,0.4191511273384094,-2.1404366493225098,0.44113466143608093,-0.058152154088020325,0.8955548405647278,-0.7243745923042297,0.4210567772388458,0.894660472869873,-0.1493111401796341,-1.3107576370239258,0.0,0.0,0.0,1.0
-0.7972456216812134,0.43517419695854187,0.41835740208625793,-2.1052346229553223,0.44023051857948303,-0.05505409836769104,0.8961953520774841,-0.6509634852409363,0.4130333960056305,0.8986614942550659,-0.14768531918525696,-1.30874764919281,0.0,0.0,0.0,1.0
-0.8257994651794434,0.3870970606803894,0.41013550758361816,-2.0897014141082764,0.42088642716407776,-0.06103990972042084,0.9050573706626892,-0.5023565292358398,0.37537965178489685,0.9200162887573242,-0.11251717060804367,-1.3799183368682861,0.0,0.0,0.0,1.0
-0.8164619207382202,0.40583303570747375,0.41071829199790955,-2.1652822494506836,0.4249117076396942,-0.05931790918111801,0.9032891988754272,-0.575613260269165,0.3909475803375244,0.912020206451416,-0.12401239573955536,-1.3811323642730713,0.0,0.0,0.0,1.0
-0.8147110939025879,0.409079372882843,0.4109743535518646,-2.172652006149292,0.4243980348110199,-0.06229538470506668,0.9033302664756775,-0.5908463001251221,0.3951355814933777,0.910369873046875,-0.12285975366830826,-1.3768073320388794,0.0,0.0,0.0,1.0
-0.8169088959693909,0.4072073996067047,0.40846309065818787,-2.1589202880859375,0.42173391580581665,-0.06137864291667938,0.9046398401260376,-0.5630444884300232,0.3934469223022461,0.9112710356712341,-0.12159240245819092,-1.381335735321045,0.0,0.0,0.0,1.0
-0.8163952827453613,0.410508394241333,0.4061793088912964,-2.134901523590088,0.4195740520954132,-0.06165020912885666,0.9056251049041748,-0.5460647940635681,0.3968077600002289,0.9097704291343689,-0.12190772593021393,-1.38445246219635,0.0,0.0,0.0,1.0
-0.8167054653167725,0.410969614982605,0.4050878584384918,-2.1333999633789062,0.42098185420036316,-0.05579189956188202,0.9053516387939453,-0.5540621280670166,0.39467260241508484,0.9099403023719788,-0.12744520604610443,-1.3852368593215942,0.0,0.0,0.0,1.0
-0.8194389343261719,0.4095310866832733,0.4010038375854492,-2.1208503246307373,0.42037931084632874,-0.046159833669662476,0.906173586845398,-0.551552414894104,0.38961654901504517,0.9111276268959045,-0.13433323800563812,-1.3932253122329712,0.0,0.0,0.0,1.0
-0.8181973695755005,0.4089371860027313,0.4041329324245453,-2.133301019668579,0.4235263466835022,-0.04666554927825928,0.9046810865402222,-0.5740051865577698,0.38881680369377136,0.9113686084747314,-0.13501402735710144,-1.3874690532684326,0.0,0.0,0.0,1.0
-0.8178028464317322,0.41237860918045044,0.40142548084259033,-2.124037265777588,0.42356809973716736,-0.040910884737968445,0.9049400091171265,-0.570561945438385,0.38960057497024536,0.9100935459136963,-0.14121337234973907,-1.3900325298309326,0.0,0.0,0.0,1.0
-0.8205910325050354,0.4063566327095032,0.4018763303756714,-2.1144492626190186,0.42266321182250977,-0.04181939363479614,0.9053214192390442,-0.5621558427810669,0.384689599275589,0.9127570390701294,-0.13743537664413452,-1.393693208694458,0.0,0.0,0.0,1.0
-0.8230522274971008,0.4022407531738281,0.4009830951690674,-2.112729072570801,0.42470937967300415,-0.032876983284950256,0.9047325849533081,-0.5606735348701477,0.37710341811180115,0.9149433970451355,-0.14377596974372864,-1.3961434364318848,0.0,0.0,0.0,1.0
-0.8353699445724487,0.37087148427963257,0.4057231843471527,-2.0339670181274414,0.42798423767089844,-0.024344682693481445,0.9034582376480103,-0.44851014018058777,0.3449441194534302,0.9283650517463684,-0.13839034736156464,-1.4329791069030762,0.0,0.0,0.0,1.0
-0.8301407694816589,0.3773234188556671,0.4104793965816498,-2.0771474838256836,0.4256824254989624,-0.046547532081604004,0.9036746025085449,-0.4409809112548828,0.3600844144821167,0.9249109625816345,-0.12197893857955933,-1.434857726097107,0.0,0.0,0.0,1.0
-0.8295469284057617,0.3771358132362366,0.4118500351905823,-2.079373598098755,0.4266738295555115,-0.047764383256435394,0.9031434655189514,-0.45086389780044556,0.36027950048446655,0.9249255061149597,-0.12129119783639908,-1.4329586029052734,0.0,0.0,0.0,1.0
-0.8301935791969299,0.3761448264122009,0.4114532470703125,-2.0789260864257812,0.42642155289649963,-0.04693850874900818,0.9033058881759644,-0.4530291259288788,0.359086811542511,0.9253712296485901,-0.1214282289147377,-1.4331095218658447,0.0,0.0,0.0,1.0
-0.8310427069664001,0.37758535146713257,0.4084082543849945,-2.06815505027771,0.42374947667121887,-0.04581834375858307,0.9046198725700378,-0.4269848167896271,0.36028382182121277,0.92484050989151,-0.12192458659410477,-1.438714623451233,0.0,0.0,0.0,1.0
-0.8325450420379639,0.37921884655952454,0.4038090705871582,-2.0499632358551025,0.4199942946434021,-0.043214261531829834,0.9064972996711731,-0.3975227475166321,0.3612111806869507,0.9242973923683167,-0.12329191714525223,-1.4444215297698975,0.0,0.0,0.0,1.0
-0.8319042921066284,0.3786434531211853,0.40566542744636536,-2.0589985847473145,0.4212284982204437,-0.045015521347522736,0.9058367013931274,-0.4130299389362335,0.3612504005432129,0.924447238445282,-0.1220468133687973,-1.4404642581939697,0.0,0.0,0.0,1.0
-0.8347644805908203,0.37654632329940796,0.4017227292060852,-2.0256378650665283,0.41888928413391113,-0.039211854338645935,0.9071903228759766,-0.3659489154815674,0.35735148191452026,0.925567626953125,-0.1249985471367836,-1.4466848373413086,0.0,0.0,0.0,1.0
-0.8345307111740112,0.3762517273426056,0.402483731508255,-2.0346148014068604,0.41975149512290955,-0.039008237421512604,0.9068004488945007,-0.3853403627872467,0.3568854033946991,0.9256960153579712,-0.12537865340709686,-1.441122055053711,0.0,0.0,0.0,1.0
-0.8372706770896912,0.377762109041214,0.39531463384628296,-1.9681892395019531,0.41555312275886536,-0.030273690819740295,0.9090649485588074,-0.30020856857299805,0.3553779125213623,0.9254076480865479,-0.1316329389810562,-1.4384009838104248,0.0,0.0,0.0,1.0
-0.8362091183662415,0.37710848450660706,0.3981751501560211,-1.9447174072265625,0.41734230518341064,-0.033441007137298584,0.908133864402771,-0.2877950072288513,0.35578036308288574,0.9255651831626892,-0.12941965460777283,-1.4304653406143188,0.0,0.0,0.0,1.0
-0.8325841426849365,0.38944095373153687,0.39387741684913635,-1.9029330015182495,0.418983519077301,-0.02231709659099579,0.9077195525169373,-0.23910531401634216,0.3622933626174927,0.9207810163497925,-0.14458848536014557,-1.5176154375076294,0.0,0.0,0.0,1.0
-0.8237761855125427,0.394975483417511,0.40667814016342163,-2.016781806945801,0.42754799127578735,-0.03823336958885193,0.9031837582588196,-0.3622058033943176,0.3722841143608093,0.9178956747055054,-0.13737523555755615,-1.520874261856079,0.0,0.0,0.0,1.0
-0.824434220790863,0.39773374795913696,0.40263640880584717,-1.9874298572540283,0.42382073402404785,-0.03761178255081177,0.904964804649353,-0.3234265446662903,0.3750789165496826,0.9167296886444092,-0.13755936920642853,-1.5231609344482422,0.0,0.0,0.0,1.0
-0.8224612474441528,0.3953549861907959,0.408964604139328,-1.9890673160552979,0.4305259883403778,-0.03722609579563141,0.9018101692199707,-0.33950939774513245,0.371759295463562,0.9177737832069397,-0.13959357142448425,-1.5242407321929932,0.0,0.0,0.0,1.0
-0.8225290775299072,0.40109214186668396,0.4032008647918701,-1.9618990421295166,0.42375773191452026,-0.04061201214790344,0.9048646092414856,-0.3113422989845276,0.37930890917778015,0.915136992931366,-0.136561319231987,-1.5228369235992432,0.0,0.0,0.0,1.0
-0.8221809267997742,0.4020308256149292,0.4029761254787445,-1.9658331871032715,0.42445582151412964,-0.03870640695095062,0.9046209454536438,-0.31354451179504395,0.37928324937820435,0.9148076176643372,-0.13882066309452057,-1.527113437652588,0.0,0.0,0.0,1.0
-0.8210118412971497,0.4034093916416168,0.4039807617664337,-1.9630560874938965,0.42568013072013855,-0.03897736966609955,0.9040338397026062,-0.31705981492996216,0.3804418444633484,0.9141889810562134,-0.13972249627113342,-1.5279662609100342,0.0,0.0,0.0,1.0
-0.82073974609375,0.4019293189048767,0.40600383281707764,-1.9717916250228882,0.4269988238811493,-0.04056751728057861,0.9033417105674744,-0.3260676860809326,0.37955009937286377,0.9147716164588928,-0.13832798600196838,-1.5276628732681274,0.0,0.0,0.0,1.0
-0.8212283849716187,0.4029058814048767,0.4040430188179016,-1.9537453651428223,0.4247714877128601,-0.04112236201763153,0.904366135597229,-0.30672410130500793,0.3809896409511566,0.9143170714378357,-0.13737207651138306,-1.5296326875686646,0.0,0.0,0.0,1.0
-0.820848822593689,0.4026028513908386,0.40511494874954224,-1.9517712593078613,0.42592549324035645,-0.04106515645980835,0.9038258790969849,-0.31164342164993286,0.38051900267601013,0.9144531488418579,-0.13777054846286774,-1.5337893962860107,0.0,0.0,0.0,1.0
-0.8237171769142151,0.39669346809387207,0.40512266755104065,-1.9567722082138062,0.4259176254272461,-0.038739681243896484,0.9039322137832642,-0.31459125876426697,0.37427830696105957,0.9171333312988281,-0.13704819977283478,-1.5284346342086792,0.0,0.0,0.0,1.0
-0.8155126571655273,0.42337989807128906,0.3945738971233368,-1.8223334550857544,0.42326071858406067,-0.02865917980670929,0.905554473400116,-0.14338095486164093,0.39470174908638,0.9054988026618958,-0.15582814812660217,-1.5968097448349,0.0,0.0,0.0,1.0
-0.8184972405433655,0.4161244332790375,0.3961094617843628,-1.9321969747543335,0.4239415228366852,-0.027846530079841614,0.9052613973617554,-0.23469962179660797,0.387731671333313,0.9088811874389648,-0.15362012386322021,-1.5784448385238647,0.0,0.0,0.0,1.0
-0.8155264258384705,0.4181683659553528,0.4000647962093353,-1.912169098854065,0.427002876996994,-0.031811654567718506,0.9036905169487,-0.23125970363616943,0.39062148332595825,0.9078123569488525,-0.15261584520339966,-1.5863103866577148,0.0,0.0,0.0,1.0
-0.8147751092910767,0.41954588890075684,0.40015357732772827,-1.9079316854476929,0.42666372656822205,-0.03341931104660034,0.903792679309845,-0.24015183746814728,0.3925553560256958,0.9071187376976013,-0.1517757773399353,-1.5870040655136108,0.0,0.0,0.0,1.0
-0.8141189813613892,0.42019277811050415,0.40080952644348145,-1.9184622764587402,0.42765045166015625,-0.033099353313446045,0.9033380150794983,-0.26498711109161377,0.3928426504135132,0.9068309664726257,-0.15274882316589355,-1.5842676162719727,0.0,0.0,0.0,1.0
-0.812987744808197,0.4200795590877533,0.4032171666622162,-1.9281175136566162,0.4300713539123535,-0.033629342913627625,0.902168333530426,-0.27691519260406494,0.39254242181777954,0.9068639278411865,-0.1533239483833313,-1.5868024826049805,0.0,0.0,0.0,1.0
-0.8134929537773132,0.41832613945007324,0.40402036905288696,-1.9257696866989136,0.43057143688201904,-0.033774957060813904,0.9019243121147156,-0.2877487242221832,0.3909442722797394,0.9076687097549438,-0.1526435911655426,-1.588960886001587,0.0,0.0,0.0,1.0
-0.8133108615875244,0.4224342703819275,0.40009334683418274,-1.890419363975525,0.42730510234832764,-0.03303229808807373,0.9035038352012634,-0.2317953109741211,0.3948870003223419,0.9057914614677429,-0.15364278852939606,-1.5946792364120483,0.0,0.0,0.0,1.0
-0.8129876852035522,0.4189225435256958,0.4044192135334015,-1.9178764820098877,0.4312974214553833,-0.03337542712688446,0.9015922546386719,-0.28336259722709656,0.39119499921798706,0.9074083566665649,-0.15354642271995544,-1.5929676294326782,0.0,0.0,0.0,1.0
-0.8110184073448181,0.42221730947494507,0.4049464762210846,-1.9380556344985962,0.43068045377731323,-0.0375625342130661,0.9017224311828613,-0.31458619236946106,0.3959336280822754,0.905716061592102,-0.15137682855129242,-1.5903685092926025,0.0,0.0,0.0,1.0
-0.8153327107429504,0.4147487282752991,0.40400004386901855,-1.806345820426941,0.4313438832759857,-0.030352622270584106,0.9016768932342529,-0.14902174472808838,0.38623178005218506,0.9094296097755432,-0.15415185689926147,-1.6468369960784912,0.0,0.0,0.0,1.0
-0.8251491189002991,0.4008233845233917,0.3980823755264282,-1.8012632131576538,0.4274255335330963,-0.017781347036361694,0.9038757085800171,-0.09027177095413208,0.3693729639053345,0.915982723236084,-0.1566498875617981,-1.6346662044525146,0.0,0.0,0.0,1.0
-0.8239653706550598,0.403943806886673,0.3973795473575592,-1.7866617441177368,0.42670926451683044,-0.019091591238975525,0.9041873812675476,-0.07260941714048386,0.3728275001049042,0.9145845770835876,-0.15663574635982513,-1.6344329118728638,0.0,0.0,0.0,1.0
-0.8201887011528015,0.4046113193035126,0.4044504761695862,-1.7914135456085205,0.4329698383808136,-0.023080304265022278,0.9011128544807434,-0.11490656435489655,0.3739353120326996,0.9141974449157715,-0.15625429153442383,-1.6386173963546753,0.0,0.0,0.0,1.0
-0.8252502083778381,0.398946076631546,0.3997551202774048,-1.7911224365234375,0.4284781813621521,-0.018847912549972534,0.9033555388450623,-0.09374435245990753,0.36792466044425964,0.9167806506156921,-0.15538544952869415,-1.6337707042694092,0.0,0.0,0.0,1.0
-0.8190571069717407,0.40758389234542847,0.40375834703445435,-1.7912877798080444,0.432245671749115,-0.02435031533241272,0.9014270901679993,-0.11633827537298203,0.37723878026008606,0.9128431081771851,-0.1562320590019226,-1.6375701427459717,0.0,0.0,0.0,1.0
-0.8215897679328918,0.4022115468978882,0.4040001332759857,-1.7862114906311035,0.43207797408103943,-0.02295583486557007,0.9015440940856934,-0.09529902040958405,0.37188559770584106,0.9152589440345764,-0.15492646396160126,-1.635141134262085,0.0,0.0,0.0,1.0
-0.8176147937774658,0.4066813290119171,0.4075736701488495,-1.7910652160644531,0.43525123596191406,-0.026830360293388367,0.8999091386795044,-0.12853233516216278,0.37691161036491394,0.9131760001182556,-0.15507164597511292,-1.635079264640808,0.0,0.0,0.0,1.0
-0.8208572864532471,0.4037458300590515,0.40395864844322205,-1.7844011783599854,0.431352823972702,-0.025318175554275513,0.9018279910087585,-0.09452556818723679,0.37433677911758423,0.914520800113678,-0.15337428450584412,-1.6329597234725952,0.0,0.0,0.0,1.0
-0.8214032649993896,0.40459921956062317,0.40199029445648193,-1.7832605838775635,0.4299590289592743,-0.023826315999031067,0.9025338888168335,-0.09509189426898956,0.37474244832992554,0.9141836166381836,-0.15439008176326752,-1.6324570178985596,0.0,0.0,0.0,1.0
-0.8171235918998718,0.40852469205856323,0.40671443939208984,-1.7936487197875977,0.43378394842147827,-0.02891559898853302,0.9005528092384338,-0.1420370638370514,0.37965846061706543,0.9122892022132874,-0.153583824634552,-1.6361992359161377,0.0,0.0,0.0,1.0
-0.8195692300796509,0.39675992727279663,0.4133857786655426,-1.6880346536636353,0.44015270471572876,-0.02595476806163788,0.897547721862793,-0.11333509534597397,0.36684033274650574,0.9175553917884827,-0.15336322784423828,-1.7083698511123657,0.0,0.0,0.0,1.0
-0.8213220834732056,0.39696669578552246,0.4096919000148773,-1.6967607736587524,0.43404486775398254,-0.03117673099040985,0.9003515839576721,-0.050264179706573486,0.37018245458602905,0.9173033237457275,-0.14669521152973175,-1.686616063117981,0.0,0.0,0.0,1.0
-0.8227580189704895,0.3942872881889343,0.4093981385231018,-1.7050633430480957,0.4362552762031555,-0.023652926087379456,0.8995120525360107,-0.04766516014933586,0.3643496036529541,0.9186828136444092,-0.15254926681518555,-1.6931475400924683,0.0,0.0,0.0,1.0
-0.8229408860206604,0.39379316568374634,0.40950605273246765,-1.6960116624832153,0.43640685081481934,-0.023341715335845947,0.8994466066360474,-0.04193522036075592,0.3637545108795166,0.9189026951789856,-0.15264517068862915,-1.6975114345550537,0.0,0.0,0.0,1.0
-0.8220165967941284,0.3976781368255615,0.4076037108898163,-1.6926062107086182,0.43397486209869385,-0.02598339319229126,0.900550127029419,-0.03156324103474617,0.36872005462646484,0.917156994342804,-0.15122352540493011,-1.696838140487671,0.0,0.0,0.0,1.0
-0.8210591673851013,0.3984629213809967,0.40876540541648865,-1.6874786615371704,0.43459075689315796,-0.02796575427055359,0.9001937508583069,-0.03474295884370804,0.37012529373168945,0.9167580604553223,-0.1502067595720291,-1.6980611085891724,0.0,0.0,0.0,1.0
-0.8203378915786743,0.4018157124519348,0.4069273769855499,-1.6873124837875366,0.4330427050590515,-0.028299957513809204,0.9009290337562561,-0.030155014246702194,0.373523473739624,0.915283203125,-0.150787815451622,-1.6977354288101196,0.0,0.0,0.0,1.0
-0.8236919641494751,0.3994980454444885,0.4024088978767395,-1.685782790184021,0.42942672967910767,-0.023962289094924927,0.9027838110923767,-0.00931069627404213,0.3703029751777649,0.9164208769798279,-0.15181758999824524,-1.6994062662124634,0.0,0.0,0.0,1.0
-0.8224137425422668,0.4019036889076233,0.4026276469230652,-1.6857188940048218,0.42921116948127747,-0.02615860104560852,0.9028252363204956,-0.011557377874851227,0.37338098883628845,0.9153081774711609,-0.15098837018013,-1.697513461112976,0.0,0.0,0.0,1.0
-0.8197264075279236,0.40398457646369934,0.40601128339767456,-1.6761094331741333,0.43101778626441956,-0.031729862093925476,0.9017853736877441,-0.013437997549772263,0.3771900236606598,0.9142153263092041,-0.14811472594738007,-1.6998270750045776,0.0,0.0,0.0,1.0
-0.8233335614204407,0.4008813500404358,0.4017660617828369,-1.6846060752868652,0.42816829681396484,-0.02594435214996338,0.9033265113830566,-0.00874745100736618,0.37255027890205383,0.9157625436782837,-0.1502838134765625,-1.6956466436386108,0.0,0.0,0.0,1.0
-0.829386830329895,0.38285771012306213,0.40686294436454773,-1.5827237367630005,0.42629265785217285,-0.037017568945884705,0.9038276076316833,0.08499139547348022,0.36109843850135803,0.9230654239654541,-0.1325075477361679,-1.6450891494750977,0.0,0.0,0.0,1.0
-0.8309128880500793,0.37180328369140625,0.41393980383872986,-1.571620225906372,0.43072596192359924,-0.041123345494270325,0.9015453457832336,0.07472352683544159,0.3522201180458069,0.9274002909660339,-0.12597540020942688,-1.6299479007720947,0.0,0.0,0.0,1.0
-0.8306111097335815,0.3725682199001312,0.41385769844055176,-1.587870717048645,0.43225932121276855,-0.03714694082736969,0.9009839296340942,0.06347937881946564,0.3510515093803406,0.9272610545158386,-0.13019141554832458,-1.641213059425354,0.0,0.0,0.0,1.0
-0.8297505974769592,0.3730751574039459,0.4151252210140228,-1.5776783227920532,0.43259355425834656,-0.04009212553501129,0.9006971716880798,0.07730039954185486,0.35267096757888794,0.9269344806671143,-0.1281234472990036,-1.639029622077942,0.0,0.0,0.0,1.0
-0.8325231075286865,0.3697808086872101,0.4125136733055115,-1.5820848941802979,0.43053683638572693,-0.03673355281352997,0.9018251895904541,0.0709402784705162,0.34863072633743286,0.9283925890922546,-0.12862272560596466,-1.6341159343719482,0.0,0.0,0.0,1.0
-0.8310558795928955,0.37241557240486145,0.41310131549835205,-1.5733760595321655,0.43020811676979065,-0.04032987356185913,0.901828408241272,0.07738034427165985,0.35251525044441223,0.9271894097328186,-0.12669983506202698,-1.6311482191085815,0.0,0.0,0.0,1.0
-0.8302238583564758,0.37556135654449463,0.4119247794151306,-1.590781807899475,0.4308173656463623,-0.03662744164466858,0.9016955494880676,0.06222601234912872,0.3537297248840332,0.9260734915733337,-0.13138937950134277,-1.6373203992843628,0.0,0.0,0.0,1.0
-0.8329746723175049,0.37145158648490906,0.4100937843322754,-1.5837461948394775,0.4292140007019043,-0.033952489495277405,0.902564525604248,0.06866469234228134,0.34918272495269775,0.9278312921524048,-0.13115066289901733,-1.6327537298202515,0.0,0.0,0.0,1.0
-0.8334993720054626,0.3697180449962616,0.4105939567089081,-1.5795657634735107,0.42837396264076233,-0.03693057596683502,0.9028465747833252,0.07065651565790176,0.34896212816238403,0.92840975522995,-0.12759597599506378,-1.6241483688354492,0.0,0.0,0.0,1.0
-0.830830991268158,0.37495654821395874,0.411251038312912,-1.5912915468215942,0.4313572645187378,-0.03304120898246765,0.9015759229660034,0.050666723400354385,0.3516400158405304,0.9264533519744873,-0.13428857922554016,-1.6407374143600464,0.0,0.0,0.0,1.0
-0.8306880593299866,0.3755852282047272,0.41096600890159607,-1.5961599349975586,0.43124520778656006,-0.03278280794620514,0.9016389846801758,0.047865130007267,0.3521149158477783,0.9262079000473022,-0.134737029671669,-1.6374834775924683,0.0,0.0,0.0,1.0
-0.8399643898010254,0.3725675046443939,0.3945293128490448,-1.550872564315796,0.4092671275138855,-0.0424480214715004,0.9114267230033875,0.12307235598564148,0.35631492733955383,0.9270337820053101,-0.11682480573654175,-1.6385825872421265,0.0,0.0,0.0,1.0
-0.8415377736091614,0.36910852789878845,0.39442744851112366,-1.5490241050720215,0.4083418846130371,-0.043356820940971375,0.9117988348007202,0.13075140118598938,0.35365384817123413,0.9283744096755981,-0.11423605680465698,-1.6439969539642334,0.0,0.0,0.0,1.0
-0.8367516994476318,0.37244659662246704,0.40141019225120544,-1.545042634010315,0.41479000449180603,-0.04746072739362717,0.9086785912513733,0.12794478237628937,0.35748544335365295,0.9268392324447632,-0.11477428674697876,-1.6550238132476807,0.0,0.0,0.0,1.0
-0.8369407057762146,0.37473762035369873,0.3988759517669678,-1.54899263381958,0.4118344187736511,-0.048773378133773804,0.9099525213241577,0.13063357770442963,0.3604479432106018,0.9258471727371216,-0.1135094165802002,-1.6524776220321655,0.0,0.0,0.0,1.0
-0.83563232421875,0.37781116366386414,0.39871957898139954,-1.5475707054138184,0.4115763306617737,-0.05004706233739853,0.9100000858306885,0.12758293747901917,0.36376291513442993,0.9245290756225586,-0.11367719620466232,-1.6536632776260376,0.0,0.0,0.0,1.0
-0.8372934460639954,0.3755876421928406,0.3973331153392792,-1.5438570976257324,0.40974098443984985,-0.05012671649456024,0.9108235836029053,0.1328774094581604,0.3620111346244812,0.9254302978515625,-0.11192286759614944,-1.6560287475585938,0.0,0.0,0.0,1.0
-0.8398774862289429,0.37016239762306213,0.39697057008743286,-1.5369477272033691,0.40984970331192017,-0.04698910564184189,0.9109419584274292,0.14492931962013245,0.3558497130870819,0.927777886390686,-0.11224585771560669,-1.6573398113250732,0.0,0.0,0.0,1.0
-0.8383703231811523,0.36646366119384766,0.4035337567329407,-1.5427747964859009,0.4169682562351227,-0.045687586069107056,0.9077720046043396,0.1270817518234253,0.35110196471214294,0.9293099641799927,-0.11450058966875076,-1.6672686338424683,0.0,0.0,0.0,1.0
-0.8341549634933472,0.37559759616851807,0.4038712680339813,-1.5356696844100952,0.4129679799079895,-0.060024335980415344,0.908765435218811,0.12652328610420227,0.3655722141265869,0.9248371124267578,-0.10504017025232315,-1.6557503938674927,0.0,0.0,0.0,1.0
-0.8322167992591858,0.3744862675666809,0.40887072682380676,-1.5307689905166626,0.4190775752067566,-0.05798136442899704,0.9060971736907959,0.11092377454042435,0.3630278706550598,0.9254179000854492,-0.10868573933839798,-1.6643410921096802,0.0,0.0,0.0,1.0
-0.8373914957046509,0.3727935552597046,0.3997505009174347,-1.5099984407424927,0.4089620113372803,-0.05792967975139618,0.910710871219635,0.15360082685947418,0.3626645505428314,0.9261042475700378,-0.10394857823848724,-1.6509920358657837,0.0,0.0,0.0,1.0
-0.8479652404785156,0.35781756043434143,0.39105191826820374,-1.4937440156936646,0.40260976552963257,-0.0450640544295311,0.9142617583274841,0.16907604038715363,0.34476131200790405,0.9327034950256348,-0.10584809631109238,-1.6213725805282593,0.0,0.0,0.0,1.0
-0.8485336899757385,0.36104223132133484,0.3868321180343628,-1.5258289575576782,0.40234750509262085,-0.034571461379528046,0.9148339629173279,0.15722233057022095,0.34366706013679504,0.9319084286689758,-0.11592938750982285,-1.6104942560195923,0.0,0.0,0.0,1.0
-0.8496192693710327,0.3607787489891052,0.3846892714500427,-1.5274271965026855,0.40114322304725647,-0.031471461057662964,0.915474534034729,0.15324528515338898,0.3423905372619629,0.9321203231811523,-0.11798518151044846,-1.6160423755645752,0.0,0.0,0.0,1.0
-0.8527514338493347,0.35551178455352783,0.3826570510864258,-1.524704933166504,0.3991968631744385,-0.028847314417362213,0.9164113402366638,0.17327773571014404,0.3368336260318756,0.9342265725135803,-0.11731959879398346,-1.6138043403625488,0.0,0.0,0.0,1.0
-0.8505136966705322,0.36151453852653503,0.3820127248764038,-1.5206488370895386,0.3982169032096863,-0.031856730580329895,0.916737973690033,0.17284603416919708,0.34358373284339905,0.9318221211433411,-0.11686660349369049,-1.6147499084472656,0.0,0.0,0.0,1.0
-0.8538736701011658,0.3606701195240021,0.37525567412376404,-1.5116714239120483,0.39099976420402527,-0.03137682378292084,0.9198558330535889,0.21777024865150452,0.3435388207435608,0.9321655035018921,-0.11423009634017944,-1.607835292816162,0.0,0.0,0.0,1.0
-0.8526417016983032,0.36238113045692444,0.37640678882598877,-1.5057622194290161,0.3909079134464264,-0.03557781130075455,0.9197419285774231,0.226892352104187,0.3466888666152954,0.9313507080078125,-0.11132252216339111,-1.6217044591903687,0.0,0.0,0.0,1.0
-0.852240800857544,0.3656851649284363,0.3741123378276825,-1.5075709819793701,0.38746902346611023,-0.03926298767328262,0.921046257019043,0.22955864667892456,0.3515017330646515,0.9299100637435913,-0.10823015123605728,-1.6177728176116943,0.0,0.0,0.0,1.0
-0.8545724153518677,0.3564060628414154,0.3777311146259308,-1.5172230005264282,0.393740713596344,-0.029624223709106445,0.9187440872192383,0.21558620035648346,0.3386359214782715,0.9338613748550415,-0.11501554399728775,-1.6242250204086304,0.0,0.0,0.0,1.0
-0.8553076386451721,0.3535337448120117,0.3787647485733032,-1.5060783624649048,0.394596129655838,-0.02928120642900467,0.9183879494667053,0.22373396158218384,0.3357718288898468,0.9349633455276489,-0.1144586130976677,-1.6240235567092896,0.0,0.0,0.0,1.0
-0.8495773077011108,0.36296898126602173,0.38271650671958923,-1.5015113353729248,0.39494413137435913,-0.043196938931941986,0.9176890254020691,0.20436091721057892,0.3496248126029968,0.9307993650436401,-0.10665332525968552,-1.6201279163360596,0.0,0.0,0.0,1.0
-0.869124710559845,0.33770427107810974,0.36135604977607727,-1.4235501289367676,0.36900413036346436,-0.04374134540557861,0.9283979535102844,0.41138216853141785,0.3293301463127136,0.9402353763580322,-0.08659758418798447,-1.5673952102661133,0.0,0.0,0.0,1.0
-0.8709353804588318,0.32956382632255554,0.36449870467185974,-1.469361424446106,0.3759569227695465,-0.030761033296585083,0.9261264204978943,0.3505201041698456,0.31643012166023254,0.9436320662498474,-0.09711091965436935,-1.5713787078857422,0.0,0.0,0.0,1.0
-0.8707437515258789,0.32841572165489197,0.36598971486091614,-1.4740790128707886,0.37708398699760437,-0.03175602853298187,0.925634503364563,0.3385668098926544,0.3156152665615082,0.9439992904663086,-0.09618894010782242,-1.5675894021987915,0.0,0.0,0.0,1.0
-0.8733067512512207,0.3281170129776001,0.3601034879684448,-1.4518457651138306,0.37099772691726685,-0.031151123344898224,0.9281111359596252,0.3908970355987549,0.3157466650009155,0.9441233277320862,-0.09452617913484573,-1.5644465684890747,0.0,0.0,0.0,1.0
-0.8679751753807068,0.32891762256622314,0.3720649778842926,-1.4666982889175415,0.3834304213523865,-0.032258041203022,0.9230062365531921,0.3225889205932617,0.3155951201915741,0.9438074827194214,-0.09811783581972122,-1.5934407711029053,0.0,0.0,0.0,1.0
-0.8717158436775208,0.3270791471004486,0.3648707866668701,-1.4753657579421997,0.3774963617324829,-0.026496604084968567,0.9256318807601929,0.33866843581199646,0.3124227523803711,0.9446253180503845,-0.10037367790937424,-1.5811392068862915,0.0,0.0,0.0,1.0
-0.8683667778968811,0.33540064096450806,0.36530202627182007,-1.4651169776916504,0.37714964151382446,-0.031673185527324677,0.9256106019020081,0.3499317467212677,0.32202064990997314,0.9415429830551147,-0.09899228066205978,-1.5919742584228516,0.0,0.0,0.0,1.0
-0.8648217916488647,0.3436044156551361,0.3660863935947418,-1.4634816646575928,0.3775654435157776,-0.035544008016586304,0.9253004789352417,0.35022518038749695,0.3309495151042938,0.9384415745735168,-0.09899391978979111,-1.5908360481262207,0.0,0.0,0.0,1.0
-0.8667885661125183,0.3388974070549011,0.36582255363464355,-1.458040475845337,0.3778834044933319,-0.03230121731758118,0.9252895712852478,0.3455362915992737,0.32539474964141846,0.9402686953544617,-0.10006537288427353,-1.59718918800354,0.0,0.0,0.0,1.0
-0.8722632527351379,0.3385399281978607,0.35291293263435364,-1.4327175617218018,0.3624321222305298,-0.036991290748119354,0.9312757849693298,0.4437335133552551,0.3283287286758423,0.9402246475219727,-0.0904315933585167,-1.5720731019973755,0.0,0.0,0.0,1.0
-0.8693329095840454,0.3405809998512268,0.3581409752368927,-1.484268069267273,0.370194673538208,-0.031371138989925385,0.9284243583679199,0.35867366194725037,0.32743895053863525,0.9396916627883911,-0.09880930185317993,-1.5780411958694458,0.0,0.0,0.0,1.0
-0.8810405135154724,0.3401956260204315,0.328685998916626,-1.3594697713851929,0.334423691034317,-0.043476641178131104,0.9414194226264954,0.5425658226013184,0.3345569372177124,0.9393490552902222,-0.07546477764844894,-1.6889561414718628,0.0,0.0,0.0,1.0
-0.8742125630378723,0.3507178723812103,0.33578169345855713,-1.3921170234680176,0.344497948884964,-0.0393095463514328,0.9379636645317078,0.4494272470474243,0.34216007590293884,0.9356557130813599,-0.08645670115947723,-1.6795320510864258,0.0,0.0,0.0,1.0
-0.8776849508285522,0.3421631455421448,0.33554962277412415,-1.407531499862671,0.3442336320877075,-0.037024542689323425,0.9381537437438965,0.4529838263988495,0.3334251940250397,0.9389108419418335,-0.08528818190097809,-1.6821218729019165,0.0,0.0,0.0,1.0
-0.8761396408081055,0.34697866439819336,0.3346419632434845,-1.3704012632369995,0.3414122760295868,-0.043442413210868835,0.9389091730117798,0.498186320066452,0.34031906723976135,0.9368663430213928,-0.08040115237236023,-1.6638944149017334,0.0,0.0,0.0,1.0
-0.877259373664856,0.34502771496772766,0.3337242901325226,-1.3529800176620483,0.340638130903244,-0.04237046092748642,0.9392392635345459,0.5404248237609863,0.33820366859436035,0.9376357197761536,-0.08035971224308014,-1.6706116199493408,0.0,0.0,0.0,1.0
-0.878736674785614,0.3426414728164673,0.33229294419288635,-1.3626757860183716,0.3396016061306,-0.040380366146564484,0.9397021532058716,0.5203304290771484,0.3353990316390991,0.9385979771614075,-0.0808778926730156,-1.6641112565994263,0.0,0.0,0.0,1.0
-0.8789366483688354,0.34239429235458374,0.33201903104782104,-1.3340356349945068,0.33857786655426025,-0.04236114025115967,0.9399843811988831,0.5510939359664917,0.33590996265411377,0.9386009573936462,-0.07869436591863632,-1.6565210819244385,0.0,0.0,0.0,1.0
-0.8776571750640869,0.34612685441970825,0.3315328359603882,-1.31393563747406,0.3373243510723114,-0.04531356692314148,0.9402971863746643,0.5921071171760559,0.3404850661754608,0.9370927810668945,-0.07698724418878555,-1.657318353652954,0.0,0.0,0.0,1.0
-0.8758090138435364,0.34772318601608276,0.33473458886146545,-1.3897197246551514,0.34254541993141174,-0.040787339210510254,0.9386155009269714,0.4838094711303711,0.34003129601478577,0.9367096424102783,-0.08338906615972519,-1.6768704652786255,0.0,0.0,0.0,1.0
-0.8755321502685547,0.3475393056869507,0.33564868569374084,-1.370432734489441,0.3420334458351135,-0.044842153787612915,0.9386172890663147,0.5181063413619995,0.34125757217407227,0.9365925788879395,-0.07960931211709976,-1.6621228456497192,0.0,0.0,0.0,1.0
-0.87696772813797,0.34543389081954956,0.33407044410705566,-1.3102985620498657,0.3393382728099823,-0.047087229788303375,0.9394851326942444,0.5903304815292358,0.34026047587394714,0.9372610449790955,-0.07592495530843735,-1.659767985343933,0.0,0.0,0.0,1.0
-0.88339763879776,0.3454735279083252,0.31663331389427185,-1.312564730644226,0.3134988248348236,-0.06654104590415955,0.9472543001174927,0.6241078972816467,0.3483203947544098,0.9360663890838623,-0.04952334612607956,-1.7439336776733398,0.0,0.0,0.0,1.0
-0.8846277594566345,0.34682711958885193,0.3116804361343384,-1.320680022239685,0.3095880150794983,-0.06299017369747162,0.9487821459770203,0.5949504971504211,0.34869617223739624,0.9358115196228027,-0.05165066570043564,-1.7572985887527466,0.0,0.0,0.0,1.0
-0.8892151117324829,0.3400420546531677,0.30605214834213257,-1.2798042297363281,0.3049587607383728,-0.05810068920254707,0.9505916237831116,0.6692992448806763,0.34102296829223633,0.9386137127876282,-0.05203479528427124,-1.7415902614593506,0.0,0.0,0.0,1.0
-0.8869730830192566,0.338849276304245,0.3137832283973694,-1.3240913152694702,0.3141048550605774,-0.05545501410961151,0.9477673172950745,0.5577775239944458,0.3385511040687561,0.9392049312591553,-0.0572470985352993,-1.7887388467788696,0.0,0.0,0.0,1.0
-0.8869791030883789,0.34389299154281616,0.30822989344596863,-1.2614666223526,0.3069019317626953,-0.059786371886730194,0.9498614072799683,0.66605144739151,0.34507864713668823,0.9371036291122437,-0.05251216143369675,-1.7279877662658691,0.0,0.0,0.0,1.0
-0.8894495368003845,0.33967941999435425,0.30577340722084045,-1.307052493095398,0.30486205220222473,-0.05748693272471428,0.950659990310669,0.6309425830841064,0.34049761295318604,0.938782811164856,-0.05242364853620529,-1.7503420114517212,0.0,0.0,0.0,1.0
-0.8883213400840759,0.34009748697280884,0.30857565999031067,-1.2569289207458496,0.30639785528182983,-0.06156899407505989,0.9499103426933289,0.678236722946167,0.34206080436706543,0.9383724331855774,-0.049512092024087906,-1.7314260005950928,0.0,0.0,0.0,1.0
-0.8839970231056213,0.3421849012374878,0.3185257911682129,-1.3157366514205933,0.3164442777633667,-0.06354065239429474,0.9464806318283081,0.5904731750488281,0.3441106975078583,0.9374817609786987,-0.05211271345615387,-1.7689076662063599,0.0,0.0,0.0,1.0
-0.8831207752227783,0.34542083740234375,0.31746214628219604,-1.300228476524353,0.3139630854129791,-0.06767332553863525,0.9470203518867493,0.6331878900527954,0.3486042618751526,0.9360046982765198,-0.04868567734956741,-1.7577418088912964,0.0,0.0,0.0,1.0
-0.8852320909500122,0.3365427255630493,0.3210967183113098,-1.3104867935180664,0.31835678219795227,-0.06494159251451492,0.9457439184188843,0.6123248934745789,0.3391357660293579,0.9394261837005615,-0.049652278423309326,-1.7688462734222412,0.0,0.0,0.0,1.0
-0.887542188167572,0.3363772928714752,0.3148319721221924,-1.28233003616333,0.31118130683898926,-0.0662536770105362,0.9480382800102234,0.6326947808265686,0.3397573232650757,0.9393938183784485,-0.04587138444185257,-1.7350436449050903,0.0,0.0,0.0,1.0
-0.8966338038444519,0.3268243670463562,0.29872018098831177,-1.2495133876800537,0.28838735818862915,-0.0808660238981247,0.9540929794311523,0.7105330228805542,0.33597710728645325,0.9416190385818481,-0.02174481190741062,-1.8091591596603394,0.0,0.0,0.0,1.0
-0.8938137888908386,0.3375456929206848,0.29522836208343506,-1.2862201929092407,0.2852990925312042,-0.07989761233329773,0.9551025032997131,0.6883004903793335,0.3459787666797638,0.9379121661186218,-0.02488788589835167,-1.8146392107009888,0.0,0.0,0.0,1.0
-0.8941007852554321,0.33694109320640564,0.2950499951839447,-1.2772767543792725,0.2860715091228485,-0.07723238319158554,0.9550907611846924,0.6910715699195862,0.3445967137813568,0.9383527636528015,-0.02733571268618107,-1.826511263847351,0.0,0.0,0.0,1.0
-0.89007169008255,0.34117889404296875,0.3022736608982086,-1.2899484634399414,0.29104092717170715,-0.0849926695227623,0.9529278874397278,0.6671532392501831,0.35080990195274353,0.9361481070518494,-0.023647446185350418,-1.8264800310134888,0.0,0.0,0.0,1.0
-0.8930305242538452,0.332195907831192,0.30354949831962585,-1.2693665027618408,0.2965695858001709,-0.07285657525062561,0.9522280693054199,0.6569181084632874,0.3384418785572052,0.9403923153877258,-0.03345606103539467,-1.8418346643447876,0.0,0.0,0.0,1.0
-0.8892337679862976,0.33736881613731384,0.30894264578819275,-1.2642064094543457,0.2983453869819641,-0.08424904942512512,0.9507324695587158,0.6803340315818787,0.3467755913734436,0.937595009803772,-0.02573532797396183,-1.8351125717163086,0.0,0.0,0.0,1.0
-0.8906499743461609,0.3397795259952545,0.3021463453769684,-1.2516398429870605,0.2897300124168396,-0.08803591132164001,0.953050971031189,0.7181893587112427,0.35042694211006165,0.9363756775856018,-0.02003515511751175,-1.8161470890045166,0.0,0.0,0.0,1.0
-0.8873258233070374,0.33991503715515137,0.31162598729133606,-1.2477370500564575,0.2995094656944275,-0.08902425318956375,0.9499309062957764,0.6946069598197937,0.3506380319595337,0.9362331032752991,-0.022814253345131874,-1.8331652879714966,0.0,0.0,0.0,1.0
-0.8925945162773132,0.33434659242630005,0.30246883630752563,-1.2517235279083252,0.29091668128967285,-0.08542106300592422,0.9529274702072144,0.7211803793907166,0.34444528818130493,0.9385710954666138,-0.021020635962486267,-1.821927785873413,0.0,0.0,0.0,1.0
-0.8921284079551697,0.3346414268016815,0.30351606011390686,-1.2489475011825562,0.29198992252349854,-0.08556251227855682,0.9525864124298096,0.7148657441139221,0.344744473695755,0.9384530782699585,-0.021379172801971436,-1.820775032043457,0.0,0.0,0.0,1.0
-0.8947756886482239,0.3317621648311615,0.298848420381546,-1.2255216836929321,0.288362592458725,-0.08165911585092545,0.9540328979492188,0.7615036964416504,0.3409157395362854,0.9398221969604492,-0.02260120026767254,-1.8138519525527954,0.0,0.0,0.0,1.0
-0.8996508717536926,0.3139749765396118,0.30339425802230835,-1.2007436752319336,0.2866496443748474,-0.09940015524625778,0.952864944934845,0.8268620371818542,0.32933318614959717,0.9442136287689209,-0.0005753768491558731,-1.851036548614502,0.0,0.0,0.0,1.0
-0.9046570658683777,0.3071180582046509,0.2954220175743103,-1.2491012811660767,0.285045862197876,-0.07921604812145233,0.9552348256111145,0.7418473362922668,0.3167720437049866,0.9483687877655029,-0.015879368409514427,-1.8660773038864136,0.0,0.0,0.0,1.0
-0.9051642417907715,0.3045499622821808,0.29652485251426697,-1.2400093078613281,0.2837996184825897,-0.08633319288492203,0.9549891948699951,0.7826201319694519,0.3164418935775757,0.9485757350921631,-0.008285444229841232,-1.8535374402999878,0.0,0.0,0.0,1.0
-0.90345299243927,0.3082977831363678,0.29786792397499084,-1.233860731124878,0.2842895984649658,-0.08918903768062592,0.9545809626579285,0.7844144701957703,0.32086172699928284,0.9470996856689453,-0.007067746017128229,-1.8508416414260864,0.0,0.0,0.0,1.0
-0.9031742811203003,0.3098561763763428,0.2970949113368988,-1.2329729795455933,0.2851180136203766,-0.08438204973936081,0.9547708630561829,0.7751309871673584,0.32091110944747925,0.9470314979553223,-0.01213387493044138,-1.8651200532913208,0.0,0.0,0.0,1.0
-0.8996694087982178,0.3141879141330719,0.3031187653541565,-1.2165696620941162,0.2881869375705719,-0.09414578974246979,0.9529348611831665,0.8009953498840332,0.3279379606246948,0.9446812272071838,-0.005844767205417156,-1.8490002155303955,0.0,0.0,0.0,1.0
-0.8984859585762024,0.317529559135437,0.3031467795372009,-1.215865969657898,0.2891788184642792,-0.0914686769247055,0.9528951048851013,0.8132650852203369,0.33030080795288086,0.9438265562057495,-0.00963949877768755,-1.8607673645019531,0.0,0.0,0.0,1.0
-0.8985069394111633,0.31768807768821716,0.30291858315467834,-1.2212131023406982,0.289411336183548,-0.09011726826429367,0.9529532790184021,0.8038020730018616,0.3300400972366333,0.9439032077789307,-0.010971532203257084,-1.867167353630066,0.0,0.0,0.0,1.0
-0.8976996541023254,0.31770873069763184,0.3052809238433838,-1.201898455619812,0.2910500168800354,-0.09259432554244995,0.9522165060043335,0.841923177242279,0.3307947814464569,0.9436563849449158,-0.009347233921289444,-1.8652302026748657,0.0,0.0,0.0,1.0
-0.9023039937019348,0.3128715455532074,0.29657870531082153,-1.1816643476486206,0.2833007276058197,-0.0882122591137886,0.9549656510353088,0.8440531492233276,0.3249434232711792,0.9456902742385864,-0.00904245674610138,-1.862587571144104,0.0,0.0,0.0,1.0
-0.9035528302192688,0.31062835454940796,0.295131117105484,-1.1863572597503662,0.2833452522754669,-0.08351871371269226,0.9553743004798889,0.827203631401062,0.3214152753353119,0.9468551278114319,-0.012551500461995602,-1.8732088804244995,0.0,0.0,0.0,1.0
-0.9143677949905396,0.27811625599861145,0.29424965381622314,-1.1199134588241577,0.2746698558330536,-0.10785925388336182,0.9554699659347534,1.139471173286438,0.29746928811073303,0.9544724225997925,0.022232867777347565,-1.8104974031448364,0.0,0.0,0.0,1.0
-0.9110094308853149,0.2851994037628174,0.29786416888237,-1.1730931997299194,0.2759561538696289,-0.11513998359441757,0.9542489051818848,1.0857042074203491,0.306447297334671,0.9515271782875061,0.026191076263785362,-1.7968038320541382,0.0,0.0,0.0,1.0
-0.9101132750511169,0.28701233863830566,0.29886069893836975,-1.174501895904541,0.27628856897354126,-0.11717532575130463,0.953904926776886,1.0837891101837158,0.3088015615940094,0.9507333040237427,0.0273445975035429,-1.7933456897735596,0.0,0.0,0.0,1.0
-0.9099782109260559,0.2886740267276764,0.29766929149627686,-1.1784272193908691,0.27495402097702026,-0.11728385835886002,0.9542770981788635,1.0705478191375732,0.3103868067264557,0.9502167105674744,0.027353672310709953,-1.7863810062408447,0.0,0.0,0.0,1.0
-0.9091904163360596,0.2882000803947449,0.3005220890045166,-1.1870994567871094,0.27724117040634155,-0.11948398500680923,0.9533419609069824,1.0535327196121216,0.31066080927848816,0.9500864744186401,0.02873275987803936,-1.7879376411437988,0.0,0.0,0.0,1.0
-0.9087263941764832,0.29209572076797485,0.2981550693511963,-1.1822288036346436,0.2741222083568573,-0.1210300475358963,0.9540485739707947,1.0740317106246948,0.314759224653244,0.9487000107765198,0.029913280159235,-1.7732280492782593,0.0,0.0,0.0,1.0
-0.9082940816879272,0.293039470911026,0.29854604601860046,-1.1848924160003662,0.2741393744945526,-0.12211810052394867,0.9539050459861755,1.0785428285598755,0.3159897029399872,0.9482695460319519,0.03058549016714096,-1.7705672979354858,0.0,0.0,0.0,1.0
-0.9094952940940857,0.28789663314819336,0.2998897135257721,-1.1926448345184326,0.2759077847003937,-0.12156371772289276,0.9534658789634705,1.0621157884597778,0.31095531582832336,0.9499146342277527,0.03112870827317238,-1.7717410326004028,0.0,0.0,0.0,1.0
-0.909479558467865,0.28866928815841675,0.2991940677165985,-1.1966753005981445,0.2747066617012024,-0.12291933596134186,0.9536389112472534,1.0588998794555664,0.31206297874450684,0.9495056867599487,0.032493237406015396,-1.7700047492980957,0.0,0.0,0.0,1.0
-0.910409688949585,0.28806209564208984,0.29694193601608276,-1.1931936740875244,0.2729056477546692,-0.1212770864367485,0.9543659687042236,1.082322359085083,0.31092891097068787,0.9499010443687439,0.03179805725812912,-1.7700141668319702,0.0,0.0,0.0,1.0
-0.9099199771881104,0.28613919019699097,0.30028319358825684,-1.1996710300445557,0.2765199840068817,-0.12113618850708008,0.9533429145812988,1.0492902994155884,0.3091639578342438,0.9505000710487366,0.031101031228899956,-1.7788987159729004,0.0,0.0,0.0,1.0
-0.9226065874099731,0.2508288323879242,0.2930562496185303,-1.1181049346923828,0.2744748294353485,-0.10693026334047318,0.9556304216384888,1.4373459815979004,0.2710362672805786,0.9621074795722961,0.029808364808559418,-1.778041958808899,0.0,0.0,0.0,1.0
-0.921607494354248,0.24767453968524933,0.29882606863975525,-1.0919227600097656,0.2806984484195709,-0.10639249533414841,0.9538810849189758,1.4440621137619019,0.2680448889732361,0.9629839062690735,0.028530258685350418,-1.773930311203003,0.0,0.0,0.0,1.0
-0.9222886562347412,0.24911300837993622,0.2955103814601898,-1.0686334371566772,0.2769322395324707,-0.10742607712745667,0.954865574836731,1.5072678327560425,0.26961496472358704,0.9624980092048645,0.030090438202023506,-1.775477409362793,0.0,0.0,0.0,1.0
-0.9240811467170715,0.2421078383922577,0.29573285579681396,-1.0560797452926636,0.27531108260154724,-0.11503848433494568,0.9544475078582764,1.5154356956481934,0.2650998532772064,0.9634053707122803,0.039649926126003265,-1.7757306098937988,0.0,0.0,0.0,1.0
-0.923031210899353,0.24593941867351532,0.2958498001098633,-1.0439649820327759,0.2750452160835266,-0.11584760993719101,0.9544262290000916,1.53621244430542,0.26900455355644226,0.9623373746871948,0.039286501705646515,-1.7748048305511475,0.0,0.0,0.0,1.0
-0.923574686050415,0.24418629705905914,0.29560586810112,-1.0572866201400757,0.275449275970459,-0.11374986171722412,0.9545620083808899,1.49406099319458,0.2667160928249359,0.9630337357521057,0.03779555484652519,-1.7797099351882935,0.0,0.0,0.0,1.0
-0.9238425493240356,0.24206042289733887,0.2965160012245178,-1.0521438121795654,0.2768422067165375,-0.1124168261885643,0.9543169736862183,1.5120490789413452,0.2643357515335083,0.9637267589569092,0.03684290498495102,-1.7831077575683594,0.0,0.0,0.0,1.0
-0.9236173033714294,0.24299708008766174,0.29645147919654846,-1.04860258102417,0.27684491872787476,-0.11203071475028992,0.9543615579605103,1.5169416666030884,0.2651187479496002,0.9635359644889832,0.036201003938913345,-1.7776391506195068,0.0,0.0,0.0,1.0
-0.9225237369537354,0.24477486312389374,0.2983875870704651,-1.0649807453155518,0.27977320551872253,-0.10843194276094437,0.953923225402832,1.490268349647522,0.2658511996269226,0.9634977579116821,0.031549591571092606,-1.7797762155532837,0.0,0.0,0.0,1.0
-0.923122763633728,0.24171753227710724,0.29902681708335876,-1.0527613162994385,0.28024595975875854,-0.10950413346290588,0.9536619186401367,1.5341860055923462,0.26326146721839905,0.9641480445861816,0.033345405012369156,-1.770315170288086,0.0,0.0,0.0,1.0
-0.9229111671447754,0.24090446531772614,0.3003332018852234,-1.0607372522354126,0.2819696366786957,-0.10823510587215424,0.9532986283302307,1.518195390701294,0.2621604800224304,0.9644947648048401,0.031963642686605453,-1.7714697122573853,0.0,0.0,0.0,1.0
-0.9201931953430176,0.24757957458496094,0.3032306730747223,-1.0442484617233276,0.28467586636543274,-0.10848964750766754,0.9524650573730469,1.4185631275177002,0.2687082588672638,0.9627742171287537,0.02935151383280754,-1.7567062377929688,0.0,0.0,0.0,1.0
-0.9185606837272644,0.2557333707809448,0.30140772461891174,-1.0664949417114258,0.2834448218345642,-0.10533027350902557,0.9531865119934082,1.359004020690918,0.27550897002220154,0.960992157459259,0.024265944957733154,-1.759320616722107,0.0,0.0,0.0,1.0
-0.9193209409713745,0.2529219686985016,0.30146223306655884,-1.0505017042160034,0.2832091748714447,-0.10662326216697693,0.953112781047821,1.3903290033340454,0.27320605516433716,0.9615934491157532,0.026391170918941498,-1.7548000812530518,0.0,0.0,0.0,1.0
-0.9183131456375122,0.25398552417755127,0.30363181233406067,-1.0421621799468994,0.28488439321517944,-0.10853071510791779,0.9523979425430298,1.4298640489578247,0.27484869956970215,0.9610995650291443,0.027308670803904533,-1.7516263723373413,0.0,0.0,0.0,1.0
-0.9180511236190796,0.2530892789363861,0.3051687180995941,-1.046595811843872,0.28611353039741516,-0.10990109294652939,0.9518722295761108,1.3863592147827148,0.2744470238685608,0.9611803293228149,0.028482554480433464,-1.7515426874160767,0.0,0.0,0.0,1.0
-0.9173048138618469,0.25134778022766113,0.30883029103279114,-1.037804365158081,0.28914394974708557,-0.11277921497821808,0.9506190419197083,1.4182417392730713,0.2737656235694885,0.9613038897514343,0.030777232721447945,-1.748486042022705,0.0,0.0,0.0,1.0
-0.9186241030693054,0.24835163354873657,0.3073292672634125,-1.0368821620941162,0.2874525189399719,-0.11362491548061371,0.9510312080383301,1.4351615905761719,0.2711104154586792,0.961982786655426,0.03298928216099739,-1.7513066530227661,0.0,0.0,0.0,1.0
-0.9169777035713196,0.25218114256858826,0.3091222047805786,-1.0453811883926392,0.2901736795902252,-0.11013339459896088,0.9506155252456665,1.3889580965042114,0.2737720012664795,0.961392343044281,0.027813531458377838,-1.760711908340454,0.0,0.0,0.0,1.0
-0.9174717664718628,0.24971754848957062,0.3096558749675751,-1.0350743532180786,0.2903328537940979,-0.11179234087467194,0.9503732323646545,1.4458673000335693,0.27194204926490784,0.9618438482284546,0.030065113678574562,-1.75849449634552,0.0,0.0,0.0,1.0
-0.9176704287528992,0.24984285235404968,0.30896520614624023,-1.0365008115768433,0.2896062731742859,-0.11181725561618805,0.9505919814109802,1.4292629957199097,0.2720462679862976,0.961808443069458,0.030255340039730072,-1.7584937810897827,0.0,0.0,0.0,1.0
-0.9175620675086975,0.24929741024971008,0.30972665548324585,-1.0428986549377441,0.2905515730381012,-0.11132526397705078,0.9503612518310547,1.3951648473739624,0.2714029848575592,0.9620070457458496,0.029714087024331093,-1.7579177618026733,0.0,0.0,0.0,1.0
-0.9286782741546631,0.22079633176326752,0.29800277948379517,-1.0762383937835693,0.28740599751472473,-0.07943399250507355,0.9545092582702637,1.7566487789154053,0.2344236969947815,0.972079873085022,0.010310429148375988,-1.852939248085022,0.0,0.0,0.0,1.0
-0.9308093786239624,0.2246304303407669,0.2883315980434418,-1.0988861322402954,0.2785874307155609,-0.0746443048119545,0.9575057625770569,1.7645381689071655,0.23660723865032196,0.9715808629989624,0.006900399457663298,-1.840409278869629,0.0,0.0,0.0,1.0
-0.9304317235946655,0.2280786633491516,0.28683966398239136,-1.1042076349258423,0.2766190767288208,-0.07629728317260742,0.9579460620880127,1.7526497840881348,0.24037215113639832,0.9706486463546753,0.007898508571088314,-1.8479305505752563,0.0,0.0,0.0,1.0
-0.9300811886787415,0.23183897137641907,0.28495559096336365,-1.107977271080017,0.27469170093536377,-0.07612361758947372,0.9585143327713013,1.715172290802002,0.24391281604766846,0.9697710871696472,0.007116896100342274,-1.8465633392333984,0.0,0.0,0.0,1.0
-0.9301641583442688,0.23199106752872467,0.2845606803894043,-1.1021841764450073,0.27367672324180603,-0.0785311609506607,0.9586103558540344,1.719851016998291,0.2447359263896942,0.9695426225662231,0.009556314907968044,-1.8425899744033813,0.0,0.0,0.0,1.0
-0.9301500916481018,0.2346915304660797,0.28238388895988464,-1.0981125831604004,0.27161598205566406,-0.07770590484142303,0.9592635035514832,1.7282910346984863,0.2470739185810089,0.9689590334892273,0.008532184176146984,-1.845643401145935,0.0,0.0,0.0,1.0
-0.9301319122314453,0.23277346789836884,0.28402677178382874,-1.1175873279571533,0.27318456768989563,-0.07827042043209076,0.9587721228599548,1.676227331161499,0.2454076111316681,0.969376266002655,0.00921169575303793,-1.8414156436920166,0.0,0.0,0.0,1.0
-0.9296686053276062,0.2359091341495514,0.28295451402664185,-1.0914314985275269,0.27155929803848267,-0.08017830550670624,0.9590761065483093,1.7472864389419556,0.24894161522388458,0.9684618711471558,0.010475932620465755,-1.8394145965576172,0.0,0.0,0.0,1.0
-0.9299946427345276,0.23282606899738312,0.2844327986240387,-1.11920166015625,0.2726788818836212,-0.08191005885601044,0.9586120247840881,1.6990411281585693,0.24648776650428772,0.9690628051757812,0.01268916018307209,-1.833735466003418,0.0,0.0,0.0,1.0
-0.9305040836334229,0.23000769317150116,0.2850588858127594,-1.1082301139831543,0.27385687828063965,-0.07994316518306732,0.958442211151123,1.7153886556625366,0.24323761463165283,0.9698998332023621,0.011398253031075,-1.8311071395874023,0.0,0.0,0.0,1.0
-0.9315187335014343,0.22628916800022125,0.2847209870815277,-1.0974807739257812,0.2732260525226593,-0.08127962797880173,0.9585098624229431,1.7436875104904175,0.24004241824150085,0.9706631302833557,0.01388540305197239,-1.8172398805618286,0.0,0.0,0.0,1.0
-0.9402033686637878,0.19750156998634338,0.27750805020332336,-1.0745906829833984,0.27173301577568054,-0.05632384121417999,0.9607230424880981,2.0177805423736572,0.205374613404274,0.9786831140518188,-0.000711828179191798,-1.9480576515197754,0.0,0.0,0.0,1.0
-0.9409725666046143,0.18931414186954498,0.280590295791626,-1.0387318134307861,0.27572497725486755,-0.05212094262242317,0.9598224759101868,2.1465628147125244,0.19633258879184723,0.9805322885513306,-0.0031542626675218344,-1.963748574256897,0.0,0.0,0.0,1.0
-0.9407105445861816,0.19000738859176636,0.28099963068962097,-1.036649465560913,0.2762836217880249,-0.05143032968044281,0.9596990346908569,2.1456921100616455,0.1968018114566803,0.9804346561431885,-0.004114873241633177,-1.962338924407959,0.0,0.0,0.0,1.0
-0.9406350255012512,0.18821577727794647,0.2824545204639435,-1.0224140882492065,0.2778548300266266,-0.050954192876815796,0.959270715713501,2.1654884815216064,0.19494213163852692,0.980804979801178,-0.004367365036159754,-1.9624258279800415,0.0,0.0,0.0,1.0
-0.9416484236717224,0.20375016331672668,0.26792579889297485,-1.0493978261947632,0.264260470867157,-0.04551190510392189,0.9633769392967224,2.095339059829712,0.20848201215267181,0.9779645204544067,-0.010986905544996262,-1.9818098545074463,0.0,0.0,0.0,1.0
-0.9417312741279602,0.20700713992118835,0.26512283086776733,-1.050601601600647,0.2615034282207489,-0.045171648263931274,0.9641448855400085,2.11224102973938,0.211560919880867,0.977295994758606,-0.011593522503972054,-1.978474736213684,0.0,0.0,0.0,1.0
-0.9421685934066772,0.2107272446155548,0.26059985160827637,-1.0510845184326172,0.2571086585521698,-0.04429752379655838,0.9653666615486145,2.0865962505340576,0.21497300267219543,0.9765406847000122,-0.012444060295820236,-1.9655399322509766,0.0,0.0,0.0,1.0
-0.9420067667961121,0.21123233437538147,0.2607761025428772,-1.0488622188568115,0.2571179270744324,-0.04510368034243584,0.9653269648551941,2.099954843521118,0.21567021310329437,0.9763946533203125,-0.011823650449514389,-1.9613538980484009,0.0,0.0,0.0,1.0
-0.9420996904373169,0.21118594706058502,0.26047778129577637,-1.0503787994384766,0.2566561698913574,-0.04580755904316902,0.965416669845581,2.0932276248931885,0.2158142775297165,0.9763719439506531,-0.011046884581446648,-1.9658923149108887,0.0,0.0,0.0,1.0
-0.9419670104980469,0.21042512357234955,0.2615710496902466,-1.043054223060608,0.2565552890300751,-0.05129281431436539,0.9651675820350647,2.0786800384521484,0.21651223301887512,0.9762634634971619,-0.005669537931680679,-1.951349139213562,0.0,0.0,0.0,1.0
-0.9400193095207214,0.2178722620010376,0.2624792754650116,-1.0374354124069214,0.25658124685287476,-0.05545848235487938,0.9649302363395691,2.0280425548553467,0.22478824853897095,0.9744003415107727,-0.003769895527511835,-1.9423712491989136,0.0,0.0,0.0,1.0
-0.9500424861907959,0.19162729382514954,0.24637006223201752,-1.0203229188919067,0.24102291464805603,-0.051105428487062454,0.9691729545593262,2.0349843502044678,0.19831083714962006,0.9801363348960876,0.0023657605051994324,-1.9923033714294434,0.0,0.0,0.0,1.0
-0.9502092599868774,0.19235582649707794,0.2451564073562622,-1.0400930643081665,0.24346868693828583,-0.032739557325839996,0.9693560004234314,2.071319341659546,0.1944875866174698,0.9807789325714111,-0.015723194926977158,-2.0055887699127197,0.0,0.0,0.0,1.0
-0.9504842162132263,0.19780780375003815,0.2396911233663559,-0.9958153367042542,0.23900668323040009,-0.027691718190908432,0.9706230163574219,2.0629630088806152,0.19863426685333252,0.9798495769500732,-0.020956844091415405,-2.000858783721924,0.0,0.0,0.0,1.0
-0.9479923248291016,0.2144138067960739,0.23523885011672974,-0.944827139377594,0.234744593501091,-0.028140366077423096,0.9716496467590332,2.0543875694274902,0.21495480835437775,0.9763374328613281,-0.02365562692284584,-1.9842479228973389,0.0,0.0,0.0,1.0
-0.9460222721099854,0.21936579048633575,0.23858022689819336,-0.9301027059555054,0.23760710656642914,-0.03120972402393818,0.9708598256111145,2.029026746749878,0.22041945159435272,0.9751433730125427,-0.0225977785885334,-1.9817585945129395,0.0,0.0,0.0,1.0
-0.9458873867988586,0.21996934711933136,0.23855924606323242,-0.928250789642334,0.23750442266464233,-0.03163115680217743,0.9708712697029114,2.0076096057891846,0.2211078405380249,0.9749937653541565,-0.022324180230498314,-1.9912705421447754,0.0,0.0,0.0,1.0
-0.9469631910324097,0.2082897424697876,0.24469582736492157,-0.9303491115570068,0.2425440400838852,-0.03621659427881241,0.969464123249054,1.978027105331421,0.2107914835214615,0.9773963689804077,-0.016223648563027382,-1.9976725578308105,0.0,0.0,0.0,1.0
-0.9462494254112244,0.21260739862918854,0.24374204874038696,-0.948546826839447,0.24062012135982513,-0.04084765911102295,0.969759464263916,1.971567153930664,0.21613432466983795,0.9762835502624512,-0.012505540624260902,-1.9935816526412964,0.0,0.0,0.0,1.0
-0.9448926448822021,0.21464760601520538,0.2471928596496582,-0.9344972372055054,0.24383646249771118,-0.04240936040878296,0.9688887000083923,1.9670491218566895,0.21845291554927826,0.9757703542709351,-0.012266622856259346,-2.0029213428497314,0.0,0.0,0.0,1.0
-0.9434841871261597,0.22538790106773376,0.242977112531662,-0.9686956405639648,0.23712502419948578,-0.05311053991317749,0.9700263142585754,1.9845964908599854,0.2315368354320526,0.9728204607963562,-0.003336158348247409,-1.9979045391082764,0.0,0.0,0.0,1.0
-0.9423186182975769,0.2286664992570877,0.24443264305591583,-0.9493651986122131,0.2390916347503662,-0.051220547407865524,0.9696451425552368,1.968173861503601,0.23424533009529114,0.9721564054489136,-0.0064061726443469524,-2.005232810974121,0.0,0.0,0.0,1.0
-0.9350467324256897,0.2627704441547394,0.23799008131027222,-0.6467881202697754,0.23319219052791595,-0.04977675527334213,0.9711558222770691,1.6535269021987915,0.26703742146492004,0.9635735154151917,-0.014732426963746548,-1.7489784955978394,0.0,0.0,0.0,1.0
-0.9444832801818848,0.21151073276996613,0.2514250576496124,-0.6896628737449646,0.2508264183998108,-0.03010907955467701,0.9675636887550354,1.7310818433761597,0.21222028136253357,0.976911723613739,-0.024614959955215454,-1.7896040678024292,0.0,0.0,0.0,1.0
-0.9444373846054077,0.21227926015853882,0.25094929337501526,-0.6885564923286438,0.25030195713043213,-0.030370062217116356,0.9676913619041443,1.735783338546753,0.21304215490818024,0.9767370223999023,-0.02445129305124283,-1.7908345460891724,0.0,0.0,0.0,1.0
-0.9447835087776184,0.21213984489440918,0.24976153671741486,-0.6969935297966003,0.24895676970481873,-0.030941832810640335,0.9680202603340149,1.734426498413086,0.21308372914791107,0.9767494201660156,-0.023580312728881836,-1.7907167673110962,0.0,0.0,0.0,1.0
-0.9447184801101685,0.21316909790039062,0.24913042783737183,-0.6919918060302734,0.24821801483631134,-0.031477898359298706,0.9681926369667053,1.7451436519622803,0.21423085033893585,0.9765081405639648,-0.023174656555056572,-1.7844043970108032,0.0,0.0,0.0,1.0
-0.9434141516685486,0.21929699182510376,0.2487541288137436,-0.6899333596229553,0.2478790134191513,-0.03195251524448395,0.9682639241218567,1.7505440711975098,0.22028568387031555,0.9751347899436951,-0.024214664474129677,-1.7808811664581299,0.0,0.0,0.0,1.0
-0.9415324330329895,0.22623805701732635,0.24966593086719513,-0.6859167218208313,0.24877789616584778,-0.032905805855989456,0.9680014252662659,1.749587059020996,0.22721421718597412,0.9735161066055298,-0.025301141664385796,-1.777404546737671,0.0,0.0,0.0,1.0
-0.9417194128036499,0.22615927457809448,0.24903108179569244,-0.6874303221702576,0.24797381460666656,-0.0335453525185585,0.9681857824325562,1.7654709815979004,0.22731803357601166,0.9735125303268433,-0.024491271004080772,-1.7755978107452393,0.0,0.0,0.0,1.0
-0.9418929219245911,0.22597458958625793,0.24854227900505066,-0.6844274401664734,0.2473980188369751,-0.03383888304233551,0.9683228731155396,1.7592662572860718,0.22722674906253815,0.9735453128814697,-0.024033064022660255,-1.7755553722381592,0.0,0.0,0.0,1.0
-0.9383517503738403,0.23517149686813354,0.2533581554889679,-0.6853018999099731,0.2511429488658905,-0.03984229266643524,0.967129647731781,1.7631144523620605,0.23753570020198822,0.9711369276046753,-0.021675582975149155,-1.7744357585906982,0.0,0.0,0.0,1.0
-0.9384931325912476,0.2336895763874054,0.254204124212265,-0.6788908839225769,0.25189152359962463,-0.04020940512418747,0.9669197797775269,1.7681163549423218,0.23618048429489136,0.9714794754981995,-0.02112817019224167,-1.7752206325531006,0.0,0.0,0.0,1.0
-0.9375866651535034,0.23623672127723694,0.25519290566444397,-0.6873462796211243,0.25256866216659546,-0.04183652251958847,0.9666740298271179,1.7585370540618896,0.2390402853488922,0.9707944393157959,-0.020440632477402687,-1.7752020359039307,0.0,0.0,0.0,1.0
-0.9443485736846924,0.2161862850189209,0.24793000519275665,-0.7127698063850403,0.24667561054229736,-0.033210389316082,0.9685289263725281,1.7837408781051636,0.2176165133714676,0.9757871627807617,-0.021965697407722473,-1.7625346183776855,0.0,0.0,0.0,1.0
-0.9444500207901001,0.21440733969211578,0.2490856945514679,-0.7144337296485901,0.2474217712879181,-0.03500818833708763,0.968275249004364,1.7667595148086548,0.21632534265518188,0.9761167764663696,-0.019985556602478027,-1.7695133686065674,0.0,0.0,0.0,1.0
-0.9449434876441956,0.2130340188741684,0.24839164316654205,-0.715512216091156,0.24675090610980988,-0.03469473496079445,0.9684576988220215,1.7764010429382324,0.21493230760097504,0.9764286279678345,-0.019781772047281265,-1.7638401985168457,0.0,0.0,0.0,1.0
-0.9454184770584106,0.2117556780576706,0.2476760745048523,-0.7188326716423035,0.2463931143283844,-0.032856836915016174,0.9686128497123718,1.780880331993103,0.21324710547924042,0.9767701029777527,-0.021111678332090378,-1.7595510482788086,0.0,0.0,0.0,1.0
-0.9453906416893005,0.2108830064535141,0.24852555990219116,-0.7181410789489746,0.2471504509449005,-0.03328726440668106,0.9684052467346191,1.7875598669052124,0.2124929279088974,0.9769443869590759,-0.020650364458560944,-1.7573442459106445,0.0,0.0,0.0,1.0
-0.9458083510398865,0.20972169935703278,0.24791808426380157,-0.7180908918380737,0.24704115092754364,-0.03079748898744583,0.9685154557228088,1.7922056913375854,0.21075396239757538,0.9772759675979614,-0.02268137037754059,-1.7542598247528076,0.0,0.0,0.0,1.0
-0.9453950524330139,0.2101217359304428,0.24915273487567902,-0.7141264081001282,0.24812868237495422,-0.03165997564792633,0.9682095646858215,1.7835239171981812,0.21133005619049072,0.9771624803543091,-0.02220604568719864,-1.7609760761260986,0.0,0.0,0.0,1.0
-0.9456231594085693,0.20915699005126953,0.2490987330675125,-0.7245479822158813,0.24760565161705017,-0.03372647613286972,0.9682736992835999,1.786510705947876,0.21092243492603302,0.9773003458976746,-0.01989591494202614,-1.7491824626922607,0.0,0.0,0.0,1.0
-0.9467676877975464,0.2054002285003662,0.24787431955337524,-0.7326316237449646,0.24633178114891052,-0.03346618264913559,0.9686076045036316,1.7761468887329102,0.20724762976169586,0.9781057238578796,-0.018911901861429214,-1.740124225616455,0.0,0.0,0.0,1.0
-0.9473891854286194,0.2019210010766983,0.24835795164108276,-0.7366368770599365,0.24756598472595215,-0.029582371935248375,0.9684193134307861,1.8026080131530762,0.20289121568202972,0.9789549708366394,-0.02196275070309639,-1.7218568325042725,0.0,0.0,0.0,1.0
-0.9480823278427124,0.20097513496875763,0.24647292494773865,-0.7438908815383911,0.2448236346244812,-0.033422939479351044,0.9689914584159851,1.8205840587615967,0.20298101007938385,0.9790260195732117,-0.017515765503048897,-1.6958664655685425,0.0,0.0,0.0,1.0
-0.9449039101600647,0.21556907892227173,0.24634648859500885,-0.7142394185066223,0.24446474015712738,-0.03578206151723862,0.9689977765083313,1.7898677587509155,0.21770073473453522,0.9758328199386597,-0.018888434395194054,-1.764075756072998,0.0,0.0,0.0,1.0
-0.9449036717414856,0.2148514837026596,0.24697360396385193,-0.7129437327384949,0.24504941701889038,-0.035980649292469025,0.9688426852226257,1.7859668731689453,0.21704356372356415,0.9759836792945862,-0.01865098439157009,-1.7631269693374634,0.0,0.0,0.0,1.0
-0.9450448751449585,0.2156742513179779,0.24571281671524048,-0.7178893089294434,0.24374495446681976,-0.03610469028353691,0.9691670536994934,1.7867141962051392,0.2178957760334015,0.9757976531982422,-0.018448960036039352,-1.7627074718475342,0.0,0.0,0.0,1.0
-0.944981038570404,0.21627630293369293,0.24542881548404694,-0.717953622341156,0.2434103637933731,-0.03635043278336525,0.9692419767379761,1.7878578901290894,0.21854552626609802,0.9756552577018738,-0.01829342357814312,-1.7597707509994507,0.0,0.0,0.0,1.0
-0.9445483684539795,0.21530863642692566,0.2479325830936432,-0.7173036336898804,0.2463165521621704,-0.0347466841340065,0.968566358089447,1.7967597246170044,0.21715553104877472,0.9759276509284973,-0.020214155316352844,-1.7539504766464233,0.0,0.0,0.0,1.0
-0.9447121620178223,0.21363355219364166,0.2487562596797943,-0.7176529169082642,0.2483765035867691,-0.029060792177915573,0.9682275056838989,1.8046482801437378,0.21407493948936462,0.9764814972877502,-0.02560747042298317,-1.741006851196289,0.0,0.0,0.0,1.0
-0.9446951746940613,0.21556293964385986,0.24715103209018707,-0.7285407781600952,0.24751096963882446,-0.02576434798538685,0.9685424566268921,1.8122007846832275,0.21514955163002014,0.9761500358581543,-0.029014738276600838,-1.7333595752716064,0.0,0.0,0.0,1.0
-0.9440726637840271,0.21663153171539307,0.2485910952091217,-0.7308391332626343,0.2496677190065384,-0.022836774587631226,0.9680622220039368,1.8259024620056152,0.21538983285427094,0.9759863018989563,-0.03252632915973663,-1.7249553203582764,0.0,0.0,0.0,1.0
-0.9433059692382812,0.21466679871082306,0.2531639039516449,-0.7207688689231873,0.25568246841430664,-0.016429122537374496,0.9666211605072021,1.8448448181152344,0.2116607427597046,0.9765491485595703,-0.03938884660601616,-1.706276774406433,0.0,0.0,0.0,1.0
-0.9427091479301453,0.21699681878089905,0.2534008324146271,-0.7131372094154358,0.25591301918029785,-0.016928602010011673,0.9665515422821045,1.8396594524383545,0.21402832865715027,0.9760255217552185,-0.039573557674884796,-1.7064402103424072,0.0,0.0,0.0,1.0
-0.9458286762237549,0.22558853030204773,0.23349077999591827,-0.6408262252807617,0.24083927273750305,0.005221813917160034,0.9705509543418884,1.5844532251358032,0.217725932598114,0.9742087125778198,-0.05926951766014099,-1.341650128364563,0.0,0.0,0.0,1.0
-0.9480836391448975,0.22511890530586243,0.22463075816631317,-0.6664095520973206,0.22708041965961456,-0.015299882739782333,0.9737558364868164,1.4992218017578125,0.22264766693115234,0.9742112159729004,-0.03661452606320381,-1.392613172531128,0.0,0.0,0.0,1.0
-0.9482721090316772,0.22516511380672455,0.22378714382648468,-0.6682980060577393,0.22618134319782257,-0.015450257807970047,0.973962664604187,1.4926683902740479,0.22275997698307037,0.9741981029510498,-0.03627710044384003,-1.3889048099517822,0.0,0.0,0.0,1.0
-0.9482004046440125,0.22468291223049164,0.22457429766654968,-0.6673421263694763,0.22736293077468872,-0.01373208686709404,0.9737132787704468,1.4968349933624268,0.2218606173992157,0.9743351936340332,-0.038063790649175644,-1.3878562450408936,0.0,0.0,0.0,1.0
-0.9499993324279785,0.2228194624185562,0.21875286102294922,-0.670071542263031,0.222942054271698,-0.006497122347354889,0.9748100638389587,1.4928646087646484,0.2186279147863388,0.974838137626648,-0.043503571301698685,-1.3885117769241333,0.0,0.0,0.0,1.0
-0.9493482708930969,0.2279391884803772,0.21629072725772858,-0.6716040968894958,0.2193077802658081,-0.012323420494794846,0.9755779504776001,1.4905002117156982,0.22503787279129028,0.9735974073410034,-0.038289617747068405,-1.3912057876586914,0.0,0.0,0.0,1.0
-0.9528018832206726,0.22221940755844116,0.20685036480426788,-0.68898606300354,0.21060562133789062,-0.006932049989700317,0.9775465130805969,1.46963369846344,0.21866372227668762,0.9749720692634583,-0.040195781737565994,-1.391433835029602,0.0,0.0,0.0,1.0
-0.95475834608078,0.22160623967647552,0.19831065833568573,-0.690505862236023,0.20293772220611572,-0.0019280686974525452,0.9791897535324097,1.4641364812850952,0.2173769325017929,0.9751343727111816,-0.043131425976753235,-1.3972253799438477,0.0,0.0,0.0,1.0
-0.9563561081886292,0.2216111421585083,0.1904507577419281,-0.7001808285713196,0.19478902220726013,-0.0023217052221298218,0.9808423519134521,1.4367480278015137,0.21780778467655182,0.9751323461532593,-0.04094703868031502,-1.401086449623108,0.0,0.0,0.0,1.0
-0.9563612341880798,0.22470425069332123,0.18676505982875824,-0.710372269153595,0.19135959446430206,-0.0013553984463214874,0.9815190434455872,1.4012937545776367,0.22080466151237488,0.9744260907173157,-0.04170306771993637,-1.4114418029785156,0.0,0.0,0.0,1.0
-0.9569689035415649,0.22673779726028442,0.1811087727546692,-0.7165656089782715,0.18643613159656525,0.0021196119487285614,0.9824647903442383,1.392767310142517,0.22237803041934967,0.9739535450935364,-0.044300518929958344,-1.417413353919983,0.0,0.0,0.0,1.0
-0.950003445148468,0.24612881243228912,0.19213011860847473,-0.6976585388183594,0.20645295083522797,0.03352075070142746,0.9778821468353271,1.5879640579223633,0.23424464464187622,0.9686572551727295,-0.08265884965658188,-1.2946504354476929,0.0,0.0,0.0,1.0
-0.9359863996505737,0.25340336561203003,0.24436885118484497,-0.6393201351165771,0.25723451375961304,0.018410436809062958,0.9661735892295837,1.7208236455917358,0.2403327077627182,0.9671855568885803,-0.08241600543260574,-1.2817373275756836,0.0,0.0,0.0,1.0
-0.9361838102340698,0.2540735602378845,0.24291250109672546,-0.6464042663574219,0.25632044672966003,0.020540639758110046,0.96637362241745,1.7193238735198975,0.24054041504859924,0.9669668078422546,-0.08435406535863876,-1.2773587703704834,0.0,0.0,0.0,1.0
-0.9372109770774841,0.2527056038379669,0.24036537110805511,-0.6464905738830566,0.25323188304901123,0.019178859889507294,0.9672154784202576,1.7152538299560547,0.23981082439422607,0.9673530459403992,-0.08196775615215302,-1.2836079597473145,0.0,0.0,0.0,1.0
-0.9374437928199768,0.25178638100624084,0.24042218923568726,-0.6373546719551086,0.2526988685131073,0.017109978944063187,0.967393696308136,1.7278335094451904,0.2394629269838333,0.9676315784454346,-0.07966576516628265,-1.28484046459198,0.0,0.0,0.0,1.0
-0.937579333782196,0.25016793608665466,0.24158011376857758,-0.6241364479064941,0.2534198760986328,0.01574191078543663,0.9672282934188843,1.7424837350845337,0.23816655576229095,0.9680744409561157,-0.07815682142972946,-1.2877612113952637,0.0,0.0,0.0,1.0
-0.9389559626579285,0.2482098788022995,0.23823009431362152,-0.623574435710907,0.24973827600479126,0.015476122498512268,0.9681897163391113,1.7431751489639282,0.23662737011909485,0.9685826301574707,-0.07651890814304352,-1.2855464220046997,0.0,0.0,0.0,1.0
-0.9390552043914795,0.24856574833393097,0.23746655881404877,-0.623500406742096,0.24916793406009674,0.01624472811818123,0.9683240652084351,1.748865008354187,0.23683461546897888,0.9684787392616272,-0.07718931138515472,-1.2881227731704712,0.0,0.0,0.0,1.0
-0.9403018355369568,0.24573485553264618,0.23547165095806122,-0.5975647568702698,0.24638731777668,0.014204498380422592,0.9690673351287842,1.7623869180679321,0.23478886485099792,0.969232976436615,-0.07390246540307999,-1.2915836572647095,0.0,0.0,0.0,1.0
-0.9401237368583679,0.24426531791687012,0.23770126700401306,-0.5939581990242004,0.2488565593957901,0.015400387346744537,0.9684179425239563,1.7659400701522827,0.23289018869400024,0.9695861339569092,-0.0752652958035469,-1.2922930717468262,0.0,0.0,0.0,1.0
-0.9413899779319763,0.24322715401649475,0.2337210327386856,-0.5963747501373291,0.24452334642410278,0.014768373221158981,0.9695308804512024,1.7615362405776978,0.23236456513404846,0.9698569178581238,-0.07337751239538193,-1.294707179069519,0.0,0.0,0.0,1.0
-0.9489213824272156,0.25131988525390625,0.19075243175029755,-0.6473494172096252,0.20228594541549683,0.020635128021240234,0.9791091084480286,1.644538402557373,0.24213339388370514,0.9676840901374817,-0.07041959464550018,-1.3197518587112427,0.0,0.0,0.0,1.0
-0.9438676834106445,0.2572609782218933,0.20719699561595917,-0.6950943470001221,0.22174474596977234,0.02855309098958969,0.9746865630149841,1.614077091217041,0.24483269453048706,0.9659200310707092,-0.08399661630392075,-1.293199062347412,0.0,0.0,0.0,1.0
-0.9439443945884705,0.25631311535835266,0.2080206274986267,-0.6950526833534241,0.22191746532917023,0.026207387447357178,0.9747132062911987,1.6065845489501953,0.24438010156154633,0.9662384986877441,-0.08161867409944534,-1.2904926538467407,0.0,0.0,0.0,1.0
-0.94419926404953,0.2558457851409912,0.20743855834007263,-0.6954177021980286,0.22124363481998444,0.02608003467321396,0.9748697876930237,1.6034785509109497,0.24400629103183746,0.9663658142089844,-0.08122898638248444,-1.2933260202407837,0.0,0.0,0.0,1.0
-0.9445263147354126,0.2567784786224365,0.20477989315986633,-0.6937505006790161,0.2181701958179474,0.024470273405313492,0.9756038784980774,1.6030049324035645,0.2455030381679535,0.9661604762077332,-0.07913422584533691,-1.294345736503601,0.0,0.0,0.0,1.0
-0.9449772238731384,0.25503677129745483,0.204876109957695,-0.695739209651947,0.21806873381137848,0.02425660565495491,0.9756318926811218,1.6049984693527222,0.2438524216413498,0.9666270613670349,-0.0785374864935875,-1.293139934539795,0.0,0.0,0.0,1.0
-0.9456861019134521,0.25403159856796265,0.20284408330917358,-0.6879348158836365,0.21531587839126587,0.021986164152622223,0.9762969017028809,1.5950552225112915,0.24355049431324005,0.9669459462165833,-0.07548904418945312,-1.3021501302719116,0.0,0.0,0.0,1.0
-0.9460972547531128,0.25428882241249084,0.2005922794342041,-0.6905888319015503,0.21342593431472778,0.02362878993153572,0.9766734838485718,1.6032928228378296,0.24361738562583923,0.9668396711349487,-0.0766269639134407,-1.3000885248184204,0.0,0.0,0.0,1.0
-0.9463430643081665,0.25453588366508484,0.19911375641822815,-0.6885040998458862,0.21109268069267273,0.02035614103078842,0.9772540330886841,1.6070938110351562,0.24469302594661713,0.9668490886688232,-0.07299455255270004,-1.3016598224639893,0.0,0.0,0.0,1.0
-0.9464185833930969,0.251117080450058,0.20305708050727844,-0.6800007820129395,0.21520566940307617,0.02159920707345009,0.9763299226760864,1.613572120666504,0.24078722298145294,0.9677157402038574,-0.0744837075471878,-1.3045240640640259,0.0,0.0,0.0,1.0
-0.9464017152786255,0.2526034116744995,0.2012842297554016,-0.6751975417137146,0.21308651566505432,0.019972510635852814,0.9768292307853699,1.609234094619751,0.24273023009300232,0.9673637747764587,-0.07272839546203613,-1.3046222925186157,0.0,0.0,0.0,1.0
-0.9530293941497803,0.2406352013349533,0.1839287132024765,-0.6363255977630615,0.19385389983654022,0.018032610416412354,0.9808646440505981,1.6603899002075195,0.23271384835243225,0.9704481363296509,-0.06383367627859116,-1.323207139968872,0.0,0.0,0.0,1.0
-0.9509851336479187,0.24861352145671844,0.18389827013015747,-0.6605187654495239,0.19543993473052979,0.022345468401908875,0.980461061000824,1.6483962535858154,0.23964658379554749,0.968345046043396,-0.06983921676874161,-1.304400086402893,0.0,0.0,0.0,1.0
-0.9517243504524231,0.24662768840789795,0.18274454772472382,-0.6576484441757202,0.19438956677913666,0.02350984886288643,0.9806426763534546,1.6533654928207397,0.2375573217868805,0.9688251614570618,-0.07031673938035965,-1.305971622467041,0.0,0.0,0.0,1.0
-0.9516127705574036,0.2460843324661255,0.184053435921669,-0.6544061303138733,0.19562947750091553,0.02323204278945923,0.9804026484489441,1.661879539489746,0.23698578774929047,0.9689699411392212,-0.07024925947189331,-1.3165380954742432,0.0,0.0,0.0,1.0
-0.9516026973724365,0.246210515499115,0.18393683433532715,-0.6451274156570435,0.195060595870018,0.021361179649829865,0.9805585145950317,1.6554583311080933,0.23749470710754395,0.9689809679985046,-0.0683533251285553,-1.316809892654419,0.0,0.0,0.0,1.0
-0.9522573947906494,0.2442312389612198,0.18318572640419006,-0.645525336265564,0.1944548636674881,0.0226423442363739,0.9806500673294067,1.6611578464508057,0.2353576421737671,0.9694526791572571,-0.0690532848238945,-1.3161784410476685,0.0,0.0,0.0,1.0
-0.9522843956947327,0.24209710955619812,0.18585874140262604,-0.6379433870315552,0.1970837265253067,0.022782307118177414,0.980121910572052,1.673750877380371,0.2330503761768341,0.9699845314025879,-0.06940864026546478,-1.3225101232528687,0.0,0.0,0.0,1.0
-0.9528958201408386,0.24074891209602356,0.1844710111618042,-0.640408992767334,0.1955338716506958,0.022686131298542023,0.9804345369338989,1.6759716272354126,0.23185360431671143,0.9703222513198853,-0.06869208812713623,-1.3228967189788818,0.0,0.0,0.0,1.0
-0.9528070688247681,0.24122364819049835,0.18430927395820618,-0.6142343282699585,0.19546650350093842,0.02295529469847679,0.9804417490959167,1.6951117515563965,0.2322748452425003,0.9701980948448181,-0.06902310997247696,-1.3288843631744385,0.0,0.0,0.0,1.0
-0.9535510540008545,0.2384137660264969,0.18411752581596375,-0.6312539577484131,0.19502758979797363,0.022798601537942886,0.9805327653884888,1.6837599277496338,0.22957488894462585,0.9708960652351379,-0.06823689490556717,-1.327426791191101,0.0,0.0,0.0,1.0
-0.9538006782531738,0.23757369816303253,0.18391011655330658,-0.6120619773864746,0.19532935321331024,0.025244571268558502,0.9804127812385559,1.7004200220108032,0.2282775491476059,0.9710413813591003,-0.07048340141773224,-1.3336994647979736,0.0,0.0,0.0,1.0
-0.9628592729568481,0.2122427523136139,0.1668986678123474,-0.6000304222106934,0.17712949216365814,0.030000995844602585,0.9837302565574646,1.69461989402771,0.20378246903419495,0.9767563939094543,-0.06648118048906326,-1.352893352508545,0.0,0.0,0.0,1.0
-0.9597333669662476,0.2244197130203247,0.16896051168441772,-0.646733820438385,0.17968280613422394,0.028093617409467697,0.9833233952522278,1.6520003080368042,0.21593043208122253,0.9740875363349915,-0.06728675216436386,-1.3295300006866455,0.0,0.0,0.0,1.0
-0.9609004855155945,0.21781742572784424,0.17095550894737244,-0.6329260468482971,0.181698739528656,0.030133191496133804,0.9828923940658569,1.6658414602279663,0.20893967151641846,0.9755241870880127,-0.06853214651346207,-1.3325698375701904,0.0,0.0,0.0,1.0
-0.9610266089439392,0.21769209206104279,0.17040544748306274,-0.6314049959182739,0.18119503557682037,0.030450601130723953,0.9829756021499634,1.6641346216201782,0.20879706740379333,0.9755423665046692,-0.06870856881141663,-1.3338086605072021,0.0,0.0,0.0,1.0
-0.9612687826156616,0.21693873405456543,0.16999970376491547,-0.6163158416748047,0.180832177400589,0.03094901517033577,0.983026921749115,1.6684602499008179,0.20799529552459717,0.975694477558136,-0.06897982954978943,-1.3358973264694214,0.0,0.0,0.0,1.0
-0.962532639503479,0.21326325833797455,0.16748046875,-0.6173507571220398,0.17755082249641418,0.028836455196142197,0.9836890697479248,1.6696525812149048,0.20495520532131195,0.9765691757202148,-0.06562110036611557,-1.3449302911758423,0.0,0.0,0.0,1.0
-0.9634271860122681,0.20829570293426514,0.16858531534671783,-0.6164504885673523,0.1787683069705963,0.030930109322071075,0.9834049344062805,1.671606421470642,0.1996246576309204,0.977576732635498,-0.06703557074069977,-1.348166823387146,0.0,0.0,0.0,1.0
-0.9643787741661072,0.20393981039524078,0.16847014427185059,-0.6059682965278625,0.17830626666545868,0.030720658600330353,0.9834953546524048,1.6773440837860107,0.19539833068847656,0.9785013198852539,-0.06599009037017822,-1.3544795513153076,0.0,0.0,0.0,1.0
-0.9655784964561462,0.19766899943351746,0.16907121241092682,-0.6027636528015137,0.17790497839450836,0.02768745645880699,0.9836580753326416,1.6728169918060303,0.1897575706243515,0.979877769947052,-0.06190071254968643,-1.3600382804870605,0.0,0.0,0.0,1.0
-0.9661464691162109,0.19749562442302704,0.1660013347864151,-0.5907447934150696,0.17524607479572296,0.030166301876306534,0.9840623736381531,1.682136058807373,0.18934036791324615,0.9798394441604614,-0.06375540047883987,-1.3702197074890137,0.0,0.0,0.0,1.0
-0.9659483432769775,0.19636298716068268,0.16847962141036987,-0.5834402441978455,0.17645053565502167,0.023701466619968414,0.9840241074562073,1.6671383380889893,0.1892327070236206,0.9802447557449341,-0.057542745023965836,-1.3751604557037354,0.0,0.0,0.0,1.0
-0.9685832262039185,0.17121419310569763,0.18036696314811707,-0.5358056426048279,0.1855623722076416,0.014706719666719437,0.9825223684310913,1.6522942781448364,0.16556917130947113,0.9851240515708923,-0.04601559042930603,-1.4371243715286255,0.0,0.0,0.0,1.0
-0.9657277464866638,0.17820726335048676,0.18871179223060608,-0.5692054629325867,0.19489429891109467,0.017686352133750916,0.9806647896766663,1.6310515403747559,0.17142397165298462,0.9838339686393738,-0.05181178078055382,-1.3965750932693481,0.0,0.0,0.0,1.0
-0.9671280980110168,0.1712532639503479,0.1879776418209076,-0.5622588396072388,0.193620964884758,0.016715671867132187,0.9809339642524719,1.6305341720581055,0.16484597325325012,0.9850851893424988,-0.04932441562414169,-1.4022560119628906,0.0,0.0,0.0,1.0
-0.9691991806030273,0.15638181567192078,0.19025689363479614,-0.5577612519264221,0.19483530521392822,0.014345567673444748,0.9807310104370117,1.618402361869812,0.150639146566391,0.9875924587249756,-0.04437240958213806,-1.4072277545928955,0.0,0.0,0.0,1.0
-0.9685604572296143,0.16753973066806793,0.18390491604804993,-0.5985098481178284,0.18883097171783447,0.013821810483932495,0.9819122552871704,1.628108263015747,0.1619674265384674,0.9857684373855591,-0.045023947954177856,-1.4119223356246948,0.0,0.0,0.0,1.0
-0.9692122340202332,0.16437573730945587,0.1833256483078003,-0.5871290564537048,0.1877986192703247,0.011961761862039566,0.9821346998214722,1.6452949047088623,0.15924622118473053,0.9863252639770508,-0.042463019490242004,-1.4119694232940674,0.0,0.0,0.0,1.0
-0.9681867957115173,0.1659332811832428,0.18729810416698456,-0.5875846743583679,0.19220590591430664,0.013883549720048904,0.9812564253807068,1.6371005773544312,0.16022273898124695,0.9860392808914185,-0.04533522576093674,-1.4068163633346558,0.0,0.0,0.0,1.0
-0.9678022861480713,0.17093314230442047,0.18477174639701843,-0.5873659253120422,0.1896352916955948,0.012431863695383072,0.9817759394645691,1.6511050462722778,0.16552098095417023,0.9852042198181152,-0.044446542859077454,-1.406604290008545,0.0,0.0,0.0,1.0
-0.9682912230491638,0.16737665235996246,0.18546456098556519,-0.5817477703094482,0.1904166042804718,0.013895552605390549,0.9816049933433533,1.646450400352478,0.1617206335067749,0.9857950806617737,-0.04532623663544655,-1.412570834159851,0.0,0.0,0.0,1.0
-0.9680612087249756,0.16633087396621704,0.1875939965248108,-0.5813642144203186,0.19253244996070862,0.013933196663856506,0.9811916947364807,1.6390007734298706,0.16058869659900665,0.9859715104103088,-0.045512281358242035,-1.4100197553634644,0.0,0.0,0.0,1.0
-0.9676969647407532,0.16986221075057983,0.18630467355251312,-0.5815161466598511,0.19172145426273346,0.015917140990495682,0.9813202619552612,1.6360681056976318,0.16372379660606384,0.9853392243385315,-0.04796919971704483,-1.4088088274002075,0.0,0.0,0.0,1.0
-0.9714633822441101,0.14446313679218292,0.18812043964862823,-0.5281438231468201,0.19167059659957886,0.010936105623841286,0.9813984036445618,1.663465142250061,0.13971859216690063,0.9894497990608215,-0.0383133627474308,-1.4901918172836304,0.0,0.0,0.0,1.0
-0.969768226146698,0.1604129821062088,0.18389470875263214,-0.5336494445800781,0.18843026459217072,0.013402793556451797,0.9819951057434082,1.6355905532836914,0.1550600677728653,0.9869590401649475,-0.0432242676615715,-1.4682807922363281,0.0,0.0,0.0,1.0
-0.9700417518615723,0.16133370995521545,0.18163235485553741,-0.5324878692626953,0.186264768242836,0.013939237222075462,0.98240065574646,1.6398870944976807,0.1559625267982483,0.9868013858795166,-0.043572429567575455,-1.468242883682251,0.0,0.0,0.0,1.0
-0.9699809551239014,0.16002364456653595,0.18311044573783875,-0.5306724309921265,0.18760615587234497,0.013321395963430405,0.9821540117263794,1.6383329629898071,0.15472856163978577,0.9870232939720154,-0.042942922562360764,-1.4685667753219604,0.0,0.0,0.0,1.0
-0.9701356887817383,0.15964125096797943,0.1826237142086029,-0.5319958329200745,0.1871699094772339,0.013790739700198174,0.9822307825088501,1.6360307931900024,0.15428602695465088,0.9870787858963013,-0.04325892776250839,-1.4674468040466309,0.0,0.0,0.0,1.0
-0.9698449373245239,0.15580067038536072,0.18742215633392334,-0.5263679027557373,0.19197426736354828,0.014566285535693169,0.9812918901443481,1.6239571571350098,0.15015587210655212,0.9876811504364014,-0.044036757200956345,-1.470394492149353,0.0,0.0,0.0,1.0
-0.9691110253334045,0.1536334753036499,0.19292648136615753,-0.5119953751564026,0.19732962548732758,0.0137992724776268,0.9802401065826416,1.6098394393920898,0.14793545007705688,0.9880315661430359,-0.043689463287591934,-1.4727551937103271,0.0,0.0,0.0,1.0
-0.9693068861961365,0.15615925192832947,0.18989050388336182,-0.5177674293518066,0.1944325566291809,0.014201782643795013,0.9808130264282227,1.6160285472869873,0.15046624839305878,0.987629771232605,-0.04412832856178284,-1.466333031654358,0.0,0.0,0.0,1.0
-0.9696212410926819,0.15761831402778625,0.18705923855304718,-0.5211119651794434,0.19145306944847107,0.013032499700784683,0.9814152121543884,1.6136974096298218,0.15225116908550262,0.9874141812324524,-0.042813096195459366,-1.4633146524429321,0.0,0.0,0.0,1.0
-0.9693710803985596,0.15712055563926697,0.18876700103282928,-0.5213103294372559,0.19322171807289124,0.013436783105134964,0.9810630679130554,1.6198015213012695,0.15160873532295227,0.9874880313873291,-0.04338432475924492,-1.4643031358718872,0.0,0.0,0.0,1.0
-0.9694613218307495,0.16104429960250854,0.18495802581310272,-0.5327196717262268,0.1893480122089386,0.012217126786708832,0.9818340539932251,1.6199768781661987,0.15585912764072418,0.986871600151062,-0.04233745113015175,-1.460015058517456,0.0,0.0,0.0,1.0
-0.9702032208442688,0.14136560261249542,0.19677779078483582,-0.5221295356750488,0.2001413255929947,0.009840462356805801,0.9797176122665405,1.6310166120529175,0.13656198978424072,0.9899085760116577,-0.0378403514623642,-1.4952751398086548,0.0,0.0,0.0,1.0
-0.9703443646430969,0.14375171065330505,0.19433805346488953,-0.5289216041564941,0.1980833113193512,0.012077843770384789,0.980110764503479,1.6429634094238281,0.13854540884494781,0.9895400404930115,-0.04019448533654213,-1.4935147762298584,0.0,0.0,0.0,1.0
-0.9700465202331543,0.13811655342578888,0.19983382523059845,-0.5202149152755737,0.20323899388313293,0.010861918330192566,0.9790688753128052,1.6420176029205322,0.13305504620075226,0.9903563857078552,-0.03860723599791527,-1.4954817295074463,0.0,0.0,0.0,1.0
-0.9702345132827759,0.1400732547044754,0.1975463479757309,-0.5249603390693665,0.20099477469921112,0.010772068053483963,0.9795330762863159,1.6395341157913208,0.13507838547229767,0.9900825619697571,-0.038605425506830215,-1.4979947805404663,0.0,0.0,0.0,1.0
-0.9699413180351257,0.14174145460128784,0.197796031832695,-0.5226751565933228,0.20122119784355164,0.010108474642038345,0.9794936180114746,1.6464874744415283,0.13683542609214783,0.9898520708084106,-0.03832601010799408,-1.4843173027038574,0.0,0.0,0.0,1.0
-0.9701594710350037,0.13939306139945984,0.1983940303325653,-0.5193955302238464,0.20161451399326324,0.009231818839907646,0.9794213771820068,1.6426905393600464,0.13469302654266357,0.9901940822601318,-0.037060000002384186,-1.4904894828796387,0.0,0.0,0.0,1.0
-0.9703030586242676,0.13525091111660004,0.2005472034215927,-0.5078018307685852,0.20375438034534454,0.010158486664295197,0.9789693355560303,1.6319851875305176,0.13036923110485077,0.9907592535018921,-0.03741477429866791,-1.4974696636199951,0.0,0.0,0.0,1.0
-0.9703426957130432,0.12961219251155853,0.2040482759475708,-0.4990764260292053,0.20693574845790863,0.009070301428437233,0.9783124923706055,1.617477536201477,0.12495044618844986,0.9915233254432678,-0.035622693598270416,-1.5000325441360474,0.0,0.0,0.0,1.0
-0.9698531031608582,0.13205397129058838,0.20480911433696747,-0.5070308446884155,0.2076963186264038,0.00832437351346016,0.9781579375267029,1.6146903038024902,0.12746472656726837,0.9912075400352478,-0.03550054132938385,-1.4999961853027344,0.0,0.0,0.0,1.0
-0.9699838757514954,0.13048262894153595,0.2051963061094284,-0.49796509742736816,0.208091139793396,0.008803825825452805,0.9780697822570801,1.6143001317977905,0.12581461668014526,0.9914115071296692,-0.03569184988737106,-1.5002192258834839,0.0,0.0,0.0,1.0
-0.9697781205177307,0.13262078166007996,0.20479750633239746,-0.5017677545547485,0.20788119733333588,0.009689074009656906,0.9781060814857483,1.6165293455123901,0.12773288786411285,0.9911194443702698,-0.03696562349796295,-1.4995996952056885,0.0,0.0,0.0,1.0
-0.9671751856803894,0.13830231130123138,0.2131773829460144,-0.49463969469070435,0.21570728719234467,0.0033926796168088913,0.9764522314071655,1.5897667407989502,0.13432234525680542,0.9903842210769653,-0.03311413154006004,-1.5120972394943237,0.0,0.0,0.0,1.0
-0.9665958881378174,0.14878913760185242,0.2086964249610901,-0.5202459096908569,0.21191738545894623,0.005953628569841385,0.9772694706916809,1.6117501258850098,0.144164577126503,0.988851010799408,-0.037285760045051575,-1.5073541402816772,0.0,0.0,0.0,1.0
-0.9664974808692932,0.1501285284757614,0.2081923484802246,-0.5256687998771667,0.21131464838981628,0.004973981529474258,0.9774054288864136,1.613695740699768,0.14570088684558868,0.9886540174484253,-0.03653169423341751,-1.5018463134765625,0.0,0.0,0.0,1.0
-0.966446042060852,0.14908617734909058,0.2091778665781021,-0.5163586139678955,0.21230448782444,0.0051940493285655975,0.9771897792816162,1.6122528314590454,0.14459900557994843,0.9888105988502502,-0.036671437323093414,-1.5049140453338623,0.0,0.0,0.0,1.0
-0.9665491580963135,0.1486022025346756,0.20904581248760223,-0.5202265977859497,0.2120557725429535,0.004528354853391647,0.9772471189498901,1.6138370037078857,0.14427442848682404,0.9888866543769836,-0.035888832062482834,-1.5018093585968018,0.0,0.0,0.0,1.0
-0.9670189619064331,0.14536969363689423,0.20914584398269653,-0.5091344714164734,0.21217148005962372,0.005454476922750473,0.9772172570228577,1.6171718835830688,0.14091697335243225,0.989362359046936,-0.03611788898706436,-1.5054718255996704,0.0,0.0,0.0,1.0
-0.9664127826690674,0.14743515849113464,0.21049751341342926,-0.5116071701049805,0.21360556781291962,0.005392633378505707,0.976905107498169,1.6131494045257568,0.14289502799510956,0.9890570044517517,-0.03670448437333107,-1.5021305084228516,0.0,0.0,0.0,1.0
-0.9665830135345459,0.1472731977701187,0.209828183054924,-0.5106852054595947,0.21293409168720245,0.005470070987939835,0.9770511984825134,1.6104053258895874,0.14274568855762482,0.9890807867050171,-0.0366467610001564,-1.5019042491912842,0.0,0.0,0.0,1.0
-0.9664772152900696,0.1491115242242813,0.20901554822921753,-0.5182876586914062,0.21199168264865875,0.004171770066022873,0.977262556552887,1.6125617027282715,0.14484913647174835,0.9888115525245667,-0.03564232215285301,-1.5011577606201172,0.0,0.0,0.0,1.0
-0.9662401676177979,0.15153677761554718,0.2083665430545807,-0.5249446034431458,0.2114521563053131,0.00435914471745491,0.9773786067962646,1.6131082773208618,0.14720050990581512,0.9884419441223145,-0.03625475987792015,-1.5014512538909912,0.0,0.0,0.0,1.0
-0.9665731191635132,0.14760629832744598,0.20963986217975616,-0.5170856714248657,0.21254928410053253,0.00404120609164238,0.9771419763565063,1.6089953184127808,0.143385112285614,0.9890379309654236,-0.03527973219752312,-1.5018651485443115,0.0,0.0,0.0,1.0
-0.9612802863121033,0.15927104651927948,0.22488458454608917,-0.4886593520641327,0.22951902449131012,0.0110829658806324,0.9732410907745361,1.5688016414642334,0.15251672267913818,0.9871726632118225,-0.04720957204699516,-1.5586997270584106,0.0,0.0,0.0,1.0
-0.9608022570610046,0.1626652330160141,0.22449739277362823,-0.5038552284240723,0.22969886660575867,0.013659749180078506,0.9731658697128296,1.5670634508132935,0.15523368120193481,0.9865867495536804,-0.05048833414912224,-1.562690258026123,0.0,0.0,0.0,1.0
-0.9610468149185181,0.16054420173168182,0.2249765843153,-0.5037491321563721,0.2303086519241333,0.015169288963079453,0.9729993343353271,1.5647258758544922,0.1527966856956482,0.9869120121002197,-0.05155311897397041,-1.5647494792938232,0.0,0.0,0.0,1.0
-0.9607356786727905,0.16329987347126007,0.22432145476341248,-0.5109202861785889,0.2297048270702362,0.01461779698729515,0.9731505513191223,1.5659208297729492,0.155636265873909,0.9864681363105774,-0.0515546090900898,-1.5644508600234985,0.0,0.0,0.0,1.0
-0.9607831835746765,0.1611698716878891,0.22565436363220215,-0.4999597668647766,0.23081520199775696,0.01380111277103424,0.9728996753692627,1.5640652179718018,0.15368784964084625,0.9868301153182983,-0.0504603385925293,-1.563114047050476,0.0,0.0,0.0,1.0
-0.9606534242630005,0.16494137048721313,0.22347122430801392,-0.5139650702476501,0.22883324325084686,0.0140073262155056,0.9733648896217346,1.560762643814087,0.1574179083108902,0.9862039685249329,-0.051200252026319504,-1.5620501041412354,0.0,0.0,0.0,1.0
-0.9604718685150146,0.1656917929649353,0.22369632124900818,-0.5147333145141602,0.22922678291797638,0.014792826026678085,0.9732606410980225,1.5619843006134033,0.1579522043466568,0.9860666394233704,-0.052189089357852936,-1.5620301961898804,0.0,0.0,0.0,1.0
-0.9606779217720032,0.16565540432929993,0.22283676266670227,-0.5138803720474243,0.2283041924238205,0.01448291540145874,0.9734821319580078,1.5620089769363403,0.1580352634191513,0.9860773682594299,-0.051733240485191345,-1.5644140243530273,0.0,0.0,0.0,1.0
-0.9608048796653748,0.16385354101657867,0.22362056374549866,-0.5062479972839355,0.22888778150081635,0.013757053762674332,0.9733556509017944,1.5550986528396606,0.15641139447689056,0.9863888025283813,-0.0507219135761261,-1.5584568977355957,0.0,0.0,0.0,1.0
-0.9607464075088501,0.165925994515419,0.22233963012695312,-0.520008385181427,0.2279186099767685,0.015129730105400085,0.9735626578330994,1.5514309406280518,0.15817540884017944,0.9860221743583679,-0.052353452891111374,-1.5620731115341187,0.0,0.0,0.0,1.0
-0.9609456062316895,0.16460876166820526,0.2224576622247696,-0.5220851898193359,0.22792616486549377,0.01486978679895401,0.973564863204956,1.5498701333999634,0.15694941580295563,0.9862468242645264,-0.051807701587677,-1.5590322017669678,0.0,0.0,0.0,1.0
-0.9543418288230896,0.18859480321407318,0.23165400326251984,-0.5125538110733032,0.23938830196857452,0.018998093903064728,0.9707380533218384,1.5331753492355347,0.17867517471313477,0.9818711876869202,-0.06327807158231735,-1.5957146883010864,0.0,0.0,0.0,1.0
-0.9540577530860901,0.18682453036308289,0.23424430191516876,-0.4970640540122986,0.2411796599626541,0.0149703249335289,0.9703649878501892,1.5546739101409912,0.17778128385543823,0.9822792410850525,-0.05934083089232445,-1.6016359329223633,0.0,0.0,0.0,1.0
-0.9547333717346191,0.18319329619407654,0.23435969650745392,-0.48938560485839844,0.24123844504356384,0.015889182686805725,0.9703357815742493,1.5453687906265259,0.1740352213382721,0.9829484820365906,-0.05936319753527641,-1.602938175201416,0.0,0.0,0.0,1.0
-0.956464409828186,0.17730870842933655,0.2318134754896164,-0.4847036898136139,0.23908446729183197,0.02050294354557991,0.9707822799682617,1.5258020162582397,0.16737531125545502,0.9839416742324829,-0.062002092599868774,-1.6109613180160522,0.0,0.0,0.0,1.0
-0.9596930146217346,0.1663867086172104,0.22650547325611115,-0.47160592675209045,0.232282355427742,0.015859756618738174,0.972519040107727,1.514269471168518,0.15822193026542664,0.9859330058097839,-0.05386919155716896,-1.635762333869934,0.0,0.0,0.0,1.0
-0.9622046947479248,0.1593407690525055,0.22084550559520721,-0.4775192439556122,0.22683197259902954,0.020183473825454712,0.9737247824668884,1.533782958984375,0.15069662034511566,0.9870172739028931,-0.055564213544130325,-1.6504912376403809,0.0,0.0,0.0,1.0
-0.9622666239738464,0.15784944593906403,0.2216450423002243,-0.47729459404945374,0.22754578292369843,0.02011437714099884,0.9735596179962158,1.5345882177352905,0.14921759068965912,0.9872583150863647,-0.05527336895465851,-1.6489108800888062,0.0,0.0,0.0,1.0
-0.9623365998268127,0.15955309569835663,0.22011616826057434,-0.4886939227581024,0.22583574056625366,0.018418677151203156,0.9739912152290344,1.5360292196273804,0.15134906768798828,0.9870175123214722,-0.05375775322318077,-1.6408520936965942,0.0,0.0,0.0,1.0
-0.958462655544281,0.1736060529947281,0.2262967973947525,-0.474447101354599,0.23300741612911224,0.019026223570108414,0.9722888469696045,1.504094123840332,0.16448965668678284,0.9846314191818237,-0.058687418699264526,-1.632612943649292,0.0,0.0,0.0,1.0
-0.9573448896408081,0.17779116332530975,0.22777409851551056,-0.49796515703201294,0.23435015976428986,0.01662181317806244,0.9720101356506348,1.480860710144043,0.16902878880500793,0.983927845954895,-0.0575781986117363,-1.615410327911377,0.0,0.0,0.0,1.0
-0.9572004079818726,0.18071137368679047,0.2260769158601761,-0.50755375623703,0.23289549350738525,0.01716390624642372,0.9723502993583679,1.4798284769058228,0.17183437943458557,0.9833863973617554,-0.058516163378953934,-1.615181565284729,0.0,0.0,0.0,1.0
-0.952351450920105,0.19605349004268646,0.2336445450782776,-0.5210761427879333,0.2402857095003128,0.010458040982484818,0.9706459045410156,1.4464879035949707,0.1878550499677658,0.9805374145507812,-0.05706857889890671,-1.6096599102020264,0.0,0.0,0.0,1.0
-0.9490640759468079,0.2038802206516266,0.24022983014583588,-0.5283459424972534,0.24736127257347107,0.00985598936676979,0.9688732028007507,1.510071873664856,0.19516636431217194,0.9789462089538574,-0.059786032885313034,-1.5804376602172852,0.0,0.0,0.0,1.0
-0.9501416087150574,0.19924651086330414,0.2398577779531479,-0.5319355726242065,0.24676641821861267,0.010217409580945969,0.9690210819244385,1.5075654983520508,0.19062334299087524,0.9798961281776428,-0.05887533351778984,-1.5811412334442139,0.0,0.0,0.0,1.0
-0.952347457408905,0.1966894119977951,0.23312564194202423,-0.5159080028533936,0.2404085099697113,0.013657737523317337,0.9705756902694702,1.5158628225326538,0.187718003988266,0.9803707003593445,-0.060292717069387436,-1.5967059135437012,0.0,0.0,0.0,1.0
-0.9518677592277527,0.19563032686710358,0.23595865070819855,-0.5364373326301575,0.24340319633483887,0.01457478478550911,0.9698156118392944,1.5115095376968384,0.1862863153219223,0.9805693626403809,-0.061490315943956375,-1.5902522802352905,0.0,0.0,0.0,1.0
-0.9524934887886047,0.19480480253696442,0.23410935699939728,-0.5282730460166931,0.24167665839195251,0.015685029327869415,0.9702301025390625,1.5079916715621948,0.1853334605693817,0.9807165861129761,-0.06201966479420662,-1.5920498371124268,0.0,0.0,0.0,1.0
-0.9530128240585327,0.1938587725162506,0.2327774614095688,-0.5294346213340759,0.24047614634037018,0.016838163137435913,0.9705089926719666,1.5106520652770996,0.18422214686870575,0.9808849692344666,-0.06266539543867111,-1.5963799953460693,0.0,0.0,0.0,1.0
-0.9531975984573364,0.19269511103630066,0.23298707604408264,-0.531454861164093,0.2406025230884552,0.016776449978351593,0.9704787135124207,1.505662441253662,0.18309780955314636,0.9811152815818787,-0.0623541995882988,-1.5943197011947632,0.0,0.0,0.0,1.0
-0.9538638591766357,0.19316880404949188,0.22984689474105835,-0.5348783135414124,0.2373799979686737,0.01647872105240822,0.9712770581245422,1.5117733478546143,0.18383283913135529,0.9810271859169006,-0.06157286465167999,-1.5975791215896606,0.0,0.0,0.0,1.0
-0.9542991518974304,0.19448772072792053,0.22690904140472412,-0.5349558591842651,0.23429764807224274,0.01555507630109787,0.9720404744148254,1.5289742946624756,0.18552035093307495,0.9807816743850708,-0.0604122057557106,-1.6013123989105225,0.0,0.0,0.0,1.0
-0.9543749094009399,0.19280168414115906,0.2280263602733612,-0.5395550727844238,0.23532132804393768,0.015508990734815598,0.9717938899993896,1.5171984434127808,0.18382704257965088,0.9811151027679443,-0.060171741992235184,-1.6018422842025757,0.0,0.0,0.0,1.0
-0.9514954090118408,0.20977896451950073,0.22505418956279755,-0.541878342628479,0.23667381703853607,0.03170119971036911,0.9710718393325806,1.448044776916504,0.19657595455646515,0.9772347807884216,-0.07981273531913757,-1.7498390674591064,0.0,0.0,0.0,1.0
-0.9477846026420593,0.21322911977767944,0.23714487254619598,-0.5464890003204346,0.248157799243927,0.026058241724967957,0.9683690667152405,1.4271190166473389,0.20030491054058075,0.9766546487808228,-0.07761206477880478,-1.7283339500427246,0.0,0.0,0.0,1.0
-0.9477816820144653,0.2114526629447937,0.23874162137508392,-0.5457252264022827,0.24957914650440216,0.02573494240641594,0.9680123329162598,1.4179060459136963,0.19854480028152466,0.9770493507385254,-0.07716528326272964,-1.7307531833648682,0.0,0.0,0.0,1.0
-0.947601318359375,0.21134862303733826,0.23954856395721436,-0.5425143241882324,0.2502973973751068,0.025254715234041214,0.9678395390510559,1.419528841972351,0.1985018253326416,0.9770844578742981,-0.0768314078450203,-1.733323097229004,0.0,0.0,0.0,1.0
-0.9476433992385864,0.2112560272216797,0.23946382105350494,-0.5391222238540649,0.2502148747444153,0.025311216711997986,0.9678593873977661,1.4226360321044922,0.19840501248836517,0.9771029353141785,-0.07684540003538132,-1.7367078065872192,0.0,0.0,0.0,1.0
-0.9475715756416321,0.21051399409770966,0.2403998225927353,-0.5359818935394287,0.25147315859794617,0.027103379368782043,0.9674847722053528,1.4168381690979004,0.19715341925621033,0.9772151112556458,-0.07862100750207901,-1.7346845865249634,0.0,0.0,0.0,1.0
-0.9476945996284485,0.21108506619930267,0.23941178619861603,-0.5395027995109558,0.25012698769569397,0.02520773559808731,0.9678847789764404,1.4236016273498535,0.1982709914445877,0.9771425724029541,-0.07668730616569519,-1.7374801635742188,0.0,0.0,0.0,1.0
-0.9478225111961365,0.21050170063972473,0.23941895365715027,-0.5426915287971497,0.2501310110092163,0.025422248989343643,0.9678781628608704,1.4219964742660522,0.19765342772006989,0.9772628545761108,-0.07674878090620041,-1.7362579107284546,0.0,0.0,0.0,1.0
-0.9478955268859863,0.21089239418506622,0.23878534138202667,-0.5439652800559998,0.24943433701992035,0.025022950023412704,0.9680683612823486,1.4193021059036255,0.19818314909934998,0.9771890044212341,-0.07632294297218323,-1.7355581521987915,0.0,0.0,0.0,1.0
-0.9476974606513977,0.2101721167564392,0.24020250141620636,-0.5387588739395142,0.2509572207927704,0.02568265050649643,0.9676573872566223,1.4162194728851318,0.1972055733203888,0.9773270487785339,-0.07708358764648438,-1.73582923412323,0.0,0.0,0.0,1.0
-0.9479326009750366,0.2099456638097763,0.23947148025035858,-0.547601580619812,0.2500077486038208,0.02476637065410614,0.9679269790649414,1.4181300401687622,0.19728124141693115,0.9773993492126465,-0.07596489042043686,-1.7375800609588623,0.0,0.0,0.0,1.0
-0.9480547904968262,0.2120496928691864,0.23712247610092163,-0.5642058253288269,0.2502356469631195,0.036904219537973404,0.9674813747406006,1.3994234800338745,0.19640330970287323,0.9765618443489075,-0.08804961293935776,-1.8419790267944336,0.0,0.0,0.0,1.0
-0.9477307796478271,0.21099801361560822,0.239345520734787,-0.5626338124275208,0.2519506812095642,0.03462326526641846,0.9671205282211304,1.385638952255249,0.19577358663082123,0.9768731594085693,-0.08597462624311447,-1.8421670198440552,0.0,0.0,0.0,1.0
-0.9478662610054016,0.21151164174079895,0.238353431224823,-0.5694160461425781,0.25096791982650757,0.03454163298010826,0.9673789143562317,1.3878705501556396,0.19637878239154816,0.9767649173736572,-0.08582348376512527,-1.841385006904602,0.0,0.0,0.0,1.0
-0.9479418992996216,0.20989935100078583,0.23947539925575256,-0.5605723857879639,0.25214558839797974,0.03543106094002724,0.967040479183197,1.3734995126724243,0.194496288895607,0.9770808219909668,-0.08651178330183029,-1.8442370891571045,0.0,0.0,0.0,1.0
-0.9478431940078735,0.2103903442621231,0.23943500220775604,-0.5675577521324158,0.25188881158828735,0.034129686653614044,0.9671541452407837,1.3824495077133179,0.19530804455280304,0.9770214557647705,-0.0853445753455162,-1.8422232866287231,0.0,0.0,0.0,1.0
-0.9479661583900452,0.21001972258090973,0.23927375674247742,-0.5659845471382141,0.25194716453552246,0.03541308268904686,0.9670928120613098,1.3818625211715698,0.19463515281677246,0.9770556092262268,-0.08648426830768585,-1.8428325653076172,0.0,0.0,0.0,1.0
-0.9479551315307617,0.21122801303863525,0.23825174570083618,-0.5671808123588562,0.25099635124206543,0.03532698377966881,0.9673431515693665,1.387502670288086,0.19591324031352997,0.9767981767654419,-0.08650585263967514,-1.841295599937439,0.0,0.0,0.0,1.0
-0.9480053186416626,0.20949898660182953,0.23957456648349762,-0.5575950741767883,0.25187554955482483,0.0337461419403553,0.9671710133552551,1.3886913061141968,0.19453664124011993,0.9772263169288635,-0.0847591981291771,-1.8488264083862305,0.0,0.0,0.0,1.0
-0.9479844570159912,0.20951926708221436,0.239639550447464,-0.5578522682189941,0.2518257200717926,0.033153992146253586,0.9672045707702637,1.38547945022583,0.19470298290252686,0.9772422909736633,-0.08419180661439896,-1.8472119569778442,0.0,0.0,0.0,1.0
-0.94800865650177,0.20930887758731842,0.23972786962985992,-0.5537776947021484,0.2521266043186188,0.03430689498782158,0.9670859575271606,1.3866074085235596,0.19419534504413605,0.9772475957870483,-0.08529556542634964,-1.850860357284546,0.0,0.0,0.0,1.0
-0.9480345249176025,0.20887255668640137,0.2400059849023819,-0.55633544921875,0.2522621154785156,0.03375551849603653,0.9670700430870056,1.387780785560608,0.19389283657073975,0.9773601293563843,-0.08469202369451523,-1.8497018814086914,0.0,0.0,0.0,1.0
-0.9426259994506836,0.2246522307395935,0.24695664644241333,-0.5826318264007568,0.26431387662887573,0.05029641091823578,0.9631242752075195,1.357956886291504,0.2039470076560974,0.9731400609016418,-0.10678941011428833,-1.8974170684814453,0.0,0.0,0.0,1.0
-0.9425197839736938,0.22813956439495087,0.2441490739583969,-0.5933292508125305,0.26236817240715027,0.052792396396398544,0.9635226726531982,1.3578048944473267,0.20692843198776245,0.9721961617469788,-0.10961443930864334,-1.8856096267700195,0.0,0.0,0.0,1.0
-0.9425250887870789,0.22675731778144836,0.24541322886943817,-0.5864452123641968,0.26360929012298584,0.053304750472307205,0.9631556272506714,1.3536242246627808,0.20532087981700897,0.972491443157196,-0.11001640558242798,-1.8862411975860596,0.0,0.0,0.0,1.0
-0.9426186084747314,0.2279248833656311,0.24396800994873047,-0.5863749384880066,0.26277559995651245,0.05570046976208687,0.9632478356361389,1.3531134128570557,0.2059590220451355,0.9720841646194458,-0.11239740252494812,-1.8824458122253418,0.0,0.0,0.0,1.0
-0.9424907565116882,0.22777457535266876,0.24460144340991974,-0.5935206413269043,0.2627275586128235,0.05250532552599907,0.9634404182434082,1.351706624031067,0.20660436153411865,0.9722972512245178,-0.10932844132184982,-1.8839643001556396,0.0,0.0,0.0,1.0
-0.9425534605979919,0.2279735952615738,0.24417410790920258,-0.5907607078552246,0.2625443935394287,0.05359100177884102,0.9634305834770203,1.3568614721298218,0.2065512090921402,0.9721913933753967,-0.11036556214094162,-1.8840361833572388,0.0,0.0,0.0,1.0
-0.9422014951705933,0.22804538905620575,0.24546219408512115,-0.5832834243774414,0.2634410560131073,0.051576897501945496,0.9632956981658936,1.351124882698059,0.20701496303081512,0.9722834825515747,-0.10867235064506531,-1.8838638067245483,0.0,0.0,0.0,1.0
-0.9421826004981995,0.22907382249832153,0.24457524716854095,-0.5876848101615906,0.2626040577888489,0.05135424807667732,0.9635360836982727,1.3542958498001099,0.20816093683242798,0.9720534682273865,-0.10854080319404602,-1.884379506111145,0.0,0.0,0.0,1.0
-0.9422186613082886,0.2293514609336853,0.24417613446712494,-0.5916150212287903,0.26235368847846985,0.05194227024912834,0.9635728001594543,1.3536204099655151,0.20831376314163208,0.971956729888916,-0.10911217331886292,-1.882078766822815,0.0,0.0,0.0,1.0
-0.9423258304595947,0.229497492313385,0.2436245232820511,-0.5895394086837769,0.26168540120124817,0.05137886852025986,0.9637846946716309,1.3492928743362427,0.2086690068244934,0.9719521999359131,-0.10847177356481552,-1.8805115222930908,0.0,0.0,0.0,1.0
-0.9422420263290405,0.22977645695209503,0.24368582665920258,-0.5880734920501709,0.26189860701560974,0.05193103849887848,0.9636971950531006,1.3476877212524414,0.20878006517887115,0.971856951713562,-0.10910973697900772,-1.8801286220550537,0.0,0.0,0.0,1.0
-0.9423258304595947,0.22993354499340057,0.2432130128145218,-0.5915001630783081,0.26146557927131653,0.05208231881260872,0.9638066291809082,1.352501630783081,0.20894436538219452,0.9718116521835327,-0.10919822752475739,-1.8793996572494507,0.0,0.0,0.0,1.0
-0.9420804977416992,0.2275846153497696,0.2463524490594864,-0.5848261117935181,0.26440757513046265,0.05209067836403847,0.9630032181739807,1.3593748807907104,0.20633205771446228,0.9723640084266663,-0.10924870520830154,-1.8907055854797363,0.0,0.0,0.0,1.0
-0.9423506855964661,0.22683489322662354,0.2460106909275055,-0.5900327563285828,0.2642209231853485,0.05326731130480766,0.9629901051521301,1.3584519624710083,0.20533542335033417,0.9724754691123962,-0.11013100296258926,-1.8880181312561035,0.0,0.0,0.0,1.0
-0.942274272441864,0.2263832837343216,0.24671828746795654,-0.5865838527679443,0.2646586000919342,0.05216119438409805,0.96293044090271,1.3607624769210815,0.2051222175359726,0.9726406931877136,-0.10906442999839783,-1.8922317028045654,0.0,0.0,0.0,1.0
-0.9424591064453125,0.22635021805763245,0.2460414171218872,-0.5809829235076904,0.2641240358352661,0.05292447283864021,0.9630355834960938,1.3602014780044556,0.20496170222759247,0.9726071357727051,-0.10966368764638901,-1.893805980682373,0.0,0.0,0.0,1.0
-0.9428530335426331,0.22559618949890137,0.24522362649440765,-0.5888546109199524,0.263309121131897,0.05343586951494217,0.9632304906845093,1.368314504623413,0.20419737696647644,0.9727543592453003,-0.10978370159864426,-1.8933203220367432,0.0,0.0,0.0,1.0
-0.9422473907470703,0.22716325521469116,0.2461029589176178,-0.5882705450057983,0.26421400904655457,0.05260934680700302,0.9630281329154968,1.3622077703475952,0.20581728219985962,0.9724345803260803,-0.10959074646234512,-1.8906384706497192,0.0,0.0,0.0,1.0
-0.9422975778579712,0.22713375091552734,0.24593797326087952,-0.5851060748100281,0.26416271924972534,0.05317996069788933,0.963010847568512,1.3558430671691895,0.20565329492092133,0.9724104404449463,-0.11011162400245667,-1.890410304069519,0.0,0.0,0.0,1.0
-0.9421127438545227,0.22766466438770294,0.24615532159805298,-0.5894203782081604,0.26427316665649414,0.05236336961388588,0.9630253314971924,1.3625601530075073,0.20635731518268585,0.972330629825592,-0.10949785262346268,-1.8905131816864014,0.0,0.0,0.0,1.0
-0.942078173160553,0.22857533395290375,0.2454427033662796,-0.5891608595848083,0.2636842727661133,0.052526310086250305,0.9631779193878174,1.3603732585906982,0.20726649463176727,0.9721081852912903,-0.10975560545921326,-1.8847596645355225,0.0,0.0,0.0,1.0
-0.9420199990272522,0.22850531339645386,0.24573108553886414,-0.5869641900062561,0.2639130651950836,0.052254270762205124,0.9631300568580627,1.3559443950653076,0.20723983645439148,0.972139298915863,-0.10953010618686676,-1.881234049797058,0.0,0.0,0.0,1.0
-0.9421445727348328,0.22815075516700745,0.2455826848745346,-0.5891098380088806,0.2639361321926117,0.05326799303293228,0.9630681276321411,1.3598816394805908,0.2066430002450943,0.9721675515174866,-0.1104033812880516,-1.8802565336227417,0.0,0.0,0.0,1.0
-0.9419602155685425,0.22986266016960144,0.24469181895256042,-0.5936136245727539,0.2630157470703125,0.05229580029845238,0.9633731842041016,1.365473985671997,0.20864716172218323,0.9718170166015625,-0.10971806943416595,-1.8857816457748413,0.0,0.0,0.0,1.0
-0.941831648349762,0.2297353744506836,0.24530571699142456,-0.5892642140388489,0.26352259516716003,0.051800232380628586,0.9632614254951477,1.356525182723999,0.2085883468389511,0.9718737006187439,-0.10932755470275879,-1.88064444065094,0.0,0.0,0.0,1.0
-0.941863477230072,0.2294389009475708,0.2454606145620346,-0.5791031122207642,0.2639870345592499,0.05338913947343826,0.963047444820404,1.3601315021514893,0.20785562694072723,0.9718576669692993,-0.11085417866706848,-1.8860515356063843,0.0,0.0,0.0,1.0
-0.9415580034255981,0.23165176808834076,0.24455291032791138,-0.5968175530433655,0.26285529136657715,0.05125534534454346,0.9634729027748108,1.3625158071517944,0.2106555551290512,0.9714475870132446,-0.10915076732635498,-1.8798576593399048,0.0,0.0,0.0,1.0
-0.9414958953857422,0.23077109456062317,0.24562208354473114,-0.586701512336731,0.26411885023117065,0.052511319518089294,0.9630595445632935,1.356844186782837,0.2093483805656433,0.9715900421142578,-0.11039018630981445,-1.8800705671310425,0.0,0.0,0.0,1.0
-0.9415723085403442,0.2312389463186264,0.24488812685012817,-0.5919356942176819,0.2633679509162903,0.05225927010178566,0.9632788896560669,1.3561301231384277,0.20994992554187775,0.9714924097061157,-0.11010679602622986,-1.8812426328659058,0.0,0.0,0.0,1.0
-0.941594123840332,0.2307785153388977,0.24523846805095673,-0.5936460494995117,0.2634139060974121,0.051058538258075714,0.9633308053016663,1.3512475490570068,0.20979450643062592,0.9716657996177673,-0.10886668413877487,-1.8810902833938599,0.0,0.0,0.0,1.0
-0.9416812062263489,0.23142734169960022,0.24429059028625488,-0.5975764393806458,0.26269540190696716,0.0518755279481411,0.9634832739830017,1.3514142036437988,0.2103036642074585,0.9714681506156921,-0.10964509844779968,-1.8778878450393677,0.0,0.0,0.0,1.0
-0.9420066475868225,0.23070703446865082,0.24371667206287384,-0.6039599180221558,0.2622682452201843,0.05300254002213478,0.9635382890701294,1.3493282794952393,0.2093774527311325,0.9715785980224609,-0.1104358658194542,-1.876556158065796,0.0,0.0,0.0,1.0
-0.942494809627533,0.22872614860534668,0.24369613826274872,-0.6035882830619812,0.26193708181381226,0.05262530967593193,0.9636490345001221,1.3397995233535767,0.20758716762065887,0.9720673561096191,-0.10951094329357147,-1.8816263675689697,0.0,0.0,0.0,1.0
-0.9425315856933594,0.2293076515197754,0.2430068850517273,-0.6039004325866699,0.2617139518260956,0.05456317588686943,0.9636019468307495,1.3391519784927368,0.20770205557346344,0.9718234539031982,-0.11144052445888519,-1.8814356327056885,0.0,0.0,0.0,1.0
-0.9425382614135742,0.2303125411272049,0.24202853441238403,-0.5989411473274231,0.26118040084838867,0.056188467890024185,0.9636532664299011,1.3726732730865479,0.20834220945835114,0.9714931845664978,-0.11311289668083191,-1.8873183727264404,0.0,0.0,0.0,1.0
-0.9424371123313904,0.2283284217119217,0.24429164826869965,-0.589406430721283,0.2632520794868469,0.0561622753739357,0.9630909562110901,1.3656278848648071,0.20618104934692383,0.9719629287719727,-0.1130373403429985,-1.8901946544647217,0.0,0.0,0.0,1.0
-0.9428109526634216,0.2281860113143921,0.24297873675823212,-0.5980268120765686,0.26206669211387634,0.05697909742593765,0.9633662104606628,1.366385817527771,0.20598198473453522,0.9719488024711609,-0.11352046579122543,-1.8877636194229126,0.0,0.0,0.0,1.0
-0.9426261782646179,0.2276158183813095,0.2442273050546646,-0.5977356433868408,0.26307323575019836,0.056027498096227646,0.9631476402282715,1.3643122911453247,0.20554418861865997,0.9721378087997437,-0.11269261687994003,-1.8885928392410278,0.0,0.0,0.0,1.0
-0.9429075717926025,0.2274356484413147,0.2433072328567505,-0.5960342884063721,0.2621549069881439,0.05623139813542366,0.9633861184120178,1.3674403429031372,0.20542682707309723,0.9721682071685791,-0.11264437437057495,-1.8888200521469116,0.0,0.0,0.0,1.0
-0.9427412748336792,0.2275991290807724,0.2437981218099594,-0.5959495306015015,0.26258912682533264,0.05582138150930405,0.9632917046546936,1.3649410009384155,0.2056352198123932,0.9721536040306091,-0.1123901754617691,-1.8893165588378906,0.0,0.0,0.0,1.0
-0.942632257938385,0.22825101017951965,0.2436102032661438,-0.5975345373153687,0.26244255900382996,0.055672552436590195,0.9633402824401855,1.369659185409546,0.20632097125053406,0.9720092415809631,-0.11238152533769608,-1.8890084028244019,0.0,0.0,0.0,1.0
-0.9425749182701111,0.22783319652080536,0.24422238767147064,-0.5940878987312317,0.2629564106464386,0.05537797138094902,0.9632170796394348,1.3667351007461548,0.20592829585075378,0.9721241593360901,-0.11210808902978897,-1.8884785175323486,0.0,0.0,0.0,1.0
-0.9437193870544434,0.22699417173862457,0.2405565083026886,-0.6055170297622681,0.2595079243183136,0.05725251883268356,0.9640423655509949,1.371296763420105,0.20505954325199127,0.9722118377685547,-0.1129370927810669,-1.8885501623153687,0.0,0.0,0.0,1.0
-0.9427931904792786,0.22835113108158112,0.24289251863956451,-0.5971111059188843,0.2618986964225769,0.05650974437594414,0.9634394645690918,1.3660045862197876,0.20627671480178833,0.9719374179840088,-0.11308186501264572,-1.8895206451416016,0.0,0.0,0.0,1.0
-0.94091796875,0.24682021141052246,0.23184733092784882,-0.6386206746101379,0.2579529285430908,0.07883667945861816,0.9629356861114502,1.317022442817688,0.21939390897750854,0.9658491611480713,-0.13784684240818024,-1.874955177307129,0.0,0.0,0.0,1.0
-0.9401618242263794,0.24834781885147095,0.2332790493965149,-0.6381567120552063,0.2589225172996521,0.07569314539432526,0.9629276990890503,1.3185352087020874,0.22148336470127106,0.9657089710235596,-0.13546665012836456,-1.8657050132751465,0.0,0.0,0.0,1.0
-0.9403728246688843,0.2474345862865448,0.233398899435997,-0.6345205903053284,0.2590887248516083,0.07645769417285919,0.9628225564956665,1.3216969966888428,0.2203904688358307,0.9658832550048828,-0.13600625097751617,-1.8674814701080322,0.0,0.0,0.0,1.0
-0.9403733611106873,0.24742944538593292,0.23340237140655518,-0.6333490610122681,0.25891876220703125,0.07570086419582367,0.9629279971122742,1.3176151514053345,0.22058799862861633,0.9659441113471985,-0.13525119423866272,-1.8661558628082275,0.0,0.0,0.0,1.0
-0.9406582713127136,0.24569575488567352,0.23408475518226624,-0.6310451030731201,0.25967592000961304,0.07705627381801605,0.9626166224479675,1.3235900402069092,0.21847310662269592,0.9662793874740601,-0.13628488779067993,-1.872532844543457,0.0,0.0,0.0,1.0
-0.9408713579177856,0.24467389285564423,0.23429834842681885,-0.6343169212341309,0.2597563862800598,0.07709746807813644,0.9625916481018066,1.3229931592941284,0.21745721995830536,0.9665353894233704,-0.13609442114830017,-1.8733375072479248,0.0,0.0,0.0,1.0
-0.9411643743515015,0.24452324211597443,0.23327651619911194,-0.6389303803443909,0.25870954990386963,0.07718758285045624,0.9628662467002869,1.3235516548156738,0.21743713319301605,0.9665663242340088,-0.13590671122074127,-1.8749483823776245,0.0,0.0,0.0,1.0
-0.9410187602043152,0.24458815157413483,0.23379573225975037,-0.6262661218643188,0.2592155933380127,0.07703407853841782,0.9627424478530884,1.335557222366333,0.2174651324748993,0.9665621519088745,-0.13589157164096832,-1.881223440170288,0.0,0.0,0.0,1.0
-0.9414616227149963,0.24319490790367126,0.23346586525440216,-0.6205234527587891,0.25882819294929504,0.07770542800426483,0.9627927541732788,1.3387008905410767,0.21600472927093506,0.9668599367141724,-0.13610237836837769,-1.8841758966445923,0.0,0.0,0.0,1.0
-0.9414552450180054,0.24290786683559418,0.23379020392894745,-0.6207332015037537,0.2588086724281311,0.07631741464138031,0.9629089832305908,1.3402174711227417,0.21605589985847473,0.9670426845550537,-0.13471609354019165,-1.8865994215011597,0.0,0.0,0.0,1.0
-0.9420092701911926,0.23836401104927063,0.23622271418571472,-0.595990002155304,0.261010080575943,0.07796722650527954,0.962182343006134,1.3411258459091187,0.21093201637268066,0.968041181564331,-0.1356612592935562,-1.8892560005187988,0.0,0.0,0.0,1.0
-0.9417982697486877,0.24055510759353638,0.2348390370607376,-0.5966177582740784,0.2594561278820038,0.07590778917074203,0.9627671241760254,1.363932490348816,0.21377244591712952,0.9676628112792969,-0.13390330970287323,-1.8858755826950073,0.0,0.0,0.0,1.0
-0.9415154457092285,0.23980532586574554,0.23673216998577118,-0.5983986854553223,0.26033133268356323,0.07158099859952927,0.9628623127937317,1.312373399734497,0.21395397186279297,0.9681785106658936,-0.1298234611749649,-1.8734015226364136,0.0,0.0,0.0,1.0
-0.9415398836135864,0.23508676886558533,0.24132326245307922,-0.5623341798782349,0.2648474872112274,0.07376246899366379,0.9614650011062622,1.324945330619812,0.20822709798812866,0.9691715240478516,-0.1317124366760254,-1.9016180038452148,0.0,0.0,0.0,1.0
-0.9401329159736633,0.23890310525894165,0.24305450916290283,-0.5601561665534973,0.26647230982780457,0.0706716924905777,0.9612482190132141,1.3378000259399414,0.21246808767318726,0.9684683084487915,-0.13010184466838837,-1.895737886428833,0.0,0.0,0.0,1.0
-0.9401017427444458,0.2349691540002823,0.24697835743427277,-0.5482922196388245,0.2698134183883667,0.07006854563951492,0.9603598713874817,1.3339102268218994,0.20834952592849731,0.9694740176200867,-0.12926937639713287,-1.907210350036621,0.0,0.0,0.0,1.0
-0.9401054382324219,0.23313580453395844,0.24869541823863983,-0.5448533892631531,0.27149099111557007,0.0708838403224945,0.9598271250724792,1.3266313076019287,0.20614159107208252,0.9698572754859924,-0.12993256747722626,-1.9178133010864258,0.0,0.0,0.0,1.0
-0.9400122165679932,0.23419873416423798,0.24804846942424774,-0.5495883822441101,0.27031591534614563,0.06780196726322174,0.960381269454956,1.3384392261505127,0.20810191333293915,0.969821572303772,-0.12704230844974518,-1.9095569849014282,0.0,0.0,0.0,1.0
-0.9416161179542542,0.2278723567724228,0.24785728752613068,-0.552971363067627,0.26919183135032654,0.06737164407968521,0.9607272148132324,1.3223673105239868,0.20222462713718414,0.9713574647903442,-0.1247795969247818,-1.905036211013794,0.0,0.0,0.0,1.0
-0.9416067004203796,0.22644610702991486,0.24919672310352325,-0.5522883534431458,0.27113664150238037,0.07108551263809204,0.9599123597145081,1.3140933513641357,0.19965416193008423,0.9714263081550598,-0.12833242118358612,-1.91396164894104,0.0,0.0,0.0,1.0
-0.9436820149421692,0.2224237620830536,0.24493229389190674,-0.5709878206253052,0.2656346559524536,0.06802527606487274,0.9616708159446716,1.3108972311019897,0.19723685085773468,0.97257399559021,-0.1232776939868927,-1.8956774473190308,0.0,0.0,0.0,1.0
-0.9441640973091125,0.2203550934791565,0.24494430422782898,-0.5684918165206909,0.26565757393836975,0.06940744817256927,0.9615657329559326,1.3074331283569336,0.19488495588302612,0.9729471802711487,-0.12407102435827255,-1.8935860395431519,0.0,0.0,0.0,1.0
-0.9448674917221069,0.21885472536087036,0.24357323348522186,-0.5798631906509399,0.26461267471313477,0.07215437293052673,0.961651623249054,1.3101907968521118,0.19288712739944458,0.9730859398841858,-0.12608805298805237,-1.8875161409378052,0.0,0.0,0.0,1.0
-0.9413334727287292,0.24516190588474274,0.23192036151885986,-0.5907464623451233,0.2571178674697876,0.07587771117687225,0.9633966088294983,1.3174786567687988,0.21859055757522583,0.9665082693099976,-0.13446173071861267,-1.8832846879959106,0.0,0.0,0.0,1.0
-0.9414875507354736,0.243522509932518,0.23301911354064941,-0.5927846431732178,0.25759387016296387,0.07402905821800232,0.9634132385253906,1.3152074813842773,0.21736262738704681,0.9670658707618713,-0.13242734968662262,-1.8778738975524902,0.0,0.0,0.0,1.0
-0.94258052110672,0.23827330768108368,0.23402521014213562,-0.5999730825424194,0.2581811845302582,0.0753520280122757,0.9631534814834595,1.3285490274429321,0.21185946464538574,0.9682705998420715,-0.13254304230213165,-1.8711791038513184,0.0,0.0,0.0,1.0
-0.9432664513587952,0.23486168682575226,0.23470912873744965,-0.6070486903190613,0.25861215591430664,0.07631845772266388,0.9629616737365723,1.3194215297698975,0.20825017988681793,0.969028115272522,-0.13272671401500702,-1.866860032081604,0.0,0.0,0.0,1.0
-0.9441481232643127,0.231234610080719,0.2347654104232788,-0.6018854379653931,0.2585940957069397,0.07835467904806137,0.9628029465675354,1.3312782049179077,0.2042384147644043,0.9697376489639282,-0.13377434015274048,-1.8518424034118652,0.0,0.0,0.0,1.0
-0.9452924132347107,0.22893832623958588,0.2323993742465973,-0.6012181639671326,0.25609248876571655,0.07946836948394775,0.9633801579475403,1.344560146331787,0.20208625495433807,0.9701916575431824,-0.13375024497509003,-1.8519294261932373,0.0,0.0,0.0,1.0
-0.946254551410675,0.22560569643974304,0.23174215853214264,-0.6062708497047424,0.2549620270729065,0.07949350774288177,0.9636778831481934,1.349230408668518,0.19898921251296997,0.9709700345993042,-0.1327419877052307,-1.8577296733856201,0.0,0.0,0.0,1.0
-0.9470793604850769,0.22286273539066315,0.2310257852077484,-0.6062232851982117,0.254001647233963,0.08023248612880707,0.9638702869415283,1.3498671054840088,0.19627498090267181,0.9715425968170166,-0.132594034075737,-1.8578962087631226,0.0,0.0,0.0,1.0
-0.9469952583312988,0.22130703926086426,0.23285865783691406,-0.6062151789665222,0.25562408566474915,0.08009949326515198,0.9634523391723633,1.3363778591156006,0.19456693530082703,0.9719091057777405,-0.1324252486228943,-1.8563677072525024,0.0,0.0,0.0,1.0
-0.9475358128547668,0.22087903320789337,0.23105919361114502,-0.6058022379875183,0.25408345460891724,0.08184783160686493,0.9637128710746765,1.34755277633667,0.193952277302742,0.9718607068061829,-0.1336754709482193,-1.853394865989685,0.0,0.0,0.0,1.0
-0.9466345906257629,0.22199073433876038,0.23367314040660858,-0.6037343740463257,0.2565650939941406,0.08018617331981659,0.9631949663162231,1.3359980583190918,0.19508299231529236,0.971746027469635,-0.13286207616329193,-1.853121280670166,0.0,0.0,0.0,1.0
-0.9398459792137146,0.25176069140434265,0.23088115453720093,-0.6395320892333984,0.25636714696884155,0.07316848635673523,0.96380615234375,1.3218365907669067,0.22575528919696808,0.9650195837020874,-0.13331028819084167,-1.8561530113220215,0.0,0.0,0.0,1.0
-0.9403745532035828,0.25077757239341736,0.22979626059532166,-0.6240569949150085,0.25447869300842285,0.07043911516666412,0.9645096659660339,1.3264840841293335,0.22569073736667633,0.9654785394668579,-0.1300567090511322,-1.8640847206115723,0.0,0.0,0.0,1.0
-0.9401052594184875,0.2502729594707489,0.23144248127937317,-0.6181123852729797,0.2556290924549103,0.0684320479631424,0.9643499255180359,1.3185077905654907,0.22551263868808746,0.9657538533210754,-0.12831038236618042,-1.867921233177185,0.0,0.0,0.0,1.0
-0.941310465335846,0.2473883330821991,0.22963786125183105,-0.6288812160491943,0.2536522150039673,0.06957980990409851,0.9647896885871887,1.3112162351608276,0.22269956767559052,0.9664148688316345,-0.12824681401252747,-1.8625149726867676,0.0,0.0,0.0,1.0
-0.942125678062439,0.24527804553508759,0.22855626046657562,-0.6193516850471497,0.25211983919143677,0.06897541135549545,0.965234637260437,1.3176554441452026,0.22098609805107117,0.966995894908905,-0.12682296335697174,-1.8737865686416626,0.0,0.0,0.0,1.0
-0.9438281655311584,0.24330221116542816,0.22359001636505127,-0.6258066296577454,0.24739129841327667,0.07171857357025146,0.9662577509880066,1.3048059940338135,0.21905706822872162,0.9672954678535461,-0.12788084149360657,-1.8769029378890991,0.0,0.0,0.0,1.0
-0.9436306953430176,0.24463091790676117,0.22297291457653046,-0.6016652584075928,0.2466946840286255,0.07064536213874817,0.9665148258209229,1.3080350160598755,0.2206874042749405,0.9670392274856567,-0.12701228260993958,-1.8920077085494995,0.0,0.0,0.0,1.0
-0.9439994096755981,0.24461720883846283,0.22142177820205688,-0.6076274514198303,0.2447545975446701,0.0691164955496788,0.9671184420585632,1.283159613609314,0.22126992046833038,0.9671531915664673,-0.12511710822582245,-1.8889687061309814,0.0,0.0,0.0,1.0
-0.944041907787323,0.24464793503284454,0.2212062031030655,-0.593163788318634,0.2451237291097641,0.07168032228946686,0.9668383002281189,1.2826285362243652,0.22067886590957642,0.9669588208198547,-0.12763823568820953,-1.8924872875213623,0.0,0.0,0.0,1.0
-0.9431957602500916,0.2468777298927307,0.22233569622039795,-0.5877425074577332,0.24706053733825684,0.0737534835934639,0.9661891460418701,1.261074185371399,0.22213256359100342,0.966235876083374,-0.13055771589279175,-1.8929508924484253,0.0,0.0,0.0,1.0
-0.9562464356422424,0.18920500576496124,0.22314612567424774,-0.5725724101066589,0.23815332353115082,0.06039491295814514,0.9693480134010315,1.2683438062667847,0.16992859542369843,0.9800785183906555,-0.10281223058700562,-1.763950228691101,0.0,0.0,0.0,1.0
-0.9539284706115723,0.18860360980033875,0.233343243598938,-0.6291311979293823,0.24930796027183533,0.06556162238121033,0.966202437877655,1.3549469709396362,0.1669309288263321,0.9798624515533447,-0.109561488032341,-1.7509981393814087,0.0,0.0,0.0,1.0
-0.9553273320198059,0.18449705839157104,0.23089048266410828,-0.6293047070503235,0.24662402272224426,0.0671318992972374,0.9667832255363464,1.3531447649002075,0.16286854445934296,0.9805375933647156,-0.10963434725999832,-1.763262391090393,0.0,0.0,0.0,1.0
-0.9572587013244629,0.17668482661247253,0.22899404168128967,-0.6287710666656494,0.24393858015537262,0.06780111789703369,0.9674177169799805,1.3453937768936157,0.15540197491645813,0.9819294810295105,-0.10800345242023468,-1.7741665840148926,0.0,0.0,0.0,1.0
-0.9571554660797119,0.1753462553024292,0.2304498255252838,-0.629647433757782,0.24486419558525085,0.06527493894100189,0.9673576354980469,1.3402174711227417,0.15457993745803833,0.9823405146598816,-0.10541427880525589,-1.7758287191390991,0.0,0.0,0.0,1.0
-0.9576206803321838,0.17396670579910278,0.22956085205078125,-0.6350054740905762,0.2435276210308075,0.0634259432554245,0.9678179025650024,1.342991590499878,0.15380798280239105,0.9827068448066711,-0.10310369729995728,-1.772728681564331,0.0,0.0,0.0,1.0
-0.9575237035751343,0.17339450120925903,0.2303967922925949,-0.6250916719436646,0.24426694214344025,0.0631384626030922,0.9676503539085388,1.3378666639328003,0.15323834121227264,0.9828264713287354,-0.10281112045049667,-1.7707953453063965,0.0,0.0,0.0,1.0
-0.9581620693206787,0.16953203082084656,0.23061737418174744,-0.6420491337776184,0.24377278983592987,0.061096932739019394,0.9679059982299805,1.3318380117416382,0.15000106394290924,0.983629047870636,-0.0998680591583252,-1.7768094539642334,0.0,0.0,0.0,1.0
-0.9583154320716858,0.16810593008995056,0.23102377355098724,-0.6371792554855347,0.24397696554660797,0.06069790944457054,0.9678796529769897,1.3290417194366455,0.14868363738059998,0.983898401260376,-0.09918171167373657,-1.7788740396499634,0.0,0.0,0.0,1.0
-0.9596961140632629,0.16080710291862488,0.23048722743988037,-0.6249822378158569,0.24354353547096252,0.0665893629193306,0.9676013588905334,1.3078842163085938,0.14024917781352997,0.984736979007721,-0.10306908190250397,-1.780426025390625,0.0,0.0,0.0,1.0
-0.9612126350402832,0.15706966817378998,0.22671431303024292,-0.5968236923217773,0.23962852358818054,0.06860150396823883,0.968437910079956,1.322847843170166,0.13655929267406464,0.9852020144462585,-0.10357899963855743,-1.776654601097107,0.0,0.0,0.0,1.0
-0.9623304009437561,0.15577569603919983,0.2228321135044098,-0.587993860244751,0.2364305853843689,0.07480262964963913,0.9687647819519043,1.340414047241211,0.13424156606197357,0.9849560856819153,-0.10881498456001282,-1.7776745557785034,0.0,0.0,0.0,1.0
-0.9556063413619995,0.17722080647945404,0.2353919893503189,-0.605614185333252,0.24851012229919434,0.055555496364831924,0.9670348167419434,1.3627194166183472,0.15830136835575104,0.9826018810272217,-0.09713035076856613,-1.7449030876159668,0.0,0.0,0.0,1.0
-0.9562157392501831,0.17096617817878723,0.2375333160161972,-0.6097418069839478,0.24978283047676086,0.05379752814769745,0.9668062925338745,1.3642581701278687,0.15251246094703674,0.9838070869445801,-0.09414646029472351,-1.7463173866271973,0.0,0.0,0.0,1.0
-0.956577479839325,0.1703328788280487,0.23652943968772888,-0.60581374168396,0.24890314042568207,0.05507036671042442,0.9669615030288696,1.3618930578231812,0.15167957544326782,0.9838465452194214,-0.09507545828819275,-1.7494572401046753,0.0,0.0,0.0,1.0
-0.9567217230796814,0.16733147203922272,0.238083615899086,-0.6044344305992126,0.2503403425216675,0.05612286180257797,0.9665298461914062,1.3622651100158691,0.14836890995502472,0.9843019843101501,-0.09558378159999847,-1.7499767541885376,0.0,0.0,0.0,1.0
-0.957078218460083,0.16391056776046753,0.2390287220478058,-0.6022139191627502,0.25094547867774963,0.056019123643636703,0.9663789868354797,1.3600014448165894,0.14500954747200012,0.9848833680152893,-0.09474729746580124,-1.750577449798584,0.0,0.0,0.0,1.0
-0.9588531851768494,0.1494354009628296,0.24139103293418884,-0.5878738760948181,0.2526169419288635,0.061073075979948044,0.9656369090080261,1.42482328414917,0.12955784797668457,0.9868835210800171,-0.09631002694368362,-1.741989016532898,0.0,0.0,0.0,1.0
-0.9588668942451477,0.15066808462142944,0.24056893587112427,-0.5822775959968567,0.252053439617157,0.062153857201337814,0.9657152891159058,1.4227527379989624,0.13055017590522766,0.9866285920143127,-0.09757368266582489,-1.7402180433273315,0.0,0.0,0.0,1.0
-0.9588285088539124,0.15130910277366638,0.24031966924667358,-0.5776689052581787,0.25218573212623596,0.06456151604652405,0.9655227661132812,1.4212185144424438,0.1305769681930542,0.9863758683204651,-0.10006141662597656,-1.7385172843933105,0.0,0.0,0.0,1.0
-0.9589950442314148,0.14743845164775848,0.24205443263053894,-0.5687717795372009,0.2538294792175293,0.06683394312858582,0.964937150478363,1.4462966918945312,0.1260913908481598,0.9868105053901672,-0.10151765495538712,-1.739138126373291,0.0,0.0,0.0,1.0
-0.9590609073638916,0.1489977389574051,0.24083589017391205,-0.5717072486877441,0.2527388036251068,0.06663251668214798,0.9652373790740967,1.4303293228149414,0.12777069211006165,0.9865900278091431,-0.10156214982271194,-1.7470353841781616,0.0,0.0,0.0,1.0
-0.9689427614212036,0.13309161365032196,0.20841428637504578,-0.48625046014785767,0.21665821969509125,0.05063728988170624,0.9749333262443542,1.5334134101867676,0.11920192837715149,0.9898092746734619,-0.07790002971887589,-2.0469911098480225,0.0,0.0,0.0,1.0
-0.9649648070335388,0.16293950378894806,0.20565423369407654,-0.5253686308860779,0.21514256298542023,0.04270779713988304,0.9756483435630798,1.4924397468566895,0.150188609957695,0.9857112765312195,-0.07626674324274063,-2.035083055496216,0.0,0.0,0.0,1.0
-0.9650288224220276,0.16266943514347076,0.205567866563797,-0.5114097595214844,0.2152150273323059,0.04389813914895058,0.975579559803009,1.4946010112762451,0.14967291057109833,0.9857036471366882,-0.07737187296152115,-2.037281036376953,0.0,0.0,0.0,1.0
-0.9656180739402771,0.15764348208904266,0.20671318471431732,-0.5174787640571594,0.21624451875686646,0.0457291379570961,0.975267767906189,1.496659755706787,0.14429177343845367,0.986436665058136,-0.07824641466140747,-2.037531852722168,0.0,0.0,0.0,1.0
-0.965778648853302,0.15597710013389587,0.20722652971744537,-0.4747314751148224,0.21738144755363464,0.05095003917813301,0.974756121635437,1.544351577758789,0.1414814293384552,0.9864457845687866,-0.08311298489570618,-2.0515151023864746,0.0,0.0,0.0,1.0
-0.9661784172058105,0.15271900594234467,0.20778879523277283,-0.46218082308769226,0.21787191927433014,0.05237172544002533,0.9745712280273438,1.5763932466506958,0.1379532665014267,0.9868810176849365,-0.08387360721826553,-2.0607106685638428,0.0,0.0,0.0,1.0
-0.9657814502716064,0.15073002874851227,0.21106097102165222,-0.4577963948249817,0.22052118182182312,0.04888800531625748,0.9741562008857727,1.6093485355377197,0.1365162432193756,0.9873654246330261,-0.0804542824625969,-2.0545666217803955,0.0,0.0,0.0,1.0
-0.9663832187652588,0.14787983894348145,0.21032123267650604,-0.4571763277053833,0.21997614204883575,0.05210060998797417,0.9741129279136658,1.6317555904388428,0.13309378921985626,0.9876320362091064,-0.0828791931271553,-2.0555338859558105,0.0,0.0,0.0,1.0
-0.9665478467941284,0.1465907245874405,0.2104671597480774,-0.4499126672744751,0.21993128955364227,0.051478367298841476,0.9741561412811279,1.6391431093215942,0.13196773827075958,0.9878568053245544,-0.08199618756771088,-2.0515120029449463,0.0,0.0,0.0,1.0
-0.966920018196106,0.13935139775276184,0.2136514037847519,-0.41719910502433777,0.2219972014427185,0.04720112681388855,0.9739041924476624,1.651572823524475,0.12563031911849976,0.989117443561554,-0.07657533138990402,-2.0672683715820312,0.0,0.0,0.0,1.0
-0.9676580429077148,0.13860419392585754,0.21077685058116913,-0.4251086711883545,0.21893706917762756,0.04635695740580559,0.9746371507644653,1.6670703887939453,0.12531781196594238,0.9892622828483582,-0.07520327717065811,-2.0682077407836914,0.0,0.0,0.0,1.0
-0.9712265133857727,0.11621633172035217,0.2078767567873001,-0.40209028124809265,0.216181680560112,0.0639895349740982,0.9742540121078491,1.721566081047058,0.0999222844839096,0.9911604523658752,-0.08727218210697174,-2.074085235595703,0.0,0.0,0.0,1.0
-0.9679174423217773,0.15223564207553864,0.19990016520023346,-0.49528050422668457,0.21170459687709808,0.06558084487915039,0.9751309156417847,1.5221105813980103,0.13534006476402283,0.9861660599708557,-0.09570583701133728,-2.042208194732666,0.0,0.0,0.0,1.0
-0.9668653607368469,0.15237820148468018,0.2048225849866867,-0.4832298159599304,0.21624863147735596,0.06245465204119682,0.974338710308075,1.5074812173843384,0.13567586243152618,0.986346960067749,-0.0933368131518364,-2.0517654418945312,0.0,0.0,0.0,1.0
-0.9684267044067383,0.15257245302200317,0.19715821743011475,-0.48845207691192627,0.20856206119060516,0.06259207427501678,0.9760041832923889,1.5518962144851685,0.1365707963705063,0.986308217048645,-0.09243666380643845,-2.0411057472229004,0.0,0.0,0.0,1.0
-0.9681352376937866,0.1544647216796875,0.19711625576019287,-0.47470298409461975,0.20884037017822266,0.06360042840242386,0.975879430770874,1.5784552097320557,0.1382022649049759,0.9859490990638733,-0.09383227676153183,-2.041872262954712,0.0,0.0,0.0,1.0
-0.9679950475692749,0.15190470218658447,0.1997763067483902,-0.472775399684906,0.21166853606700897,0.06646568328142166,0.975078821182251,1.5575530529022217,0.13484078645706177,0.9861578345298767,-0.09649189561605453,-2.0493221282958984,0.0,0.0,0.0,1.0
-0.9683886766433716,0.14148345589637756,0.2054402232170105,-0.4347125291824341,0.21621334552764893,0.06536306440830231,0.9741557836532593,1.5588551759719849,0.12439872324466705,0.9877803921699524,-0.09388747066259384,-2.0711188316345215,0.0,0.0,0.0,1.0
-0.9670942425727844,0.15501701831817627,0.20173874497413635,-0.4438016414642334,0.21397939324378967,0.06664625555276871,0.9745620489120483,1.5993716716766357,0.13762857019901276,0.9856612682342529,-0.09762365370988846,-2.0609772205352783,0.0,0.0,0.0,1.0
-0.9672152996063232,0.15346156060695648,0.202346533536911,-0.44230982661247253,0.21439124643802643,0.06631646305322647,0.9744939208030701,1.5996673107147217,0.13612845540046692,0.9859267473220825,-0.09704311192035675,-2.061082124710083,0.0,0.0,0.0,1.0
-0.9673321843147278,0.15437372028827667,0.20108988881111145,-0.4431546926498413,0.21299408376216888,0.06472651660442352,0.9749071002006531,1.6094584465026855,0.13748420774936676,0.9858900904655457,-0.09549272805452347,-2.05245304107666,0.0,0.0,0.0,1.0
-0.9671257734298706,0.15259718894958496,0.20342540740966797,-0.4364567697048187,0.21517249941825867,0.06471379101276398,0.9744295477867126,1.6011687517166138,0.13553078472614288,0.9861674904823303,-0.09542109072208405,-2.059107542037964,0.0,0.0,0.0,1.0
-0.9703822731971741,0.13403712213039398,0.2009785920381546,-0.3454567790031433,0.21324774622917175,0.0843779519200325,0.9733477234840393,1.761919379234314,0.11350657045841217,0.9873775243759155,-0.11046198010444641,-2.0402331352233887,0.0,0.0,0.0,1.0
-0.9700042605400085,0.1371583491563797,0.20069706439971924,-0.40147167444229126,0.212393656373024,0.07661561667919159,0.9741761088371277,1.6610255241394043,0.11823984980583191,0.987581729888916,-0.10344903916120529,-2.0276834964752197,0.0,0.0,0.0,1.0
-0.9700286388397217,0.1368645876646042,0.20077982544898987,-0.39378821849823,0.21257562935352325,0.07770322263240814,0.9740501642227173,1.6699215173721313,0.11771173030138016,0.9875374436378479,-0.10446842014789581,-2.0335452556610107,0.0,0.0,0.0,1.0
-0.9697486758232117,0.13410112261772156,0.20397168397903442,-0.40029990673065186,0.21520790457725525,0.0753043070435524,0.9736604690551758,1.6636658906936646,0.11520902812480927,0.9881023168563843,-0.10188587009906769,-2.0465545654296875,0.0,0.0,0.0,1.0
-0.9700919389724731,0.13880695402622223,0.199133962392807,-0.40340879559516907,0.2110825628042221,0.0773177295923233,0.9744055867195129,1.6711676120758057,0.11985767632722855,0.9872966408729553,-0.10430502891540527,-2.0177841186523438,0.0,0.0,0.0,1.0
-0.9700351357460022,0.1398112177848816,0.1987074911594391,-0.40462034940719604,0.21064028143882751,0.07633432000875473,0.9745787382125854,1.6711024045944214,0.12108883261680603,0.9872313737869263,-0.10349684953689575,-2.015678644180298,0.0,0.0,0.0,1.0
-0.9699375629425049,0.13693735003471375,0.2011699378490448,-0.4019257426261902,0.2127068042755127,0.075457364320755,0.9741981625556946,1.6566698551177979,0.1182243600487709,0.9877015352249146,-0.10231643170118332,-2.0231149196624756,0.0,0.0,0.0,1.0
-0.9697957038879395,0.13518348336219788,0.20303131639957428,-0.3889698088169098,0.21440601348876953,0.07556083798408508,0.9738175272941589,1.6552115678787231,0.11630282551050186,0.9879352450370789,-0.1022627204656601,-2.0364770889282227,0.0,0.0,0.0,1.0
-0.9697839021682739,0.13500435650348663,0.20320658385753632,-0.4024215638637543,0.21424251794815063,0.072837233543396,0.9740610122680664,1.6443971395492554,0.11670149117708206,0.9881642460823059,-0.09956005215644836,-2.02756667137146,0.0,0.0,0.0,1.0
-0.9697816967964172,0.13686156272888184,0.2019711285829544,-0.3926717936992645,0.21344450116157532,0.07496300339698792,0.9740749001502991,1.6518220901489258,0.11817306280136108,0.9877496361732483,-0.10191009938716888,-2.0164637565612793,0.0,0.0,0.0,1.0
-0.9699609875679016,0.13596642017364502,0.20171481370925903,-0.39500144124031067,0.21319988369941711,0.07585184276103973,0.9740597009658813,1.6612294912338257,0.11713897436857224,0.9878054261207581,-0.1025613471865654,-2.0239601135253906,0.0,0.0,0.0,1.0
-0.9710389971733093,0.12238236516714096,0.2051972597837448,-0.33634069561958313,0.21341060101985931,0.058139488101005554,0.9752311110496521,1.8258196115493774,0.10742101073265076,0.9907786250114441,-0.08257340639829636,-2.040919542312622,0.0,0.0,0.0,1.0
-0.9710447788238525,0.12388037890195847,0.2042686939239502,-0.3358581066131592,0.2127905786037445,0.059842996299266815,0.9752635359764099,1.800114631652832,0.1085919663310051,0.9904910326004028,-0.08447080850601196,-2.0480690002441406,0.0,0.0,0.0,1.0
-0.9709926247596741,0.1230623722076416,0.20500977337360382,-0.3359552025794983,0.21345581114292145,0.05976027250289917,0.9751232266426086,1.8037633895874023,0.10774952918291092,0.9905979633331299,-0.08429516106843948,-2.0427727699279785,0.0,0.0,0.0,1.0
-0.9713137149810791,0.1234833300113678,0.20322765409946442,-0.33265841007232666,0.21209827065467834,0.0633966401219368,0.9751898050308228,1.8178712129592896,0.10753573477268219,0.9903194904327393,-0.08776863664388657,-2.04494309425354,0.0,0.0,0.0,1.0
-0.9715460538864136,0.12208200991153717,0.202963724732399,-0.3362875282764435,0.2115815281867981,0.062210164964199066,0.9753784537315369,1.8164665699005127,0.10644976794719696,0.9905684590339661,-0.08627033233642578,-2.0455451011657715,0.0,0.0,0.0,1.0
-0.9715431928634644,0.12177062034606934,0.20316411554813385,-0.3444288969039917,0.21191182732582092,0.06367163360118866,0.9752123951911926,1.8292524814605713,0.10581643879413605,0.9905138611793518,-0.08766437321901321,-2.0417063236236572,0.0,0.0,0.0,1.0
-0.9716331958770752,0.12094833701848984,0.20322491228580475,-0.34204337000846863,0.21195578575134277,0.06419916450977325,0.9751682281494141,1.8308098316192627,0.1048981174826622,0.9905806183815002,-0.08801373839378357,-2.04174542427063,0.0,0.0,0.0,1.0
-0.9717013835906982,0.11958571523427963,0.20370487868785858,-0.3337657153606415,0.21233226358890533,0.06435379385948181,0.9750761985778809,1.8235468864440918,0.1034960001707077,0.9907360076904297,-0.08792456984519958,-2.0540575981140137,0.0,0.0,0.0,1.0
-0.9716337323188782,0.12123306840658188,0.20305277407169342,-0.3345133662223816,0.21188099682331085,0.06488319486379623,0.975139319896698,1.8345979452133179,0.1050444096326828,0.9905012249946594,-0.08872967958450317,-2.0369722843170166,0.0,0.0,0.0,1.0
-0.9716740846633911,0.12161290645599365,0.2026321142911911,-0.3374967575073242,0.21120184659957886,0.062156327068805695,0.9754641652107239,1.8210532665252686,0.10603415220975876,0.9906295537948608,-0.08608056604862213,-2.0371601581573486,0.0,0.0,0.0,1.0
-0.9717099070549011,0.1208190768957138,0.20293520390987396,-0.3391261100769043,0.2115183174610138,0.06292292475700378,0.9753465056419373,1.8261140584945679,0.10507118701934814,0.9906782507896423,-0.08669827878475189,-2.0326931476593018,0.0,0.0,0.0,1.0
-0.9693670272827148,0.11633656919002533,0.21631793677806854,-0.3167346715927124,0.22436384856700897,0.061046238988637924,0.9725915193557739,1.8796182870864868,0.09994255751371384,0.9913320541381836,-0.08527792990207672,-2.048902988433838,0.0,0.0,0.0,1.0
-0.9693398475646973,0.11974861472845078,0.2145705372095108,-0.3152396082878113,0.2228946089744568,0.060937732458114624,0.9729360342025757,1.8657190799713135,0.1034323126077652,0.9909323453903198,-0.0857606902718544,-2.0424716472625732,0.0,0.0,0.0,1.0
-0.9689622521400452,0.119306780397892,0.21651345491409302,-0.32029157876968384,0.22442784905433655,0.057304903864860535,0.9728043675422668,1.854538083076477,0.1036548763513565,0.9912023544311523,-0.0823020488023758,-2.045978546142578,0.0,0.0,0.0,1.0
-0.9685318470001221,0.12085776031017303,0.21757620573043823,-0.31823626160621643,0.22541490197181702,0.055331408977508545,0.9726904034614563,1.8404541015625,0.10551837831735611,0.991126537322998,-0.08083337545394897,-2.047186851501465,0.0,0.0,0.0,1.0
-0.9694971442222595,0.11829480528831482,0.21466627717018127,-0.31807735562324524,0.22259120643138885,0.05828847736120224,0.9731678366661072,1.8356298208236694,0.10260812193155289,0.9912662506103516,-0.0828419029712677,-2.0388827323913574,0.0,0.0,0.0,1.0
-0.9687232971191406,0.11428285390138626,0.22026054561138153,-0.30082640051841736,0.22696295380592346,0.04922902584075928,0.9726583957672119,1.7553960084915161,0.10031495988368988,0.9922277927398682,-0.07362727075815201,-2.0698235034942627,0.0,0.0,0.0,1.0
-0.968616247177124,0.11470132321119308,0.22051356732845306,-0.3174414336681366,0.2269873172044754,0.04666566103696823,0.9727790951728821,1.7482123374938965,0.10128863155841827,0.9923033118247986,-0.07123686373233795,-2.0624196529388428,0.0,0.0,0.0,1.0
-0.9685280323028564,0.11608877778053284,0.220174640417099,-0.331592321395874,0.22669275104999542,0.04614023119211197,0.972872793674469,1.7187390327453613,0.10278069972991943,0.9921665787696838,-0.07100459188222885,-2.05759859085083,0.0,0.0,0.0,1.0
-0.9690195322036743,0.11860255151987076,0.21664391458034515,-0.3480033278465271,0.22332227230072021,0.04609885811805725,0.9736539721488953,1.665846586227417,0.1054908037185669,0.9918711185455322,-0.0711572915315628,-2.071286916732788,0.0,0.0,0.0,1.0
-0.9694191217422485,0.12078937888145447,0.21362704038619995,-0.3638642430305481,0.22074609994888306,0.048843540251255035,0.9741075038909912,1.6889870166778564,0.10722754150629044,0.9914757609367371,-0.07401365041732788,-2.062631845474243,0.0,0.0,0.0,1.0
-0.9698009490966797,0.12022837996482849,0.21220582723617554,-0.3710281252861023,0.21924914419651031,0.04859378933906555,0.9744580388069153,1.6896511316299438,0.10684562474489212,0.9915562272071838,-0.07348626852035522,-2.061326742172241,0.0,0.0,0.0,1.0
-0.9647150635719299,0.1416548192501068,0.22194305062294006,-0.33883896470069885,0.2274005264043808,0.023370452225208282,0.973520815372467,1.721790075302124,0.13271701335906982,0.9896401762962341,-0.05475820600986481,-2.118701219558716,0.0,0.0,0.0,1.0
-0.9636856317520142,0.14161045849323273,0.22639882564544678,-0.30510228872299194,0.23411017656326294,0.04017661139369011,0.9713795185089111,1.9082157611846924,0.1284615695476532,0.9891068339347839,-0.07187006622552872,-2.1128833293914795,0.0,0.0,0.0,1.0
-0.9645590782165527,0.1407378911972046,0.2232009768486023,-0.30110040307044983,0.231756791472435,0.04744607210159302,0.9716160297393799,1.9151813983917236,0.12615318596363068,0.9889093041419983,-0.0783815011382103,-2.11198353767395,0.0,0.0,0.0,1.0
-0.9646198153495789,0.14061900973320007,0.22301319241523743,-0.3004755675792694,0.2314842790365219,0.04686699062585831,0.9717090129852295,1.91632878780365,0.12618879973888397,0.9889538288116455,-0.07775991410017014,-2.111224889755249,0.0,0.0,0.0,1.0
-0.9641964435577393,0.13980069756507874,0.22534644603729248,-0.30030807852745056,0.2330160140991211,0.04094551503658295,0.9716105461120605,1.8994396924972534,0.12660491466522217,0.9893327355384827,-0.07205531746149063,-2.1097300052642822,0.0,0.0,0.0,1.0
-0.9643186926841736,0.13943371176719666,0.2250504344701767,-0.30479586124420166,0.2329198718070984,0.04274340718984604,0.9715561270713806,1.9011685848236084,0.12584826350212097,0.9893084764480591,-0.07369515299797058,-2.1121199131011963,0.0,0.0,0.0,1.0
-0.9643918871879578,0.14023122191429138,0.22423969209194183,-0.3078628182411194,0.2323722392320633,0.0443803109228611,0.971613883972168,1.9003825187683105,0.12629878520965576,0.9891236424446106,-0.07538585364818573,-2.114940643310547,0.0,0.0,0.0,1.0
-0.9645304083824158,0.1378149837255478,0.22514013946056366,-0.30763334035873413,0.23311297595500946,0.044529084116220474,0.9714295864105225,1.9106653928756714,0.12385226786136627,0.9894564747810364,-0.07507611811161041,-2.107919216156006,0.0,0.0,0.0,1.0
-0.9647759795188904,0.13848692178726196,0.22367115318775177,-0.30395716428756714,0.2319517880678177,0.04665320739150047,0.9716078639030457,1.9373071193695068,0.12411999702453613,0.9892647862434387,-0.07713218033313751,-2.101036787033081,0.0,0.0,0.0,1.0
-0.964246392250061,0.13664153218269348,0.22706398367881775,-0.3091892600059509,0.2345699965953827,0.04138302430510521,0.9712179899215698,1.9143707752227783,0.12331211566925049,0.9897558093070984,-0.07195543497800827,-2.1047909259796143,0.0,0.0,0.0,1.0
-0.9641667604446411,0.13926038146018982,0.2258072793483734,-0.31415271759033203,0.2331901490688324,0.03898218646645546,0.9716494679450989,1.9153339862823486,0.12650981545448303,0.9894881844520569,-0.07005947828292847,-2.0986783504486084,0.0,0.0,0.0,1.0
-0.9690768718719482,0.1094910055398941,0.22113747894763947,-0.360958993434906,0.22232365608215332,-0.001407567411661148,0.9749718904495239,1.7526885271072388,0.10706191509962082,0.9939867258071899,-0.022978400811553,-1.996170163154602,0.0,0.0,0.0,1.0
-0.9681977033615112,0.11304609477519989,0.22319011390209198,-0.3540205657482147,0.22454290091991425,-0.0007853265851736069,0.9744638800621033,1.7373993396759033,0.110334612429142,0.9935894012451172,-0.02462334930896759,-2.023545980453491,0.0,0.0,0.0,1.0
-0.9680730700492859,0.11557585000991821,0.2224336862564087,-0.3571661710739136,0.22422637045383453,0.0025818701833486557,0.9745336771011353,1.7353700399398804,0.11205826699733734,0.9932952523231506,-0.028414592146873474,-2.0129239559173584,0.0,0.0,0.0,1.0
-0.9679287672042847,0.11671458184719086,0.22246713936328888,-0.36224299669265747,0.2246008664369583,0.005291007459163666,0.9744364619255066,1.7430349588394165,0.11255387961864471,0.9931513667106628,-0.03133551776409149,-2.0088565349578857,0.0,0.0,0.0,1.0
-0.9682500958442688,0.11053048819303513,0.2242201566696167,-0.3516663908958435,0.2253810316324234,-0.002039508894085884,0.9742685556411743,1.7279928922653198,0.10814368724822998,0.9938706755638123,-0.02293672226369381,-2.019263744354248,0.0,0.0,0.0,1.0
-0.968276858329773,0.1151457354426384,0.22176899015903473,-0.359133780002594,0.22387360036373138,0.005514524877071381,0.9746026396751404,1.7416483163833618,0.11099837720394135,0.9933333396911621,-0.031117675825953484,-2.0133261680603027,0.0,0.0,0.0,1.0
-0.9676333069801331,0.11355923861265182,0.2253665179014206,-0.3622857928276062,0.22678621113300323,-0.0004279203712940216,0.9739444851875305,1.7307124137878418,0.11069683730602264,0.9935311675071716,-0.025339597836136818,-2.0108590126037598,0.0,0.0,0.0,1.0
-0.9677281379699707,0.1152019277215004,0.2241220623254776,-0.3643060326576233,0.22567978501319885,0.0004918687045574188,0.9742014408111572,1.7279058694839478,0.1121196374297142,0.9933419227600098,-0.026474740356206894,-2.0103704929351807,0.0,0.0,0.0,1.0
-0.9682944416999817,0.11547631770372391,0.2215200513601303,-0.3585394024848938,0.2232392430305481,0.0020096078515052795,0.9747616052627563,1.7315012216567993,0.11211670935153961,0.9933082461357117,-0.02772473730146885,-2.0085318088531494,0.0,0.0,0.0,1.0
-0.9679611325263977,0.11478640139102936,0.22332774102687836,-0.35918644070625305,0.22501756250858307,0.0018139425665140152,0.974353015422821,1.7344402074813843,0.1114373654127121,0.9933885335922241,-0.027584781870245934,-2.007779121398926,0.0,0.0,0.0,1.0
-0.9687113165855408,0.11436972767114639,0.22026781737804413,-0.356275737285614,0.2225831300020218,0.00772436335682869,0.9748830795288086,1.7449817657470703,0.10979568958282471,0.993408203125,-0.032939452677965164,-2.007999897003174,0.0,0.0,0.0,1.0
-0.9683116674423218,0.11884795874357224,0.21965354681015015,-0.3754684329032898,0.22105993330478668,-0.0013817939907312393,0.9752592444419861,1.7238322496414185,0.11621108651161194,0.9929114580154419,-0.024934515357017517,-2.044976234436035,0.0,0.0,0.0,1.0
-0.9672503471374512,0.1221621185541153,0.22249293327331543,-0.38335785269737244,0.2236599177122116,-0.004251403734087944,0.9746579527854919,1.7203317880630493,0.12001219391822815,0.9925010204315186,-0.023210598155856133,-2.0482919216156006,0.0,0.0,0.0,1.0
-0.9676662683486938,0.1189638301730156,0.22241747379302979,-0.3778390884399414,0.22322072088718414,-0.006700411438941956,0.9747448563575745,1.7122613191604614,0.11744967103004456,0.9928759932518005,-0.02007143199443817,-2.055196523666382,0.0,0.0,0.0,1.0
-0.9676201939582825,0.11796136200428009,0.2231508046388626,-0.38503843545913696,0.223744198679924,-0.008359251543879509,0.9746121168136597,1.7146680355072021,0.116831935942173,0.9929829835891724,-0.01830459013581276,-2.0505146980285645,0.0,0.0,0.0,1.0
-0.967656672000885,0.12248462438583374,0.2205403596162796,-0.3802430331707001,0.22208186984062195,-0.0010930318385362625,0.9750273823738098,1.7301028966903687,0.1196669191122055,0.9924697875976562,-0.026143934577703476,-2.047017812728882,0.0,0.0,0.0,1.0
-0.967315673828125,0.11995329707860947,0.22340872883796692,-0.3889865577220917,0.2239936739206314,-0.008758870884776115,0.974551260471344,1.7116938829421997,0.11885745078325272,0.9927409291267395,-0.01839618757367134,-2.040571689605713,0.0,0.0,0.0,1.0
-0.9677359461784363,0.12023453414440155,0.22142910957336426,-0.3850122392177582,0.22217339277267456,-0.00734945572912693,0.9749794602394104,1.708748459815979,0.11885359138250351,0.9927183389663696,-0.019600581377744675,-2.0450258255004883,0.0,0.0,0.0,1.0
-0.9678703546524048,0.1199951320886612,0.22097086906433105,-0.38362762331962585,0.22150017321109772,-0.009077334776520729,0.975118100643158,1.7106984853744507,0.11901525408029556,0.9927330017089844,-0.017793260514736176,-2.041685104370117,0.0,0.0,0.0,1.0
-0.9683367013931274,0.11672255396842957,0.22068044543266296,-0.3855823278427124,0.22098074853420258,-0.01052500493824482,0.9752213358879089,1.710047721862793,0.11615298688411713,0.9931086897850037,-0.015601690858602524,-2.0445306301116943,0.0,0.0,0.0,1.0
-0.9682173132896423,0.1181606650352478,0.22043892741203308,-0.392378032207489,0.2208138257265091,-0.01007412001490593,0.9752639532089233,1.7077733278274536,0.11745856702327728,0.9929433465003967,-0.016337569802999496,-2.038059711456299,0.0,0.0,0.0,1.0
-0.969176173210144,0.11239169538021088,0.21923889219760895,-0.3815288245677948,0.21901851892471313,-0.01445765420794487,0.9756135940551758,1.6979674100875854,0.11282054334878922,0.9935588240623474,-0.010603847913444042,-2.0524070262908936,0.0,0.0,0.0,1.0
-0.9710855484008789,0.09908537566661835,0.2171979397535324,-0.4107297360897064,0.2174137383699417,-0.008746177889406681,0.9760403633117676,1.7246865034103394,0.09861098229885101,0.9950405359268188,-0.013049235567450523,-2.018069267272949,0.0,0.0,0.0,1.0
-0.9704358577728271,0.09975016117095947,0.21978223323822021,-0.3951009213924408,0.2204982042312622,-0.003926984965801239,0.975379467010498,1.721384882926941,0.09815733879804611,0.9950047731399536,-0.018183844164013863,-2.041943073272705,0.0,0.0,0.0,1.0
-0.9701175689697266,0.10215970128774643,0.22008009254932404,-0.39793387055397034,0.2208997905254364,-0.003360128030180931,0.9752907156944275,1.7205395698547363,0.10037490725517273,0.9947623014450073,-0.019307341426610947,-2.0349035263061523,0.0,0.0,0.0,1.0
-0.970242440700531,0.09921695291996002,0.22087468206882477,-0.4014061689376831,0.22144633531570435,-0.005352377891540527,0.9751578569412231,1.718389630317688,0.09793439507484436,0.995051383972168,-0.0167781263589859,-2.0380380153656006,0.0,0.0,0.0,1.0
-0.9702235460281372,0.10071539133787155,0.2202787846326828,-0.39890292286872864,0.22104112803936005,-0.0036663729697465897,0.9752576351165771,1.7178643941879272,0.09903107583522797,0.9949084520339966,-0.01870504394173622,-2.0380842685699463,0.0,0.0,0.0,1.0
-0.9703233242034912,0.0984155461192131,0.22087784111499786,-0.3982568383216858,0.22143211960792542,-0.005392119288444519,0.9751608967781067,1.720607876777649,0.09716198593378067,0.995130717754364,-0.0165602657943964,-2.037099599838257,0.0,0.0,0.0,1.0
-0.9702984094619751,0.10018257796764374,0.22019191086292267,-0.39862579107284546,0.2209257334470749,-0.0038484949618577957,0.9752830266952515,1.7190725803375244,0.09855376929044724,0.9949616193771362,-0.018398720771074295,-2.0369694232940674,0.0,0.0,0.0,1.0
-0.9704124927520752,0.09820627421140671,0.2205791473388672,-0.3992575705051422,0.2210657000541687,-0.006035797297954559,0.9752402901649475,1.716041088104248,0.09710607677698135,0.9951477646827698,-0.015852825716137886,-2.0370450019836426,0.0,0.0,0.0,1.0
-0.970461368560791,0.09739318490028381,0.22072450816631317,-0.3978801369667053,0.22104240953922272,-0.00764911063015461,0.9752342104911804,1.710789680480957,0.0966695100069046,0.9952166676521301,-0.014104858040809631,-2.03918719291687,0.0,0.0,0.0,1.0
-0.9702555537223816,0.10004302114248276,0.22044405341148376,-0.39986956119537354,0.22101642191410065,-0.005464714020490646,0.9752547740936279,1.7147564888000488,0.09877210110425949,0.9949681162834167,-0.01680898293852806,-2.0311055183410645,0.0,0.0,0.0,1.0
-0.9701999425888062,0.09735666960477829,0.2218867987394333,-0.4003172516822815,0.2223871499300003,-0.005819382146000862,0.974941074848175,1.7183070182800293,0.09620825946331024,0.9952325224876404,-0.016004905104637146,-2.037100315093994,0.0,0.0,0.0,1.0
-0.9695318937301636,0.10843032598495483,0.219660684466362,-0.4335702657699585,0.2191263884305954,-0.016966909170150757,0.9755489826202393,1.6655938625335693,0.10950605571269989,0.9939592480659485,-0.007309986278414726,-2.051422595977783,0.0,0.0,0.0,1.0
-0.9690630435943604,0.10816502571105957,0.22184932231903076,-0.4264809191226959,0.2216387838125229,-0.01411752961575985,0.9750266075134277,1.672957181930542,0.10859573632478714,0.9940326809883118,-0.010292788967490196,-2.060436487197876,0.0,0.0,0.0,1.0
-0.9689497351646423,0.1108013167977333,0.22104187309741974,-0.43001335859298706,0.22113025188446045,-0.011645587161183357,0.9751747250556946,1.6823363304138184,0.11062480509281158,0.9937743544578552,-0.013217533938586712,-2.0554683208465576,0.0,0.0,0.0,1.0
-0.9691355228424072,0.11056976765394211,0.22034235298633575,-0.4232422113418579,0.22037306427955627,-0.012096382677555084,0.975340723991394,1.677353858947754,0.11050853133201599,0.9937947988510132,-0.01264356542378664,-2.0558788776397705,0.0,0.0,0.0,1.0
-0.9691900610923767,0.10977877676486969,0.2204979956150055,-0.4267546534538269,0.22051317989826202,-0.0121548380702734,0.9753082990646362,1.6785386800765991,0.10974826663732529,0.9938817620277405,-0.012427320703864098,-2.058130979537964,0.0,0.0,0.0,1.0
-0.9692794680595398,0.11017300933599472,0.21990740299224854,-0.42180803418159485,0.21997807919979095,-0.011664854362607002,0.9754350185394287,1.6828560829162598,0.11003180593252182,0.9938439130783081,-0.012929144315421581,-2.0581588745117188,0.0,0.0,0.0,1.0
-0.9691928029060364,0.10928530246019363,0.2207304984331131,-0.42374706268310547,0.22069013118743896,-0.01261676661670208,0.9752623438835144,1.6786519289016724,0.10936674475669861,0.9939303398132324,-0.011890110559761524,-2.0587687492370605,0.0,0.0,0.0,1.0
-0.9692259430885315,0.10793240368366241,0.22125008702278137,-0.42827945947647095,0.22095397114753723,-0.014846227131783962,0.9751712679862976,1.6803390979766846,0.10853730142116547,0.9940474033355713,-0.009458744898438454,-2.0537893772125244,0.0,0.0,0.0,1.0
-0.9693353176116943,0.10440901666879654,0.22245851159095764,-0.4257798492908478,0.22189809381961823,-0.017101626843214035,0.9749199151992798,1.6740729808807373,0.10559482872486115,0.9943873882293701,-0.006590951234102249,-2.063499689102173,0.0,0.0,0.0,1.0
-0.9691207408905029,0.10605765879154205,0.2226136177778244,-0.4273124039173126,0.2220536172389984,-0.01721116527915001,0.9748824834823608,1.6744428873062134,0.107225202023983,0.994210958480835,-0.006870790384709835,-2.054060935974121,0.0,0.0,0.0,1.0
-0.9692811965942383,0.10592976957559586,0.2219746708869934,-0.4259069859981537,0.22144633531570435,-0.01687367632985115,0.975026547908783,1.6722173690795898,0.10702986270189285,0.9942304491996765,-0.007102421950548887,-2.055856943130493,0.0,0.0,0.0,1.0
-0.9699172377586365,0.10006095468997955,0.22191986441612244,-0.45642805099487305,0.2211899757385254,-0.018471522256731987,0.9750558137893677,1.625933051109314,0.10166420787572861,0.9948098063468933,-0.004216635599732399,-2.0429000854492188,0.0,0.0,0.0,1.0
-0.9698731899261475,0.10201472789049149,0.22122181951999664,-0.4558899998664856,0.22086352109909058,-0.014936835505068302,0.9751903414726257,1.633065938949585,0.10278812795877457,0.9946707487106323,-0.008044497109949589,-2.049712896347046,0.0,0.0,0.0,1.0
-0.9702119827270508,0.10192009806632996,0.2197750210762024,-0.45623779296875,0.2193884551525116,-0.01512666791677475,0.9755203723907471,1.6328816413879395,0.10274958610534668,0.9946776032447815,-0.007684018462896347,-2.046358346939087,0.0,0.0,0.0,1.0
-0.9698002934455872,0.09837114065885544,0.22318239510059357,-0.45751312375068665,0.22229652106761932,-0.020016662776470184,0.9747735857963562,1.6285905838012695,0.10035695880651474,0.9949484467506409,-0.0024553975090384483,-2.05267596244812,0.0,0.0,0.0,1.0
-0.9700722098350525,0.0983688086271286,0.2219988852739334,-0.45776817202568054,0.22119902074337006,-0.019102800637483597,0.9750415682792664,1.6251879930496216,0.10015448182821274,0.9949666261672974,-0.003227989189326763,-2.047333240509033,0.0,0.0,0.0,1.0
-0.9699990153312683,0.10202492773532867,0.22066453099250793,-0.45995402336120605,0.22014296054840088,-0.016485225409269333,0.9753283262252808,1.626732349395752,0.10314550250768661,0.9946452379226685,-0.006469415966421366,-2.0451955795288086,0.0,0.0,0.0,1.0
-0.9699903726577759,0.09924539178609848,0.22196638584136963,-0.4544934034347534,0.2211875468492508,-0.01892312616109848,0.9750477075576782,1.621602177619934,0.10096928477287292,0.9948830604553223,-0.003596594324335456,-2.0465922355651855,0.0,0.0,0.0,1.0
-0.969967246055603,0.098133884370327,0.22256062924861908,-0.45072638988494873,0.22168366611003876,-0.019890956580638885,0.9749157428741455,1.626362919807434,0.10009921342134476,0.9949744343757629,-0.0024611016269773245,-2.0444884300231934,0.0,0.0,0.0,1.0
-0.9702051281929016,0.09703639894723892,0.22200433909893036,-0.45230698585510254,0.22094231843948364,-0.021692747250199318,0.9750456213951111,1.6238901615142822,0.09943079948425293,0.9950444102287292,-0.0003930314851459116,-2.044933795928955,0.0,0.0,0.0,1.0
-0.9704560041427612,0.09989206492900848,0.21962867677211761,-0.45688799023628235,0.21897046267986298,-0.017642781138420105,0.9755719900131226,1.641348958015442,0.10132675617933273,0.9948418736457825,-0.004751869477331638,-2.042600393295288,0.0,0.0,0.0,1.0
-0.9702483415603638,0.09999435395002365,0.22049793601036072,-0.45746028423309326,0.21977421641349792,-0.018334563821554184,0.9753784537315369,1.6359258890151978,0.10157506912946701,0.9948190450668335,-0.004187101498246193,-2.0416946411132812,0.0,0.0,0.0,1.0
-0.9707199335098267,0.0899338349699974,0.2227436602115631,-0.4785100519657135,0.2215532511472702,-0.023136824369430542,0.9748737215995789,1.590954303741455,0.09282771497964859,0.9956789612770081,0.0025342421140521765,-2.0202906131744385,0.0,0.0,0.0,1.0
-0.9708792567253113,0.09293824434280396,0.22080756723880768,-0.47837498784065247,0.22018390893936157,-0.01704082265496254,0.9753095507621765,1.5896461009979248,0.09440629184246063,0.9955260753631592,-0.003918924368917942,-2.027606964111328,0.0,0.0,0.0,1.0
-0.9704808592796326,0.09319222718477249,0.2224457710981369,-0.4788839817047119,0.221705824136734,-0.018351420760154724,0.9749408960342407,1.583387851715088,0.09493910521268845,0.9954789280891418,-0.002851557917892933,-2.028346061706543,0.0,0.0,0.0,1.0
-0.9712406396865845,0.09230384230613708,0.21948035061359406,-0.4736737310886383,0.21906529366970062,-0.014730685390532017,0.9755990505218506,1.601686954498291,0.09328463673591614,0.995621919631958,-0.005913528613746166,-2.0273191928863525,0.0,0.0,0.0,1.0
-0.9708629846572876,0.08755771815776825,0.223066508769989,-0.4724956154823303,0.22221267223358154,-0.019505515694618225,0.97480309009552,1.5789227485656738,0.08970256894826889,0.9959684610366821,-0.0005192492390051484,-2.0385091304779053,0.0,0.0,0.0,1.0
-0.9708529710769653,0.08980119228363037,0.22221648693084717,-0.47687315940856934,0.2214023619890213,-0.019054410979151726,0.9749963283538818,1.576436161994934,0.09179004281759262,0.9957773685455322,-0.0013831640826538205,-2.033230781555176,0.0,0.0,0.0,1.0
-0.9706571102142334,0.08937393128871918,0.2232421338558197,-0.4770538806915283,0.22243203222751617,-0.01905164122581482,0.9747620224952698,1.5824201107025146,0.09137144684791565,0.9958159327507019,-0.0013870149850845337,-2.0351169109344482,0.0,0.0,0.0,1.0
-0.9708551168441772,0.09003297984600067,0.22211356461048126,-0.47965341806411743,0.2213498055934906,-0.018508024513721466,0.9750188589096069,1.5850622653961182,0.09189473092556,0.995766818523407,-0.001960169989615679,-2.031538486480713,0.0,0.0,0.0,1.0
-0.9705628156661987,0.09084451198577881,0.2230585813522339,-0.47948405146598816,0.22212381660938263,-0.020402900874614716,0.9748049974441528,1.580997109413147,0.0931067168712616,0.9956560730934143,-0.0003764332504943013,-2.0279111862182617,0.0,0.0,0.0,1.0
-0.9708443880081177,0.09188317507505417,0.22140149772167206,-0.47707709670066833,0.220535546541214,-0.01960129663348198,0.9751819968223572,1.586521863937378,0.0939425677061081,0.9955768585205078,-0.001233696355484426,-2.0217809677124023,0.0,0.0,0.0,1.0
-0.9707390666007996,0.08756519854068756,0.22360241413116455,-0.4775524437427521,0.2224305272102356,-0.023045066744089127,0.9746761322021484,1.578564167022705,0.09050064533948898,0.9958921670913696,0.0028935729060322046,-2.0281758308410645,0.0,0.0,0.0,1.0
-0.9710149765014648,0.07126733660697937,0.22814655303955078,-0.4939631223678589,0.22691309452056885,-0.025057503953576088,0.9735926389694214,1.5426770448684692,0.07510213553905487,0.997142493724823,0.00815972127020359,-2.013857126235962,0.0,0.0,0.0,1.0
-0.9709411263465881,0.07599145919084549,0.22693298757076263,-0.49678757786750793,0.22591589391231537,-0.02183733507990837,0.9739020466804504,1.5502349138259888,0.07896384596824646,0.9968692660331726,0.004035088699311018,-2.012495517730713,0.0,0.0,0.0,1.0
-0.9712556600570679,0.07577541470527649,0.2256556898355484,-0.49377885460853577,0.22476829588413239,-0.020153822377324104,0.9742037653923035,1.5552645921707153,0.07836852222681046,0.996921181678772,0.002542604226619005,-2.015310049057007,0.0,0.0,0.0,1.0
-0.9714487791061401,0.0743335708975792,0.22530369460582733,-0.4968635141849518,0.22438959777355194,-0.020536955446004868,0.9742830991744995,1.5511517524719238,0.07704899460077286,0.9970219731330872,0.003270921763032675,-2.0183064937591553,0.0,0.0,0.0,1.0
-0.9713624119758606,0.0747828483581543,0.22552727162837982,-0.4979323148727417,0.22464622557163239,-0.020101044327020645,0.9742330312728882,1.559112548828125,0.07738925516605377,0.9969971776008606,0.0027257148176431656,-2.0154640674591064,0.0,0.0,0.0,1.0
-0.970912754535675,0.07103502005338669,0.2286534458398819,-0.4965084195137024,0.22750800848007202,-0.023926733061671257,0.9734822511672974,1.546740174293518,0.0746222659945488,0.9971867799758911,0.007069733459502459,-2.0169448852539062,0.0,0.0,0.0,1.0
-0.971235990524292,0.07012613862752914,0.22755885124206543,-0.48983117938041687,0.22638212144374847,-0.024400239810347557,0.9737329483032227,1.5470938682556152,0.07383661717176437,0.9972396492958069,0.007823087275028229,-2.0179014205932617,0.0,0.0,0.0,1.0
-0.9716063737869263,0.07419347018003464,0.22466957569122314,-0.4834183156490326,0.22370551526546478,-0.021166034042835236,0.9744269847869873,1.5729471445083618,0.07705147564411163,0.9970191717147827,0.003967565950006247,-2.0132527351379395,0.0,0.0,0.0,1.0
-0.9719105362892151,0.07412463426589966,0.22337305545806885,-0.4793243408203125,0.2224379926919937,-0.02074519544839859,0.974726140499115,1.5802363157272339,0.07688513398170471,0.9970331788063049,0.0036743376404047012,-2.010293960571289,0.0,0.0,0.0,1.0
-0.9720075726509094,0.07137210667133331,0.22384652495384216,-0.4659133553504944,0.2226991504430771,-0.023750098422169685,0.9745978713035583,1.5666884183883667,0.07487547397613525,0.9971669316291809,0.007190769538283348,-2.017378330230713,0.0,0.0,0.0,1.0
-0.9722657799720764,0.07223152369260788,0.22244487702846527,-0.4573565721511841,0.221399188041687,-0.02227628603577614,0.9749287962913513,1.5956436395645142,0.07537584006786346,0.9971390962600708,0.0056664710864424706,-2.0108463764190674,0.0,0.0,0.0,1.0
-0.9738314151763916,0.04164600744843483,0.22342324256896973,-0.46718451380729675,0.22277094423770905,-0.01975468173623085,0.9746706485748291,1.5880752801895142,0.045004792511463165,0.9989370703697205,0.00996020995080471,-1.9737143516540527,0.0,0.0,0.0,1.0
-0.972482442855835,0.048229899257421494,0.2279292196035385,-0.48244309425354004,0.22731941938400269,-0.017845459282398224,0.9736567735671997,1.527274250984192,0.05102687329053879,0.9986768364906311,0.006390804424881935,-1.9733128547668457,0.0,0.0,0.0,1.0
-0.9730117321014404,0.04787570238113403,0.22573453187942505,-0.45244574546813965,0.2252405881881714,-0.015543431043624878,0.974179208278656,1.5740036964416504,0.05014820024371147,0.9987323880195618,0.004340389743447304,-1.9886095523834229,0.0,0.0,0.0,1.0
-0.9738653898239136,0.048928819596767426,0.2217930406332016,-0.45324090123176575,0.22142170369625092,-0.01295163482427597,0.9750921726226807,1.5739401578903198,0.05058269202709198,0.99871826171875,0.0017792456783354282,-1.9909696578979492,0.0,0.0,0.0,1.0
-0.9736729860305786,0.03712993115186691,0.22490501403808594,-0.449966162443161,0.22429604828357697,-0.019878115504980087,0.9743183255195618,1.5687304735183716,0.04064705967903137,0.9991127848625183,0.011026686988770962,-2.0202410221099854,0.0,0.0,0.0,1.0
-0.9743295311927795,0.04610157012939453,0.2203557789325714,-0.44997113943099976,0.21998365223407745,-0.013058509677648544,0.9754161238670349,1.562603235244751,0.04784573242068291,0.9988514184951782,0.002581698587164283,-1.9978106021881104,0.0,0.0,0.0,1.0
-0.9744923710823059,0.044090837240219116,0.2200467586517334,-0.4518648684024811,0.21955671906471252,-0.015725016593933105,0.9754729866981506,1.5642668008804321,0.046469658613204956,0.998903751373291,0.0056434692814946175,-1.9994124174118042,0.0,0.0,0.0,1.0
-0.9742498397827148,0.044258616864681244,0.22108478844165802,-0.45140430331230164,0.22068892419338226,-0.013700329698622227,0.9752480387687683,1.5672751665115356,0.04619206115603447,0.9989261627197266,0.0035801578778773546,-2.0068154335021973,0.0,0.0,0.0,1.0
-0.974087119102478,0.05122914910316467,0.22029513120651245,-0.44989514350891113,0.22011995315551758,-0.009107007645070553,0.9754303097724915,1.5780357122421265,0.05197669193148613,0.9986454248428345,-0.0024055391550064087,-1.993156909942627,0.0,0.0,0.0,1.0
-0.9735849499702454,0.03918376564979553,0.2249375581741333,-0.4527873992919922,0.22443132102489471,-0.016928553581237793,0.9743428230285645,1.5733363628387451,0.041986290365457535,0.9990885853767395,0.007687319535762072,-2.0157768726348877,0.0,0.0,0.0,1.0
-0.9741953015327454,0.047399841248989105,0.22067342698574066,-0.45179080963134766,0.2205962985754013,-0.006917412858456373,0.9753406643867493,1.5882705450057983,0.047757480293512344,0.998852014541626,-0.0037173181772232056,-1.995283603668213,0.0,0.0,0.0,1.0
-0.97150719165802,0.06539081037044525,0.22781074047088623,-0.41753530502319336,0.22869974374771118,0.0063481442630290985,0.9734762907028198,1.6734569072723389,0.06221022829413414,0.9978395104408264,-0.021122129634022713,-2.070868968963623,0.0,0.0,0.0,1.0
-0.9694206118583679,0.06811016798019409,0.23576413094997406,-0.4658302366733551,0.23619265854358673,-0.001806790940463543,0.9717046022415161,1.6255854368209839,0.06660894304513931,0.9976761341094971,-0.01433558203279972,-2.024898052215576,0.0,0.0,0.0,1.0
-0.9687536954879761,0.07373891770839691,0.23680967092514038,-0.465685099363327,0.23738527297973633,-0.0009849052876234055,0.971415102481842,1.6309747695922852,0.07186432927846909,0.9972771406173706,-0.016550401225686073,-2.023174285888672,0.0,0.0,0.0,1.0
-0.9694121479988098,0.07060132175683975,0.2350650429725647,-0.46648839116096497,0.23557743430137634,-0.0010977741330862045,0.9718549847602844,1.6168688535690308,0.06887228786945343,0.9975039958953857,-0.015567884780466557,-2.0288379192352295,0.0,0.0,0.0,1.0
-0.9687418937683105,0.07670871913433075,0.2359129786491394,-0.4603496789932251,0.23656150698661804,-0.0006500128656625748,0.971616268157959,1.618270993232727,0.07468479126691818,0.9970533847808838,-0.017516635358333588,-2.0304949283599854,0.0,0.0,0.0,1.0
-0.9688936471939087,0.07842716574668884,0.2347215861082077,-0.4649604260921478,0.23563487827777863,0.002469504252076149,0.9718385338783264,1.6066577434539795,0.07563889026641846,0.9969167709350586,-0.02087286114692688,-2.032458782196045,0.0,0.0,0.0,1.0
-0.9681058526039124,0.08089792728424072,0.23712143301963806,-0.46090495586395264,0.23798933625221252,0.0011203624308109283,0.9712671041488647,1.608224630355835,0.07830782979726791,0.9967217445373535,-0.02033747360110283,-2.0346436500549316,0.0,0.0,0.0,1.0
-0.9683038592338562,0.08024312555789948,0.23653468489646912,-0.45789381861686707,0.2376818209886551,0.004920694977045059,0.9713305830955505,1.605502963066101,0.07677868008613586,0.9967631101608276,-0.02383705973625183,-2.0392496585845947,0.0,0.0,0.0,1.0
-0.9682204127311707,0.08390111476182938,0.2356051504611969,-0.45729976892471313,0.23701252043247223,0.00708562508225441,0.9714807271957397,1.6081771850585938,0.07983890920877457,0.9964488744735718,-0.026746058836579323,-2.0339925289154053,0.0,0.0,0.0,1.0
-0.9680424332618713,0.08415637165307999,0.2362445592880249,-0.45128801465034485,0.23758269846439362,0.006112927570939064,0.9713481068611145,1.6086337566375732,0.08030097931623459,0.9964337944984436,-0.025911672040820122,-2.0324854850769043,0.0,0.0,0.0,1.0
-0.9673202633857727,0.07998444139957428,0.24061158299446106,-0.45333799719810486,0.24131861329078674,-0.0008508004248142242,0.9704455137252808,1.5866285562515259,0.07782525569200516,0.9967957139015198,-0.018478738144040108,-2.041691541671753,0.0,0.0,0.0,1.0
-0.9764723777770996,0.045382604002952576,0.21081317961215973,-0.4767524302005768,0.21040654182434082,-0.01361254882067442,0.9775192141532898,1.8062074184417725,0.04723207280039787,0.9988769292831421,0.0037434815894812346,-2.0305604934692383,0.0,0.0,0.0,1.0
-0.9775573015213013,0.035972677171230316,0.20757576823234558,-0.47196075320243835,0.20719802379608154,-0.013969650492072105,0.978199303150177,1.8223578929901123,0.03808820620179176,0.9992551207542419,0.0062026665546,-2.0147907733917236,0.0,0.0,0.0,1.0
-0.9767456650733948,0.043115921318531036,0.21002109348773956,-0.49943211674690247,0.20908276736736298,-0.02527783438563347,0.9775711894035339,1.7768099308013916,0.04745776206254959,0.9987502694129944,0.015675218775868416,-2.01619553565979,0.0,0.0,0.0,1.0
-0.9771453142166138,0.04663198068737984,0.2073945701122284,-0.508482038974762,0.2063731551170349,-0.025796983391046524,0.9781332015991211,1.779344081878662,0.05096244439482689,0.9985789656639099,0.015583809465169907,-2.0109658241271973,0.0,0.0,0.0,1.0
-0.9777584075927734,0.04721733555197716,0.20435018837451935,-0.5088270306587219,0.20349471271038055,-0.022316351532936096,0.9788217544555664,1.788549780845642,0.050777703523635864,0.9986353516578674,0.012211522087454796,-2.004870891571045,0.0,0.0,0.0,1.0
-0.9773546457290649,0.047975629568099976,0.20609784126281738,-0.5081362128257751,0.20517678558826447,-0.023444242775440216,0.9784440994262695,1.7865458726882935,0.051773279905319214,0.998573362827301,0.01306985504925251,-2.003390073776245,0.0,0.0,0.0,1.0
-0.9771178960800171,0.04631289467215538,0.20759515464305878,-0.5136914253234863,0.20648318529129028,-0.027677103877067566,0.9780586361885071,1.7749600410461426,0.051042359322309494,0.9985434412956238,0.017480960115790367,-2.0085055828094482,0.0,0.0,0.0,1.0
-0.9771339297294617,0.04608973488211632,0.20756934583187103,-0.5105093717575073,0.20637252926826477,-0.029414543882012367,0.9780312776565552,1.776180386543274,0.051182761788368225,0.9985041618347168,0.019230293110013008,-2.0159175395965576,0.0,0.0,0.0,1.0
-0.9777658581733704,0.0468926727771759,0.20438963174819946,-0.5115035176277161,0.20320065319538116,-0.02890823781490326,0.9787102937698364,1.7734105587005615,0.05180288478732109,0.9984815716743469,0.018736865371465683,-2.0103280544281006,0.0,0.0,0.0,1.0
-0.9775718450546265,0.045067936182022095,0.20572341978549957,-0.512278139591217,0.20468075573444366,-0.02669244259595871,0.9784647226333618,1.7649998664855957,0.0495886504650116,0.998627245426178,0.016869239509105682,-2.0105032920837402,0.0,0.0,0.0,1.0
-0.9780218005180359,0.0424346998333931,0.20413881540298462,-0.5048224329948425,0.20352712273597717,-0.018313221633434296,0.9788980484008789,1.7450381517410278,0.045277681201696396,0.9989314079284668,0.009274119511246681,-2.0099706649780273,0.0,0.0,0.0,1.0
-0.9721152782440186,0.07278434187173843,0.22292232513427734,-0.5044711828231812,0.2231215238571167,-0.005486547946929932,0.9747751951217651,1.5340036153793335,0.07217144221067429,0.9973326325416565,-0.01090619619935751,-2.022643566131592,0.0,0.0,0.0,1.0
-0.9725137948989868,0.06794187426567078,0.2227126508951187,-0.4826985001564026,0.22359851002693176,0.005628043785691261,0.974665105342865,1.6442047357559204,0.06496713310480118,0.9976733922958374,-0.02066505141556263,-2.0225930213928223,0.0,0.0,0.0,1.0
-0.9726635813713074,0.07136315107345581,0.22098176181316376,-0.4918573498725891,0.22201374173164368,0.0067683253437280655,0.9750201106071472,1.6270508766174316,0.06808482110500336,0.9974274635314941,-0.022426903247833252,-2.018944025039673,0.0,0.0,0.0,1.0
-0.9729474186897278,0.07140239328145981,0.2197159379720688,-0.49790361523628235,0.2206844687461853,0.005873322486877441,0.9753275513648987,1.6309221982955933,0.06835026293992996,0.9974303245544434,-0.021471833810210228,-2.0119807720184326,0.0,0.0,0.0,1.0
-0.9730436205863953,0.07262173295021057,0.2188883274793625,-0.4975092113018036,0.2199874371290207,0.007399657741189003,0.9754746556282043,1.6350734233856201,0.06922096014022827,0.9973320960998535,-0.023176059126853943,-2.01436185836792,0.0,0.0,0.0,1.0
-0.9731544256210327,0.06777050346136093,0.21994933485984802,-0.49957358837127686,0.2207919955253601,0.0051122624427080154,0.9753075242042542,1.6264206171035767,0.0649726390838623,0.997687816619873,-0.019938204437494278,-2.0207674503326416,0.0,0.0,0.0,1.0
-0.9732064604759216,0.06985652446746826,0.21906448900699615,-0.5031574964523315,0.2200205773115158,0.006204206496477127,0.9754754900932312,1.6413612365722656,0.06678420305252075,0.9975376725196838,-0.021407846361398697,-2.015761613845825,0.0,0.0,0.0,1.0
-0.9731390476226807,0.07131873071193695,0.21889260411262512,-0.5048897862434387,0.2198028564453125,0.0050786156207323074,0.9755311012268066,1.643635869026184,0.06846196949481964,0.9974406361579895,-0.0206182599067688,-2.0147953033447266,0.0,0.0,0.0,1.0
-0.9730976223945618,0.07333362102508545,0.21841074526309967,-0.4983674883842468,0.219532772898674,0.00750621035695076,0.9755762815475464,1.647635579109192,0.06990309804677963,0.9972792863845825,-0.023403406143188477,-2.016173839569092,0.0,0.0,0.0,1.0
-0.9733188152313232,0.07285928726196289,0.21758200228214264,-0.5088405013084412,0.21851181983947754,0.004947038367390633,0.9758217334747314,1.6409674882888794,0.07002128660678864,0.9973299503326416,-0.020735660567879677,-2.0151920318603516,0.0,0.0,0.0,1.0
-0.973682701587677,0.07323553413152695,0.2158205509185791,-0.5009908080101013,0.2167995572090149,0.005597695708274841,0.9762000441551208,1.645309329032898,0.07028444111347198,0.9972988963127136,-0.02132781222462654,-2.011592149734497,0.0,0.0,0.0,1.0
-0.9724341034889221,0.0772399827837944,0.22001361846923828,-0.5501177310943604,0.22067391872406006,1.3845041394233704e-05,0.9753476977348328,1.4926462173461914,0.07533279061317444,0.9970125555992126,-0.017058314755558968,-1.9233373403549194,0.0,0.0,0.0,1.0
-0.972538411617279,0.0610576793551445,0.22459053993225098,-0.5220788717269897,0.2250209003686905,0.0001769615337252617,0.9743539094924927,1.502394437789917,0.05945204570889473,0.998134195804596,-0.013911355286836624,-1.9550050497055054,0.0,0.0,0.0,1.0
-0.9722669720649719,0.061107195913791656,0.2257494181394577,-0.5201959013938904,0.22619366645812988,0.00036236364394426346,0.9740822911262512,1.5009164810180664,0.05944163352251053,0.9981310963630676,-0.014174376614391804,-1.9547995328903198,0.0,0.0,0.0,1.0
-0.9722155928611755,0.06263790279626846,0.22555118799209595,-0.5245813727378845,0.22596627473831177,-0.00046872999519109726,0.9741349816322327,1.5022026300430298,0.061123501509428024,0.9980361461639404,-0.013698347844183445,-1.946912169456482,0.0,0.0,0.0,1.0
-0.9719014167785645,0.06722664833068848,0.22558432817459106,-0.521886944770813,0.22623474895954132,0.0021244361996650696,0.9740705490112305,1.5088388919830322,0.06500425189733505,0.9977355003356934,-0.01727374829351902,-1.9445220232009888,0.0,0.0,0.0,1.0
-0.9719955325126648,0.06199731305241585,0.2266739457845688,-0.5231269598007202,0.2271135300397873,4.4469721615314484e-05,0.9738683104515076,1.4959335327148438,0.06036713719367981,0.998076319694519,-0.014123653061687946,-1.9500765800476074,0.0,0.0,0.0,1.0
-0.9722649455070496,0.0628117099404335,0.22528986632823944,-0.5243728756904602,0.22565296292304993,-0.0013445354998111725,0.9742068648338318,1.4996373653411865,0.06149449944496155,0.9980244636535645,-0.01286640390753746,-1.942156195640564,0.0,0.0,0.0,1.0
-0.9721481204032898,0.06505491584539413,0.22515739500522614,-0.5267550349235535,0.22556085884571075,-0.001170688308775425,0.9742284417152405,1.5057731866836548,0.06364192813634872,0.9978809952735901,-0.013535760343074799,-1.9381083250045776,0.0,0.0,0.0,1.0
-0.9724490642547607,0.061385154724121094,0.22488825023174286,-0.5290020108222961,0.22509494423866272,-0.0036170678213238716,0.9743301272392273,1.4929320812225342,0.060622844845056534,0.9981076717376709,-0.010300072841346264,-1.9411412477493286,0.0,0.0,0.0,1.0
-0.9722176790237427,0.06003323197364807,0.22624939680099487,-0.5280254483222961,0.22644658386707306,-0.0035879146307706833,0.9740169644355774,1.494638442993164,0.059285152703523636,0.9981899261474609,-0.010106085799634457,-1.9491549730300903,0.0,0.0,0.0,1.0
-0.9719527959823608,0.06161952763795853,0.22695988416671753,-0.5301987528800964,0.22717715799808502,-0.0035496847704052925,0.9738470315933228,1.4976903200149536,0.060813624411821365,0.9980933666229248,-0.010548423044383526,-1.9452687501907349,0.0,0.0,0.0,1.0
-0.9740010499954224,0.08924953639507294,0.20822200179100037,-0.5720481276512146,0.20991207659244537,0.009883938357234001,0.9776703119277954,1.4558680057525635,0.08519857376813889,0.9959601759910583,-0.028361525386571884,-1.9935169219970703,0.0,0.0,0.0,1.0
-0.9739513993263245,0.0954669713973999,0.20568138360977173,-0.5634518265724182,0.20823906362056732,0.01754143089056015,0.977920651435852,1.4645854234695435,0.08975117653608322,0.995278000831604,-0.036964453756809235,-1.99471116065979,0.0,0.0,0.0,1.0
-0.9741710424423218,0.08984130620956421,0.20716948807239532,-0.5732350945472717,0.20927299559116364,0.014558793976902962,0.9777488708496094,1.4388247728347778,0.08482610434293747,0.9958496689796448,-0.03298411890864372,-1.9978444576263428,0.0,0.0,0.0,1.0
-0.9742306470870972,0.09303098917007446,0.20547471940517426,-0.5712677836418152,0.2077808827161789,0.015716630965471268,0.978049099445343,1.4434565305709839,0.08775950968265533,0.995539128780365,-0.03464168682694435,-1.994325041770935,0.0,0.0,0.0,1.0
-0.9743194580078125,0.09205666184425354,0.20549243688583374,-0.5708094835281372,0.20777586102485657,0.01584446243941784,0.9780480861663818,1.4465051889419556,0.08677992969751358,0.9956277012825012,-0.03456472232937813,-1.9920976161956787,0.0,0.0,0.0,1.0
-0.9744313955307007,0.09313830733299255,0.2044716775417328,-0.5755484104156494,0.20668278634548187,0.014643639326095581,0.9782984256744385,1.4397953748703003,0.08812285214662552,0.995545506477356,-0.033519305288791656,-1.9900983572006226,0.0,0.0,0.0,1.0
-0.9743638038635254,0.09164343774318695,0.20546689629554749,-0.5778030157089233,0.20731280744075775,0.010995989665389061,0.9782128930091858,1.4252095222473145,0.08738747984170914,0.9957311749458313,-0.029712948948144913,-1.9933257102966309,0.0,0.0,0.0,1.0
-0.9744746685028076,0.09579717367887497,0.2030320167541504,-0.5794103145599365,0.20506945252418518,0.01182112842798233,0.9786760210990906,1.425721526145935,0.09135432541370392,0.9953306913375854,-0.031164467334747314,-1.983557105064392,0.0,0.0,0.0,1.0
-0.9747308492660522,0.09663545340299606,0.20139826834201813,-0.5850528478622437,0.20311492681503296,0.008166367188096046,0.9791207909584045,1.4167555570602417,0.09297309815883636,0.9952862858772278,-0.027588114142417908,-1.9772241115570068,0.0,0.0,0.0,1.0
-0.9747874140739441,0.09735903143882751,0.20077529549598694,-0.5848550796508789,0.20235292613506317,0.00650801882147789,0.9792910814285278,1.4150869846343994,0.09403617680072784,0.9952280521392822,-0.02604481764137745,-1.9776544570922852,0.0,0.0,0.0,1.0
-0.9750373959541321,0.09436744451522827,0.20098954439163208,-0.5709911584854126,0.20194226503372192,0.0005578957498073578,0.9793972969055176,1.4161686897277832,0.0923110842704773,0.995537281036377,-0.019600743427872658,-1.9836288690567017,0.0,0.0,0.0,1.0
-0.9736878871917725,0.09791582822799683,0.2057775855064392,-0.5963876843452454,0.20549774169921875,-0.013044467195868492,0.9785706400871277,1.380149483680725,0.09850181639194489,0.9951092004776001,-0.007420241367071867,-2.0023398399353027,0.0,0.0,0.0,1.0
-0.9732727408409119,0.0922129675745964,0.21032574772834778,-0.5894373655319214,0.21085385978221893,-0.004088224843144417,0.977509081363678,1.411608099937439,0.09099886566400528,0.9957308769226074,-0.01546450238674879,-2.001296043395996,0.0,0.0,0.0,1.0
-0.9736717939376831,0.09571497142314911,0.20688587427139282,-0.5883358120918274,0.20732039213180542,-0.005491961725056171,0.9782576560974121,1.390885829925537,0.09477011114358902,0.9953935742378235,-0.014496296644210815,-1.984519124031067,0.0,0.0,0.0,1.0
-0.9731510877609253,0.09942507743835449,0.20758521556854248,-0.5882401466369629,0.20692545175552368,-0.017017100006341934,0.9782087206840515,1.3972147703170776,0.10079097002744675,0.9948995113372803,-0.004013368859887123,-1.9917956590652466,0.0,0.0,0.0,1.0
-0.973008930683136,0.09967262297868729,0.20813216269016266,-0.5792917013168335,0.2073110193014145,-0.01864163763821125,0.9780974388122559,1.413519263267517,0.1013694554567337,0.9948456287384033,-0.002524751238524914,-2.006361722946167,0.0,0.0,0.0,1.0
-0.9732198119163513,0.10732323676347733,0.20328527688980103,-0.5932157039642334,0.20214566588401794,-0.02150847017765045,0.9791192412376404,1.4076454639434814,0.10945460945367813,0.993991494178772,-0.0007624587160535157,-1.9987657070159912,0.0,0.0,0.0,1.0
-0.9745173454284668,0.09964824467897415,0.2009630650281906,-0.5755361914634705,0.1989678293466568,-0.02967533841729164,0.9795566201210022,1.4282538890838623,0.10357474535703659,0.9945801496505737,0.009092339314520359,-2.0318987369537354,0.0,0.0,0.0,1.0
-0.9748291373252869,0.09833839535713196,0.20009411871433258,-0.5764917731285095,0.19804541766643524,-0.030271124094724655,0.9797253012657166,1.4262698888778687,0.10240168124437332,0.9946924448013306,0.010033706203103065,-2.033550500869751,0.0,0.0,0.0,1.0
-0.9751580953598022,0.0915549024939537,0.20170357823371887,-0.5755540728569031,0.20014537870883942,-0.02598889358341694,0.9794214367866516,1.4226248264312744,0.09491288661956787,0.9954608082771301,0.007018988952040672,-2.0540177822113037,0.0,0.0,0.0,1.0
-0.9767033457756042,0.08669836074113846,0.19630052149295807,-0.5785660147666931,0.1952819675207138,-0.020161207765340805,0.9805399179458618,1.3793156147003174,0.08896885812282562,0.9960305690765381,0.0027608934324234724,-2.092750072479248,0.0,0.0,0.0,1.0
-0.9772064685821533,0.0952100157737732,0.1897432953119278,-0.5816777348518372,0.1886184960603714,-0.020760584622621536,0.9818310141563416,1.3638073205947876,0.09741932153701782,0.9952406883239746,0.0023290077224373817,-2.098090887069702,0.0,0.0,0.0,1.0
-0.9842819571495056,0.07502591609954834,0.1598755568265915,-0.6057509183883667,0.15574632585048676,-0.05802803114056587,0.9860912561416626,1.2295492887496948,0.08325965702533722,0.9954918026924133,0.04543093591928482,-2.0146546363830566,0.0,0.0,0.0,1.0
-0.9811387062072754,0.04582148790359497,0.18779560923576355,-0.612341046333313,0.18615218997001648,-0.037862882018089294,0.9817911386489868,1.4338643550872803,0.052097611129283905,0.998231828212738,0.02861896902322769,-1.8932783603668213,0.0,0.0,0.0,1.0
-0.9814118146896362,0.047226306051015854,0.18601207435131073,-0.6154468059539795,0.1838844120502472,-0.046019598841667175,0.9818699955940247,1.4587311744689941,0.054930295795202255,0.9978235363960266,0.036479998379945755,-1.8859894275665283,0.0,0.0,0.0,1.0
-0.9822676181793213,0.0515170693397522,0.18026717007160187,-0.5958539843559265,0.17690646648406982,-0.06371282041072845,0.9821632504463196,1.4640493392944336,0.06208350881934166,0.9966376423835754,0.05346934124827385,-1.8820053339004517,0.0,0.0,0.0,1.0
-0.9819284081459045,0.05403450131416321,0.18137480318546295,-0.5888164043426514,0.17783017456531525,-0.06447529792785645,0.9819467067718506,1.4588639736175537,0.06475319713354111,0.9964553117752075,0.053701166063547134,-1.8814979791641235,0.0,0.0,0.0,1.0
-0.9817003011703491,0.0536329485476017,0.18272407352924347,-0.5874606966972351,0.1790778487920761,-0.06637607514858246,0.9815932512283325,1.4480844736099243,0.06477424502372742,0.9963521957397461,0.05555694177746773,-1.8808265924453735,0.0,0.0,0.0,1.0
-0.9823242425918579,0.08119747787714005,0.16865944862365723,-0.579118549823761,0.16347526013851166,-0.06678881496191025,0.9842840433120728,1.3542306423187256,0.09118594974279404,0.9944577217102051,0.0523344948887825,-1.9100391864776611,0.0,0.0,0.0,1.0
-0.9811650514602661,0.08702272921800613,0.1724591851234436,-0.573358952999115,0.16681523621082306,-0.06847501546144485,0.9836075901985168,1.3572940826416016,0.09740536659955978,0.9938502311706543,0.05266857519745827,-1.914520263671875,0.0,0.0,0.0,1.0
-0.9810569882392883,0.08508063107728958,0.1740356981754303,-0.5717632174491882,0.16835956275463104,-0.06992152333259583,0.9832426309585571,1.3605051040649414,0.0958237498998642,0.9939175844192505,0.05427286773920059,-1.9078782796859741,0.0,0.0,0.0,1.0
-0.9810155034065247,0.08526084572076797,0.17418110370635986,-0.5716021656990051,0.16840554773807526,-0.0708513930439949,0.9831681847572327,1.3636595010757446,0.09616672992706299,0.9938363432884216,0.055147916078567505,-1.906343698501587,0.0,0.0,0.0,1.0
-0.9809219837188721,0.08400209248065948,0.17531612515449524,-0.5664355158805847,0.16964492201805115,-0.07051782310009003,0.9829791188240051,1.3626089096069336,0.09493520855903625,0.9939672350883484,0.0549219585955143,-1.9086370468139648,0.0,0.0,0.0,1.0
-0.9801203608512878,0.09305012971162796,0.17523066699504852,-0.5600661635398865,0.16941861808300018,-0.06712429225444794,0.9832556247711182,1.3780617713928223,0.1032543033361435,0.9933962225914001,0.05002545937895775,-1.9083558320999146,0.0,0.0,0.0,1.0
-0.9805535674095154,0.06884819269180298,0.18377894163131714,-0.5916152000427246,0.18269070982933044,-0.02183687873184681,0.9829279184341431,1.36616051197052,0.07168596237897873,0.9973881244659424,0.00883430428802967,-1.9083918333053589,0.0,0.0,0.0,1.0
-0.9807425141334534,0.06825170665979385,0.18299150466918945,-0.5896162390708923,0.18181154131889343,-0.023169951513409615,0.9830604195594788,1.3735853433609009,0.07133544981479645,0.997399091720581,0.01031480636447668,-1.9079344272613525,0.0,0.0,0.0,1.0
-0.9806510806083679,0.06778840720653534,0.18365223705768585,-0.5899443626403809,0.18254296481609344,-0.022263675928115845,0.9829457402229309,1.3770190477371216,0.0707210972905159,0.9974512457847595,0.009458600543439388,-1.9093433618545532,0.0,0.0,0.0,1.0
-0.9808653593063354,0.06611160933971405,0.18311847746372223,-0.596198320388794,0.18200191855430603,-0.022585809230804443,0.9830387830734253,1.3717812299728394,0.06912615150213242,0.9975565671920776,0.010121200233697891,-1.911949872970581,0.0,0.0,0.0,1.0
-0.9797980785369873,0.0753408819437027,0.18525530397891998,-0.5998855829238892,0.18438176810741425,-0.01845024898648262,0.9826815724372864,1.3728678226470947,0.0774540975689888,0.9969871044158936,0.004186033271253109,-1.9110774993896484,0.0,0.0,0.0,1.0
-0.9800806045532227,0.07473058998584747,0.18400345742702484,-0.5988033413887024,0.1830926090478897,-0.01892099343240261,0.982913613319397,1.3581277132034302,0.07693523913621902,0.9970242381095886,0.00486148102208972,-1.9109195470809937,0.0,0.0,0.0,1.0
-0.9802366495132446,0.07079480588436127,0.18472735583782196,-0.6030830144882202,0.18382389843463898,-0.019127769395709038,0.9827730655670166,1.3499739170074463,0.07310864329338074,0.9973074793815613,0.005735964514315128,-1.9145818948745728,0.0,0.0,0.0,1.0
-0.9792249202728271,0.08182729780673981,0.18553422391414642,-0.604101836681366,0.18498049676418304,-0.014363694004714489,0.9826372265815735,1.3553341627120972,0.0830715000629425,0.9965430498123169,-0.0010711669456213713,-1.9127436876296997,0.0,0.0,0.0,1.0
-0.9800313711166382,0.07219807803630829,0.18527258932590485,-0.6001875400543213,0.18431571125984192,-0.01975620537996292,0.9826685786247253,1.3479857444763184,0.07460705935955048,0.9971946477890015,0.00605446333065629,-1.9127272367477417,0.0,0.0,0.0,1.0
-0.9801486134529114,0.055814482271671295,0.19024595618247986,-0.6058472394943237,0.18954908847808838,-0.017573192715644836,0.9817140102386475,1.3171368837356567,0.058137085288763046,0.9982865452766418,0.006644755136221647,-1.910061001777649,0.0,0.0,0.0,1.0
-0.9805687665939331,0.03494393080472946,0.19303837418556213,-0.5991241931915283,0.19243589043617249,-0.019885849207639694,0.9811080694198608,1.334277629852295,0.0381225049495697,0.999191403388977,0.012774977833032608,-1.907871961593628,0.0,0.0,0.0,1.0
-0.9757464528083801,0.09530965983867645,0.197065532207489,-0.6021296381950378,0.19587555527687073,-0.021777134388685226,0.9803869128227234,1.3997007608413696,0.09773187339305878,0.9952093958854675,0.002580129075795412,-1.917880654335022,0.0,0.0,0.0,1.0
-0.9752181768417358,0.09673494845628738,0.19897690415382385,-0.6111205220222473,0.19797661900520325,-0.019928498193621635,0.9800041317939758,1.3879507780075073,0.09876596182584763,0.9951106309890747,0.00028337608091533184,-1.922851324081421,0.0,0.0,0.0,1.0
-0.976702094078064,0.08921267092227936,0.19517739117145538,-0.6083724498748779,0.19460028409957886,-0.015206487849354744,0.9807647466659546,1.3774162530899048,0.09046460688114166,0.9958965182304382,-0.0025086039677262306,-1.930519938468933,0.0,0.0,0.0,1.0
-0.9773225784301758,0.08401332050561905,0.19437699019908905,-0.5968788862228394,0.19391284883022308,-0.013728747144341469,0.9809226989746094,1.3674169778823853,0.085079126060009,0.9963700175285339,-0.0028738481923937798,-1.9340503215789795,0.0,0.0,0.0,1.0
-0.9761976599693298,0.09300040453672409,0.19593137502670288,-0.6108910441398621,0.19523932039737701,-0.016571948304772377,0.9806156754493713,1.3615717887878418,0.09444460272789001,0.9955281019210815,-0.001979838591068983,-1.9351598024368286,0.0,0.0,0.0,1.0
-0.9765452742576599,0.08711283653974533,0.19690266251564026,-0.5965371131896973,0.19593429565429688,-0.01961546763777733,0.9804208278656006,1.3593637943267822,0.08926957845687866,0.9960052967071533,0.002087001921609044,-1.922505497932434,0.0,0.0,0.0,1.0
-0.9797816276550293,0.04964245483279228,0.19381362199783325,-0.6088758111000061,0.1925206184387207,-0.02966899797320366,0.9808443188667297,1.3393611907958984,0.054441772401332855,0.9983262419700623,0.01951194368302822,-1.9297676086425781,0.0,0.0,0.0,1.0
-0.9814987778663635,0.04491785913705826,0.18612518906593323,-0.6265424489974976,0.18465006351470947,-0.035052064806222916,0.9821791052818298,1.3023930788040161,0.05064145103096962,0.9983754754066467,0.026109473779797554,-1.9117039442062378,0.0,0.0,0.0,1.0
-0.982262134552002,0.03580671548843384,0.18406233191490173,-0.6294267773628235,0.18270133435726166,-0.03818167746067047,0.9824267625808716,1.299147367477417,0.04220528528094292,0.998629093170166,0.03096248395740986,-1.8994660377502441,0.0,0.0,0.0,1.0
-0.9806386232376099,0.022788766771554947,0.1944955736398697,-0.6109074950218201,0.19346393644809723,-0.04105806723237038,0.9802478551864624,1.3324123620986938,0.03032425418496132,0.9988968372344971,0.03585432097315788,-1.9118272066116333,0.0,0.0,0.0,1.0
-0.9804642796516418,0.040015093982219696,0.19258393347263336,-0.6145456433296204,0.1914026290178299,-0.031545285135507584,0.981004536151886,1.3091015815734863,0.04533010721206665,0.9987010359764099,0.023270031437277794,-1.9172461032867432,0.0,0.0,0.0,1.0
-0.9761030077934265,0.08895685523748398,0.19826656579971313,-0.5998042225837708,0.19704921543598175,-0.022352511063218117,0.9801387190818787,1.3715646266937256,0.09162181615829468,0.9957846403121948,0.004289474803954363,-1.9413883686065674,0.0,0.0,0.0,1.0
-0.9739648103713989,0.09688922017812729,0.20495101809501648,-0.6022383570671082,0.20406341552734375,-0.019090060144662857,0.9787715077400208,1.369256615638733,0.09874492883682251,0.9951120615005493,-0.0011784977978095412,-1.9386357069015503,0.0,0.0,0.0,1.0
-0.9726740121841431,0.10570146888494492,0.20671817660331726,-0.6015806198120117,0.20586472749710083,-0.019042158499360085,0.9783951640129089,1.3572906255722046,0.10735416412353516,0.9942155480384827,-0.0032383918296545744,-1.9354338645935059,0.0,0.0,0.0,1.0
-0.9727193117141724,0.10690915584564209,0.20588235557079315,-0.6052062511444092,0.20490770041942596,-0.020142696797847748,0.9785740375518799,1.3602086305618286,0.10876554995775223,0.9940646886825562,-0.0023133179638534784,-1.9365581274032593,0.0,0.0,0.0,1.0
-0.9742379188537598,0.09678032994270325,0.203700989484787,-0.6020578742027283,0.20263150334358215,-0.02085835300385952,0.9790329337120056,1.364264726638794,0.0989999920129776,0.995087206363678,0.0007102533127181232,-1.9370975494384766,0.0,0.0,0.0,1.0
-0.9750434160232544,0.09341404587030411,0.20140522718429565,-0.6054872274398804,0.20052698254585266,-0.018792541697621346,0.9795079231262207,1.3660386800765991,0.09528471529483795,0.995449960231781,-0.0004084918473381549,-1.9427298307418823,0.0,0.0,0.0,1.0
-0.9760486483573914,0.08484909683465958,0.2003239095211029,-0.6000490188598633,0.19939541816711426,-0.019367003813385963,0.9797277450561523,1.372175931930542,0.08700868487358093,0.9962055683135986,0.001984617207199335,-1.9443882703781128,0.0,0.0,0.0,1.0
-0.976789653301239,0.08177974820137024,0.1979750096797943,-0.596755862236023,0.19701889157295227,-0.019681209698319435,0.9802021980285645,1.375600814819336,0.08405707776546478,0.9964560866355896,0.003112246049568057,-1.9419280290603638,0.0,0.0,0.0,1.0
-0.9773500561714172,0.07883162796497345,0.1963985562324524,-0.5998982787132263,0.195417121052742,-0.020053362473845482,0.98051518201828,1.376608967781067,0.08123406767845154,0.9966862201690674,0.004194104578346014,-1.9410501718521118,0.0,0.0,0.0,1.0
-0.9776509404182434,0.07559455186128616,0.19617365300655365,-0.5985334515571594,0.19518893957138062,-0.020274169743061066,0.980556070804596,1.375878095626831,0.07810195535421371,0.9969325065612793,0.0050658416002988815,-1.941044807434082,0.0,0.0,0.0,1.0
-0.981777548789978,0.06211642175912857,0.17959503829479218,-0.3138194680213928,0.17995953559875488,0.0002781609073281288,0.9836739301681519,1.609601616859436,0.0610523521900177,0.9980688691139221,-0.011451534926891327,-2.146104335784912,0.0,0.0,0.0,1.0
-0.9839025735855103,0.044398363679647446,0.17310269176959991,-0.3046051263809204,0.1730184257030487,-0.005763237830251455,0.9849017858505249,1.6198738813400269,0.044725656509399414,0.9989972710609436,-0.002011269563809037,-2.1121108531951904,0.0,0.0,0.0,1.0
-0.9843012094497681,0.038785580545663834,0.1721823811531067,-0.3030059337615967,0.17202331125736237,-0.00742727518081665,0.9850649237632751,1.6210471391677856,0.03948516026139259,0.9992199540138245,0.000638652709312737,-2.1105971336364746,0.0,0.0,0.0,1.0
-0.9845308661460876,0.03921827673912048,0.17076566815376282,-0.30083566904067993,0.17065554857254028,-0.006163830868899822,0.9853115081787109,1.6237691640853882,0.039694786071777344,0.9992116689682007,-0.0006243339157663286,-2.1094858646392822,0.0,0.0,0.0,1.0
-0.984787106513977,0.031502775847911835,0.17088563740253448,-0.2990122139453888,0.1707550585269928,-0.006809708662331104,0.985289990901947,1.626265525817871,0.03220304846763611,0.9994804859161377,0.0013268550392240286,-2.1084210872650146,0.0,0.0,0.0,1.0
-0.9856820702552795,0.020104551687836647,0.1674114614725113,-0.29617905616760254,0.16727234423160553,-0.008424917235970497,0.9858747124671936,1.6242070198059082,0.021230997517704964,0.9997623562812805,0.004941354971379042,-2.1062724590301514,0.0,0.0,0.0,1.0
-0.9866133332252502,-0.017413219437003136,0.1621449589729309,-0.2725684344768524,0.1622985154390335,-0.007790186442434788,0.9867109656333923,1.6370329856872559,-0.0159186739474535,0.9998180270195007,0.010512039996683598,-2.106431245803833,0.0,0.0,0.0,1.0
-0.9866187572479248,-0.02324758842587471,0.16137802600860596,-0.27348870038986206,0.16156421601772308,-0.006353504955768585,0.9868417382240295,1.6386524438858032,-0.021916376426815987,0.9997095465660095,0.010024466551840305,-2.1083474159240723,0.0,0.0,0.0,1.0
-0.9862940907478333,-0.031420812010765076,0.16197720170021057,-0.27223581075668335,0.16225938498973846,-0.00663177901878953,0.9867258071899414,1.6402368545532227,-0.02992952987551689,0.9994843006134033,0.011639205738902092,-2.1078591346740723,0.0,0.0,0.0,1.0
-0.986160159111023,-0.035121530294418335,0.16203248500823975,-0.2697526812553406,0.1623355746269226,-0.005938057787716389,0.986717700958252,1.6397491693496704,-0.03369288146495819,0.9993653893470764,0.011557349935173988,-2.1079843044281006,0.0,0.0,0.0,1.0
-0.9866242408752441,-0.027128009125590324,0.1607380211353302,-0.275014191865921,0.16099295020103455,-0.007476182654500008,0.9869272112846375,1.6425220966339111,-0.025571662932634354,0.9996039867401123,0.011743600480258465,-2.1095056533813477,0.0,0.0,0.0,1.0
-0.9886435866355896,-0.003919336944818497,0.15022793412208557,-0.24330127239227295,0.15027901530265808,-0.02503027766942978,0.9883267283439636,1.7197381258010864,-0.00011333823204040527,0.9996789693832397,0.025335019454360008,-2.1792843341827393,0.0,0.0,0.0,1.0
-0.9838327169418335,0.07465808093547821,0.16278642416000366,-0.27538108825683594,0.1615673154592514,-0.022128865122795105,0.9866135716438293,1.6946296691894531,0.07726094871759415,0.9969636797904968,0.009708794765174389,-2.186732053756714,0.0,0.0,0.0,1.0
-0.9825072288513184,0.08295601606369019,0.16672712564468384,-0.2718581259250641,0.16575488448143005,-0.01852085441350937,0.9859930276870728,1.6799075603485107,0.0848819762468338,0.9963811039924622,0.004446507431566715,-2.190086841583252,0.0,0.0,0.0,1.0
-0.9813507795333862,0.09879940003156662,0.1648915708065033,-0.2892184853553772,0.16403886675834656,-0.016749119386076927,0.986311674118042,1.6342703104019165,0.10020879656076431,0.9949663877487183,0.00022982092923484743,-2.196002244949341,0.0,0.0,0.0,1.0
-0.9850040078163147,0.0643339455127716,0.16008825600147247,-0.28673553466796875,0.15819908678531647,-0.033491238951683044,0.9868390560150146,1.6098750829696655,0.06884880363941193,0.9973663091659546,0.02281143143773079,-2.17155122756958,0.0,0.0,0.0,1.0
-0.988796591758728,0.037186793982982635,0.1445627212524414,-0.2934318780899048,0.14300388097763062,-0.041640374809503555,0.9888457655906677,1.6433660984039307,0.04279164597392082,0.9984403848648071,0.035856008529663086,-2.109971284866333,0.0,0.0,0.0,1.0
-0.9893819093704224,0.030962403863668442,0.14200273156166077,-0.2876216769218445,0.14070318639278412,-0.04075026512145996,0.9892128109931946,1.6796905994415283,0.03641505539417267,0.9986895322799683,0.03596106544137001,-2.0964572429656982,0.0,0.0,0.0,1.0
-0.9893698692321777,0.029685165733098984,0.1423587054014206,-0.2847338914871216,0.14102675020694733,-0.0429682731628418,0.989072859287262,1.6813355684280396,0.03547770157456398,0.9986353516578674,0.03832511231303215,-2.1012730598449707,0.0,0.0,0.0,1.0
-0.989347517490387,0.028506677597761154,0.1427544802427292,-0.28120216727256775,0.14148809015750885,-0.04237460717558861,0.9890326261520386,1.6829328536987305,0.03424319997429848,0.9986950159072876,0.03788985684514046,-2.1049349308013916,0.0,0.0,0.0,1.0
-0.9891526103019714,0.031458284705877304,0.14348377287387848,-0.28257936239242554,0.14214371144771576,-0.04135618358850479,0.9889817237854004,1.6807035207748413,0.03704560920596123,0.9986491203308105,0.03643597662448883,-2.105954885482788,0.0,0.0,0.0,1.0
-0.9899353981018066,0.0127786910161376,0.14094185829162598,-0.2682919502258301,0.1403084248304367,-0.04141482710838318,0.9892413020133972,1.7108403444290161,0.01847829297184944,0.9990602731704712,0.039205048233270645,-2.096419095993042,0.0,0.0,0.0,1.0
-0.9921046495437622,-0.06015199422836304,0.11004581302404404,-0.28832778334617615,0.11190655082464218,-0.0284839179366827,0.9933103919029236,1.703238844871521,-0.05661506578326225,0.9977827072143555,0.03499042987823486,-2.122915506362915,0.0,0.0,0.0,1.0
-0.9912155270576477,-0.00021945852495264262,0.1322566270828247,-0.2749496102333069,0.1322503238916397,-0.011545401997864246,0.9911491274833679,1.6816259622573853,0.0013094397727400064,0.9999333620071411,0.011473004706203938,-2.2033629417419434,0.0,0.0,0.0,1.0
-0.9912843704223633,0.002234753919765353,0.13171997666358948,-0.2742308974266052,0.13168609142303467,-0.01150778029114008,0.9912246465682983,1.6834415197372437,0.003730948083102703,0.999931275844574,0.011113197542726994,-2.2053816318511963,0.0,0.0,0.0,1.0
-0.9912152290344238,-0.0005919053219258785,0.1322573721408844,-0.27727293968200684,0.1322547346353531,-0.012168715707957745,0.9911410808563232,1.6895389556884766,0.0010227406164631248,0.9999257922172546,0.01214009802788496,-2.206843852996826,0.0,0.0,0.0,1.0
-0.9912758469581604,-0.0033949301578104496,0.13176007568836212,-0.2711150050163269,0.13179528713226318,-0.01416165754199028,0.9911758303642273,1.6962369680404663,-0.0014990317868068814,0.9998940229415894,0.01448554452508688,-2.2040460109710693,0.0,0.0,0.0,1.0
-0.9911645650863647,-0.003369499696418643,0.13259506225585938,-0.2768095135688782,0.1326274424791336,-0.012641900219023228,0.9910853505134583,1.686220407485962,-0.0016632083570584655,0.9999144077301025,0.012977090664207935,-2.20356822013855,0.0,0.0,0.0,1.0
-0.9911651611328125,-0.008535956963896751,0.13235807418823242,-0.27168717980384827,0.13246512413024902,-0.013511313125491142,0.9910955429077148,1.693894624710083,-0.006671617738902569,0.9998722672462463,0.014522659592330456,-2.2025108337402344,0.0,0.0,0.0,1.0
-0.9912552833557129,-0.009177484549582005,0.13163836300373077,-0.26733410358428955,0.13176202774047852,-0.014505683444440365,0.9911752343177795,1.6951501369476318,-0.00718699162825942,0.99985271692276,0.015588079579174519,-2.20400333404541,0.0,0.0,0.0,1.0
-0.9913499355316162,-0.00963906105607748,0.1308908760547638,-0.2692260146141052,0.13102370500564575,-0.014753988943994045,0.9912694692611694,1.694309115409851,-0.007623744197189808,0.9998446702957153,0.015889311209321022,-2.202023506164551,0.0,0.0,0.0,1.0
-0.9913171529769897,-0.013347315602004528,0.13081315159797668,-0.2713373303413391,0.13100993633270264,-0.015120228752493858,0.9912657737731934,1.6929408311843872,-0.0112528121098876,0.9997965693473816,0.016737574711441994,-2.198739528656006,0.0,0.0,0.0,1.0
-0.991199254989624,-0.010285651311278343,0.13197830319404602,-0.27490174770355225,0.1321132630109787,-0.013781709596514702,0.9911388158798218,1.6864928007125854,-0.008375621400773525,0.9998521208763123,0.015019291080534458,-2.195540428161621,0.0,0.0,0.0,1.0
-0.9911916255950928,-0.09194416552782059,0.09531757235527039,-0.21154198050498962,0.10009199380874634,-0.04878519847989082,0.9937814474105835,1.734865427017212,-0.08672231435775757,0.9945683479309082,0.05755835771560669,-2.0674173831939697,0.0,0.0,0.0,1.0
-0.9924092888832092,-0.07250072807073593,0.09933525323867798,-0.2258303165435791,0.10252129286527634,-0.041624292731285095,0.9938595294952393,1.7136280536651611,-0.06792078167200089,0.9964994192123413,0.04874119907617569,-2.071255683898926,0.0,0.0,0.0,1.0
-0.9923906326293945,-0.07355368137359619,0.09874548763036728,-0.224989652633667,0.102061428129673,-0.04276853799819946,0.993858277797699,1.7235034704208374,-0.06887873262166977,0.9963738322257996,0.049950093030929565,-2.071518898010254,0.0,0.0,0.0,1.0
-0.9923533797264099,-0.07341746240854263,0.09921977669000626,-0.2238043248653412,0.10253074765205383,-0.04278560355305672,0.9938092231750488,1.7320811748504639,-0.06871777027845383,0.9963830709457397,0.049985989928245544,-2.070222854614258,0.0,0.0,0.0,1.0
-0.9923846125602722,-0.0731683075428009,0.09909186512231827,-0.22516649961471558,0.10230284929275513,-0.04151659458875656,0.9938865303993225,1.7098057270050049,-0.06860703974962234,0.9964550733566284,0.04868575558066368,-2.0714259147644043,0.0,0.0,0.0,1.0
-0.992256760597229,-0.07445914298295975,0.09940988570451736,-0.22568099200725555,0.10272011160850525,-0.04202258586883545,0.9938222169876099,1.7368460893630981,-0.06982169300317764,0.9963382482528687,0.04934564605355263,-2.0677778720855713,0.0,0.0,0.0,1.0
-0.9922622442245483,-0.0779205784201622,0.09666436165571213,-0.2215777337551117,0.10035281628370285,-0.04489002004265785,0.9939387440681458,1.7448267936706543,-0.07310900837182999,0.9959483742713928,0.05236222222447395,-2.068375825881958,0.0,0.0,0.0,1.0
-0.9920417666435242,-0.08213335275650024,0.09543168544769287,-0.2193138748407364,0.09942906349897385,-0.04603072255849838,0.9939793348312378,1.745757818222046,-0.07724606990814209,0.9955577850341797,0.053830843418836594,-2.067204713821411,0.0,0.0,0.0,1.0
-0.9916816353797913,-0.08758495002985,0.09432028979063034,-0.2148207575082779,0.09879258275032043,-0.048205822706222534,0.9939396977424622,1.750706672668457,-0.08250737935304642,0.9949899911880493,0.05645757541060448,-2.067234754562378,0.0,0.0,0.0,1.0
-0.9913110136985779,-0.09209468960762024,0.09392045438289642,-0.2187741994857788,0.09863024204969406,-0.04798828065395355,0.9939664006233215,1.7522234916687012,-0.08703194558620453,0.9945932626724243,0.056654635816812515,-2.0645203590393066,0.0,0.0,0.0,1.0
-0.990963339805603,-0.09575904905796051,0.09392488747835159,-0.2178170084953308,0.09898504614830017,-0.04952820762991905,0.9938555955886841,1.7512452602386475,-0.09051873534917831,0.9941716194152832,0.0585593543946743,-2.0598838329315186,0.0,0.0,0.0,1.0
-0.9929701685905457,-0.09871362894773483,0.06531397998332977,-0.18658116459846497,0.07404804974794388,-0.08757083117961884,0.993402361869812,1.8605518341064453,-0.09234274923801422,0.9912552237510681,0.09426476806402206,-2.046173334121704,0.0,0.0,0.0,1.0
-0.9949121475219727,-0.07146652787923813,0.07101000100374222,-0.19003677368164062,0.07673555612564087,-0.08084384351968765,0.9937685132026672,1.836327314376831,-0.06528045982122421,0.9941613078117371,0.08591654151678085,-2.053145170211792,0.0,0.0,0.0,1.0
-0.9949553608894348,-0.071492999792099,0.07037431746721268,-0.1901625692844391,0.0760919377207756,-0.08067743480205536,0.9938315153121948,1.8381928205490112,-0.06537437438964844,0.994172990322113,0.08571048825979233,-2.053128242492676,0.0,0.0,0.0,1.0
-0.9941647052764893,-0.08774907141923904,0.0627417117357254,-0.19831854104995728,0.06996849179267883,-0.0818626657128334,0.9941844940185547,1.887934923171997,-0.08210257440805435,0.9927731156349182,0.0875246450304985,-2.042524814605713,0.0,0.0,0.0,1.0
-0.9874967336654663,-0.14666451513767242,0.05779055505990982,-0.17568884789943695,0.07228292524814606,-0.09548681229352951,0.9928027987480164,2.022550344467163,-0.1400907039642334,0.9845668077468872,0.104894258081913,-2.0015664100646973,0.0,0.0,0.0,1.0
-0.9861318469047546,-0.155551478266716,0.057859163731336594,-0.1661577671766281,0.0740300714969635,-0.100258469581604,0.9922034740447998,2.027810573577881,-0.14853784441947937,0.9827267527580261,0.11038356274366379,-1.997416377067566,0.0,0.0,0.0,1.0
-0.9844216108322144,-0.16558115184307098,0.05913563817739487,-0.16338278353214264,0.07681535929441452,-0.10248813778162003,0.9917638897895813,2.030137777328491,-0.15815670788288116,0.9808562994003296,0.11361070722341537,-1.9875339269638062,0.0,0.0,0.0,1.0
-0.984237551689148,-0.16729940474033356,0.05733508989214897,-0.16299286484718323,0.07526735961437225,-0.10289150476455688,0.9918407797813416,2.032130241394043,-0.16003508865833282,0.9805224537849426,0.11386186629533768,-1.9788968563079834,0.0,0.0,0.0,1.0
-0.9841583967208862,-0.16718238592147827,0.05901077389717102,-0.15691567957401276,0.07694901525974274,-0.10293307900428772,0.991707444190979,2.024494171142578,-0.15972185134887695,0.9805380702018738,0.1141669750213623,-1.9753037691116333,0.0,0.0,0.0,1.0
-0.9839343428611755,-0.16946902871131897,0.05615532398223877,-0.15594324469566345,0.07438425719738007,-0.10320577025413513,0.9918747544288635,2.020432710647583,-0.16229648888111115,0.9801167249679565,0.11415352672338486,-1.9770941734313965,0.0,0.0,0.0,1.0
-0.9831071496009827,-0.17391330003738403,0.057048249989748,-0.15459980070590973,0.07588466256856918,-0.10365624725818634,0.9917141199111938,2.022528886795044,-0.1665588617324829,0.9792903065681458,0.11510255187749863,-1.9810479879379272,0.0,0.0,0.0,1.0
-0.9834798574447632,-0.1786298006772995,0.029304515570402145,0.017244655638933182,0.04898885637521744,-0.10680210590362549,0.9930727481842041,2.1529672145843506,-0.17426259815692902,0.9781026244163513,0.11378858983516693,-1.9267767667770386,0.0,0.0,0.0,1.0
-0.9972612261772156,-0.06436257064342499,0.036434076726436615,-0.029207956045866013,0.041328370571136475,-0.07642456889152527,0.9962185025215149,1.9548593759536743,-0.061334721744060516,0.9949958324432373,0.07887526601552963,-1.9983705282211304,0.0,0.0,0.0,1.0
-0.9969245195388794,-0.06964892894029617,0.03592265769839287,-0.03515823557972908,0.041217610239982605,-0.07614024728536606,0.9962447881698608,1.9518617391586304,-0.06665223091840744,0.9946615695953369,0.07877684384584427,-1.9996083974838257,0.0,0.0,0.0,1.0
-0.9965413808822632,-0.0747293010354042,0.03634209185838699,-0.03345309942960739,0.04206404462456703,-0.07647829502820969,0.9961835741996765,1.957598328590393,-0.0716647207736969,0.9942668676376343,0.07935720682144165,-1.9991047382354736,0.0,0.0,0.0,1.0
-0.9963207244873047,-0.07769030332565308,0.03618242219090462,-0.03308280184864998,0.041989270597696304,-0.0744597390294075,0.9963396191596985,1.9569388628005981,-0.07471179962158203,0.9941931366920471,0.07744794338941574,-1.9988083839416504,0.0,0.0,0.0,1.0
-0.9963562488555908,-0.07744094729423523,0.035735636949539185,-0.034652963280677795,0.04145602881908417,-0.07356539368629456,0.996428370475769,1.9495645761489868,-0.07453545182943344,0.994279146194458,0.07650773972272873,-2.002570152282715,0.0,0.0,0.0,1.0
-0.9963783621788025,-0.07718408107757568,0.035675376653671265,-0.02919856831431389,0.04118751734495163,-0.07104407995939255,0.9966224431991577,1.947774052619934,-0.07438886910676956,0.9944823980331421,0.07396580278873444,-1.9867007732391357,0.0,0.0,0.0,1.0
-0.9959533214569092,-0.08299827575683594,0.03447001799941063,-0.034291863441467285,0.04052974283695221,-0.07246829569339752,0.9965469241142273,1.9531548023223877,-0.08021368831396103,0.9939112663269043,0.07553894072771072,-1.996309518814087,0.0,0.0,0.0,1.0
-0.9956578612327576,-0.08690153062343597,0.03336763381958008,-0.030652645975351334,0.039856620132923126,-0.07403890043497086,0.9964585304260254,1.9527124166488647,-0.08412327617406845,0.9934617877006531,0.07718101888895035,-2.002774238586426,0.0,0.0,0.0,1.0
-0.9964255690574646,-0.07703454792499542,0.034665726125240326,-0.030434776097536087,0.04026223346590996,-0.07232555001974106,0.9965680837631226,1.9463139772415161,-0.07426295429468155,0.9944016337394714,0.07516860961914062,-1.9897575378417969,0.0,0.0,0.0,1.0
-0.9956583976745605,-0.08698983490467072,0.03312241658568382,-0.031971726566553116,0.039752162992954254,-0.07562101632356644,0.9963439106941223,1.9562791585922241,-0.08416704833507538,0.9933348894119263,0.07875073701143265,-2.004843235015869,0.0,0.0,0.0,1.0
-0.9843041896820068,-0.17645157873630524,-0.003157041035592556,0.15127280354499817,0.020806418731808662,-0.13379201292991638,0.9907909631729126,1.8737733364105225,-0.17524902522563934,0.975174069404602,0.1353633850812912,-1.8384203910827637,0.0,0.0,0.0,1.0
-0.9883043169975281,-0.15249234437942505,-0.0007665939629077911,0.14982667565345764,0.020420953631401062,-0.13732680678367615,0.9903152585029602,1.855833649635315,-0.15112076699733734,0.9787172079086304,0.13883471488952637,-1.8611621856689453,0.0,0.0,0.0,1.0
-0.9887087941169739,-0.14984780550003052,-0.0008041271939873695,0.14534656703472137,0.019546067342162132,-0.13428330421447754,0.9907501935958862,1.8515914678573608,-0.148569718003273,0.9795476794242859,0.13569600880146027,-1.840723991394043,0.0,0.0,0.0,1.0
-0.9885897040367126,-0.15063275396823883,0.00038381805643439293,0.14622263610363007,0.020734459161758423,-0.13355380296707153,0.9908246397972107,1.8485954999923706,-0.14919939637184143,0.979526937007904,0.13515320420265198,-1.8367239236831665,0.0,0.0,0.0,1.0
-0.9885950684547424,-0.15059497952461243,-0.0009878999553620815,0.14586545526981354,0.019198019057512283,-0.13252811133861542,0.990993320941925,1.8453906774520874,-0.14936953783035278,0.9796721339225769,0.1339077651500702,-1.8426592350006104,0.0,0.0,0.0,1.0
-0.9877268671989441,-0.15617430210113525,-0.002281122375279665,0.14344008266925812,0.0195811465382576,-0.13830433785915375,0.9901961088180542,1.8650223016738892,-0.15495868027210236,0.977998673915863,0.13966497778892517,-1.862882137298584,0.0,0.0,0.0,1.0
-0.9873688220977783,-0.15840184688568115,-0.0034180483780801296,0.15190677344799042,0.019070908427238464,-0.14023613929748535,0.9899343848228455,1.875242829322815,-0.15728677809238434,0.9773651957511902,0.14148566126823425,-1.873862624168396,0.0,0.0,0.0,1.0
-0.9876390695571899,-0.15663833916187286,-0.005783798638731241,0.14710980653762817,0.015868987888097763,-0.13663102686405182,0.9904949069023132,1.8679509162902832,-0.1559397280216217,0.9781597256660461,0.13742783665657043,-1.8737684488296509,0.0,0.0,0.0,1.0
-0.9872711896896362,-0.15895773470401764,-0.005291233770549297,0.1547631025314331,0.016936995089054108,-0.13815706968307495,0.9902654886245728,1.862941861152649,-0.1581413745880127,0.9775710105895996,0.13909076154232025,-1.8834971189498901,0.0,0.0,0.0,1.0
-0.9863998889923096,-0.1643119752407074,-0.004101382568478584,0.1703278124332428,0.01816585846245289,-0.1337859332561493,0.9908437132835388,1.8728766441345215,-0.16335619986057281,0.9772936105728149,0.13495129346847534,-1.8891867399215698,0.0,0.0,0.0,1.0
-0.9897914528846741,-0.14241300523281097,0.0056075118482112885,0.18893475830554962,0.02400808036327362,-0.12781913578510284,0.991506814956665,1.746650218963623,-0.1404867172241211,0.9815196394920349,0.12993334233760834,-1.9114843606948853,0.0,0.0,0.0,1.0
-0.9893431067466736,-0.14265233278274536,-0.029162468388676643,0.18643885850906372,-0.011065864935517311,-0.12604179978370667,0.9919631481170654,1.7361783981323242,-0.1451815515756607,0.9817147254943848,0.1231200098991394,-1.8587915897369385,0.0,0.0,0.0,1.0
-0.9888038635253906,-0.1463637799024582,-0.02906014397740364,0.17784997820854187,-0.009833354502916336,-0.13041000068187714,0.9914113879203796,1.7863965034484863,-0.1488964557647705,0.980597198009491,0.127510666847229,-1.824049711227417,0.0,0.0,0.0,1.0
-0.9897820353507996,-0.13585813343524933,-0.04328972473740578,0.16297410428524017,-0.027400312945246696,-0.1167183592915535,0.9927870035171509,1.6610901355743408,-0.13993090391159058,0.9838289618492126,0.11180318146944046,-1.868645429611206,0.0,0.0,0.0,1.0
-0.9893442392349243,-0.14004532992839813,-0.03981491178274155,0.17994743585586548,-0.02316456474363804,-0.11857263743877411,0.9926751255989075,1.6820200681686401,-0.1437404602766037,0.9830197691917419,0.11406507343053818,-1.8554095029830933,0.0,0.0,0.0,1.0
-0.9891817569732666,-0.13955877721309662,-0.04519675299525261,0.13117963075637817,-0.030619420111179352,-0.10488748550415039,0.9940125942230225,1.6082735061645508,-0.14346377551555634,0.9846431016921997,0.0994795709848404,-1.897203803062439,0.0,0.0,0.0,1.0
-0.9881182312965393,-0.14760422706604004,-0.04284023866057396,0.1455266773700714,-0.027253977954387665,-0.10604385286569595,0.9939878582954407,1.6340668201446533,-0.15125976502895355,0.9833451509475708,0.1007610633969307,-1.8996424674987793,0.0,0.0,0.0,1.0
-0.993465781211853,-0.10640126466751099,-0.04128434136509895,-0.003081902861595154,-0.028917856514453888,-0.11525194346904755,0.9929152131080627,1.6883728504180908,-0.11040554195642471,0.9876211881637573,0.11142196506261826,-1.9797440767288208,0.0,0.0,0.0,1.0
-0.9913389086723328,-0.12634281814098358,-0.035839661955833435,0.04636232554912567,-0.02127571776509285,-0.1147918850183487,0.993161678314209,1.6669893264770508,-0.12959297001361847,0.9853224158287048,0.1111096441745758,-1.9738606214523315,0.0,0.0,0.0,1.0
-0.9898748993873596,-0.13841284811496735,-0.03145747259259224,0.08284984529018402,-0.016056623309850693,-0.11100789159536362,0.993689775466919,1.644992709159851,-0.14103145897388458,0.9841336607933044,0.10766148567199707,-1.9543817043304443,0.0,0.0,0.0,1.0
-0.9911834597587585,-0.13150514662265778,-0.016179800033569336,0.1039130687713623,-0.0023575369268655777,-0.10459106415510178,0.9945125579833984,1.7653769254684448,-0.13247577846050262,0.9857825040817261,0.10335890203714371,-1.9275943040847778,0.0,0.0,0.0,1.0
-0.9714275002479553,-0.22827254235744476,0.06496422737836838,0.04304433614015579,0.09412655234336853,-0.11927480250597,0.9883894324302673,1.796935796737671,-0.21787355840206146,0.966263473033905,0.1373533308506012,-1.8103405237197876,0.0,0.0,0.0,1.0
-0.9727058410644531,-0.2251989245414734,0.05593619495630264,0.015097565948963165,0.07854131609201431,-0.09269937872886658,0.9925916194915771,1.8665512800216675,-0.2183452993631363,0.9698929190635681,0.1078566461801529,-1.8624374866485596,0.0,0.0,0.0,1.0
-0.987683892250061,-0.14913557469844818,-0.04731987416744232,0.10249964892864227,-0.030728360638022423,-0.11165409535169601,0.9932719469070435,1.862367033958435,-0.15341563522815704,0.9824927449226379,0.10569626092910767,-1.9103766679763794,0.0,0.0,0.0,1.0
-0.9878281950950623,-0.14839480817317963,-0.04663166403770447,0.10061094164848328,-0.030147740617394447,-0.11145282536745071,0.9933122992515564,1.8562535047531128,-0.15259961783885956,0.9826277494430542,0.10562247037887573,-1.9155353307724,0.0,0.0,0.0,1.0
-0.9878736734390259,-0.1483606994152069,-0.0457674041390419,0.0989384576678276,-0.029402587562799454,-0.1106780394911766,0.9934212565422058,1.8645564317703247,-0.15245012938976288,0.9827204346656799,0.10497372597455978,-1.9163931608200073,0.0,0.0,0.0,1.0
-0.9872643351554871,-0.15200704336166382,-0.046935684978961945,0.0821898877620697,-0.030425461009144783,-0.10917454212903976,0.9935568571090698,1.849086046218872,-0.15615181624889374,0.9823313355445862,0.10315924882888794,-1.927848219871521,0.0,0.0,0.0,1.0
-0.9876879453659058,-0.1462765634059906,-0.05545936897397041,0.060196083039045334,-0.04035088047385216,-0.10430493950843811,0.9937264323234558,1.807194471359253,-0.15114358067512512,0.9837294220924377,0.09711834788322449,-1.927323341369629,0.0,0.0,0.0,1.0
-0.9908092021942139,-0.11551307141780853,-0.07038362324237823,0.0447019562125206,-0.05785064771771431,-0.10847897082567215,0.9924139976501465,1.7495040893554688,-0.12227194011211395,0.9873647093772888,0.10079945623874664,-1.952310562133789,0.0,0.0,0.0,1.0
-0.9935607314109802,-0.060509417206048965,-0.09579005837440491,0.025723375380039215,-0.08900229632854462,-0.10635170340538025,0.9903373122215271,1.7291808128356934,-0.07011216878890991,0.992485761642456,0.10028139501810074,-1.9654778242111206,0.0,0.0,0.0,1.0
-0.9977098107337952,-0.01416546106338501,-0.06614002585411072,0.03987304866313934,-0.06398622691631317,-0.11936931312084198,0.9907859563827515,1.7707408666610718,-0.0219300277531147,0.9927488565444946,0.11818953603506088,-2.020134925842285,0.0,0.0,0.0,1.0
-0.9955212473869324,-0.06824827194213867,-0.06541865319013596,0.0894019603729248,-0.05916757509112358,-0.08990787714719772,0.99419105052948,1.6966047286987305,-0.07373347878456116,0.9936089515686035,0.08546712249517441,-1.9834010601043701,0.0,0.0,0.0,1.0
-0.9847549796104431,-0.1632022261619568,-0.06018789857625961,0.001860193908214569,-0.04489842802286148,-0.09580807387828827,0.9943867325782776,1.6648857593536377,-0.16805261373519897,0.9819296598434448,0.08701995760202408,-1.828179121017456,0.0,0.0,0.0,1.0
-0.9601231813430786,-0.2760877013206482,0.04403432086110115,-0.4803128242492676,0.0837133377790451,-0.13362295925617218,0.9874902367591858,1.620094656944275,-0.26674991846084595,0.9517985582351685,0.15140672028064728,-2.198686122894287,0.0,0.0,0.0,1.0
-0.9682542681694031,-0.248043492436409,0.030955156311392784,-0.23496899008750916,0.05834013968706131,-0.10382548719644547,0.992883026599884,1.9681955575942993,-0.24306423962116241,0.9631690979003906,0.11500035971403122,-2.2317683696746826,0.0,0.0,0.0,1.0
-0.9922007322311401,-0.12373174726963043,-0.01510331779718399,-0.19293752312660217,-0.003977551124989986,-0.0896763876080513,0.9959630370140076,1.8632534742355347,-0.12458665668964386,0.9882553219795227,0.08848483115434647,-2.2293496131896973,0.0,0.0,0.0,1.0
-0.9868934154510498,-0.16047771275043488,-0.016978520900011063,-0.16295471787452698,-0.0021158671006560326,-0.09233564883470535,0.995725691318512,1.9543272256851196,-0.1613594889640808,0.9827110171318054,0.0907859057188034,-2.233642816543579,0.0,0.0,0.0,1.0
-0.987316906452179,-0.15682494640350342,-0.02472183108329773,-0.0939437597990036,-0.008413275703787804,-0.10381510108709335,0.994560956954956,1.9711830615997314,-0.15853849053382874,0.9821549654006958,0.10117899626493454,-2.211357831954956,0.0,0.0,0.0,1.0
-0.9896088242530823,-0.13568483293056488,-0.04758070781826973,-0.13422735035419464,-0.032247044146060944,-0.11304750293493271,0.993066132068634,2.002609968185425,-0.1401229053735733,0.9842813611030579,0.10749737918376923,-2.2436187267303467,0.0,0.0,0.0,1.0
-0.9928426146507263,-0.10470956563949585,-0.057441346347332,-0.12150277197360992,-0.046012744307518005,-0.10846971720457077,0.993034303188324,2.0012285709381104,-0.1102108433842659,0.9885698556900024,0.10287538170814514,-2.2114882469177246,0.0,0.0,0.0,1.0
-0.9947166442871094,-0.0905025526881218,-0.04845665767788887,-0.10237489640712738,-0.03822317346930504,-0.11156882345676422,0.9930213093757629,2.0163724422454834,-0.09527722001075745,0.9896270632743835,0.10752006620168686,-2.189565420150757,0.0,0.0,0.0,1.0
-0.9896249175071716,-0.13425633311271667,-0.05116307735443115,-0.1006690263748169,-0.034799158573150635,-0.12151814252138138,0.9919790029525757,2.018043279647827,-0.13939671218395233,0.9834675788879395,0.11558537930250168,-2.1932055950164795,0.0,0.0,0.0,1.0
-0.9891258478164673,-0.13737940788269043,-0.05250668153166771,-0.11259369552135468,-0.038408417254686356,-0.1033334732055664,0.9939048886299133,1.9801535606384277,-0.1419677585363388,0.9851137399673462,0.0969332829117775,-2.2099180221557617,0.0,0.0,0.0,1.0
-0.9891740679740906,-0.14313524961471558,-0.03235716372728348,-0.10401882231235504,-0.018813636153936386,-0.09498125314712524,0.9953013062477112,1.9595904350280762,-0.14553602039813995,0.9851348996162415,0.09126010537147522,-2.223658800125122,0.0,0.0,0.0,1.0
-0.9775758981704712,-0.20859095454216003,-0.028898335993289948,-0.3012269139289856,-0.004925396293401718,-0.11454393714666367,0.9934059381484985,1.6237521171569824,-0.21052563190460205,0.9712720513343811,0.11094800382852554,-2.1700387001037598,0.0,0.0,0.0,1.0
-0.952054500579834,-0.30342385172843933,0.03906726837158203,-0.4730675220489502,0.08320710062980652,-0.13393519818782806,0.9874907732009888,1.580960988998413,-0.2943957448005676,0.9433956742286682,0.15276062488555908,-2.1171631813049316,0.0,0.0,0.0,1.0
-0.9542267322540283,-0.2962774336338043,0.040879327803850174,-0.47174960374832153,0.0833887904882431,-0.1322930008172989,0.9876967668533325,1.589637041091919,-0.2872242331504822,0.9458954930305481,0.15094374120235443,-2.1093783378601074,0.0,0.0,0.0,1.0
-0.9532284140586853,-0.29962411522865295,0.03976212814450264,-0.472756952047348,0.08310624212026596,-0.1333368718624115,0.9875801801681519,1.573152780532837,-0.29060110449790955,0.9446939826011658,0.15200112760066986,-2.1133947372436523,0.0,0.0,0.0,1.0
-0.9529431462287903,-0.30066725611686707,0.0387113131582737,-0.47566917538642883,0.08230505138635635,-0.13370542228221893,0.9875974655151367,1.5728859901428223,-0.2917623221874237,0.9443103671073914,0.15216009318828583,-2.1057629585266113,0.0,0.0,0.0,1.0
-0.952156662940979,-0.30294933915138245,0.04024109989404678,-0.47598227858543396,0.08571754395961761,-0.1383463591337204,0.9866674542427063,1.6048699617385864,-0.29334306716918945,0.9429113864898682,0.1576954871416092,-2.1100940704345703,0.0,0.0,0.0,1.0
-0.9527405500411987,-0.3011481761932373,0.03994039073586464,-0.47857940196990967,0.08500136435031891,-0.13804568350315094,0.9867716431617737,1.6041353940963745,-0.2916508615016937,0.9435323476791382,0.1571197360754013,-2.1108269691467285,0.0,0.0,0.0,1.0
-0.9532144069671631,-0.29959529638290405,0.04030972346663475,-0.478756844997406,0.0840476006269455,-0.13456904888153076,0.987333357334137,1.6013908386230469,-0.2903759777545929,0.944528341293335,0.15345342457294464,-2.1058390140533447,0.0,0.0,0.0,1.0
-0.9526180624961853,-0.3011561632156372,0.04270569607615471,-0.4733961820602417,0.08728349208831787,-0.13615648448467255,0.9868348240852356,1.595751404762268,-0.2913767099380493,0.943804144859314,0.1559910923242569,-2.1112351417541504,0.0,0.0,0.0,1.0
-0.9548984169960022,-0.2923223078250885,0.0521218366920948,-0.45375388860702515,0.09776273369789124,-0.14376389980316162,0.9847712516784668,1.6245207786560059,-0.2803773880004883,0.945452094078064,0.16585814952850342,-2.119102716445923,0.0,0.0,0.0,1.0
-0.9528765082359314,-0.2983042597770691,0.05514540523290634,-0.4370885193347931,0.10182185471057892,-0.14326557517051697,0.9844324588775635,1.630326509475708,-0.28575995564460754,0.9436575174331665,0.1668882817029953,-2.122713804244995,0.0,0.0,0.0,1.0
-0.9828090071678162,-0.1809428334236145,-0.03669023886322975,-0.2632490396499634,-0.017143752425909042,-0.10842905938625336,0.9939563870429993,1.8105779886245728,-0.18382756412029266,0.9774982333183289,0.10346302390098572,-2.0265324115753174,0.0,0.0,0.0,1.0
-0.9800596237182617,-0.19042113423347473,-0.056771427392959595,-0.2945463955402374,-0.03843224421143532,-0.0986572653055191,0.9943791031837463,1.7711145877838135,-0.19495171308517456,0.9767325520515442,0.0893716886639595,-1.9963726997375488,0.0,0.0,0.0,1.0
-0.9801019430160522,-0.19003945589065552,-0.057316526770591736,-0.2982340157032013,-0.03912563621997833,-0.09813056141138077,0.9944040775299072,1.7463942766189575,-0.19460050761699677,0.9768599271774292,0.08874253928661346,-1.9823487997055054,0.0,0.0,0.0,1.0
-0.9774684309959412,-0.20220525562763214,-0.06056861951947212,-0.2933111786842346,-0.040075384080410004,-0.10394956916570663,0.9937748312950134,1.7413759231567383,-0.20724256336688995,0.9738107919692993,0.09350396692752838,-1.987263798713684,0.0,0.0,0.0,1.0
-0.9761702418327332,-0.20810000598430634,-0.06153116747736931,-0.29865068197250366,-0.03958730399608612,-0.10801859200000763,0.9933603405952454,1.748685598373413,-0.21336479485034943,0.9721246361732483,0.09720642119646072,-1.9835524559020996,0.0,0.0,0.0,1.0
-0.9739224910736084,-0.21883411705493927,-0.05988851189613342,-0.29733169078826904,-0.03474152833223343,-0.11700726300477982,0.992523193359375,1.7708522081375122,-0.22420533001422882,0.9687212705612183,0.10635337233543396,-1.9828897714614868,0.0,0.0,0.0,1.0
-0.9737164378166199,-0.218960240483284,-0.0627119168639183,-0.29609358310699463,-0.03783418983221054,-0.11601854860782623,0.9925261735916138,1.7284409999847412,-0.22459951043128967,0.9688116908073425,0.1046849712729454,-1.9791982173919678,0.0,0.0,0.0,1.0
-0.9724761247634888,-0.22369320690631866,-0.06520386785268784,-0.30232706665992737,-0.03963366150856018,-0.11695487052202225,0.9923460483551025,1.7225098609924316,-0.2296069860458374,0.9676170945167542,0.1048700362443924,-1.980643391609192,0.0,0.0,0.0,1.0
-0.9675125479698181,-0.24333342909812927,-0.06861688941717148,-0.3140052556991577,-0.03940974920988083,-0.12293132394552231,0.991632342338562,1.6739883422851562,-0.24973247945308685,0.9621210098266602,0.1093478873372078,-1.9746981859207153,0.0,0.0,0.0,1.0
-0.9674081206321716,-0.2438352257013321,-0.06830678880214691,-0.2957970201969147,-0.039078060537576675,-0.12275968492031097,0.9916667342185974,1.6647831201553345,-0.2501886188983917,0.9620158076286316,0.10923011600971222,-1.984356164932251,0.0,0.0,0.0,1.0
-0.970344603061676,-0.23315930366516113,-0.0637812688946724,-0.31084856390953064,-0.03662780672311783,-0.11898918449878693,0.9922197461128235,1.7133493423461914,-0.23893453180789948,0.9651312828063965,0.10692040622234344,-1.974049687385559,0.0,0.0,0.0,1.0
-0.9759814739227295,-0.20234562456607819,-0.08072403073310852,-0.26389992237091064,-0.05670759826898575,-0.12180410325527191,0.9909328818321228,1.8463859558105469,-0.21034345030784607,0.9717098474502563,0.10740400850772858,-1.975728154182434,0.0,0.0,0.0,1.0
-0.9820317625999451,-0.17469124495983124,-0.07139065861701965,-0.2607557475566864,-0.05407211184501648,-0.10196857154369354,0.9933169484138489,1.7976590394973755,-0.18080337345600128,0.979328989982605,0.09069045633077621,-1.984338641166687,0.0,0.0,0.0,1.0
-0.9871726036071777,-0.14666399359703064,-0.06308600306510925,-0.2737453281879425,-0.04938475787639618,-0.09525538980960846,0.9942271113395691,1.7562146186828613,-0.15182660520076752,0.9845892786979675,0.0867905467748642,-1.9710736274719238,0.0,0.0,0.0,1.0
-0.9836023449897766,-0.1676146686077118,-0.06657149642705917,-0.26396292448043823,-0.050778307020664215,-0.09681050479412079,0.9940066933631897,1.7356390953063965,-0.17305493354797363,0.9810877442359924,0.08671184629201889,-1.9744421243667603,0.0,0.0,0.0,1.0
-0.9819765686988831,-0.17381905019283295,-0.07422223687171936,-0.24623700976371765,-0.057039402425289154,-0.10184981673955917,0.9931631684303284,1.7605080604553223,-0.18019020557403564,0.9794965386390686,0.09009959548711777,-1.9811056852340698,0.0,0.0,0.0,1.0
-0.9794661998748779,-0.18715029954910278,-0.07497154176235199,-0.26828059554100037,-0.054595038294792175,-0.1117570623755455,0.9922346472740173,1.7538403272628784,-0.19407561421394348,0.9759534597396851,0.09924478083848953,-1.954795241355896,0.0,0.0,0.0,1.0
-0.9833710193634033,-0.16601325571537018,-0.07362714409828186,-0.2877468466758728,-0.05666140839457512,-0.10471585392951965,0.9928867220878601,1.6784477233886719,-0.1725422888994217,0.9805478453636169,0.09356799721717834,-1.9593710899353027,0.0,0.0,0.0,1.0
-0.9802052974700928,-0.18387581408023834,-0.07339821755886078,-0.2837093770503998,-0.05410325527191162,-0.10784301906824112,0.9926946759223938,1.7078198194503784,-0.19044803082942963,0.9770156741142273,0.09576001763343811,-1.9353430271148682,0.0,0.0,0.0,1.0
-0.9805343151092529,-0.17727893590927124,-0.08440708369016647,-0.31816956400871277,-0.06557472795248032,-0.10953448712825775,0.9918175935745239,1.683345079421997,-0.1850738525390625,0.978046178817749,0.09577731788158417,-1.9279636144638062,0.0,0.0,0.0,1.0
-0.9778925776481628,-0.1941700428724289,-0.07761499285697937,-0.29835405945777893,-0.056499265134334564,-0.11202286183834076,0.9920981526374817,1.6881422996520996,-0.20133040845394135,0.9745506048202515,0.09857586026191711,-1.934098482131958,0.0,0.0,0.0,1.0
-0.9741698503494263,-0.21055994927883148,-0.08159484714269638,-0.33716392517089844,-0.05686680227518082,-0.12093943357467651,0.991029679775238,1.643434762954712,-0.21853919327259064,0.9700711965560913,0.10584167391061783,-1.9044978618621826,0.0,0.0,0.0,1.0
-0.9660435318946838,-0.22231879830360413,-0.13165965676307678,-0.3648648262023926,-0.1020192801952362,-0.13995641469955444,0.984887957572937,1.6441327333450317,-0.23738573491573334,0.9648764729499817,0.11252319067716599,-1.8879510164260864,0.0,0.0,0.0,1.0
-0.9724946022033691,-0.20355325937271118,-0.1132265031337738,-0.29582956433296204,-0.08998505771160126,-0.12004248052835464,0.988682210445404,1.7897135019302368,-0.21484147012233734,0.9716768264770508,0.09842391312122345,-1.9530712366104126,0.0,0.0,0.0,1.0
-0.9697401523590088,-0.21399588882923126,-0.1175149604678154,-0.31677162647247314,-0.09347933530807495,-0.11919933557510376,0.9884599447250366,1.776349663734436,-0.2255340814590454,0.9695345759391785,0.09558818489313126,-1.9176570177078247,0.0,0.0,0.0,1.0
-0.9679293632507324,-0.2212994396686554,-0.11890859156847,-0.3135196268558502,-0.09329450875520706,-0.1228337287902832,0.988032341003418,1.7644023895263672,-0.233256995677948,0.9674390554428101,0.09824836254119873,-1.9112578630447388,0.0,0.0,0.0,1.0
-0.9665808081626892,-0.2249077409505844,-0.12303689867258072,-0.31603363156318665,-0.09571991860866547,-0.12860581278800964,0.9870654344558716,1.780164361000061,-0.23782193660736084,0.965855598449707,0.10277975350618362,-1.9172589778900146,0.0,0.0,0.0,1.0
-0.9677725434303284,-0.22034260630607605,-0.12192367017269135,-0.3222872018814087,-0.09649248421192169,-0.12274368107318878,0.9877364039421082,1.7655396461486816,-0.23260577023029327,0.9676689505577087,0.09752655774354935,-1.897193193435669,0.0,0.0,0.0,1.0
-0.9662388563156128,-0.22840964794158936,-0.11921178549528122,-0.319071501493454,-0.0918191522359848,-0.12704724073410034,0.9876376986503601,1.790778636932373,-0.24073152244091034,0.9652398824691772,0.10178560018539429,-1.909144639968872,0.0,0.0,0.0,1.0
-0.9688214063644409,-0.21890489757061005,-0.11604195833206177,-0.3132225573062897,-0.0901830643415451,-0.12466096878051758,0.9880924224853516,1.759214997291565,-0.23076418042182922,0.9677501320838928,0.10103269666433334,-1.9068390130996704,0.0,0.0,0.0,1.0
-0.9677708745002747,-0.22217534482479095,-0.11856454610824585,-0.3157770037651062,-0.09144886583089828,-0.12862423062324524,0.987467885017395,1.7831542491912842,-0.23464129865169525,0.966485321521759,0.1041610985994339,-1.9139972925186157,0.0,0.0,0.0,1.0
-0.9637871384620667,-0.23790931701660156,-0.12047174572944641,-0.3203090727329254,-0.09072395414113998,-0.13229025900363922,0.9870502948760986,1.7883790731430054,-0.25076574087142944,0.9622361660003662,0.10591558367013931,-1.8920506238937378,0.0,0.0,0.0,1.0
-0.9666497111320496,-0.22465486824512482,-0.12295759469270706,-0.3227929472923279,-0.09649264812469482,-0.12524330615997314,0.987422525882721,1.751793622970581,-0.2372289001941681,0.9663562178611755,0.09938885271549225,-1.8875842094421387,0.0,0.0,0.0,1.0
-0.9448533654212952,-0.2787882089614868,-0.17184090614318848,-0.47594037652015686,-0.1376895308494568,-0.1379171907901764,0.9808263778686523,1.600662350654602,-0.2971426248550415,0.950397789478302,0.09192529320716858,-1.8479132652282715,0.0,0.0,0.0,1.0
-0.9595575332641602,-0.2332017719745636,-0.15769024193286896,-0.4369569420814514,-0.13022765517234802,-0.1288992315530777,0.9830695390701294,1.6522061824798584,-0.24957971274852753,0.9638474583625793,0.09331691265106201,-1.9361761808395386,0.0,0.0,0.0,1.0
-0.9621370434761047,-0.22389456629753113,-0.1554463654756546,-0.4241032004356384,-0.131463885307312,-0.11839500069618225,0.9842255115509033,1.6409276723861694,-0.23876681923866272,0.9673953652381897,0.08447816967964172,-1.9597798585891724,0.0,0.0,0.0,1.0
-0.9725934863090515,-0.17658112943172455,-0.15126457810401917,-0.4212682843208313,-0.1357855498790741,-0.09674449265003204,0.9860034584999084,1.650350570678711,-0.18874362111091614,0.9795200824737549,0.07011590152978897,-1.9722925424575806,0.0,0.0,0.0,1.0
-0.9732602834701538,-0.17202825844287872,-0.15221908688545227,-0.43257156014442444,-0.1366214007139206,-0.09920230507850647,0.9856436848640442,1.6436406373977661,-0.18465906381607056,0.980084240436554,0.07304691523313522,-1.9899884462356567,0.0,0.0,0.0,1.0
-0.9760469198226929,-0.1442241221666336,-0.16288572549819946,-0.4374019205570221,-0.15019699931144714,-0.09495112299919128,0.9840859174728394,1.591280221939087,-0.1573951244354248,0.984978973865509,0.07101471722126007,-1.963216781616211,0.0,0.0,0.0,1.0
-0.97707200050354,-0.13844406604766846,-0.16175150871276855,-0.4318399727344513,-0.15017075836658478,-0.0904284119606018,0.9845158457756042,1.6014717817306519,-0.15092729032039642,0.9862331748008728,0.06756482273340225,-1.9625221490859985,0.0,0.0,0.0,1.0
-0.9772721529006958,-0.14629992842674255,-0.15341311693191528,-0.4293346405029297,-0.1410665363073349,-0.09138836711645126,0.9857730269432068,1.6392605304718018,-0.15823867917060852,0.9850099682807922,0.068673275411129,-1.9486991167068481,0.0,0.0,0.0,1.0
-0.9782407879829407,-0.14078795909881592,-0.1523934155702591,-0.4308794140815735,-0.14089712500572205,-0.08835829794406891,0.9860734343528748,1.6383872032165527,-0.15229247510433197,0.9860890507698059,0.06659907102584839,-1.9522982835769653,0.0,0.0,0.0,1.0
-0.9748324155807495,-0.16957774758338928,-0.14472408592700958,-0.4330275356769562,-0.13024522364139557,-0.09365834295749664,0.9870482683181763,1.6782511472702026,-0.1809360533952713,0.9810563325881958,0.06921450793743134,-1.9502182006835938,0.0,0.0,0.0,1.0
-0.9748297929763794,-0.172056183218956,-0.1417868584394455,-0.437480092048645,-0.12676110863685608,-0.09543470293283463,0.9873316287994385,1.7121256589889526,-0.18340791761875153,0.9804534316062927,0.07122255116701126,-1.948302984237671,0.0,0.0,0.0,1.0
-0.9644710421562195,-0.20098255574703217,-0.17146901786327362,-0.47676998376846313,-0.15813465416431427,-0.08074425160884857,0.9841106534004211,1.517991065979004,-0.21163421869277954,0.9762613773345947,0.046093180775642395,-1.9418386220932007,0.0,0.0,0.0,1.0
-0.9461837410926819,-0.2563222646713257,-0.19757309556007385,-0.4753226041793823,-0.17246022820472717,-0.11723656952381134,0.9780148267745972,1.457705020904541,-0.273849755525589,0.9594553112983704,0.06672193855047226,-1.9045144319534302,0.0,0.0,0.0,1.0
-0.9480304718017578,-0.2527870535850525,-0.19322773814201355,-0.47749242186546326,-0.16828393936157227,-0.11704061925411224,0.978765606880188,1.4656962156295776,-0.2700347602367401,0.9604166746139526,0.06841807067394257,-1.9134150743484497,0.0,0.0,0.0,1.0
-0.9497587084770203,-0.24674668908119202,-0.19254755973815918,-0.46372655034065247,-0.16846361756324768,-0.11545988917350769,0.978922426700592,1.4696803092956543,-0.26377737522125244,0.9621772766113281,0.06809119880199432,-1.9249374866485596,0.0,0.0,0.0,1.0
-0.9489842653274536,-0.24095317721366882,-0.2033972591161728,-0.4731441140174866,-0.17984522879123688,-0.11624129116535187,0.9768027663230896,1.439237117767334,-0.25900688767433167,0.9635504484176636,0.0669768750667572,-1.9172732830047607,0.0,0.0,0.0,1.0
-0.9507339000701904,-0.2328895926475525,-0.20461536943912506,-0.46164193749427795,-0.18397265672683716,-0.10738933831453323,0.9770473837852478,1.4670987129211426,-0.24951767921447754,0.9665557742118835,0.05925336480140686,-1.9184658527374268,0.0,0.0,0.0,1.0
-0.9499719738960266,-0.22644269466400146,-0.21512055397033691,-0.4575428366661072,-0.19504129886627197,-0.10786622762680054,0.9748454689979553,1.4398528337478638,-0.24395088851451874,0.9680333137512207,0.05830422416329384,-1.9126518964767456,0.0,0.0,0.0,1.0
-0.9532259106636047,-0.20186670124530792,-0.22496718168258667,-0.4670551121234894,-0.20922307670116425,-0.0964883416891098,0.9730959534645081,1.418504238128662,-0.21814237534999847,0.9746485352516174,0.049740009009838104,-1.895483374595642,0.0,0.0,0.0,1.0
-0.9502965807914734,-0.21860115230083466,-0.22169776260852814,-0.4607510566711426,-0.2039075642824173,-0.10112583637237549,0.9737531542778015,1.4378585815429688,-0.23528294265270233,0.9705601930618286,0.05152510479092598,-1.8931069374084473,0.0,0.0,0.0,1.0
-0.9494860768318176,-0.21937477588653564,-0.22439010441303253,-0.4599512815475464,-0.20616817474365234,-0.10300096869468689,0.9730803966522217,1.4243998527526855,-0.2365816831588745,0.9701883792877197,0.052569884806871414,-1.8894777297973633,0.0,0.0,0.0,1.0
-0.9505335688591003,-0.20398207008838654,-0.23425906896591187,-0.45513013005256653,-0.21842114627361298,-0.0972980186343193,0.9709919691085815,1.420644998550415,-0.2208578884601593,0.9741275310516357,0.04793103411793709,-1.887089729309082,0.0,0.0,0.0,1.0
-0.9554926156997681,-0.1521439403295517,-0.25275686383247375,-0.41446685791015625,-0.2486572116613388,-0.0457146018743515,0.9675121903419495,1.5909063816070557,-0.15875579416751862,0.9873005747795105,0.005848278291523457,-1.8999544382095337,0.0,0.0,0.0,1.0
-0.9527113437652588,-0.22595934569835663,-0.2031833827495575,-0.4350000321865082,-0.19058606028556824,-0.07647175341844559,0.9786874055862427,1.6577215194702148,-0.23668134212493896,0.9711305499076843,0.029790803790092468,-1.9372390508651733,0.0,0.0,0.0,1.0
-0.9536355137825012,-0.2248336225748062,-0.20007295906543732,-0.43510276079177856,-0.1872721016407013,-0.07711240649223328,0.979276716709137,1.6710684299468994,-0.23560242354869843,0.9713410139083862,0.03143206238746643,-1.9438955783843994,0.0,0.0,0.0,1.0
-0.9524562358856201,-0.21353279054164886,-0.21732687950134277,-0.37513670325279236,-0.20632320642471313,-0.07281076163053513,0.9757711887359619,1.6255546808242798,-0.2241828739643097,0.9742188453674316,0.0252922885119915,-1.9328842163085938,0.0,0.0,0.0,1.0
-0.9524356722831726,-0.17369221150875092,-0.25039440393447876,-0.36907681822776794,-0.2430248260498047,-0.06282462924718857,0.9679835438728333,1.6181445121765137,-0.1838621348142624,0.9827939867973328,0.01762489788234234,-1.9397021532058716,0.0,0.0,0.0,1.0
-0.9517604112625122,-0.16636762022972107,-0.2578255236148834,-0.30499356985092163,-0.2515708804130554,-0.05800307169556618,0.9660992622375488,1.6227203607559204,-0.17568230628967285,0.9843563437461853,0.013351774774491787,-1.9490222930908203,0.0,0.0,0.0,1.0
-0.9520524144172668,-0.17630606889724731,-0.25002458691596985,-0.2884468138217926,-0.24336282908916473,-0.05880352109670639,0.9681512117385864,1.6398632526397705,-0.18539325892925262,0.982577383518219,0.013077693991363049,-1.9550819396972656,0.0,0.0,0.0,1.0
-0.955219566822052,-0.16283707320690155,-0.24706201255321503,-0.3089844882488251,-0.24352532625198364,-0.04165419563651085,0.9689996838569641,1.632707118988037,-0.16808022558689117,0.9857733249664307,0.00013395361020229757,-1.974587321281433,0.0,0.0,0.0,1.0
-0.9508058428764343,-0.14659851789474487,-0.2729048430919647,-0.3666214346885681,-0.2725793719291687,-0.022699331864714622,0.9618654847145081,1.5890306234359741,-0.14720281958580017,0.988935649394989,-0.018377071246504784,-1.9947547912597656,0.0,0.0,0.0,1.0
-0.9501855373382568,-0.14201036095619202,-0.27745363116264343,-0.3955928385257721,-0.27597910165786743,-0.030376557260751724,0.9606834650039673,1.5805268287658691,-0.1448550969362259,0.9893989562988281,-0.010328528471291065,-2.0214641094207764,0.0,0.0,0.0,1.0
-0.9467304348945618,-0.09025165438652039,-0.30912142992019653,-0.4179689288139343,-0.3099285066127777,-0.0052847713232040405,0.950745165348053,1.5545209646224976,-0.08743996173143387,0.9959049224853516,-0.02296830527484417,-2.021888494491577,0.0,0.0,0.0,1.0
-0.9259999394416809,-0.03775667026638985,-0.37563085556030273,-0.27805373072624207,-0.3771110475063324,0.04600393772125244,0.9250248074531555,1.7988877296447754,-0.01764535717666149,0.9982274174690247,-0.056838102638721466,-1.8560080528259277,0.0,0.0,0.0,1.0
-0.9377284049987793,-0.15734636783599854,-0.3096894919872284,-0.30546101927757263,-0.30922991037368774,-0.028022537007927895,0.9505743384361267,1.8615559339523315,-0.15824772417545319,0.9871458411216736,-0.022378673776984215,-1.7812312841415405,0.0,0.0,0.0,1.0
-0.9378945231437683,-0.16363002359867096,-0.3059070408344269,-0.30495089292526245,-0.30535900592803955,-0.029122229665517807,0.9517918825149536,1.8814630508422852,-0.16465039551258087,0.9860917925834656,-0.02265232615172863,-1.7850497961044312,0.0,0.0,0.0,1.0
-0.9359532594680786,-0.1625301092863083,-0.312370628118515,-0.3077518343925476,-0.31162670254707336,-0.030719291418790817,0.9497078657150269,1.8664957284927368,-0.16395193338394165,0.9862252473831177,-0.021896904334425926,-1.7819639444351196,0.0,0.0,0.0,1.0
-0.9365002512931824,-0.17155379056930542,-0.30583763122558594,-0.299885630607605,-0.3052894175052643,-0.030232002958655357,0.9517796039581299,1.8865183591842651,-0.1725274622440338,0.9847108125686646,-0.02406127378344536,-1.781175136566162,0.0,0.0,0.0,1.0
-0.9357953667640686,-0.15522460639476776,-0.316531777381897,-0.3059733808040619,-0.31552931666374207,-0.031717292964458466,0.9483856558799744,1.8522422313690186,-0.15725231170654297,0.9873698949813843,-0.01929701864719391,-1.7838964462280273,0.0,0.0,0.0,1.0
-0.9340929388999939,-0.13733403384685516,-0.32955995202064514,-0.30977141857147217,-0.328876256942749,-0.02830139547586441,0.9439488053321838,1.8148643970489502,-0.13896331191062927,0.9901203513145447,-0.018729770556092262,-1.7860816717147827,0.0,0.0,0.0,1.0
-0.9337736368179321,-0.14620299637317657,-0.32663658261299133,-0.30768054723739624,-0.3255191147327423,-0.03219006955623627,0.9449873566627502,1.8312115669250488,-0.14867444336414337,0.988730788230896,-0.01753363199532032,-1.8000726699829102,0.0,0.0,0.0,1.0
-0.932770848274231,-0.13893230259418488,-0.3326203227043152,-0.3072478175163269,-0.3314802050590515,-0.03195474296808243,0.9429208636283875,1.8278001546859741,-0.14163096249103546,0.9897861480712891,-0.01624685898423195,-1.811311960220337,0.0,0.0,0.0,1.0
-0.9283801317214966,-0.124037966132164,-0.35032111406326294,-0.31300124526023865,-0.34888067841529846,-0.03386949002742767,0.9365549683570862,1.8018707036972046,-0.1280335634946823,0.9916992783546448,-0.01183068472892046,-1.8296962976455688,0.0,0.0,0.0,1.0
-0.9282912611961365,-0.12326250970363617,-0.35082995891571045,-0.31543195247650146,-0.3498741090297699,-0.03003588132560253,0.93631511926651,1.8114099502563477,-0.12595003843307495,0.9919193983078003,-0.015244313515722752,-1.8338141441345215,0.0,0.0,0.0,1.0
-0.891907274723053,-0.009806545451283455,-0.4521120488643646,-0.24312050640583038,-0.4520309269428253,0.04811498522758484,0.8907036185264587,1.8905192613601685,0.013018638826906681,0.9987936615943909,-0.04734696447849274,-1.9860622882843018,0.0,0.0,0.0,1.0
-0.9179896712303162,-0.058156415820121765,-0.3923172950744629,-0.23524586856365204,-0.3947698473930359,0.03895404189825058,0.9179539084434509,1.9893540143966675,-0.03810255974531174,0.9975472092628479,-0.05871780589222908,-1.9048066139221191,0.0,0.0,0.0,1.0
-0.9173435568809509,-0.059536151587963104,-0.3936193883419037,-0.23797261714935303,-0.3961368203163147,0.03852995112538338,0.9173827171325684,1.987545371055603,-0.03945130109786987,0.9974822402000427,-0.05892966315150261,-1.9075156450271606,0.0,0.0,0.0,1.0
-0.912848949432373,-0.0462433323264122,-0.405670166015625,-0.24503768980503082,-0.40742921829223633,0.038411565124988556,0.912428617477417,1.9597777128219604,-0.026611315086483955,0.9981914162635803,-0.05390484258532524,-1.9076896905899048,0.0,0.0,0.0,1.0
-0.9123722910881042,-0.04703224077820778,-0.40665072202682495,-0.24911025166511536,-0.40844130516052246,0.03801877796649933,0.9119924306869507,1.9704245328903198,-0.02743268571794033,0.9981696009635925,-0.0538971871137619,-1.911610722541809,0.0,0.0,0.0,1.0
-0.9124453663825989,-0.04552781954407692,-0.40665799379348755,-0.24460335075855255,-0.40841177105903625,0.039724141359329224,0.9119330644607544,1.9593981504440308,-0.025364184752106667,0.9981729388237,-0.05484020337462425,-1.9134488105773926,0.0,0.0,0.0,1.0
-0.9111737608909607,-0.044015370309352875,-0.4096645414829254,-0.2460235357284546,-0.4115099608898163,0.0476483516395092,0.9101588726043701,1.965234637260437,-0.02054113708436489,0.9978938102722168,-0.06152869388461113,-1.9273093938827515,0.0,0.0,0.0,1.0
-0.9103871583938599,-0.04294706508517265,-0.4115224778652191,-0.24769067764282227,-0.413387268781662,0.052351560443639755,0.9090490937232971,1.9640212059020996,-0.017497146502137184,0.997704803943634,-0.0654139593243599,-1.9363869428634644,0.0,0.0,0.0,1.0
-0.9093033075332642,-0.036939069628715515,-0.41449132561683655,-0.2424013912677765,-0.41596972942352295,0.05269426852464676,0.9078505039215088,1.9499759674072266,-0.011693838983774185,0.9979272484779358,-0.0632806047797203,-1.9296876192092896,0.0,0.0,0.0,1.0
-0.9114592671394348,-0.030995752662420273,-0.4102209210395813,-0.24587152898311615,-0.4112856686115265,0.04617493227124214,0.9103361964225769,1.9398401975631714,-0.009274633601307869,0.998452365398407,-0.05483468249440193,-1.9196172952651978,0.0,0.0,0.0,1.0
-0.9123878479003906,-0.02754848264157772,-0.4083987772464752,-0.245939239859581,-0.40927186608314514,0.04504349082708359,0.911300003528595,1.9282816648483276,-0.006709223613142967,0.9986051321029663,-0.05237194895744324,-1.9223483800888062,0.0,0.0,0.0,1.0
-0.8727409839630127,0.010603043250739574,-0.4880683124065399,-0.23155544698238373,-0.48734357953071594,0.03969593718647957,0.8723074793815613,1.8220783472061157,0.028623443096876144,0.9991555213928223,-0.029476946219801903,-2.000382423400879,0.0,0.0,0.0,1.0
-0.8796754479408264,-0.03215193375945091,-0.47448641061782837,-0.2198871672153473,-0.47546470165252686,0.03802020847797394,0.8789128661155701,1.9097504615783691,-0.010218674317002296,0.9987595677375793,-0.04873255640268326,-1.997450828552246,0.0,0.0,0.0,1.0
-0.880087673664093,-0.036211688071489334,-0.47342827916145325,-0.25412529706954956,-0.47457751631736755,0.03581545874476433,0.8794847130775452,1.950180172920227,-0.014891577884554863,0.9987021088600159,-0.04870600253343582,-1.997763991355896,0.0,0.0,0.0,1.0
-0.8812530636787415,-0.03613315150141716,-0.47126150131225586,-0.2529490888118744,-0.47238588333129883,0.03434135764837265,0.8807225823402405,1.9557186365127563,-0.015639521181583405,0.9987567663192749,-0.047332219779491425,-1.9978102445602417,0.0,0.0,0.0,1.0
-0.8834450840950012,-0.03826617822051048,-0.4669695496559143,-0.2678990066051483,-0.46825161576271057,0.037461038678884506,0.8828007578849792,1.9805290699005127,-0.01628824509680271,0.998565137386322,-0.05101296678185463,-1.9931752681732178,0.0,0.0,0.0,1.0
-0.8857866525650024,-0.043313995003700256,-0.4620670974254608,-0.270491361618042,-0.46352535486221313,0.03334972262382507,0.8854559063911438,1.9845013618469238,-0.02294282056391239,0.9985046982765198,-0.04961787164211273,-1.9889192581176758,0.0,0.0,0.0,1.0
-0.8851901292800903,-0.05283304303884506,-0.462219774723053,-0.25969451665878296,-0.4640529155731201,0.029657116159796715,0.8853108882904053,1.9821337461471558,-0.0330655612051487,0.9981628656387329,-0.05076951906085014,-1.9858908653259277,0.0,0.0,0.0,1.0
-0.8836885094642639,-0.0520184300839901,-0.465175986289978,-0.25938284397125244,-0.4670468866825104,0.032144103199243546,0.8836480975151062,1.977643370628357,-0.03101332299411297,0.9981286525726318,-0.05270041897892952,-1.9933761358261108,0.0,0.0,0.0,1.0
-0.8910124897956848,-0.0556296706199646,-0.4505574703216553,-0.2616635859012604,-0.452664315700531,0.03339844569563866,0.8910552859306335,1.9807748794555664,-0.0345211923122406,0.9978926777839661,-0.05493999645113945,-1.9740548133850098,0.0,0.0,0.0,1.0
-0.8894453048706055,-0.04270962253212929,-0.45504167675971985,-0.29661911725997925,-0.456643670797348,0.0415072962641716,0.8886808156967163,1.9877488613128662,-0.01906767301261425,0.9982249140739441,-0.05642155185341835,-1.9982585906982422,0.0,0.0,0.0,1.0
-0.8868217468261719,-0.03471959009766579,-0.4608055055141449,-0.30271273851394653,-0.4619918465614319,0.04390927031636238,0.8857964873313904,1.9990813732147217,-0.010520858690142632,0.9984320402145386,-0.05497986450791359,-1.9932173490524292,0.0,0.0,0.0,1.0
-0.8921019434928894,-0.015714291483163834,-0.4515608251094818,-0.22605055570602417,-0.45174795389175415,0.05054532736539841,0.8907126784324646,1.8031787872314453,0.008827371522784233,0.9985981583595276,-0.05219048261642456,-2.100522756576538,0.0,0.0,0.0,1.0
-0.886167585849762,-0.013600796461105347,-0.4631652534008026,-0.12458563596010208,-0.46332696080207825,0.03879847750067711,0.8853376507759094,1.6833568811416626,0.005928809754550457,0.9991544485092163,-0.0406835675239563,-2.104412794113159,0.0,0.0,0.0,1.0
-0.8868818879127502,-0.017382632941007614,-0.46166908740997314,-0.13959385454654694,-0.46199169754981995,0.037767548114061356,0.886079728603363,1.705782175064087,0.002033710479736328,0.9991353154182434,-0.041525986045598984,-2.100817918777466,0.0,0.0,0.0,1.0
-0.88618004322052,-0.014281060546636581,-0.4631209671497345,-0.1252165287733078,-0.46331676840782166,0.037560489028692245,0.8853963613510132,1.693180799484253,0.004750652238726616,0.9991922974586487,-0.039902009069919586,-2.1069436073303223,0.0,0.0,0.0,1.0
-0.886547863483429,-0.014119329862296581,-0.4624214470386505,-0.12826353311538696,-0.4625990688800812,0.03984925150871277,0.8856716156005859,1.7033241987228394,0.005922060459852219,0.9991059899330139,-0.041859857738018036,-2.1009600162506104,0.0,0.0,0.0,1.0
-0.8868046402931213,-0.013580122031271458,-0.4619447886943817,-0.1326477974653244,-0.46209144592285156,0.041183069348335266,0.8858754634857178,1.7129813432693481,0.006994007155299187,0.99905925989151,-0.04279659688472748,-2.099529981613159,0.0,0.0,0.0,1.0
-0.8863502144813538,-0.014834445901215076,-0.4627778232097626,-0.13412900269031525,-0.46297553181648254,0.0415395088493824,0.88539719581604,1.7169954776763916,0.0060891881585121155,0.9990267753601074,-0.04368653520941734,-2.0985090732574463,0.0,0.0,0.0,1.0
-0.8864482641220093,-0.013568955473601818,-0.4626287519931793,-0.14320290088653564,-0.46275463700294495,0.04374247044324875,0.885406494140625,1.7301836013793945,0.008222484029829502,0.998950719833374,-0.04505453631281853,-2.0957398414611816,0.0,0.0,0.0,1.0
-0.8865890502929688,-0.011311231181025505,-0.4624197483062744,-0.14233142137527466,-0.46243444085121155,0.04478473588824272,0.8855217695236206,1.7242991924285889,0.010693006217479706,0.9989326596260071,-0.04493635892868042,-2.090806007385254,0.0,0.0,0.0,1.0
-0.8842739462852478,-0.015546034090220928,-0.4667097330093384,-0.14216378331184387,-0.46692562103271484,0.04299585521221161,0.8832507133483887,1.7049939632415771,0.006335537880659103,0.9989542961120605,-0.04527895152568817,-2.0789501667022705,0.0,0.0,0.0,1.0
-0.8846644759178162,-0.012637026607990265,-0.4660569727420807,-0.15238381922245026,-0.4661118686199188,0.04631039500236511,0.8835129737854004,1.7317888736724854,0.010418308898806572,0.9988471865653992,-0.04685942828655243,-2.0762574672698975,0.0,0.0,0.0,1.0
-0.8910173177719116,-0.01703822985291481,-0.45364946126937866,-0.14986079931259155,-0.45396888256073,0.034848347306251526,0.8903358578681946,1.7166298627853394,0.0006391871720552444,0.9992473721504211,-0.038785312324762344,-2.1316781044006348,0.0,0.0,0.0,1.0
-0.8927128911018372,-0.010676451958715916,-0.45049938559532166,-0.15731075406074524,-0.4506091773509979,0.029746748507022858,0.8922255635261536,1.7220734357833862,0.003875087946653366,0.9995004534721375,-0.03136621415615082,-2.16201114654541,0.0,0.0,0.0,1.0
-0.8918230533599854,-0.013091041706502438,-0.4521949589252472,-0.14222700893878937,-0.45238396525382996,0.027193665504455566,0.8914085626602173,1.6989412307739258,0.0006273724138736725,0.9995444416999817,-0.03017411381006241,-2.1567084789276123,0.0,0.0,0.0,1.0
-0.8935041427612305,-0.016078026965260506,-0.4487670063972473,-0.17510657012462616,-0.4490507245063782,0.02768264338374138,0.8930773138999939,1.7486226558685303,-0.001935865730047226,0.9994874596595764,-0.031954407691955566,-2.149198293685913,0.0,0.0,0.0,1.0
-0.8914307951927185,-0.018268896266818047,-0.4527885317802429,-0.15558093786239624,-0.4531363844871521,0.026417676359415054,0.8910496830940247,1.7348088026046753,-0.004316873848438263,0.9994840025901794,-0.031827833503484726,-2.147928237915039,0.0,0.0,0.0,1.0
-0.8913814425468445,-0.018856612965464592,-0.4528614580631256,-0.1541881263256073,-0.4532250761985779,0.025819581001996994,0.8910220861434937,1.748375654220581,-0.005108967423439026,0.9994887113571167,-0.031561389565467834,-2.1452622413635254,0.0,0.0,0.0,1.0
-0.891177773475647,-0.021219180896878242,-0.4531576335430145,-0.14409875869750977,-0.4535857141017914,0.024327198043465614,0.8908805251121521,1.7358243465423584,-0.007879702374339104,0.999478816986084,-0.03130457550287247,-2.1410348415374756,0.0,0.0,0.0,1.0
-0.8914481401443481,-0.021885083988308907,-0.4525938332080841,-0.13609912991523743,-0.45304766297340393,0.02487959899008274,0.891139030456543,1.7270091772079468,-0.008242299780249596,0.9994508028030396,-0.03209386020898819,-2.14235258102417,0.0,0.0,0.0,1.0
-0.8889662027359009,-0.02703264355659485,-0.4571743309497833,-0.12002768367528915,-0.45784708857536316,0.02906547300517559,0.8885557055473328,1.7123609781265259,-0.010732021182775497,0.999211847782135,-0.0382150374352932,-2.139540910720825,0.0,0.0,0.0,1.0
-0.8928991556167603,-0.032028380781412125,-0.4491161108016968,-0.13557448983192444,-0.44991177320480347,0.0244313832372427,0.8927387595176697,1.7751473188400269,-0.017620449885725975,0.9991883039474487,-0.03622470796108246,-2.152268409729004,0.0,0.0,0.0,1.0
-0.8899880647659302,-0.03888314589858055,-0.4543229043483734,-0.11089014261960983,-0.45536869764328003,0.024055635556578636,0.8899778723716736,1.747093915939331,-0.023676114156842232,0.9989541172981262,-0.03911539539694786,-2.1482081413269043,0.0,0.0,0.0,1.0
-0.8816293478012085,-0.04526790231466293,-0.46976643800735474,-0.03205408155918121,-0.4703831374645233,0.0034361518919467926,0.8824556469917297,1.6273808479309082,-0.03833272308111191,0.9989689588546753,-0.024322669953107834,-2.128883123397827,0.0,0.0,0.0,1.0
-0.8824427723884583,-0.0159233920276165,-0.4701501727104187,-0.1069033294916153,-0.47041553258895874,0.02563759684562683,0.8820725083351135,1.6679738759994507,-0.0019920673221349716,0.9995445013046265,-0.030114322900772095,-2.1392157077789307,0.0,0.0,0.0,1.0
-0.8778381943702698,-0.028373178094625473,-0.4781161844730377,-0.10399721562862396,-0.478905588388443,0.03732684999704361,0.8770725131034851,1.6678550243377686,-0.007038760930299759,0.9989002346992493,-0.04635501280426979,-2.1298534870147705,0.0,0.0,0.0,1.0
-0.8766175508499146,-0.034605398774147034,-0.47994184494018555,-0.10742822289466858,-0.48103067278862,0.037534743547439575,0.8758999109268188,1.6835206747055054,-0.012296373024582863,0.998695969581604,-0.04954987019300461,-2.1071536540985107,0.0,0.0,0.0,1.0
-0.8808655738830566,-0.04381862282752991,-0.47133398056030273,-0.10954192280769348,-0.4728458523750305,0.03476627171039581,0.8804590106010437,1.6729854345321655,-0.02219397760927677,0.9984343647956848,-0.05134386941790581,-2.0907094478607178,0.0,0.0,0.0,1.0
-0.8882979154586792,-0.03655756637454033,-0.45781034231185913,-0.10489733517169952,-0.4591331481933594,0.04656735435128212,0.8871461153030396,1.6463323831558228,-0.011112887412309647,0.9982459545135498,-0.05815047770738602,-2.056239604949951,0.0,0.0,0.0,1.0
-0.8958346843719482,-0.035025179386138916,-0.44300487637519836,-0.09085115790367126,-0.44423240423202515,0.04426339641213417,0.8948174118995667,1.6126024723052979,-0.011732243001461029,0.9984056353569031,-0.05521200969815254,-2.0535600185394287,0.0,0.0,0.0,1.0
-0.8963889479637146,-0.03842880204319954,-0.4415995180606842,-0.09678266197443008,-0.4429064989089966,0.037398070096969604,0.8957874774932861,1.617652416229248,-0.01790907233953476,0.9985612034797668,-0.05054358020424843,-2.0580756664276123,0.0,0.0,0.0,1.0
-0.8950077891349792,-0.04442800208926201,-0.4438323974609375,-0.13510675728321075,-0.44499361515045166,0.020477857440710068,0.8952996134757996,1.668350338935852,-0.030687635764479637,0.9988027811050415,-0.03809802234172821,-2.069277763366699,0.0,0.0,0.0,1.0
-0.9003725647926331,-0.05149885267019272,-0.43206143379211426,-0.1526469588279724,-0.43300768733024597,0.008328970521688461,0.9013517498970032,1.7091548442840576,-0.042819954454898834,0.9986382722854614,-0.02979857660830021,-2.0761499404907227,0.0,0.0,0.0,1.0
-0.9016139507293701,-0.053213611245155334,-0.42925581336021423,-0.15381720662117004,-0.43013378977775574,0.0057362522929906845,0.9027469158172607,1.7104371786117554,-0.045576103031635284,0.9985666871070862,-0.028060857206583023,-2.0731239318847656,0.0,0.0,0.0,1.0
-0.87744140625,-0.10176819562911987,-0.4687640964984894,-0.03141370788216591,-0.46813639998435974,-0.031458333134651184,0.8830960392951965,1.591943383216858,-0.10461762547492981,0.9943106174468994,-0.020038556307554245,-1.9120228290557861,0.0,0.0,0.0,1.0
-0.869824230670929,-0.046225737780332565,-0.4911913573741913,0.010792728513479233,-0.4907034635543823,-0.022151710465550423,0.8710449934005737,1.5402904748916626,-0.05114542320370674,0.998685359954834,-0.003415035316720605,-1.970542550086975,0.0,0.0,0.0,1.0
-0.8690734505653381,-0.042977575212717056,-0.4928126037120819,0.009793348610401154,-0.49231964349746704,-0.022121937945485115,0.8701333403587341,1.5319730043411255,-0.0482981912791729,0.9988310933113098,-0.00193311576731503,-1.9682585000991821,0.0,0.0,0.0,1.0
-0.8699120283126831,-0.04443502798676491,-0.49120110273361206,0.011221218854188919,-0.490805447101593,-0.020167846232652664,0.8710357546806335,1.5199044942855835,-0.04861097037792206,0.9988086223602295,-0.0042647020891308784,-1.9692587852478027,0.0,0.0,0.0,1.0
-0.8644894361495972,-0.024819539859890938,-0.5020378828048706,0.013724097982048988,-0.5018503069877625,-0.013734773732721806,0.8648454546928406,1.4921648502349854,-0.028360441327095032,0.9995976090431213,-0.0005821270169690251,-1.9590320587158203,0.0,0.0,0.0,1.0
-0.8679792284965515,-0.019150786101818085,-0.4962310791015625,0.0028609149158000946,-0.49602219462394714,-0.014776681549847126,0.8681840896606445,1.5184075832366943,-0.02395905740559101,0.9997074007987976,0.0033266376703977585,-1.9531521797180176,0.0,0.0,0.0,1.0
-0.8742467761039734,0.0007069408893585205,-0.4854814112186432,-0.03664882108569145,-0.48546695709228516,0.006580365356057882,0.8742302656173706,1.5928153991699219,0.0038126742001622915,0.9999781250953674,-0.005409666337072849,-1.9154645204544067,0.0,0.0,0.0,1.0
-0.8702981472015381,0.0061377352103590965,-0.4924870729446411,-0.014740224927663803,-0.492506742477417,-0.0021609945688396692,0.8703059554100037,1.526456594467163,0.004277445375919342,0.9999788403511047,0.004903585650026798,-1.9361498355865479,0.0,0.0,0.0,1.0
-0.8605058789253235,0.006036874372512102,-0.5094047784805298,0.03264685347676277,-0.5094243288040161,-0.002214409876614809,0.8605126142501831,1.4111204147338867,0.004066775552928448,0.9999793171882629,0.004980843514204025,-1.9686050415039062,0.0,0.0,0.0,1.0
-0.869636058807373,0.0058722225949168205,-0.49365851283073425,-0.006658904254436493,-0.49366798996925354,-0.0001870221458375454,0.8696504831314087,1.5100579261779785,0.0050144558772444725,0.9999827742576599,0.003061569295823574,-1.946707844734192,0.0,0.0,0.0,1.0
-0.8687613010406494,0.006419377867132425,-0.4951893985271454,-0.015739411115646362,-0.49512627720832825,0.009303511120378971,0.8687711954116821,1.5119597911834717,0.0101839704439044,0.9999361038208008,-0.004904128145426512,-1.9485386610031128,0.0,0.0,0.0,1.0
-0.8690101504325867,-0.04218461364507675,-0.49299269914627075,-0.07128847390413284,-0.4935741126537323,0.003978723660111427,0.8696945905685425,1.5869050025939941,-0.03472624719142914,0.9991018772125244,-0.024278787896037102,-1.8657132387161255,0.0,0.0,0.0,1.0
-0.8694655299186707,-0.11044054478406906,-0.48148995637893677,0.001253605354577303,-0.48094943165779114,-0.033255621790885925,0.8761173486709595,1.4983222484588623,-0.11277112364768982,0.9933261871337891,-0.02420169673860073,-1.8668349981307983,0.0,0.0,0.0,1.0
-0.8701764345169067,-0.1106402575969696,-0.4801580011844635,-0.007925589568912983,-0.47970157861709595,-0.032468345016241074,0.8768307566642761,1.498043179512024,-0.11260272562503815,0.9933300018310547,-0.024821121245622635,-1.8672760725021362,0.0,0.0,0.0,1.0
-0.8695602416992188,-0.10713281482458115,-0.48206591606140137,0.004375273361802101,-0.4817126989364624,-0.030876701697707176,0.8757850527763367,1.465903639793396,-0.10870993137359619,0.993765115737915,-0.02475808560848236,-1.85275137424469,0.0,0.0,0.0,1.0
-0.8697000741958618,-0.10604740679264069,-0.48205363750457764,-0.0014754481380805373,-0.481370210647583,-0.03365527093410492,0.8758710026741028,1.4839271306991577,-0.10910748690366745,0.9937912821769714,-0.02177807316184044,-1.8661025762557983,0.0,0.0,0.0,1.0
-0.8699348568916321,-0.09561844915151596,-0.4838082790374756,-0.004317604936659336,-0.4840458631515503,-0.02225072868168354,0.8747596144676208,1.4724541902542114,-0.09440825134515762,0.9951694011688232,-0.026927033439278603,-1.8448209762573242,0.0,0.0,0.0,1.0
-0.865321159362793,-0.09930798411369324,-0.491281121969223,0.011689734645187855,-0.4916849136352539,-0.022068634629249573,0.870493471622467,1.4176912307739258,-0.09728885442018509,0.99481201171875,-0.029731785878539085,-1.84702467918396,0.0,0.0,0.0,1.0
-0.8634593486785889,-0.10331659764051437,-0.4937242567539215,0.011866499669849873,-0.49433404207229614,-0.021419741213321686,0.8690081238746643,1.3809902667999268,-0.10035839676856995,0.9944177865982056,-0.03257783502340317,-1.8488876819610596,0.0,0.0,0.0,1.0
-0.8660508394241333,-0.10168987512588501,-0.48950499296188354,0.007720234803855419,-0.4894871115684509,-0.026850420981645584,0.8715971112251282,1.4171884059906006,-0.10177601128816605,0.9944537281990051,-0.02652205154299736,-1.8545560836791992,0.0,0.0,0.0,1.0
-0.8696948289871216,-0.09900202602148056,-0.4835592210292816,0.013342411257326603,-0.48345762491226196,-0.026623036712408066,0.8749628663063049,1.414995789527893,-0.09949690103530884,0.9947310090065002,-0.024709369987249374,-1.8683196306228638,0.0,0.0,0.0,1.0
-0.8689401745796204,-0.10426849871873856,-0.4838089048862457,0.04143373668193817,-0.4835716784000397,-0.029241854324936867,0.8748161792755127,1.360987901687622,-0.10536323487758636,0.9941192269325256,-0.02501186914741993,-1.864781141281128,0.0,0.0,0.0,1.0
-0.8665909767150879,-0.014277649112045765,-0.4988148510456085,0.025375816971063614,-0.4987087845802307,-0.01046843733638525,0.8667064309120178,1.3895834684371948,-0.01759634166955948,0.9998432993888855,0.0019514631712809205,-2.0834996700286865,0.0,0.0,0.0,1.0
-0.861890971660614,-0.022579899057745934,-0.5065906047821045,-0.002684467239305377,-0.5061987638473511,-0.02101198583841324,0.8621608018875122,1.4911856651306152,-0.030111979693174362,0.9995241165161133,0.006680124904960394,-2.1305274963378906,0.0,0.0,0.0,1.0
-0.8627272248268127,-0.021862681955099106,-0.5051968097686768,0.03187660872936249,-0.5047664046287537,-0.02245330810546875,0.862963855266571,1.4614622592926025,-0.030210044234991074,0.999508798122406,0.008335531689226627,-2.1400539875030518,0.0,0.0,0.0,1.0
-0.8642423748970032,-0.02313430979847908,-0.5025433897972107,0.05246296152472496,-0.5020666718482971,-0.023570433259010315,0.8645076155662537,1.4162787199020386,-0.03184495493769646,0.9994544386863708,0.00875560101121664,-2.1375768184661865,0.0,0.0,0.0,1.0
-0.8659536242485046,-0.023477427661418915,-0.49957290291786194,0.03999831900000572,-0.49922168254852295,-0.01940726302564144,0.8662569522857666,1.409616470336914,-0.030032826587557793,0.9995359778404236,0.00508534861728549,-2.1378471851348877,0.0,0.0,0.0,1.0
-0.8651009798049927,-0.026188012212514877,-0.5009135603904724,0.09001120924949646,-0.5006492137908936,-0.016301307827234268,0.8654966950416565,1.3832367658615112,-0.03083118610084057,0.9995241165161133,0.000991270411759615,-2.1371850967407227,0.0,0.0,0.0,1.0
-0.8639664649963379,-0.030915075913071632,-0.5025994777679443,0.06248615309596062,-0.5023334622383118,-0.016406210139393806,0.8645183444023132,1.3985673189163208,-0.034972403198480606,0.9993873238563538,-0.0013552597956731915,-2.1193103790283203,0.0,0.0,0.0,1.0
-0.8613972067832947,-0.03226330131292343,-0.5069061517715454,0.05005602911114693,-0.5064552426338196,-0.021485639736056328,0.8619984984397888,1.4069139957427979,-0.03870211914181709,0.9992484450340271,0.0021677545737475157,-2.119133472442627,0.0,0.0,0.0,1.0
-0.8622342348098755,-0.03415311127901077,-0.5053569078445435,0.12746365368366241,-0.504831850528717,-0.023195689544081688,0.8629059791564941,1.347649097442627,-0.04119303077459335,0.999147355556488,0.0027585402131080627,-2.126539468765259,0.0,0.0,0.0,1.0
-0.8626543283462524,-0.03608052805066109,-0.5045055150985718,0.1314283013343811,-0.5040653944015503,-0.021067941561341286,0.8634085059165955,1.3302667140960693,-0.04178112372756004,0.9991267919540405,-1.2594750842254143e-05,-2.1147520542144775,0.0,0.0,0.0,1.0
-0.8623161911964417,-0.036376141011714935,-0.5050618648529053,0.12870174646377563,-0.5045543909072876,-0.022666461765766144,0.8630822896957397,1.3390965461730957,-0.042843569070100784,0.9990810751914978,0.0011919139651581645,-2.1341705322265625,0.0,0.0,0.0,1.0
-0.8578874468803406,-0.0038857324980199337,-0.5138229131698608,0.2447248101234436,-0.5134479999542236,-0.03245171532034874,0.8575068712234497,1.254132866859436,-0.02000647783279419,0.9994657635688782,0.025844797492027283,-2.204402446746826,0.0,0.0,0.0,1.0
-0.8562730550765991,0.004872255027294159,-0.5165004134178162,0.09674486517906189,-0.5164730548858643,-0.022041207179427147,0.8560197353363037,1.3859572410583496,-0.007213545497506857,0.9997451901435852,0.021389679983258247,-2.141624689102173,0.0,0.0,0.0,1.0
-0.8551722764968872,0.0048288824036717415,-0.5183213949203491,0.1165565550327301,-0.5181939601898193,-0.0320197269320488,0.8546635508537292,1.3910675048828125,-0.012469437904655933,0.9994755983352661,0.02988467738032341,-2.1515767574310303,0.0,0.0,0.0,1.0
-0.8531185388565063,-0.00545964390039444,-0.5216885805130005,0.11727520078420639,-0.5212799906730652,-0.032006144523620605,0.8527853488922119,1.4042061567306519,-0.021353144198656082,0.9994727969169617,0.024459030479192734,-2.163015127182007,0.0,0.0,0.0,1.0
-0.8507657647132874,-0.007258063647896051,-0.5254949927330017,0.12326159328222275,-0.5250696539878845,-0.030787445604801178,0.8505022525787354,1.3927853107452393,-0.022351648658514023,0.9994996190071106,0.022381914779543877,-2.160705327987671,0.0,0.0,0.0,1.0
-0.8477029204368591,-0.01660381630063057,-0.530211329460144,0.1271560788154602,-0.5296798944473267,-0.02808285877108574,0.8477326035499573,1.4334577322006226,-0.02896544709801674,0.9994677305221558,0.015011213719844818,-2.186750888824463,0.0,0.0,0.0,1.0
-0.8466256260871887,-0.013771838508546352,-0.5320106744766235,0.1992012858390808,-0.5314626693725586,-0.03032652847468853,0.8465386033058167,1.3766307830810547,-0.02779243141412735,0.9994451999664307,0.018355997279286385,-2.1792633533477783,0.0,0.0,0.0,1.0
-0.8477582335472107,-0.01031791977584362,-0.5302824974060059,0.15364548563957214,-0.5299120545387268,-0.025641528889536858,0.8476648330688477,1.423040509223938,-0.02234339341521263,0.9996179342269897,0.0162702277302742,-2.188607931137085,0.0,0.0,0.0,1.0
-0.8477604985237122,-0.00866013765335083,-0.5303086042404175,0.13294567167758942,-0.5299110412597656,-0.0281781405210495,0.8475850820541382,1.4363040924072266,-0.022283311933279037,0.9995654225349426,0.019299210980534554,-2.2117161750793457,0.0,0.0,0.0,1.0
-0.8473930358886719,-0.011281982995569706,-0.5308462381362915,0.14522655308246613,-0.530373752117157,-0.029226191341876984,0.8472599983215332,1.4189435243606567,-0.02507338672876358,0.9995090961456299,0.01878240518271923,-2.197672128677368,0.0,0.0,0.0,1.0
-0.8561471104621887,-0.0026418764609843493,-0.516725480556488,0.07949214428663254,-0.5164939165115356,-0.025990717113018036,0.8558962941169739,1.4689074754714966,-0.015691237524151802,0.9996586441993713,0.020887361839413643,-2.1391403675079346,0.0,0.0,0.0,1.0
-0.8465456366539001,0.006264508236199617,-0.5322792530059814,0.2684262692928314,-0.5323158502578735,-0.008958738297224045,0.846498429775238,1.3685157299041748,0.0005343458615243435,0.9999402761459351,0.010918677784502506,-2.0548315048217773,0.0,0.0,0.0,1.0
-0.8446072340011597,0.023836787790060043,-0.5348554253578186,0.29096290469169617,-0.5351742506027222,-0.009478156454861164,0.8446884751319885,1.3231910467147827,0.015065217390656471,0.9996708631515503,0.020762156695127487,-2.0652124881744385,0.0,0.0,0.0,1.0
-0.8434107303619385,-0.0003741451073437929,-0.537269115447998,0.2734479308128357,-0.5372691750526428,-2.7532005333341658e-05,0.843410849571228,1.306309700012207,-0.0003303501580376178,0.9999999403953552,-0.00017779585323296487,-2.052913188934326,0.0,0.0,0.0,1.0
-0.8461770415306091,0.019325347617268562,-0.5325513482093811,0.2708134949207306,-0.5327663421630859,-0.00814134906977415,0.8462232351303101,1.3404170274734497,0.012017872184515,0.9997801184654236,0.017184918746352196,-2.045609712600708,0.0,0.0,0.0,1.0
-0.8445221781730652,0.018047034740447998,-0.5352165102958679,0.2923632562160492,-0.5354291796684265,-0.009980391710996628,0.8445212244987488,1.3416236639022827,0.009899431839585304,0.9997873902320862,0.01809156872332096,-2.0391886234283447,0.0,0.0,0.0,1.0
-0.8446033000946045,0.018698088824748993,-0.5350660681724548,0.30883386731147766,-0.5353363156318665,-0.014990768395364285,0.844506025314331,1.3262932300567627,0.007769596762955189,0.9997127652168274,0.022671017795801163,-2.043856382369995,0.0,0.0,0.0,1.0
-0.846401572227478,0.010750477202236652,-0.532436728477478,0.2978294789791107,-0.5325440168380737,-0.014930853620171547,0.8462706208229065,1.300301432609558,0.0011480776593089104,0.9998307228088379,0.01836260035634041,-2.0507874488830566,0.0,0.0,0.0,1.0
-0.8476476073265076,0.008279816247522831,-0.5304950475692749,0.31881266832351685,-0.5305582880973816,-0.015531614422798157,0.8475061655044556,1.2537717819213867,-0.001222248189151287,0.9998451471328735,0.017558259889483452,-2.055363178253174,0.0,0.0,0.0,1.0
-0.8511341214179993,0.012094532139599323,-0.524808943271637,0.32091471552848816,-0.524948239326477,-0.019694698974490166,0.850906252861023,1.2494566440582275,-4.464108496904373e-05,0.9997329115867615,0.02311183512210846,-2.0773613452911377,0.0,0.0,0.0,1.0
-0.8570762276649475,-0.0013645280851051211,-0.5151878595352173,0.3304499387741089,-0.5148739814758301,-0.03273448720574379,0.8566406965255737,1.2317687273025513,-0.01803332008421421,0.9994632005691528,0.02735339105129242,-2.104471445083618,0.0,0.0,0.0,1.0
-0.8491771221160889,0.0018572930712252855,-0.528104841709137,0.36076241731643677,-0.5278989672660828,-0.031124796718358994,0.8487366437911987,1.1784114837646484,-0.014860803261399269,0.9995138049125671,0.027410928159952164,-2.128741979598999,0.0,0.0,0.0,1.0
-0.8318532109260559,0.015195622108876705,-0.5547876358032227,0.3542907238006592,-0.5549953579902649,-0.023913342505693436,0.8315096497535706,1.1519291400909424,-0.0006315186619758606,0.9995986223220825,0.028325889259576797,-2.0897488594055176,0.0,0.0,0.0,1.0
-0.8341571688652039,0.029452748596668243,-0.5507398247718811,0.27401846647262573,-0.5510702729225159,-0.0038875676691532135,0.8344497680664062,1.2843389511108398,0.022435802966356277,0.9995586276054382,0.019473377615213394,-2.018468141555786,0.0,0.0,0.0,1.0
-0.8340229988098145,0.030528945848345757,-0.5508843660354614,0.24526187777519226,-0.5512418746948242,-0.004131026566028595,0.8343353271484375,1.3097721338272095,0.023195656016469002,0.9995253086090088,0.0202742051333189,-2.0205256938934326,0.0,0.0,0.0,1.0
-0.8339886665344238,0.029583970084786415,-0.5509878993034363,0.26561033725738525,-0.5513131022453308,-0.0035395734012126923,0.8342909216880798,1.2901959419250488,0.022731376811861992,0.9995560050010681,0.01926199533045292,-2.01827335357666,0.0,0.0,0.0,1.0
-0.8337161540985107,0.028516536578536034,-0.5514564514160156,0.2993236482143402,-0.5518810153007507,-0.009451303631067276,0.8338692784309387,1.2806470394134521,0.01856708526611328,0.9995486736297607,0.023617438971996307,-2.028438091278076,0.0,0.0,0.0,1.0
-0.8346302509307861,0.029415659606456757,-0.5500245690345764,0.2750075161457062,-0.5504318475723267,-0.007519204169511795,0.8348461985588074,1.2910866737365723,0.02042180486023426,0.9995390176773071,0.022467071190476418,-2.0210273265838623,0.0,0.0,0.0,1.0
-0.8342686891555786,0.025866877287626266,-0.5507509112358093,0.29084935784339905,-0.5510534644126892,-0.005922246724367142,0.8344489336013794,1.2670694589614868,0.018322907388210297,0.9996477961540222,0.01919477991759777,-2.0238993167877197,0.0,0.0,0.0,1.0
-0.834730327129364,0.02792680263519287,-0.5499502420425415,0.29199063777923584,-0.5502916574478149,-0.005839008837938309,0.8349520564079285,1.2791011333465576,0.020106378942728043,0.9995929002761841,0.020241884514689445,-2.024852752685547,0.0,0.0,0.0,1.0
-0.8331525921821594,0.027942823246121407,-0.5523368120193481,0.33864274621009827,-0.5527324676513672,-0.008602546527981758,0.8333142995834351,1.243438482284546,0.018533650785684586,0.9995725154876709,0.02261214144527912,-2.030973196029663,0.0,0.0,0.0,1.0
-0.8352633714675903,0.02451520785689354,-0.5493032336235046,0.3295455276966095,-0.5495830178260803,-0.0060949139297008514,0.835416853427887,1.225474238395691,0.017132461071014404,0.9996808171272278,0.018564000725746155,-2.0305793285369873,0.0,0.0,0.0,1.0
-0.831388533115387,0.025830749422311783,-0.5550907850265503,0.3750019371509552,-0.5553981065750122,-0.006176061928272247,0.8315615653991699,1.1874405145645142,0.01805158704519272,0.9996472001075745,0.019481057301163673,-2.055067777633667,0.0,0.0,0.0,1.0
-0.8378726243972778,0.0012506525963544846,-0.5458643436431885,0.5025527477264404,-0.5453915596008301,-0.04359108582139015,0.8370471000671387,1.0197303295135498,-0.022747961804270744,0.99904865026474,0.03720587119460106,-2.114422082901001,0.0,0.0,0.0,1.0
-0.8352079391479492,0.010220537893474102,-0.5498392581939697,0.4185711145401001,-0.5498170256614685,-0.036163825541734695,0.8345018625259399,1.1489994525909424,-0.011355232447385788,0.9992935657501221,0.03582374006509781,-2.087643623352051,0.0,0.0,0.0,1.0
-0.8375675678253174,0.012348555959761143,-0.5461941957473755,0.44477030634880066,-0.5462210774421692,-0.03922668844461441,0.8367220163345337,1.1332242488861084,-0.0110930809751153,0.9991540312767029,0.03960004448890686,-2.087433099746704,0.0,0.0,0.0,1.0
-0.8362495303153992,0.01200347114354372,-0.5482177138328552,0.46360504627227783,-0.5481942892074585,-0.04205403849482536,0.8352929949760437,1.0946836471557617,-0.013028353452682495,0.9990432262420654,0.04174790531396866,-2.0970892906188965,0.0,0.0,0.0,1.0
-0.8354285359382629,0.015438863076269627,-0.549382209777832,0.47754332423210144,-0.5495070219039917,-0.04175937548279762,0.8344448208808899,1.073244333267212,-0.01005898043513298,0.9990084171295166,0.04337073862552643,-2.1044814586639404,0.0,0.0,0.0,1.0
-0.8314457535743713,0.029289130121469498,-0.5548334121704102,0.5340321660041809,-0.555585503578186,-0.035264965146780014,0.8307111859321594,1.0006636381149292,0.004764627665281296,0.9989486932754517,0.04559352248907089,-2.1214051246643066,0.0,0.0,0.0,1.0
-0.8321788907051086,0.024556931108236313,-0.5539631843566895,0.5267722606658936,-0.554506778717041,-0.03560744225978851,0.8314170241355896,1.0004082918167114,0.0006918366998434067,0.9990640878677368,0.043248750269412994,-2.1126091480255127,0.0,0.0,0.0,1.0
-0.8333028554916382,0.018811672925949097,-0.5524965524673462,0.49618881940841675,-0.5527925491333008,-0.03769899159669876,0.8324657082557678,1.0226831436157227,-0.005168488249182701,0.999112069606781,0.041813626885414124,-2.101778268814087,0.0,0.0,0.0,1.0
-0.8277347087860107,0.03820504993200302,-0.5598174929618835,0.5638478994369507,-0.5607964396476746,-0.022469496354460716,0.8276487588882446,0.9413529634475708,0.01904154010117054,0.9990172386169434,0.0400240421295166,-2.141188144683838,0.0,0.0,0.0,1.0
-0.8271309733390808,0.041197195649147034,-0.5604972243309021,0.5733641386032104,-0.5614627003669739,-0.016600366681814194,0.82733553647995,0.9350708723068237,0.024779444560408592,0.9990131258964539,0.0368613675236702,-2.1399552822113037,0.0,0.0,0.0,1.0
-0.8298478126525879,0.0335916168987751,-0.5569777488708496,0.5553728938102722,-0.557819664478302,-0.025295766070485115,0.8295766115188599,0.9442111253738403,0.013777635991573334,0.9991154670715332,0.03972970321774483,-2.123833656311035,0.0,0.0,0.0,1.0
-0.8194471001625061,0.016196763142943382,-0.5729259252548218,0.7581332921981812,-0.5729572176933289,-0.049398381263017654,0.8180952668190002,0.8597903251647949,-0.015051117166876793,0.9986478090286255,0.049759410321712494,-2.103184461593628,0.0,0.0,0.0,1.0
-0.8258267641067505,-0.020646827295422554,-0.5635457038879395,0.5504273772239685,-0.5608201622962952,-0.0746316909790039,0.8245670199394226,1.1068882942199707,-0.05908306688070297,0.9969974160194397,0.05005369707942009,-2.0225000381469727,0.0,0.0,0.0,1.0
-0.8259720802307129,-0.019514502957463264,-0.5633731484413147,0.5932915806770325,-0.5608853101730347,-0.07148975133895874,0.8248010277748108,1.082735300064087,-0.05637098848819733,0.9972503781318665,0.04810314252972603,-2.0285511016845703,0.0,0.0,0.0,1.0
-0.825525164604187,-0.020608365535736084,-0.5639889240264893,0.5499557256698608,-0.5614467859268188,-0.0715109184384346,0.8244171738624573,1.1125504970550537,-0.05732125788927078,0.997226893901825,0.047463566064834595,-2.0223145484924316,0.0,0.0,0.0,1.0
-0.8234241604804993,-0.02134465053677559,-0.5670246481895447,0.5534693002700806,-0.5650782585144043,-0.05996778607368469,0.8228549957275391,1.134588599205017,-0.05156676843762398,0.9979720711708069,0.03731752932071686,-2.0206282138824463,0.0,0.0,0.0,1.0
-0.8214125037193298,-0.023753516376018524,-0.5698396563529968,0.5270483493804932,-0.5679457783699036,-0.05728070065379143,0.8210703134536743,1.1464905738830566,-0.0521441251039505,0.9980754852294922,0.0335603728890419,-2.017667055130005,0.0,0.0,0.0,1.0
-0.8210433125495911,-0.026193179190158844,-0.5702646970748901,0.5409241914749146,-0.5682615041732788,-0.05781179293990135,0.8208146095275879,1.1392874717712402,-0.05446776747703552,0.9979838132858276,0.03258141130208969,-2.023847818374634,0.0,0.0,0.0,1.0
-0.8212189078330994,-0.020356083288788795,-0.5702500343322754,0.5603172779083252,-0.5687310099601746,-0.05190454423427582,0.8208842277526855,1.1320949792861938,-0.04630855843424797,0.9984446167945862,0.03104786016047001,-2.0318500995635986,0.0,0.0,0.0,1.0
-0.8222087025642395,-0.020979279652237892,-0.5687993764877319,0.5587218999862671,-0.5668718218803406,-0.059843070805072784,0.8216295838356018,1.1399563550949097,-0.05127589777112007,0.9979873299598694,0.03731093183159828,-2.0347654819488525,0.0,0.0,0.0,1.0
-0.8246943354606628,-0.016769610345363617,-0.5653300881385803,0.5871904492378235,-0.5635286569595337,-0.06066551059484482,0.8238660097122192,1.101467490196228,-0.04811194911599159,0.9980173110961914,0.04058034345507622,-2.029346466064453,0.0,0.0,0.0,1.0
-0.8248464465141296,-0.020644551143050194,-0.5649798512458801,0.5866569876670837,-0.5628198385238647,-0.06458400934934616,0.8240526914596558,1.0953965187072754,-0.053500860929489136,0.9976987838745117,0.04165272414684296,-2.029104232788086,0.0,0.0,0.0,1.0
-0.8085543513298035,-0.0018307106802240014,-0.5884186625480652,0.798835039138794,-0.5877619385719299,-0.044821739196777344,0.8077914118766785,0.8578470945358276,-0.027852781116962433,0.9989933371543884,0.03516479209065437,-2.025214433670044,0.0,0.0,0.0,1.0
-0.8076043725013733,-0.006706911604851484,-0.5896865129470825,0.7372621297836304,-0.588263750076294,-0.061178386211395264,0.8063516020774841,0.9139108657836914,-0.041484199464321136,0.9981043338775635,0.04546250030398369,-2.018775701522827,0.0,0.0,0.0,1.0
-0.8071979880332947,-0.00432934844866395,-0.5902648568153381,0.7422047257423401,-0.5891015529632568,-0.0572669617831707,0.8060271739959717,0.9013767838478088,-0.037292249500751495,0.9983494877815247,0.04367534816265106,-2.0208520889282227,0.0,0.0,0.0,1.0
-0.8075368404388428,-0.005903059151023626,-0.5897876024246216,0.7406799793243408,-0.5884591341018677,-0.05975424125790596,0.8063158988952637,0.9031547904014587,-0.040002040565013885,0.9981957077980042,0.04478004202246666,-2.01967453956604,0.0,0.0,0.0,1.0
-0.8075141310691833,-0.00765597028657794,-0.5897985100746155,0.7376132607460022,-0.5883176922798157,-0.061531707644462585,0.8062853813171387,0.9121177196502686,-0.042464207857847214,0.9980757236480713,0.04518358036875725,-2.021829843521118,0.0,0.0,0.0,1.0
-0.807521641254425,-0.004064040724188089,-0.5898240208625793,0.7485896944999695,-0.5886443257331848,-0.05803392454981804,0.8063063621520996,0.8972374200820923,-0.03750666603446007,0.9983063340187073,0.0444713719189167,-2.0219531059265137,0.0,0.0,0.0,1.0
-0.808113157749176,-0.005163340829312801,-0.5890046954154968,0.7481081485748291,-0.5878223776817322,-0.05686011165380478,0.8069893717765808,0.9003020524978638,-0.037657637149095535,0.9983687996864319,0.04291427507996559,-2.0228629112243652,0.0,0.0,0.0,1.0
-0.8087078332901001,-0.006258698180317879,-0.5881772637367249,0.751602292060852,-0.5869523286819458,-0.056782662868499756,0.80762779712677,0.8924871683120728,-0.03845296800136566,0.9983670115470886,0.042247023433446884,-2.0208640098571777,0.0,0.0,0.0,1.0
-0.8085570335388184,-0.008558303117752075,-0.5883556008338928,0.742318868637085,-0.5870311260223389,-0.05687478557229042,0.8075641393661499,0.898893415927887,-0.04037397727370262,0.9983446002006531,0.040962520986795425,-2.0198593139648438,0.0,0.0,0.0,1.0
-0.8062773942947388,-0.007669621147215366,-0.5914878845214844,0.7457641363143921,-0.5901857614517212,-0.05713260918855667,0.805243194103241,0.8881036043167114,-0.03996915742754936,0.9983370900154114,0.04153823107481003,-2.0161590576171875,0.0,0.0,0.0,1.0
-0.80794757604599,-0.008698459714651108,-0.5891902446746826,0.7443860769271851,-0.5877888798713684,-0.05858160927891731,0.8068906664848328,0.8950983881950378,-0.0415344201028347,0.9982447624206543,0.04221801087260246,-2.0229859352111816,0.0,0.0,0.0,1.0
-0.7983945608139038,-0.027013199403882027,-0.6015283465385437,0.7765451073646545,-0.5981540679931641,-0.07909645140171051,0.7974680662155151,0.8597980737686157,-0.06912092864513397,0.9965008497238159,0.04699212312698364,-2.0417611598968506,0.0,0.0,0.0,1.0
-0.7971680760383606,-0.022719731554389,-0.6033297777175903,0.7955204844474792,-0.6002926826477051,-0.07707586139440536,0.7960577011108398,0.8563569188117981,-0.06458838284015656,0.9967662692070007,0.04780392721295357,-2.046285390853882,0.0,0.0,0.0,1.0
-0.7966681122779846,-0.02219337597489357,-0.6040094494819641,0.7971228361129761,-0.6011567711830139,-0.07456140220165253,0.7956451177597046,0.8512657880783081,-0.06269384175539017,0.99696946144104,0.04605899378657341,-2.048116683959961,0.0,0.0,0.0,1.0
-0.7966286540031433,-0.019774675369262695,-0.6041454672813416,0.8018110990524292,-0.6013371348381042,-0.07568314671516418,0.7954028248786926,0.8527902364730835,-0.061452459543943405,0.9969357848167419,0.048400115221738815,-2.0527613162994385,0.0,0.0,0.0,1.0
-0.7973536252975464,-0.02110391855239868,-0.6031433343887329,0.798247218132019,-0.600342333316803,-0.07456296682357788,0.7962596416473389,0.855559229850769,-0.061776354908943176,0.9969930052757263,0.04678346961736679,-2.050774097442627,0.0,0.0,0.0,1.0
-0.7989557981491089,-0.019814904779195786,-0.6010633111000061,0.8224464058876038,-0.5982626080513,-0.0756043791770935,0.7977253794670105,0.8407014608383179,-0.06124986708164215,0.9969410300254822,0.04855003580451012,-2.054039716720581,0.0,0.0,0.0,1.0
-0.7969424724578857,-0.020234014838933945,-0.6037161946296692,0.7912613153457642,-0.6009692549705505,-0.07433642446994781,0.7958077788352966,0.864972710609436,-0.06098049134016037,0.9970278739929199,0.047081831842660904,-2.0503220558166504,0.0,0.0,0.0,1.0
-0.7972957491874695,-0.020543331280350685,-0.6032391786575317,0.8086566925048828,-0.6005580425262451,-0.07302959263324738,0.7962390780448914,0.8467696309089661,-0.060411714017391205,0.9971181750297546,0.045888714492321014,-2.0487489700317383,0.0,0.0,0.0,1.0
-0.7978922724723816,-0.017670078203082085,-0.602540910243988,0.8178871870040894,-0.5997879505157471,-0.07652657479047775,0.7964910268783569,0.8479336500167847,-0.06018444895744324,0.9969108700752258,0.05046166107058525,-2.0526723861694336,0.0,0.0,0.0,1.0
-0.7975797057151794,-0.01846032403409481,-0.6029309630393982,0.8149095773696899,-0.6002097129821777,-0.07533877342939377,0.7962865829467773,0.8487640023231506,-0.06012379005551338,0.9969870448112488,0.04900861158967018,-2.051664113998413,0.0,0.0,0.0,1.0
-0.7977800369262695,-0.019126102328300476,-0.6026451587677002,0.8153862953186035,-0.5998914837837219,-0.07534367591142654,0.7965258955955505,0.849291205406189,-0.060639940202236176,0.9969742298126221,0.04863409698009491,-2.054232120513916,0.0,0.0,0.0,1.0
-0.7905479073524475,-0.03467027470469475,-0.6114179491996765,0.7636201977729797,-0.6065229773521423,-0.09366104006767273,0.7895298600196838,0.8467913269996643,-0.08463926613330841,0.9950002431869507,0.053015224635601044,-2.059375286102295,0.0,0.0,0.0,1.0
-0.7914242744445801,-0.038813453167676926,-0.6100336909294128,0.7497925162315369,-0.6047835946083069,-0.0952492281794548,0.7906733751296997,0.8506767153739929,-0.08879400789737701,0.9946964979171753,0.05190880969166756,-2.045600414276123,0.0,0.0,0.0,1.0
-0.7901738882064819,-0.042871180921792984,-0.6113814115524292,0.7353675365447998,-0.6059143543243408,-0.095354825258255,0.7897944450378418,0.8622269630432129,-0.09215758740901947,0.9945197105407715,0.04937063530087471,-2.0404317378997803,0.0,0.0,0.0,1.0
-0.7919937968254089,-0.034419070929288864,-0.6095581650733948,0.764428973197937,-0.6044818162918091,-0.09596895426511765,0.7908170819282532,0.8438689708709717,-0.08571784943342209,0.9947890043258667,0.05520111322402954,-2.053844451904297,0.0,0.0,0.0,1.0
-0.7939244508743286,-0.03380245342850685,-0.607076108455658,0.7764742970466614,-0.6020500063896179,-0.09582776576280594,0.7926871180534363,0.8400399088859558,-0.08496952056884766,0.9948238134384155,0.05572923645377159,-2.0532896518707275,0.0,0.0,0.0,1.0
-0.7937504649162292,-0.032485466450452805,-0.6073753833770752,0.7754412293434143,-0.6024736762046814,-0.09522472321987152,0.792437732219696,0.8428775668144226,-0.08357986807823181,0.9949255585670471,0.05601303279399872,-2.0505003929138184,0.0,0.0,0.0,1.0
-0.7937050461769104,-0.03307312726974487,-0.6074029803276062,0.7789974212646484,-0.6025394201278687,-0.09438013285398483,0.7924888134002686,0.8400915861129761,-0.08353686332702637,0.9949867129325867,0.054982129484415054,-2.052903175354004,0.0,0.0,0.0,1.0
-0.793131947517395,-0.03296343982219696,-0.6081571578979492,0.7615767121315002,-0.6030135154724121,-0.0977354645729065,0.7917212247848511,0.8514741659164429,-0.08553637564182281,0.9946663975715637,0.0576397143304348,-2.0490071773529053,0.0,0.0,0.0,1.0
-0.7918638586997986,-0.03593754768371582,-0.6096392869949341,0.7575098276138306,-0.604376494884491,-0.09714191406965256,0.7907543778419495,0.852085292339325,-0.08763930201530457,0.9946215152740479,0.05520336329936981,-2.051870584487915,0.0,0.0,0.0,1.0
-0.791049599647522,-0.03730281814932823,-0.6106136441230774,0.747459352016449,-0.6054316163063049,-0.09537128359079361,0.7901625633239746,0.8519753813743591,-0.08771029859781265,0.9947425723075867,0.0528591126203537,-2.0483813285827637,0.0,0.0,0.0,1.0
-0.7846893072128296,-0.04028256610035896,-0.6185790300369263,0.7714890837669373,-0.6126946210861206,-0.10119287669658661,0.783814549446106,0.8236624002456665,-0.09416985511779785,0.9940510392189026,0.05472404882311821,-2.0825960636138916,0.0,0.0,0.0,1.0
-0.7846606969833374,-0.04507170990109444,-0.6182848215103149,0.7486050724983215,-0.6114035248756409,-0.10853864997625351,0.7838399410247803,0.8585519194602966,-0.10243680328130722,0.9930698871612549,0.057609010487794876,-2.076509952545166,0.0,0.0,0.0,1.0
-0.7842768430709839,-0.048560261726379395,-0.6185076832771301,0.7370609045028687,-0.6113137006759644,-0.10961262881755829,0.7837606072425842,0.861649215221405,-0.10585586726665497,0.9927874207496643,0.05628109350800514,-2.073659896850586,0.0,0.0,0.0,1.0
-0.7839618921279907,-0.05504215136170387,-0.6183640360832214,0.7259023785591125,-0.610569417476654,-0.11180124431848526,0.7840315699577332,0.8711484670639038,-0.11228865385055542,0.9922050833702087,0.054040856659412384,-2.0676074028015137,0.0,0.0,0.0,1.0
-0.7863279581069946,-0.048818621784448624,-0.6158775091171265,0.7409505248069763,-0.6089855432510376,-0.10663200914859772,0.7859809994697571,0.8562391996383667,-0.10404276847839355,0.9930993318557739,0.054117895662784576,-2.0819313526153564,0.0,0.0,0.0,1.0
-0.7857908606529236,-0.0540950745344162,-0.6161220669746399,0.7318300008773804,-0.6086404919624329,-0.10946018993854523,0.7858595252037048,0.87251877784729,-0.10995196551084518,0.9925181269645691,0.05308835953474045,-2.079627752304077,0.0,0.0,0.0,1.0
-0.7869734168052673,-0.04462985694408417,-0.6153705716133118,0.7487189769744873,-0.6086861491203308,-0.1068931370973587,0.7861774563789368,0.8554561138153076,-0.10086588561534882,0.9932683110237122,0.05695648863911629,-2.087728500366211,0.0,0.0,0.0,1.0
-0.787013590335846,-0.04766237363219261,-0.6150918006896973,0.7401463985443115,-0.6079720258712769,-0.1094190925359726,0.7863824963569641,0.867169976234436,-0.10478363931179047,0.9928523898124695,0.05713691562414169,-2.087240695953369,0.0,0.0,0.0,1.0
-0.7867966890335083,-0.044155582785606384,-0.6156308054924011,0.7524963617324829,-0.6089469194412231,-0.10715366154909134,0.7859400510787964,0.8562843799591064,-0.10067073255777359,0.9932615160942078,0.05741973593831062,-2.089754343032837,0.0,0.0,0.0,1.0
-0.7871176600456238,-0.04504188150167465,-0.6151560544967651,0.7586883902549744,-0.6085252165794373,-0.10613586753606796,0.7864046096801758,0.843551754951477,-0.10071127116680145,0.9933310151100159,0.056132297962903976,-2.0872573852539062,0.0,0.0,0.0,1.0
-0.7819896936416626,-0.04300084710121155,-0.621806263923645,0.8053174614906311,-0.6149265170097351,-0.10966713726520538,0.7809215784072876,0.7963526248931885,-0.1017720028758049,0.9930378198623657,0.059316202998161316,-2.105903148651123,0.0,0.0,0.0,1.0
-0.7786887288093567,-0.04396595433354378,-0.6258680820465088,0.7861512303352356,-0.6186941266059875,-0.11189146339893341,0.777623176574707,0.8301859498023987,-0.1042182445526123,0.9927473664283752,0.059927139431238174,-2.099621534347534,0.0,0.0,0.0,1.0
-0.7776029109954834,-0.04617628827691078,-0.6270577907562256,0.7829137444496155,-0.6199750900268555,-0.10977847129106522,0.7769038677215576,0.8259023427963257,-0.10471197962760925,0.9928829073905945,0.05673591047525406,-2.0955398082733154,0.0,0.0,0.0,1.0
-0.7749041318893433,-0.05558992922306061,-0.6296295523643494,0.7599992752075195,-0.6213566660881042,-0.11570297926664352,0.7749378681182861,0.8425396084785461,-0.1159287542104721,0.9917269945144653,0.055117543786764145,-2.0776517391204834,0.0,0.0,0.0,1.0
-0.7736403942108154,-0.05926533043384552,-0.6308470964431763,0.7593255043029785,-0.6225205063819885,-0.11448422819375992,0.7741844058036804,0.8465778827667236,-0.11810433864593506,0.9916556477546692,0.051675740629434586,-2.0694501399993896,0.0,0.0,0.0,1.0
-0.774949848651886,-0.05636267736554146,-0.6295045614242554,0.7795478701591492,-0.6230067014694214,-0.09951326251029968,0.7758606672286987,0.8351151943206787,-0.106373630464077,0.9934386610984802,0.04200345650315285,-2.0760788917541504,0.0,0.0,0.0,1.0
-0.7758944630622864,-0.051226403564214706,-0.6287794709205627,0.7935211062431335,-0.6235304474830627,-0.08924684673547745,0.7766883373260498,0.8234063386917114,-0.09590353071689606,0.9946913123130798,0.037304915487766266,-2.071263313293457,0.0,0.0,0.0,1.0
-0.7742814421653748,-0.05011304095387459,-0.6308541893959045,0.807793378829956,-0.6265463829040527,-0.07955294847488403,0.7753135561943054,0.8039141297340393,-0.0890396237373352,0.9955702424049377,0.030198225751519203,-2.0727853775024414,0.0,0.0,0.0,1.0
-0.7729194760322571,-0.053163446485996246,-0.6322729587554932,0.8135420083999634,-0.6279232501983643,-0.07905728369951248,0.7742495536804199,0.7838788032531738,-0.09114755690097809,0.9954514503479004,0.027722353115677834,-2.070765495300293,0.0,0.0,0.0,1.0
-0.7734470367431641,-0.05324716493487358,-0.631620466709137,0.8167076110839844,-0.6272746920585632,-0.07897594571113586,0.7747833132743835,0.7830418944358826,-0.0911378338932991,0.995453417301178,0.027683110907673836,-2.073718309402466,0.0,0.0,0.0,1.0
-0.7746328711509705,-0.051350679248571396,-0.6303229928016663,0.8282008171081543,-0.6279854774475098,-0.05525098368525505,0.7762613296508789,0.7784608006477356,-0.07468751072883606,0.9971511363983154,0.010551748797297478,-2.0812039375305176,0.0,0.0,0.0,1.0
-0.7706078886985779,-0.04654141142964363,-0.635607898235321,0.8638470768928528,-0.6339365839958191,-0.046495221555233,0.7719861268997192,0.7735925316810608,-0.06548205018043518,0.9978337287902832,0.006325278896838427,-2.09619402885437,0.0,0.0,0.0,1.0
-0.7738734483718872,-0.041514381766319275,-0.6319781541824341,0.8273755311965942,-0.6253414750099182,-0.1080007404088974,0.7728413343429565,0.8038303852081299,-0.10033814609050751,0.9932836294174194,0.05761824920773506,-2.110618829727173,0.0,0.0,0.0,1.0
-0.769730269908905,-0.05349874496459961,-0.6361235976219177,0.8451870083808899,-0.6311419606208801,-0.08574475347995758,0.7709135413169861,0.7663998007774353,-0.0957871675491333,0.9948796629905701,0.0322350338101387,-2.099926710128784,0.0,0.0,0.0,1.0
-0.7691384553909302,-0.05407086759805679,-0.6367906928062439,0.8566105365753174,-0.6323096752166748,-0.08029139041900635,0.7705438137054443,0.7542537450790405,-0.09279278665781021,0.995303750038147,0.027565665543079376,-2.1018106937408447,0.0,0.0,0.0,1.0
-0.7685633301734924,-0.05538168549537659,-0.6373721361160278,0.8659713268280029,-0.6334815621376038,-0.07350301742553711,0.7702587246894836,0.737835168838501,-0.08950699120759964,0.9957560896873474,0.0214084479957819,-2.1059024333953857,0.0,0.0,0.0,1.0
-0.7683802843093872,-0.059907857328653336,-0.6371834874153137,0.8582809567451477,-0.6329757571220398,-0.07589869946241379,0.7704421281814575,0.7387497425079346,-0.09451693296432495,0.9953142404556274,0.02039884403347969,-2.1036713123321533,0.0,0.0,0.0,1.0
-0.7679283618927002,-0.06294532865285873,-0.6374354362487793,0.8578072786331177,-0.6331130266189575,-0.07647258788347244,0.7702725529670715,0.7347493767738342,-0.09723139554262161,0.9950828552246094,0.01887395977973938,-2.1007370948791504,0.0,0.0,0.0,1.0
-0.7679621577262878,-0.06929334998130798,-0.6367357969284058,0.8599324822425842,-0.6325082778930664,-0.07445841282606125,0.7709664106369019,0.7372226715087891,-0.10083317756652832,0.9948136806488037,0.013352629728615284,-2.10046648979187,0.0,0.0,0.0,1.0
-0.7676750421524048,-0.06419685482978821,-0.6376156806945801,0.863955020904541,-0.633971095085144,-0.0692015066742897,0.7702544331550598,0.7476887106895447,-0.09357187151908875,0.9955350160598755,0.012425316497683525,-2.108302354812622,0.0,0.0,0.0,1.0
-0.7743531465530396,-0.04953928291797638,-0.6308113932609558,0.8826698064804077,-0.6276947855949402,-0.06567071378231049,0.775684654712677,0.8056032657623291,-0.07985270023345947,0.9966108798980713,0.019756777212023735,-2.0971367359161377,0.0,0.0,0.0,1.0
-0.7775869369506836,-0.04392959550023079,-0.6272389888763428,0.9173597097396851,-0.6237314343452454,-0.07221092283725739,0.7782959938049316,0.7963988780975342,-0.07948373258113861,0.9964214563369751,0.028750000521540642,-2.101569890975952,0.0,0.0,0.0,1.0
-0.7706114649772644,-0.053185418248176575,-0.6350820660591125,1.0744200944900513,-0.6359071135520935,-0.001802537590265274,0.7717635035514832,0.6932832598686218,-0.04219132661819458,0.9985830187797546,-0.03243192657828331,-2.127211332321167,0.0,0.0,0.0,1.0
-0.7629140019416809,-0.04369700327515602,-0.6450215578079224,0.9471181631088257,-0.6446664929389954,-0.023667525500059128,0.7640974521636963,0.6350266933441162,-0.04865483567118645,0.9987644553184509,-0.010113706812262535,-2.1005911827087402,0.0,0.0,0.0,1.0
-0.7627281546592712,-0.04277711361646652,-0.6453028917312622,0.9459375143051147,-0.6450810432434082,-0.020651640370488167,0.7638350129127502,0.6290680170059204,-0.04600122198462486,0.9988711476325989,-0.011843117885291576,-2.0997798442840576,0.0,0.0,0.0,1.0
-0.761642336845398,-0.04139931499958038,-0.646673858165741,0.9500097036361694,-0.6465696096420288,-0.01766662299633026,0.7626504302024841,0.6295072436332703,-0.042997751384973526,0.998986542224884,-0.01331188902258873,-2.1057419776916504,0.0,0.0,0.0,1.0
-0.7623196244239807,-0.0375688262283802,-0.646109402179718,0.9475011229515076,-0.6458321213722229,-0.020731905475258827,0.7631979584693909,0.6301761865615845,-0.042067527770996094,0.9990789294242859,-0.008458816446363926,-2.104536294937134,0.0,0.0,0.0,1.0
-0.7644063234329224,-0.03892794996500015,-0.6435585021972656,0.9455553889274597,-0.6431090235710144,-0.02480383589863777,0.7653728127479553,0.6353971362113953,-0.04575711861252785,0.9989341497421265,-0.006074707023799419,-2.1050453186035156,0.0,0.0,0.0,1.0
-0.7651817202568054,-0.0340365394949913,-0.6429139971733093,0.9375588297843933,-0.6425200700759888,-0.022915279492735863,0.7659260630607605,0.6429193019866943,-0.04080203175544739,0.9991578459739685,-0.004334808327257633,-2.1117959022521973,0.0,0.0,0.0,1.0
-0.7649409174919128,-0.034700337797403336,-0.6431650519371033,0.934489905834198,-0.6427126526832581,-0.024393321946263313,0.765718936920166,0.6395494937896729,-0.042259637266397476,0.9990999698638916,-0.003642895258963108,-2.1077942848205566,0.0,0.0,0.0,1.0
-0.7651756405830383,-0.035307876765728,-0.6428527235984802,0.9409133195877075,-0.6424242854118347,-0.023877127096056938,0.765977144241333,0.6338292956352234,-0.042394500225782394,0.9990912079811096,-0.004412440583109856,-2.107787847518921,0.0,0.0,0.0,1.0
-0.7652260661125183,-0.03436555713415146,-0.6428437232971191,0.9391176700592041,-0.6425086855888367,-0.021501263603568077,0.7659766674041748,0.6295205354690552,-0.04014516994357109,0.9991779327392578,-0.005626842845231295,-2.105048179626465,0.0,0.0,0.0,1.0
-0.7641783356666565,-0.03366295248270035,-0.6441259384155273,0.9445242285728455,-0.6438094973564148,-0.020963281393051147,0.7648985981941223,0.6196239590644836,-0.03925173729658127,0.9992133378982544,-0.0056528449058532715,-2.1053719520568848,0.0,0.0,0.0,1.0
-0.764921247959137,-0.03443337231874466,-0.6432028412818909,0.9395405650138855,-0.6428878307342529,-0.02101864293217659,0.7656719088554382,0.6245104074478149,-0.03988391160964966,0.9991859793663025,-0.006059190258383751,-2.108259916305542,0.0,0.0,0.0,1.0
-0.7626798152923584,-0.039282504469156265,-0.6455821394920349,0.9354187250137329,-0.6449358463287354,-0.02905323915183544,0.7636842131614685,0.6445615887641907,-0.04875568300485611,0.9988056421279907,-0.003176376223564148,-2.105738878250122,0.0,0.0,0.0,1.0
-0.7653876543045044,-0.03134112432599068,-0.6428059339523315,0.9375397562980652,-0.6420561671257019,-0.03126988932490349,0.7660195827484131,0.6695205569267273,-0.04410838708281517,0.9990194439888,0.0038108243606984615,-2.1146419048309326,0.0,0.0,0.0,1.0
-0.7610656023025513,-0.01770632714033127,-0.648433268070221,0.9383070468902588,-0.647585391998291,-0.03717411309480667,0.761085569858551,0.6514919400215149,-0.03758096322417259,0.9991519451141357,0.01682557910680771,-2.126631259918213,0.0,0.0,0.0,1.0
-0.7596390247344971,-0.02117796055972576,-0.6500000357627869,0.9663006663322449,-0.6487624049186707,-0.045005492866039276,0.7596589922904968,0.6122187376022339,-0.045341603457927704,0.9987621903419495,0.020448464900255203,-2.1248772144317627,0.0,0.0,0.0,1.0
-0.7553353309631348,-0.02231457270681858,-0.6549584865570068,0.9458823800086975,-0.6533023715019226,-0.05308122932910919,0.7552340030670166,0.6194559931755066,-0.051618725061416626,0.9983407855033875,0.0255159642547369,-2.1428425312042236,0.0,0.0,0.0,1.0
-0.7476611733436584,-0.013776072300970554,-0.663937509059906,0.9362066984176636,-0.6624006032943726,-0.05559658259153366,0.7470840215682983,0.562637448310852,-0.04720453917980194,0.9983583092689514,0.0324421264231205,-2.1386609077453613,0.0,0.0,0.0,1.0
-0.7419751286506653,-0.0023725349456071854,-0.6704232096672058,0.937865138053894,-0.669231653213501,-0.05707655847072601,0.7408584356307983,0.5056787133216858,-0.040023162961006165,0.9983669519424438,0.040761616080999374,-2.130505323410034,0.0,0.0,0.0,1.0
-0.7343391180038452,0.01466273982077837,-0.6786244511604309,0.920157253742218,-0.6781848669052124,-0.057802800089120865,0.7326145172119141,0.4445701539516449,-0.02848426252603531,0.9982203841209412,0.05239090323448181,-2.121502161026001,0.0,0.0,0.0,1.0
-0.7350664138793945,0.012308086268603802,-0.6778833866119385,0.9164584875106812,-0.6773949861526489,-0.05539235472679138,0.7335309982299805,0.4331521689891815,-0.02852119505405426,0.9983888268470764,0.04905449226498604,-2.119011163711548,0.0,0.0,0.0,1.0
-0.7346978187561035,0.01737557351589203,-0.6781719326972961,0.9243023991584778,-0.6780991554260254,-0.04830390214920044,0.7333813905715942,0.40689361095428467,-0.020015429705381393,0.9986816048622131,0.047271136194467545,-2.126833438873291,0.0,0.0,0.0,1.0
-0.7361028790473938,0.014855444431304932,-0.6767066717147827,0.9331515431404114,-0.6765357255935669,-0.047549374401569366,0.7348730564117432,0.4254200756549835,-0.021260110661387444,0.9987583756446838,0.045051466673612595,-2.131040334701538,0.0,0.0,0.0,1.0
-0.7652992606163025,-0.04890033230185509,-0.6418144702911377,0.9137002825737,-0.6414432525634766,-0.025015193969011307,0.7667625546455383,0.6938542723655701,-0.053550057113170624,0.9984903335571289,-0.01222267746925354,-2.1340253353118896,0.0,0.0,0.0,1.0
-0.7649139761924744,-0.03985106945037842,-0.642898440361023,0.9368581175804138,-0.6427236199378967,-0.018754135817289352,0.7658685445785522,0.6651235222816467,-0.04257768765091896,0.9990296363830566,-0.011267920024693012,-2.136293649673462,0.0,0.0,0.0,1.0
-0.7650393843650818,-0.038495343178510666,-0.6428318619728088,0.9278609752655029,-0.6423397064208984,-0.025661753490567207,0.7659903764724731,0.7018482089042664,-0.04598325490951538,0.9989292025566101,-0.005094835534691811,-2.1209163665771484,0.0,0.0,0.0,1.0
-0.7648245096206665,-0.035822171717882156,-0.6432419419288635,0.9384259581565857,-0.6426400542259216,-0.02787259966135025,0.7656611204147339,0.6949577927589417,-0.04535646736621857,0.9989694356918335,-0.0017031162278726697,-2.1252856254577637,0.0,0.0,0.0,1.0
-0.7639834880828857,-0.03686390072107315,-0.6441818475723267,0.9357597231864929,-0.6434848308563232,-0.02997014671564102,0.7648718953132629,0.703113317489624,-0.047502387315034866,0.9988707900047302,-0.0008246642537415028,-2.122058153152466,0.0,0.0,0.0,1.0
-0.7642741799354553,-0.03788745030760765,-0.6437774896621704,0.9336059093475342,-0.6431746482849121,-0.028011402115225792,0.7652069926261902,0.6971457004547119,-0.04702485352754593,0.9988893866539001,-0.0029598562978208065,-2.121479034423828,0.0,0.0,0.0,1.0
-0.7636911869049072,-0.037693366408348083,-0.6444804072380066,0.9350458383560181,-0.6438848972320557,-0.027860119938850403,0.7646149396896362,0.7002710103988647,-0.04677620902657509,0.9989008903503418,-0.00299366214312613,-2.1159234046936035,0.0,0.0,0.0,1.0
-0.7645068764686584,-0.036522671580314636,-0.6435800790786743,0.9321953654289246,-0.6429482698440552,-0.028558144345879555,0.7653769850730896,0.7027413249015808,-0.04633306711912155,0.9989246726036072,-0.001649291138164699,-2.1236155033111572,0.0,0.0,0.0,1.0
-0.764832079410553,-0.03564251959323883,-0.6432429552078247,0.9382252097129822,-0.6426754593849182,-0.02710103429853916,0.7656590342521667,0.6935029625892639,-0.04472256824374199,0.9989970922470093,-0.002178833121433854,-2.121265172958374,0.0,0.0,0.0,1.0
-0.7643098831176758,-0.03711947426199913,-0.6437798738479614,0.9380418062210083,-0.6432651877403259,-0.026043111458420753,0.7652004361152649,0.6932266354560852,-0.04516986757516861,0.9989714026451111,-0.003972656559199095,-2.118870735168457,0.0,0.0,0.0,1.0
-0.7192033529281616,0.023827744647860527,-0.6943910121917725,1.0169007778167725,-0.6947996020317078,-0.025158368051052094,0.7187632322311401,0.566676914691925,-0.0003432370722293854,0.9993994832038879,0.03464949131011963,-1.970694661140442,0.0,0.0,0.0,1.0
-0.721941351890564,0.01152738742530346,-0.6918582320213318,1.0016249418258667,-0.6919132471084595,-0.02291327528655529,0.7216169834136963,0.5541768074035645,-0.007534381002187729,0.9996710419654846,0.02451799437403679,-1.9772142171859741,0.0,0.0,0.0,1.0
-0.7203790545463562,0.006083528511226177,-0.6935538649559021,1.010041356086731,-0.693507730960846,-0.020804092288017273,0.7201486825942993,0.5641070008277893,-0.010047712363302708,0.9997650980949402,0.019205806776881218,-1.9711765050888062,0.0,0.0,0.0,1.0
-0.7201919555664062,0.0034320454578846693,-0.6937664151191711,1.0124002695083618,-0.6936874389648438,-0.01944122277200222,0.7200137972831726,0.5734776258468628,-0.011016546748578548,0.9998051524162292,0.01638217829167843,-1.9651364088058472,0.0,0.0,0.0,1.0
-0.720634937286377,-0.004391009919345379,-0.6933008432388306,1.0222057104110718,-0.6930924654006958,-0.020760243758559227,0.7205497622489929,0.5883663296699524,-0.017557036131620407,0.9997748732566833,0.011917180381715298,-1.9602586030960083,0.0,0.0,0.0,1.0
-0.7212002873420715,-0.010100452229380608,-0.6926530003547668,1.0144717693328857,-0.6922944784164429,-0.024806980043649673,0.7211886644363403,0.6043492555618286,-0.02446696162223816,0.9996412396430969,0.010898313485085964,-1.9624953269958496,0.0,0.0,0.0,1.0
-0.7219371199607849,-0.017510538920760155,-0.6917371153831482,1.0220057964324951,-0.6911830306053162,-0.029071694239974022,0.7220947742462158,0.5982951521873474,-0.032754238694906235,0.9994239211082458,0.008884947746992111,-1.9497559070587158,0.0,0.0,0.0,1.0
-0.7195602655410767,-0.024310849606990814,-0.6940043568611145,1.0197197198867798,-0.6931565999984741,-0.035351675003767014,0.7199196219444275,0.6012349128723145,-0.04203607141971588,0.9990792274475098,0.008586433716118336,-1.9439849853515625,0.0,0.0,0.0,1.0
-0.7153985500335693,-0.03315405547618866,-0.6979295611381531,1.0388909578323364,-0.6971747875213623,-0.03245027735829353,0.7161663770675659,0.5709577798843384,-0.04639182612299919,0.9989233613014221,0.00010070964344777167,-1.9438483715057373,0.0,0.0,0.0,1.0
-0.7175054550170898,-0.03382859379053116,-0.6957309246063232,1.0483465194702148,-0.6950207948684692,-0.03144006431102753,0.7183018326759338,0.5689042806625366,-0.046172965317964554,0.998932957649231,-0.0009531600517220795,-1.9480513334274292,0.0,0.0,0.0,1.0
-0.7179034948348999,-0.02835405245423317,-0.6955649852752686,1.060570478439331,-0.6951887607574463,-0.023088281974196434,0.7184563279151917,0.5728116035461426,-0.03643054887652397,0.9993312358856201,-0.003136261133477092,-1.9573014974594116,0.0,0.0,0.0,1.0
-0.7098461389541626,-0.04330991208553314,-0.7030239701271057,1.1865370273590088,-0.701895534992218,-0.039871372282505035,0.7111630439758301,0.44809770584106445,-0.05883094295859337,0.9982657432556152,-0.0020964934956282377,-1.941530704498291,0.0,0.0,0.0,1.0
-0.7001864910125732,0.005676438100636005,-0.7139374017715454,1.0812921524047852,-0.7139308452606201,-0.014601623639464378,0.700063943862915,0.3934231102466583,-0.00645077507942915,0.9998772740364075,0.014276442117989063,-1.9065322875976562,0.0,0.0,0.0,1.0
-0.698887825012207,0.005113838706165552,-0.7152130007743835,1.0884490013122559,-0.7151615619659424,-0.01895730383694172,0.6987020373344421,0.3852182626724243,-0.00998546089977026,0.9998072385787964,0.0169062502682209,-1.9066730737686157,0.0,0.0,0.0,1.0
-0.6973643898963928,0.003475896082818508,-0.7167083621025085,1.10635507106781,-0.7166715860366821,-0.014610998332500458,0.6972576975822449,0.37781086564064026,-0.008048229850828648,0.999887228012085,0.012680265121161938,-1.896708607673645,0.0,0.0,0.0,1.0
-0.6935015320777893,0.0032347459346055984,-0.7204479575157166,1.134226679801941,-0.7204216718673706,-0.012767303735017776,0.6934188604354858,0.3527330756187439,-0.006955144461244345,0.9999132752418518,0.01118452474474907,-1.9045770168304443,0.0,0.0,0.0,1.0
-0.6918830275535583,0.005619844421744347,-0.7219877243041992,1.1490449905395508,-0.7219313383102417,-0.020111829042434692,0.6916723847389221,0.3318954110145569,-0.01063340250402689,0.9997819662094116,0.017972175031900406,-1.9123388528823853,0.0,0.0,0.0,1.0
-0.692550003528595,0.003934219945222139,-0.721359133720398,1.1329185962677002,-0.7213110327720642,-0.01654469035565853,0.6924136281013489,0.36784085631370544,-0.0092105558142066,0.9998553395271301,0.014295822009444237,-1.9042744636535645,0.0,0.0,0.0,1.0
-0.693074643611908,0.005574328824877739,-0.7208442687988281,1.1185226440429688,-0.7208429574966431,-0.013327324762940407,0.692970335483551,0.3782159686088562,-0.005744080059230328,0.9998956322669983,0.013255045749247074,-1.9019712209701538,0.0,0.0,0.0,1.0
-0.6886059045791626,0.008287145756185055,-0.7250884175300598,1.105064034461975,-0.7251328229904175,-0.010701419785618782,0.6885258555412292,0.38382309675216675,-0.002053561620414257,0.9999083876609802,0.013378342613577843,-1.905478596687317,0.0,0.0,0.0,1.0
-0.686119019985199,0.010985021479427814,-0.72740638256073,1.1074039936065674,-0.7274875044822693,-0.008139973506331444,0.686072587966919,0.3739798069000244,0.0016154544427990913,0.9999064803123474,0.013576456345617771,-1.908596396446228,0.0,0.0,0.0,1.0
-0.6825900077819824,0.0106815779581666,-0.73072350025177,1.1047046184539795,-0.7307904362678528,-0.004445849917829037,0.6825875043869019,0.36699041724205017,0.004042423330247402,0.9999330639839172,0.010840688832104206,-1.9045298099517822,0.0,0.0,0.0,1.0
-0.6724512577056885,0.011428357101976871,-0.7400531768798828,1.1166476011276245,-0.7401214838027954,-0.003039696253836155,0.6724663376808167,0.3552061915397644,0.005435646511614323,0.9999300837516785,0.01050241943448782,-1.8958303928375244,0.0,0.0,0.0,1.0
-0.6974488496780396,0.00396520784124732,-0.7166236042976379,1.0765734910964966,-0.716602087020874,-0.013376301154494286,0.6973538994789124,0.4190049171447754,-0.006820619571954012,0.9999026656150818,0.012170761823654175,-1.9242396354675293,0.0,0.0,0.0,1.0
-0.6868311762809753,0.008035682141780853,-0.7267725467681885,1.109302043914795,-0.7267387509346008,-0.022265758365392685,0.6865530610084534,0.3926403224468231,-0.010665219277143478,0.9997198581695557,0.021132657304406166,-1.9205214977264404,0.0,0.0,0.0,1.0
-0.6818392276763916,0.008030280470848083,-0.7314580082893372,1.1128123998641968,-0.7314016222953796,-0.024057919159531593,0.6815224885940552,0.381681352853775,-0.012124542146921158,0.9996783137321472,0.022276991978287697,-1.9177875518798828,0.0,0.0,0.0,1.0
-0.6795443892478943,0.004501783289015293,-0.7336205840110779,1.122635006904602,-0.7334489226341248,-0.0266522616147995,0.6792218685150146,0.37217968702316284,-0.01649494096636772,0.9996346235275269,0.021413223817944527,-1.915755271911621,0.0,0.0,0.0,1.0
-0.6709641814231873,-0.0033553470857441425,-0.741482138633728,1.1319606304168701,-0.740929901599884,-0.03581588342785835,0.6706265807151794,0.3596140146255493,-0.02880702167749405,0.9993526935577393,0.02154509909451008,-1.9089962244033813,0.0,0.0,0.0,1.0
-0.6679590940475464,-0.00103429623413831,-0.7441973090171814,1.1564418077468872,-0.7436085939407349,-0.0388634093105793,0.667484700679779,0.33305689692497253,-0.029612421989440918,0.999243974685669,0.02519005537033081,-1.923628807067871,0.0,0.0,0.0,1.0
-0.6653726100921631,0.005050412379205227,-0.7464943528175354,1.1624835729599,-0.7461654543876648,-0.03494364768266678,0.664842963218689,0.317358136177063,-0.02272750623524189,0.9993765354156494,0.027018988505005836,-1.9309117794036865,0.0,0.0,0.0,1.0
-0.6654110550880432,0.0030145603232085705,-0.746471107006073,1.1742970943450928,-0.7460198998451233,-0.03768240287899971,0.6648566126823425,0.3057940602302551,-0.02612457424402237,0.9992852210998535,0.027323206886649132,-1.9364513158798218,0.0,0.0,0.0,1.0
-0.6654190421104431,0.0030445819720625877,-0.7464638352394104,1.1649537086486816,-0.7460343241691589,-0.03687438368797302,0.6648857593536377,0.3159700036048889,-0.02550109475851059,0.9993152022361755,0.026808280497789383,-1.930227279663086,0.0,0.0,0.0,1.0
-0.6671159267425537,0.0025088528636842966,-0.7449496984481812,1.1556155681610107,-0.7444319128990173,-0.039672378450632095,0.6665186285972595,0.32974061369895935,-0.02788173034787178,0.9992095232009888,0.028333747759461403,-1.9285355806350708,0.0,0.0,0.0,1.0
-0.6666766405105591,0.002830029698088765,-0.7453417181968689,1.155814290046692,-0.7448292970657349,-0.03979789465665817,0.6660671830177307,0.32943195104599,-0.02777804434299469,0.9992037415504456,0.02864021807909012,-1.9299118518829346,0.0,0.0,0.0,1.0
-0.6923444271087646,0.00652740802615881,-0.7215376496315002,1.1085245609283447,-0.7215356826782227,-0.015599219128489494,0.6922014951705933,0.39806631207466125,-0.00673714280128479,0.9998569488525391,0.015509791672229767,-1.9497514963150024,0.0,0.0,0.0,1.0
-0.6933264136314392,0.006375978700816631,-0.7205954790115356,1.1005973815917969,-0.7206043004989624,-0.0134623683989048,0.6932157874107361,0.40107762813568115,-0.0052809929475188255,0.9998890161514282,0.013928373344242573,-1.9489184617996216,0.0,0.0,0.0,1.0
-0.6926093697547913,0.008655067533254623,-0.7212609648704529,1.104377031326294,-0.7213043570518494,-0.013181913644075394,0.6924928426742554,0.39737364649772644,-0.0035140281543135643,0.9998756647109985,0.01537285465747118,-1.9503000974655151,0.0,0.0,0.0,1.0
-0.6925370097160339,0.0067214337177574635,-0.7213510870933533,1.112404465675354,-0.7213670015335083,-0.012982210144400597,0.6924313306808472,0.39090970158576965,-0.004710600711405277,0.9998931288719177,0.013839281164109707,-1.9505561590194702,0.0,0.0,0.0,1.0
-0.6935043334960938,0.005324626807123423,-0.7204327583312988,1.0963572263717651,-0.7204310894012451,-0.012821801006793976,0.6934079527854919,0.40025579929351807,-0.005545106250792742,0.9999036192893982,0.012728000991046429,-1.9505021572113037,0.0,0.0,0.0,1.0
-0.6890180706977844,0.007555236108601093,-0.7247048020362854,1.1303200721740723,-0.7247232794761658,-0.014786063693463802,0.6888814568519592,0.3747917413711548,-0.0055108703672885895,0.9998621344566345,0.01566332019865513,-1.9475895166397095,0.0,0.0,0.0,1.0
-0.6886268258094788,0.006702037062495947,-0.7250849604606628,1.141465425491333,-0.725095272064209,-0.01390969380736351,0.6885080337524414,0.3654973804950714,-0.0054713040590286255,0.9998807907104492,0.014438203535974026,-1.9480795860290527,0.0,0.0,0.0,1.0
-0.6883077621459961,0.005879157222807407,-0.7253950238227844,1.15585196018219,-0.7253801822662354,-0.01590312458574772,0.6881647706031799,0.36069455742836,-0.007490220479667187,0.9998562335968018,0.015210868790745735,-1.9508589506149292,0.0,0.0,0.0,1.0
-0.6887180805206299,0.008813862688839436,-0.7249757051467896,1.167284607887268,-0.7250191569328308,-0.01363652665168047,0.6885936260223389,0.3411555886268616,-0.0038169817999005318,0.9998680949211121,0.015781940892338753,-1.9572407007217407,0.0,0.0,0.0,1.0
-0.687947154045105,0.010059965774416924,-0.725691020488739,1.1745964288711548,-0.725746750831604,-0.01575598120689392,0.6877815127372742,0.3369594216346741,-0.004514914005994797,0.9998253583908081,0.018140269443392754,-1.956466794013977,0.0,0.0,0.0,1.0
-0.6881181001663208,0.008436663076281548,-0.7255496382713318,1.178421139717102,-0.7255720496177673,-0.016566593199968338,0.6879467368125916,0.33685067296028137,-0.006215913221240044,0.9998271465301514,0.01752118021249771,-1.959017038345337,0.0,0.0,0.0,1.0
-0.6929887533187866,0.0069564892910420895,-0.7209148406982422,1.1082109212875366,-0.7209471464157104,-0.008534461259841919,0.6929374933242798,0.4053274691104889,-0.0013322066515684128,0.9999393820762634,0.010929546318948269,-1.9358280897140503,0.0,0.0,0.0,1.0
-0.6928743720054626,0.0073541621677577496,-0.7210208177566528,1.11751127243042,-0.7210582494735718,-0.006557197775691748,0.6928434371948242,0.3946942687034607,0.0003674067556858063,0.9999514222145081,0.009846093133091927,-1.9364122152328491,0.0,0.0,0.0,1.0
-0.6907573938369751,0.008513988927006721,-0.723036527633667,1.1129720211029053,-0.7230809926986694,-0.004168659448623657,0.690750777721405,0.39288294315338135,0.0028669508174061775,0.9999551177024841,0.009035835042595863,-1.9339476823806763,0.0,0.0,0.0,1.0
-0.6915988922119141,0.00851199310272932,-0.7222316265106201,1.1191949844360352,-0.7222742438316345,-0.0035989293828606606,0.6915973424911499,0.39099040627479553,0.0032876115292310715,0.999957263469696,0.00863700918853283,-1.9340773820877075,0.0,0.0,0.0,1.0
-0.690039873123169,0.009793879464268684,-0.7237050533294678,1.1161565780639648,-0.7237575054168701,-0.003158940002322197,0.6900471448898315,0.402728408575058,0.004472098313271999,0.9999470114707947,0.00926818884909153,-1.930426001548767,0.0,0.0,0.0,1.0
-0.6883419156074524,0.010862530209124088,-0.7253050208091736,1.1269582509994507,-0.7253677845001221,-0.0031461240723729134,0.6883543133735657,0.4049936532974243,0.005195369943976402,0.999936044216156,0.010044938884675503,-1.9274139404296875,0.0,0.0,0.0,1.0
-0.6894025802612305,0.009588377550244331,-0.7243149876594543,1.1392123699188232,-0.7243724465370178,-0.005051609128713608,0.6893903613090515,0.40369707345962524,0.0029511786997318268,0.9999412894248962,0.010428148321807384,-1.9293832778930664,0.0,0.0,0.0,1.0
-0.69219571352005,0.004771594423800707,-0.7216940522193909,1.1822036504745483,-0.7216976284980774,-0.010378910228610039,0.6921305656433105,0.4052627384662628,-0.004187830723822117,0.9999346733093262,0.010627886280417442,-1.9301079511642456,0.0,0.0,0.0,1.0
-0.6912277340888977,0.0009248063433915377,-0.7226364016532898,1.1831104755401611,-0.7225915789604187,-0.012093635275959969,0.6911693811416626,0.42440998554229736,-0.008100103586912155,0.9999264478683472,0.009027713909745216,-1.9297114610671997,0.0,0.0,0.0,1.0
-0.6886451244354248,-0.008046559058129787,-0.7250538468360901,1.2149797677993774,-0.7249397039413452,-0.013285777531564236,0.6886841654777527,0.4112245738506317,-0.015174442902207375,0.9998794198036194,0.003315915586426854,-1.945684790611267,0.0,0.0,0.0,1.0
-0.6855078339576721,-0.01007284689694643,-0.7279955148696899,1.2221102714538574,-0.7279102206230164,-0.011149384081363678,0.6855818033218384,0.4047184884548187,-0.01502246130257845,0.9998871088027954,0.00031086229137144983,-1.957342505455017,0.0,0.0,0.0,1.0
-0.6961470246315002,0.0036188773810863495,-0.7178901433944702,1.130359172821045,-0.7178991436958313,-0.004068844951689243,0.6961352825164795,0.41062018275260925,-0.00040175579488277435,0.9999851584434509,0.005430503748357296,-1.923639178276062,0.0,0.0,0.0,1.0
-0.6923479437828064,0.0093045923858881,-0.7215038537979126,1.1029860973358154,-0.7214093208312988,0.011766524985432625,0.6924089789390564,0.3911689221858978,0.014932175166904926,0.9998874664306641,-0.0014341097557917237,-1.928762435913086,0.0,0.0,0.0,1.0
-0.6917585134506226,0.00714636268094182,-0.7220935821533203,1.1206399202346802,-0.7220564484596252,0.007327552884817123,0.6917954087257385,0.39457616209983826,0.010234999470412731,0.9999476075172424,9.117985609918833e-05,-1.92837393283844,0.0,0.0,0.0,1.0
-0.6897395849227905,0.007681563496589661,-0.7240168452262878,1.1334999799728394,-0.724002480506897,0.005020785611122847,0.6897791028022766,0.3877254128456116,0.008933714590966702,0.9999579191207886,0.0020984369330108166,-1.9293707609176636,0.0,0.0,0.0,1.0
-0.6842424869537354,0.008803251199424267,-0.7292014360427856,1.120773434638977,-0.7292124629020691,0.002492839004844427,0.6842828989028931,0.40137162804603577,0.007841695100069046,0.9999581575393677,0.004713733214884996,-1.939245343208313,0.0,0.0,0.0,1.0
-0.6836248636245728,0.006928671151399612,-0.7298007011413574,1.1400997638702393,-0.7298290133476257,-0.0029459409415721893,0.6836234331130981,0.3976753354072571,0.0025866515934467316,0.9999716281890869,0.007070664316415787,-1.9465917348861694,0.0,0.0,0.0,1.0
-0.6778109073638916,0.00576735706999898,-0.7352136969566345,1.1093283891677856,-0.7351887822151184,0.006059749983251095,0.6778354048728943,0.4007825255393982,0.00836453028023243,0.9999650716781616,0.00013273180229589343,-1.9603396654129028,0.0,0.0,0.0,1.0
-0.6768406629562378,0.006547789089381695,-0.7361004948616028,1.1450748443603516,-0.7360988855361938,0.003118828870356083,0.676866888999939,0.3799441456794739,0.006727752275764942,0.999973714351654,0.0027088699862360954,-1.9760534763336182,0.0,0.0,0.0,1.0
-0.6678330898284912,0.011152694933116436,-0.7442275285720825,1.1371169090270996,-0.7439639568328857,0.020531386137008667,0.667904257774353,0.3870467245578766,0.02272895537316799,0.9997270107269287,-0.005414334591478109,-1.9901096820831299,0.0,0.0,0.0,1.0
-0.6660811901092529,0.01578536629676819,-0.7457122206687927,1.1473088264465332,-0.7450980544090271,0.031665485352277756,0.6662028431892395,0.3707396388053894,0.03412959724664688,0.9993738532066345,-0.009330137632787228,-2.0032565593719482,0.0,0.0,0.0,1.0
-0.6676435470581055,0.010850830003619194,-0.7444019913673401,1.1806191205978394,-0.7437658309936523,0.03409747779369354,0.6675699949264526,0.3850460946559906,0.032625921070575714,0.999359667301178,-0.014694483019411564,-2.010434627532959,0.0,0.0,0.0,1.0
-0.6980123519897461,-0.005875837057828903,-0.7160616517066956,1.1010584831237793,-0.7158151268959045,-0.02176572196185589,0.6979506015777588,0.4213373064994812,-0.019686643034219742,0.9997458457946777,0.01098672952502966,-1.9395197629928589,0.0,0.0,0.0,1.0
-0.6980507969856262,-0.006642791908234358,-0.7160174250602722,1.1017228364944458,-0.7157570719718933,-0.022038782015442848,0.698001503944397,0.419515460729599,-0.020416829735040665,0.9997349977493286,0.010629565455019474,-1.9415143728256226,0.0,0.0,0.0,1.0
-0.698363184928894,-0.010066559538245201,-0.7156727910041809,1.122589111328125,-0.7153266668319702,-0.02430577389895916,0.6983672976493835,0.41410714387893677,-0.024425137788057327,0.9996538162231445,0.009773378260433674,-1.9445396661758423,0.0,0.0,0.0,1.0
-0.6976162791252136,-0.010797602124512196,-0.7163901925086975,1.1213985681533813,-0.7160569429397583,-0.023504801094532013,0.6976460218429565,0.4163497984409332,-0.024371514096856117,0.9996654391288757,0.008665635250508785,-1.9424653053283691,0.0,0.0,0.0,1.0
-0.6960786581039429,-0.005127639044076204,-0.717947244644165,1.0983818769454956,-0.7177608609199524,-0.01890835538506508,0.6960330009460449,0.4238199293613434,-0.017144206911325455,0.9998080730438232,0.009481284767389297,-1.9425489902496338,0.0,0.0,0.0,1.0
-0.6981133222579956,-0.009658753871917725,-0.7159221768379211,1.1281874179840088,-0.7156003713607788,-0.023455273360013962,0.6981160044670105,0.4147041440010071,-0.02353508025407791,0.9996781945228577,0.00946263037621975,-1.9440720081329346,0.0,0.0,0.0,1.0
-0.6985582113265991,-0.012404331006109715,-0.7154457569122314,1.1294375658035278,-0.7150323390960693,-0.026045914739370346,0.6986060738563538,0.41004738211631775,-0.02730017900466919,0.9995838403701782,0.009325088933110237,-1.9441921710968018,0.0,0.0,0.0,1.0
-0.7026745676994324,-0.01837185025215149,-0.7112742066383362,1.097293734550476,-0.7104636430740356,-0.03611528128385544,0.7028065919876099,0.41794243454933167,-0.03859972953796387,0.9991787672042847,0.012324757874011993,-1.9350134134292603,0.0,0.0,0.0,1.0
-0.7090182304382324,-0.037794329226017,-0.7041766047477722,1.1240763664245605,-0.7024084329605103,-0.050756558775901794,0.7099620699882507,0.4127211272716522,-0.0625741183757782,0.9979956746101379,0.009440271183848381,-1.933754801750183,0.0,0.0,0.0,1.0
-0.7155858874320984,-0.03893337771296501,-0.6974388957023621,1.0603830814361572,-0.6960850954055786,-0.04362979903817177,0.7166323661804199,0.46221622824668884,-0.05833003669977188,0.9982888102531433,0.004119924269616604,-1.9007331132888794,0.0,0.0,0.0,1.0
-0.7143839001655579,-0.052336256951093674,-0.6977940797805786,1.0643301010131836,-0.6955294013023376,-0.05630284920334816,0.7162882089614868,0.45776861906051636,-0.07677564024925232,0.9970411062240601,0.0038204442244023085,-1.8909902572631836,0.0,0.0,0.0,1.0
-0.7070756554603577,0.0006216612528078258,-0.7071377038955688,1.0981831550598145,-0.7071155309677124,-0.008599448017776012,0.70704585313797,0.4606228470802307,-0.005641451571136713,0.9999628663063049,0.006520046852529049,-1.915383219718933,0.0,0.0,0.0,1.0
-0.7171759605407715,0.0001245876046596095,-0.6968921422958374,1.0566257238388062,-0.6968318819999695,-0.013279533013701439,0.7171115875244141,0.5041767954826355,-0.00916505977511406,0.9999118447303772,0.009610578417778015,-1.885402798652649,0.0,0.0,0.0,1.0
-0.7091995477676392,-0.00870341807603836,-0.7049540281295776,1.1289634704589844,-0.7044389247894287,-0.031412363052368164,0.7090691328048706,0.4824031591415405,-0.028315596282482147,0.9994686245918274,0.01614660769701004,-1.9071425199508667,0.0,0.0,0.0,1.0
-0.7094382047653198,-0.007108589634299278,-0.704731822013855,1.102748155593872,-0.7042838931083679,-0.029894176870584488,0.7092887759208679,0.4949113726615906,-0.026109419763088226,0.9995278120040894,0.016201606020331383,-1.8978317975997925,0.0,0.0,0.0,1.0
-0.7164960503578186,0.012649718672037125,-0.6974764466285706,1.029191017150879,-0.6975904703140259,-0.014312796294689178,0.7163536548614502,0.5232425332069397,-0.0009211655706167221,0.9998175501823425,0.019079385325312614,-1.8880559206008911,0.0,0.0,0.0,1.0
-0.7199108600616455,0.020582620054483414,-0.6937612295150757,1.0082855224609375,-0.6940211653709412,-0.009922444820404053,0.7198862433433533,0.5330237150192261,0.007933339104056358,0.9997389316558838,0.021428050473332405,-1.8711190223693848,0.0,0.0,0.0,1.0
-0.7243545055389404,0.038575634360313416,-0.6883476376533508,0.9603030681610107,-0.6891828775405884,-0.01390758901834488,0.7244540452957153,0.5442396998405457,0.01837301254272461,0.9991588592529297,0.036659691482782364,-1.8130537271499634,0.0,0.0,0.0,1.0
-0.7356154322624207,0.07420691102743149,-0.6733226180076599,0.9509612321853638,-0.6746437549591064,0.009309861809015274,0.7380847930908203,0.5565551519393921,0.061039529740810394,0.9971994757652283,0.04321475327014923,-1.768622875213623,0.0,0.0,0.0,1.0
-0.7316405177116394,0.09441462904214859,-0.6751207709312439,0.9235368967056274,-0.6756234169006348,0.03140744939446449,0.7365776300430298,0.5653122663497925,0.09074752032756805,0.9950373768806458,0.04080977290868759,-1.7807645797729492,0.0,0.0,0.0,1.0
-0.7261676788330078,0.12202657759189606,-0.676601767539978,0.8074460029602051,-0.6754717230796814,0.056785039603710175,0.7351961731910706,0.4990539252758026,0.1281343400478363,0.9909010529518127,0.04119003564119339,-1.8189114332199097,0.0,0.0,0.0,1.0
-0.722521185874939,0.14288459718227386,-0.6764222979545593,0.7746332883834839,-0.6730232834815979,0.07840931415557861,0.7354533076286316,0.47105786204338074,0.15812276303768158,0.9866285920143127,0.0395122766494751,-1.8445594310760498,0.0,0.0,0.0,1.0
-0.7056488394737244,-0.0006338660605251789,-0.7085614204406738,1.0561803579330444,-0.7085126638412476,-0.011129007674753666,0.7056102752685547,0.4217359125614166,-0.008332847617566586,0.9999378323554993,0.0074040694162249565,-1.955544352531433,0.0,0.0,0.0,1.0
-0.7121670246124268,-0.002771326806396246,-0.702004611492157,1.0226459503173828,-0.701875627040863,-0.016760623082518578,0.7121022939682007,0.45848920941352844,-0.013739502057433128,0.9998556971549988,0.009991235099732876,-1.9609079360961914,0.0,0.0,0.0,1.0
-0.7121565937995911,-0.0034411263186484575,-0.7020121812820435,1.013008713722229,-0.7016734480857849,-0.027955252677202225,0.7119500041007996,0.46126019954681396,-0.022074837237596512,0.9996032118797302,0.017493970692157745,-1.9583194255828857,0.0,0.0,0.0,1.0
-0.7094493508338928,-0.005701123736798763,-0.7047333121299744,1.0171947479248047,-0.7042242884635925,-0.03311435878276825,0.7092048525810242,0.45436781644821167,-0.02738005667924881,0.999435305595398,0.019478093832731247,-1.9595240354537964,0.0,0.0,0.0,1.0
-0.7044432163238525,-0.003133278340101242,-0.7097534537315369,1.0121198892593384,-0.7090754508972168,-0.040814485400915146,0.7039504647254944,0.46161848306655884,-0.031173892319202423,0.9991617798805237,0.02652975544333458,-1.952856421470642,0.0,0.0,0.0,1.0
-0.6947663426399231,0.017765115946531296,-0.7190160751342773,1.0256019830703735,-0.7187128663063049,-0.05525106564164162,0.6931082606315613,0.38227710127830505,-0.027413252741098404,0.9983144402503967,0.05115459859371185,-1.9343029260635376,0.0,0.0,0.0,1.0
-0.6872525811195374,0.03171633929014206,-0.7257258296012878,1.0352451801300049,-0.7260705232620239,-0.06091349199414253,0.6849169135093689,0.3371180295944214,-0.022483430802822113,0.9976391196250916,0.06489124894142151,-1.914563775062561,0.0,0.0,0.0,1.0
-0.6830434799194336,0.03998846560716629,-0.7292822003364563,1.0483242273330688,-0.7299389839172363,-0.0719771608710289,0.6797119379043579,0.2827887237071991,-0.025311022996902466,0.996604323387146,0.0783526748418808,-1.9047486782073975,0.0,0.0,0.0,1.0
-0.683137059211731,0.03958554565906525,-0.7292165160179138,1.0550543069839478,-0.7298510670661926,-0.07162955403327942,0.6798430681228638,0.2872166037559509,-0.025321491062641144,0.996645450592041,0.07782436162233353,-1.903784155845642,0.0,0.0,0.0,1.0
-0.6838628649711609,0.037235528230667114,-0.7286598086357117,1.0470761060714722,-0.729225218296051,-0.06733956187963486,0.6809523701667786,0.3039681017398834,-0.02371201291680336,0.9970350861549377,0.07320410758256912,-1.9059255123138428,0.0,0.0,0.0,1.0
-0.6845920085906982,0.03520258888602257,-0.7280759215354919,1.0466740131378174,-0.7284976840019226,-0.06729517132043839,0.6817348599433899,0.3146211504936218,-0.02499716356396675,0.9971118569374084,0.07171474397182465,-1.9149854183197021,0.0,0.0,0.0,1.0
-0.6943955421447754,0.0030644156504422426,-0.7195870280265808,1.0776493549346924,-0.7195558547973633,-0.013199239037930965,0.6943091750144958,0.4178030788898468,-0.007370349019765854,0.9999082088470459,0.01137050986289978,-1.9190789461135864,0.0,0.0,0.0,1.0
-0.694433867931366,0.003391584614291787,-0.7195485234260559,1.0764249563217163,-0.7195209860801697,-0.013207469135522842,0.6943450570106506,0.4176952838897705,-0.007148485630750656,0.9999070167541504,0.011612030677497387,-1.9180428981781006,0.0,0.0,0.0,1.0
-0.6937627196311951,0.00656377337872982,-0.720173716545105,1.0885529518127441,-0.7201916575431824,-0.012077310122549534,0.6936699748039246,0.4052457809448242,-0.0041446685791015625,0.9999054670333862,0.013105962425470352,-1.9201960563659668,0.0,0.0,0.0,1.0
-0.694205105304718,0.0044846986420452595,-0.7197632789611816,1.0793018341064453,-0.7197405099868774,-0.014426596462726593,0.6940932869911194,0.41389480233192444,-0.007270934991538525,0.9998858571052551,0.013242836110293865,-1.917460560798645,0.0,0.0,0.0,1.0
-0.6930855512619019,0.00277920113876462,-0.7208499312400818,1.0771650075912476,-0.72079998254776,-0.01505480706691742,0.6929795145988464,0.4167232811450958,-0.008926327340304852,0.9998827576637268,0.012437518686056137,-1.916888952255249,0.0,0.0,0.0,1.0
-0.6932367086410522,0.005414969753473997,-0.720689594745636,1.0848851203918457,-0.7206801176071167,-0.014297176152467728,0.6931202411651611,0.41032448410987854,-0.00655059888958931,0.9998831152915955,0.013813788071274757,-1.9212491512298584,0.0,0.0,0.0,1.0
-0.6947090029716492,0.005310354754328728,-0.7192713618278503,1.0842455625534058,-0.7192874550819397,-0.00825153011828661,0.6946635842323303,0.4165760576725006,-0.0022461796179413795,0.9999518394470215,0.009552083909511566,-1.921493649482727,0.0,0.0,0.0,1.0
-0.6973856687545776,0.0014513093046844006,-0.7166945934295654,1.0753600597381592,-0.7166866064071655,-0.006536561064422131,0.6973646879196167,0.4315791428089142,-0.0036726254038512707,0.9999775886535645,0.005598637741059065,-1.919438362121582,0.0,0.0,0.0,1.0
-0.6968958973884583,0.0010827586520463228,-0.7171714901924133,1.0859432220458984,-0.7171657085418701,-0.005341208539903164,0.6968821883201599,0.42735928297042847,-0.003076007356867194,0.9999851584434509,0.004498783499002457,-1.918399691581726,0.0,0.0,0.0,1.0
-0.6983012557029724,-0.00045178740401752293,-0.715803861618042,1.0756878852844238,-0.715791642665863,-0.005445034708827734,0.6982927322387695,0.43706709146499634,-0.004213056527078152,0.9999850988388062,0.003478888887912035,-1.915489673614502,0.0,0.0,0.0,1.0
-0.6622116565704346,0.010534347966313362,-0.7492428421974182,1.0057655572891235,-0.7486063838005066,-0.0528329573571682,0.6609062552452087,0.4373636841773987,-0.032622501254081726,0.9985477924346924,0.042872678488492966,-1.604458212852478,0.0,0.0,0.0,1.0
-0.6660516858100891,0.014171882532536983,-0.7457709908485413,0.9601625800132751,-0.7452479600906372,-0.05462101101875305,0.664546549320221,0.4555412530899048,-0.03131689131259918,0.9984065294265747,0.046941980719566345,-1.601830005645752,0.0,0.0,0.0,1.0
-0.6669424772262573,0.013468771241605282,-0.7449874877929688,0.9559516310691833,-0.744509756565094,-0.052145883440971375,0.6655719876289368,0.46222037076950073,-0.029883597046136856,0.9985486268997192,0.04480593651533127,-1.6000069379806519,0.0,0.0,0.0,1.0
-0.663208544254303,0.018354754894971848,-0.748209536075592,0.9729747772216797,-0.7479247450828552,-0.053146883845329285,0.6616523861885071,0.43873414397239685,-0.027620535343885422,0.9984179735183716,0.048975445330142975,-1.6045260429382324,0.0,0.0,0.0,1.0
-0.6646458506584167,0.015088456682860851,-0.7470061779022217,0.9617971181869507,-0.746562659740448,-0.05333489924669266,0.6631739139556885,0.4497455656528473,-0.029835226014256477,0.9984627366065979,0.046713296324014664,-1.6036441326141357,0.0,0.0,0.0,1.0
-0.6660388112068176,0.018203608691692352,-0.7456949353218079,0.9544658064842224,-0.7455271482467651,-0.04856701195240021,0.664703369140625,0.4618009924888611,-0.02411617524921894,0.9986540079116821,0.04591879993677139,-1.6014784574508667,0.0,0.0,0.0,1.0
-0.6642342209815979,0.01773795671761036,-0.7473140358924866,0.9619687795639038,-0.7470735311508179,-0.05047351121902466,0.662822425365448,0.4488295912742615,-0.02596244588494301,0.9985678791999817,0.046777788549661636,-1.6053054332733154,0.0,0.0,0.0,1.0
-0.662506103515625,0.019747324287891388,-0.7487961053848267,0.9765334725379944,-0.7486107349395752,-0.0519341342151165,0.660972535610199,0.4354605972766876,-0.025835638865828514,0.998455286026001,0.049189742654561996,-1.6056485176086426,0.0,0.0,0.0,1.0
-0.6651389002799988,0.018034279346466064,-0.7465018630027771,0.9537670016288757,-0.7462971806526184,-0.049683474004268646,0.6637561917304993,0.4586700201034546,-0.025118442252278328,0.9986022114753723,0.04650534316897392,-1.6030454635620117,0.0,0.0,0.0,1.0
-0.663049042224884,0.018205108121037483,-0.7483545541763306,0.9635741710662842,-0.7480615377426147,-0.05316783860325813,0.6614960432052612,0.4465470612049103,-0.02774578519165516,0.9984196424484253,0.04887142404913902,-1.6049555540084839,0.0,0.0,0.0,1.0
-0.6626549959182739,0.01845485530793667,-0.7486974000930786,0.9637827277183533,-0.748403012752533,-0.053629320114851,0.6610724925994873,0.44206365942955017,-0.02795213833451271,0.9983903169631958,0.049349408596754074,-1.6038986444473267,0.0,0.0,0.0,1.0
-0.6380095481872559,-0.005605008453130722,-0.7700080275535583,1.1219276189804077,-0.7693092823028564,-0.038568295538425446,0.6377112865447998,0.3325139284133911,-0.03327227383852005,0.9992402195930481,0.020294955000281334,-1.5751382112503052,0.0,0.0,0.0,1.0
-0.637481153011322,-0.013460575602948666,-0.7703483700752258,1.1093465089797974,-0.7690747976303101,-0.048940569162368774,0.6372823715209961,0.3459208607673645,-0.04627947509288788,0.9987109899520874,0.020846500992774963,-1.5712167024612427,0.0,0.0,0.0,1.0
-0.6366031169891357,-0.010499684140086174,-0.7711201310157776,1.1185686588287354,-0.7700448036193848,-0.045857030898332596,0.6363396644592285,0.33566513657569885,-0.04204264283180237,0.9988928437232971,0.021107500419020653,-1.5732451677322388,0.0,0.0,0.0,1.0
-0.6357144713401794,-0.006909055635333061,-0.7718933820724487,1.1262110471725464,-0.7708739042282104,-0.04646693170070648,0.6352907419204712,0.3285650312900543,-0.04025677591562271,0.9988959431648254,0.024213692173361778,-1.5732383728027344,0.0,0.0,0.0,1.0
-0.6359953880310059,-0.0070680067874491215,-0.7716605067253113,1.116261601448059,-0.770727276802063,-0.044190168380737305,0.6356310248374939,0.3364153802394867,-0.03859245032072067,0.9989981651306152,0.022657237946987152,-1.5763397216796875,0.0,0.0,0.0,1.0
-0.6361004114151001,-0.00653118034824729,-0.7715786695480347,1.111501693725586,-0.7706611156463623,-0.044102028012275696,0.6357172727584839,0.3384360373020172,-0.038180164992809296,0.9990057349205017,0.02301998995244503,-1.578330397605896,0.0,0.0,0.0,1.0
-0.6365243792533875,-0.008402734994888306,-0.771210789680481,1.1084153652191162,-0.7702404856681824,-0.044383443892002106,0.6362072229385376,0.34145551919937134,-0.039574868977069855,0.9989792108535767,0.0217790175229311,-1.5765228271484375,0.0,0.0,0.0,1.0
-0.6359806656837463,-0.00292884255759418,-0.7716994285583496,1.1384292840957642,-0.7707971334457397,-0.04608188197016716,0.6354119181632996,0.32267266511917114,-0.03742238134145737,0.9989333748817444,0.02704964205622673,-1.5794727802276611,0.0,0.0,0.0,1.0
-0.6369707584381104,-0.004276849329471588,-0.7708761096000671,1.1317681074142456,-0.7699291110038757,-0.04633157700300217,0.6364452838897705,0.328758180141449,-0.03843788802623749,0.9989169836044312,0.026218988001346588,-1.5827665328979492,0.0,0.0,0.0,1.0
-0.6343918442726135,-0.0009972931584343314,-0.7730110287666321,1.1484806537628174,-0.772132158279419,-0.046871334314346313,0.6337310671806335,0.30722832679748535,-0.03686406835913658,0.9989004135131836,0.028964748606085777,-1.5927925109863281,0.0,0.0,0.0,1.0
-0.6324834227561951,0.0036237582098692656,-0.7745653986930847,1.1436104774475098,-0.7738386392593384,-0.04651564359664917,0.6316723823547363,0.30485689640045166,-0.03374037519097328,0.9989109635353088,0.03222457692027092,-1.5976659059524536,0.0,0.0,0.0,1.0
-0.6056831479072571,0.005501971114426851,-0.7956869006156921,1.4243595600128174,-0.7956528663635254,-0.01573524810373783,0.6055483818054199,0.22683079540729523,-0.009188618510961533,0.9998610019683838,0.013908232562243938,-1.5590325593948364,0.0,0.0,0.0,1.0
-0.6097724437713623,-0.015732359141111374,-0.7924203872680664,1.3858972787857056,-0.7919938564300537,-0.0262390598654747,0.6099650859832764,0.2893518805503845,-0.03038855642080307,0.9995319247245789,0.0035399245098233223,-1.5340852737426758,0.0,0.0,0.0,1.0
-0.6100371479988098,-0.016136523336172104,-0.7922084927558899,1.3934941291809082,-0.7917474508285522,-0.02730049192905426,0.6102381944656372,0.2907664179801941,-0.03147480636835098,0.9994969964027405,0.003878263523802161,-1.5341006517410278,0.0,0.0,0.0,1.0
-0.6093760132789612,-0.0165978092700243,-0.792707622051239,1.3876878023147583,-0.7921974062919617,-0.028770413249731064,0.609586238861084,0.29255449771881104,-0.03292432427406311,0.9994481801986694,0.004383258055895567,-1.530832052230835,0.0,0.0,0.0,1.0
-0.609682023525238,-0.01531868427991867,-0.7924980521202087,1.3782856464385986,-0.7920718193054199,-0.02627728134393692,0.6098620295524597,0.29447197914123535,-0.030166979879140854,0.9995372891426086,0.0038872873410582542,-1.5328587293624878,0.0,0.0,0.0,1.0
-0.6091118454933167,-0.01585191860795021,-0.7929258942604065,1.3860045671463013,-0.7925004363059998,-0.026192113757133484,0.609308660030365,0.29199880361557007,-0.0304271187633276,0.9995312094688416,0.003391275415197015,-1.5330508947372437,0.0,0.0,0.0,1.0
-0.6091848015785217,-0.01575048267841339,-0.7928718328475952,1.371227741241455,-0.792503833770752,-0.0242643803358078,0.6093840599060059,0.2993845045566559,-0.02883663773536682,0.999581515789032,0.002299174666404724,-1.528764009475708,0.0,0.0,0.0,1.0
-0.6102160215377808,-0.015570270828902721,-0.7920820713043213,1.3635179996490479,-0.791875958442688,-0.018113018944859505,0.6104132533073425,0.30968940258026123,-0.023851295933127403,0.9997146725654602,-0.0012768699089065194,-1.5225719213485718,0.0,0.0,0.0,1.0
-0.6099056601524353,-0.016805488616228104,-0.7922958135604858,1.358211874961853,-0.7921459674835205,-0.015835866332054138,0.6101261973381042,0.3128541111946106,-0.022800158709287643,0.9997333884239197,-0.003654016414657235,-1.5147615671157837,0.0,0.0,0.0,1.0
-0.6130457520484924,-0.021329712122678757,-0.7897593975067139,1.3341829776763916,-0.7896968722343445,-0.013229044154286385,0.6133545637130737,0.34460416436195374,-0.023530438542366028,0.9996849298477173,-0.00873399805277586,-1.5041449069976807,0.0,0.0,0.0,1.0
-0.6135163903236389,-0.020582668483257294,-0.7894136905670166,1.3272970914840698,-0.7894131541252136,-0.010094581171870232,0.6137791872024536,0.35343796014785767,-0.020602013915777206,0.9997371435165405,-0.010055039077997208,-1.4972786903381348,0.0,0.0,0.0,1.0
-0.6101869344711304,-0.004782841540873051,-0.7922430634498596,1.3675485849380493,-0.7917851805686951,0.03820589557290077,0.6096035838127136,0.3594527244567871,0.027352720499038696,0.9992585182189941,-0.027099721133708954,-1.4597539901733398,0.0,0.0,0.0,1.0
-0.6076275706291199,0.008748508989810944,-0.7941738963127136,1.4204224348068237,-0.7938229441642761,0.025006379932165146,0.6076346039772034,0.2639078199863434,0.0251753106713295,0.9996489882469177,-0.0082497987896204,-1.490638017654419,0.0,0.0,0.0,1.0
-0.6129258275032043,0.001493719988502562,-0.7901390194892883,1.3908175230026245,-0.7899007797241211,0.023468388244509697,0.6127853989601135,0.31697794795036316,0.019458619877696037,0.9997234344482422,-0.013204491697251797,-1.4837510585784912,0.0,0.0,0.0,1.0
-0.6152632236480713,-0.001899590017274022,-0.78831946849823,1.381749153137207,-0.7880447506904602,0.027989787980914116,0.6149813532829285,0.3374708294868469,0.020896682515740395,0.9996063709259033,-0.018718048930168152,-1.4808546304702759,0.0,0.0,0.0,1.0
-0.613425076007843,-0.00045976255205459893,-0.7897527813911438,1.3933238983154297,-0.7894151210784912,0.029601534828543663,0.6131455898284912,0.32501113414764404,0.02309599332511425,0.9995616674423218,-0.018521267920732498,-1.4888836145401,0.0,0.0,0.0,1.0
-0.6134725213050842,-0.0018516447162255645,-0.7897139191627502,1.382007360458374,-0.7893058657646179,0.0336652435362339,0.6130766272544861,0.33926472067832947,0.025450710207223892,0.9994314908981323,-0.022114215418696404,-1.4884967803955078,0.0,0.0,0.0,1.0
-0.6125941276550293,-0.003019049298018217,-0.7903918623924255,1.3944741487503052,-0.789984405040741,0.034670569002628326,0.6121459007263184,0.3363978862762451,0.025555238127708435,0.9993941783905029,-0.023623991757631302,-1.4913777112960815,0.0,0.0,0.0,1.0
-0.6154742240905762,-0.003912247251719236,-0.7881473302841187,1.3787660598754883,-0.787740170955658,0.03557144105434418,0.6149797439575195,0.3500622808933258,0.02562958374619484,0.9993594884872437,-0.024975141510367393,-1.4847357273101807,0.0,0.0,0.0,1.0
-0.6131080389022827,-0.00331847439520061,-0.789992094039917,1.3936612606048584,-0.7896226644515991,0.033440012484788895,0.6126808524131775,0.3433885872364044,0.02438417635858059,0.9994351863861084,-0.02312268316745758,-1.4892899990081787,0.0,0.0,0.0,1.0
-0.6126672625541687,-0.007824677973985672,-0.7903022170066833,1.3900195360183716,-0.7899420261383057,0.037827812135219574,0.6120135188102722,0.37032485008239746,0.02510659769177437,0.9992536902427673,-0.029356904327869415,-1.4828985929489136,0.0,0.0,0.0,1.0
-0.613176167011261,-0.009372205473482609,-0.7898906469345093,1.3882091045379639,-0.7896057367324829,0.03662782534956932,0.6125203371047974,0.37509971857070923,0.023191306740045547,0.9992849826812744,-0.029859652742743492,-1.4829338788986206,0.0,0.0,0.0,1.0
-0.616771936416626,-0.03585248440504074,-0.7863249778747559,1.4926037788391113,-0.7862949967384338,0.07438851147890091,0.6133567094802856,0.3570009469985962,0.03650318831205368,0.9965845942497253,-0.07407137751579285,-1.428986668586731,0.0,0.0,0.0,1.0
-0.6133679151535034,-0.01626897044479847,-0.7896297574043274,1.5638567209243774,-0.7891376614570618,0.05347970500588417,0.6118837594985962,0.2299736887216568,0.03227444738149643,0.9984363913536072,-0.04564119130373001,-1.4601601362228394,0.0,0.0,0.0,1.0
-0.6126077175140381,-0.016460884362459183,-0.7902157306671143,1.559045672416687,-0.7896817922592163,0.05497688800096512,0.6110485196113586,0.23078154027462006,0.033385202288627625,0.9983519911766052,-0.046678122133016586,-1.4625767469406128,0.0,0.0,0.0,1.0
-0.6130307912826538,-0.01640731282532215,-0.7898886203765869,1.5717493295669556,-0.7894787192344666,0.05103091523051262,0.6116527318954468,0.22371402382850647,0.030273163691163063,0.9985622763633728,-0.04423674941062927,-1.4610493183135986,0.0,0.0,0.0,1.0
-0.6131840348243713,-0.015911228954792023,-0.7897798418998718,1.5716252326965332,-0.7892682552337646,0.053567320108413696,0.6117076277732849,0.22480711340904236,0.03257337212562561,0.9984374046325684,-0.04540485143661499,-1.4609990119934082,0.0,0.0,0.0,1.0
-0.6137747168540955,-0.014916496351361275,-0.7893403172492981,1.5681616067886353,-0.7887017130851746,0.056005723774433136,0.6122196912765503,0.22913627326488495,0.03507540374994278,0.9983190298080444,-0.046139560639858246,-1.462123155593872,0.0,0.0,0.0,1.0
-0.6118170619010925,-0.013965346850454807,-0.7908759713172913,1.5781151056289673,-0.7902026176452637,0.05565323308110237,0.6103134155273438,0.219548299908638,0.03549156337976456,0.9983524680137634,-0.04508505389094353,-1.4625537395477295,0.0,0.0,0.0,1.0
-0.6114763021469116,-0.013891201466321945,-0.7911407947540283,1.5647276639938354,-0.7903259992599487,0.05935947969555855,0.6098042726516724,0.2356347292661667,0.03849078714847565,0.9981400370597839,-0.047275494784116745,-1.4671807289123535,0.0,0.0,0.0,1.0
-0.6101764440536499,-0.0134026063606143,-0.7921521663665771,1.5682216882705688,-0.7912757396697998,0.060273461043834686,0.6084815263748169,0.2299133688211441,0.039590515196323395,0.9980918765068054,-0.04738260433077812,-1.4676166772842407,0.0,0.0,0.0,1.0
-0.6125608086585999,-0.013852274976670742,-0.7903020977973938,1.573370337486267,-0.7894551157951355,0.06020090728998184,0.6108490824699402,0.24126434326171875,0.03911525756120682,0.9980901479721069,-0.04781246557831764,-1.4674158096313477,0.0,0.0,0.0,1.0
-0.6097069382667542,-0.011248001828789711,-0.7925471663475037,1.576568603515625,-0.7914639115333557,0.06278795003890991,0.6079824566841125,0.22509372234344482,0.042923830449581146,0.997963547706604,-0.04718463495373726,-1.4668952226638794,0.0,0.0,0.0,1.0
-0.614544153213501,-0.04615692049264908,-0.7875309586524963,1.629753589630127,-0.7873794436454773,0.09748056530952454,0.6087126135826111,0.31893378496170044,0.048672668635845184,0.9941664934158325,-0.09624911844730377,-1.5318593978881836,0.0,0.0,0.0,1.0
-0.6141278147697449,-0.04537741839885712,-0.7879009246826172,1.6339679956436157,-0.7882622480392456,0.0840921625494957,0.609566330909729,0.2723104953765869,0.03859574347734451,0.9954242706298828,-0.08741264045238495,-1.527127742767334,0.0,0.0,0.0,1.0
-0.6107685565948486,-0.043534331023693085,-0.7906115055084229,1.6360974311828613,-0.7907552123069763,0.08503726869821548,0.6061970591545105,0.2752547860145569,0.040841057896614075,0.9954261779785156,-0.08636308461427689,-1.5249556303024292,0.0,0.0,0.0,1.0
-0.6123724579811096,-0.0437898188829422,-0.7893556952476501,1.6416734457015991,-0.789454460144043,0.08688076585531235,0.6076292991638184,0.2803860902786255,0.0419718474149704,0.9952558279037476,-0.08777345716953278,-1.5252100229263306,0.0,0.0,0.0,1.0
-0.609784722328186,-0.044067591428756714,-0.7913410663604736,1.630399227142334,-0.7912258505821228,0.09191159904003143,0.6045776009559631,0.2987461984157562,0.046091146767139435,0.9947916269302368,-0.09091369807720184,-1.5276224613189697,0.0,0.0,0.0,1.0
-0.6090367436408997,-0.04301029443740845,-0.7919749617576599,1.6471370458602905,-0.7918098568916321,0.09082077443599701,0.6039775013923645,0.27792492508888245,0.0459505170583725,0.9949380159378052,-0.08936916291713715,-1.5315488576889038,0.0,0.0,0.0,1.0
-0.6032794117927551,-0.040547821670770645,-0.7964984774589539,1.6356310844421387,-0.795870840549469,0.09499208629131317,0.5979682207107544,0.2737390398979187,0.051414743065834045,0.9946518540382385,-0.08957760035991669,-1.5289428234100342,0.0,0.0,0.0,1.0
-0.6055728793144226,-0.04137105122208595,-0.7947137951850891,1.644149899482727,-0.7941601872444153,0.09529761224985123,0.6001899838447571,0.2769377827644348,0.050903841853141785,0.9945887327194214,-0.09056488424539566,-1.530894160270691,0.0,0.0,0.0,1.0
-0.6037243604660034,-0.04128250852227211,-0.7961235046386719,1.6388171911239624,-0.7955986857414246,0.09433139860630035,0.5984348654747009,0.276714950799942,0.05039454996585846,0.9946845769882202,-0.08979447185993195,-1.5300394296646118,0.0,0.0,0.0,1.0
-0.6042635440826416,-0.04147714748978615,-0.7957042455673218,1.6424616575241089,-0.7951792478561401,0.09475243091583252,0.5989257097244263,0.27327433228492737,0.050553180277347565,0.9946364760398865,-0.09023720026016235,-1.53019380569458,0.0,0.0,0.0,1.0
-0.6018996834754944,-0.04517446458339691,-0.797292947769165,1.653154730796814,-0.7973302006721497,0.08964550495147705,0.5968484878540039,0.29025205969810486,0.04451140761375427,0.9949487447738647,-0.08997656404972076,-1.5342525243759155,0.0,0.0,0.0,1.0
-0.6013341546058655,-0.0677010640501976,-0.796124279499054,1.8028444051742554,-0.7989349365234375,0.06344211101531982,0.5980620384216309,0.20945419371128082,0.010018371045589447,0.9956865906715393,-0.0922386422753334,-1.4845006465911865,0.0,0.0,0.0,1.0
-0.6158409714698792,-0.06450633704662323,-0.7852253317832947,1.7547721862792969,-0.7878240346908569,0.06123407185077667,0.6128487586975098,0.1909291297197342,0.008549921214580536,0.9960368275642395,-0.08853010088205338,-1.4630329608917236,0.0,0.0,0.0,1.0
-0.6101959943771362,-0.05910281091928482,-0.7900428771972656,1.7289389371871948,-0.7921430468559265,0.061939582228660583,0.6071843504905701,0.1911691576242447,0.013048619031906128,0.9963284134864807,-0.08461315929889679,-1.4528917074203491,0.0,0.0,0.0,1.0
-0.5998354554176331,-0.05650070309638977,-0.7981259822845459,1.6837773323059082,-0.7999424338340759,0.06356128305196762,0.5967010259628296,0.1800057590007782,0.017015889286994934,0.9963772296905518,-0.08332362771034241,-1.4649144411087036,0.0,0.0,0.0,1.0
-0.5960843563079834,-0.05437871068716049,-0.8010782599449158,1.6566299200057983,-0.8025676012039185,0.06998179107904434,0.5924421548843384,0.17983785271644592,0.023844659328460693,0.9960649609565735,-0.0853576511144638,-1.4790376424789429,0.0,0.0,0.0,1.0
-0.5985003709793091,-0.05660615488886833,-0.7991201877593994,1.648564338684082,-0.8007843494415283,0.07125135511159897,0.5946996212005615,0.18871015310287476,0.023274749517440796,0.9958508014678955,-0.08797329664230347,-1.5065884590148926,0.0,0.0,0.0,1.0
-0.5866414904594421,-0.0601472407579422,-0.8076100945472717,1.6500786542892456,-0.8090125918388367,0.08877478539943695,0.5810487270355225,0.21785449981689453,0.03674693405628204,0.9942340850830078,-0.10073886066675186,-1.5659193992614746,0.0,0.0,0.0,1.0
-0.5818303823471069,-0.05628225952386856,-0.8113604187965393,1.6766784191131592,-0.8122395277023315,0.09138154238462448,0.5761218667030334,0.2232980877161026,0.04171791672706604,0.9942241907119751,-0.09888322651386261,-1.5890132188796997,0.0,0.0,0.0,1.0
-0.5851659774780273,-0.046135932207107544,-0.8096000552177429,1.7633503675460815,-0.809409499168396,0.094009168446064,0.5796710252761841,0.18679098784923553,0.04936616122722626,0.9945017099380493,-0.09235382825136185,-1.6182867288589478,0.0,0.0,0.0,1.0
-0.5873658657073975,-0.04248853772878647,-0.8082054853439331,1.8016084432601929,-0.8078919649124146,0.09011086821556091,0.5824007391929626,0.1715802401304245,0.04808273911476135,0.9950249791145325,-0.08725419640541077,-1.6238678693771362,0.0,0.0,0.0,1.0
-0.5932338237762451,-0.04725194722414017,-0.803642213344574,1.793086051940918,-0.803717315196991,0.09175146371126175,0.5878946185112,0.21472766995429993,0.045956164598464966,0.9946601390838623,-0.09240728616714478,-1.6274369955062866,0.0,0.0,0.0,1.0
-0.5743756890296936,-0.07139351218938828,-0.8154726028442383,1.8921757936477661,-0.8184080719947815,0.07119036465883255,0.5702106356620789,0.23960962891578674,0.017344467341899872,0.9949044585227966,-0.09931904077529907,-1.6222238540649414,0.0,0.0,0.0,1.0
-0.6045165657997131,-0.0753316879272461,-0.793022632598877,1.8936115503311157,-0.7965296506881714,0.04464846849441528,0.6029486656188965,0.19930803775787354,-0.010013900697231293,0.9961584806442261,-0.08699466288089752,-1.4496793746948242,0.0,0.0,0.0,1.0
-0.6110426187515259,-0.07510434836149216,-0.7880268096923828,1.85658597946167,-0.7914814949035645,0.04090245068073273,0.6098231077194214,0.19021522998809814,-0.013568133115768433,0.9963364601135254,-0.08443683385848999,-1.450119972229004,0.0,0.0,0.0,1.0
-0.6160662174224854,-0.06914816796779633,-0.78465336561203,1.8091760873794556,-0.7876249551773071,0.04085340350866318,0.6147990822792053,0.1877775341272354,-0.010456472635269165,0.9967694878578186,-0.07963123172521591,-1.4402570724487305,0.0,0.0,0.0,1.0
-0.6177880167961121,-0.06963437050580978,-0.783255398273468,1.7642515897750854,-0.7862670421600342,0.040700480341911316,0.6165450215339661,0.21104885637760162,-0.01105385273694992,0.9967418909072876,-0.07989547401666641,-1.4401911497116089,0.0,0.0,0.0,1.0
-0.6112041473388672,-0.05698767304420471,-0.7894186973571777,1.7381086349487305,-0.7914442420005798,0.05250755697488785,0.6089819073677063,0.17429900169372559,0.006745986640453339,0.9969931840896606,-0.07719539850950241,-1.4372124671936035,0.0,0.0,0.0,1.0
-0.6098384261131287,-0.05532719939947128,-0.7905921339988708,1.7513726949691772,-0.7924791574478149,0.0533837154507637,0.6075581312179565,0.1549663543701172,0.008590251207351685,0.9970401525497437,-0.07640109956264496,-1.4331384897232056,0.0,0.0,0.0,1.0
-0.6120331287384033,-0.052314091473817825,-0.7890998721122742,1.7363189458847046,-0.790766179561615,0.053366780281066895,0.6097875833511353,0.158566415309906,0.010211244225502014,0.9972036480903625,-0.07403045892715454,-1.4338126182556152,0.0,0.0,0.0,1.0
-0.6136049032211304,-0.04932476207613945,-0.7880711555480957,1.7295925617218018,-0.7895120978355408,0.05429569631814957,0.6113285422325134,0.15353789925575256,0.012635238468647003,0.9973058700561523,-0.0722586065530777,-1.4318344593048096,0.0,0.0,0.0,1.0
-0.6149130463600159,-0.04720912501215935,-0.7871806025505066,1.719007968902588,-0.7885035276412964,0.052006881684064865,0.612827479839325,0.13976778090000153,0.012007758021354675,0.9975302219390869,-0.06920427083969116,-1.4257521629333496,0.0,0.0,0.0,1.0
-0.6134433150291443,-0.04354608803987503,-0.788537323474884,1.727286458015442,-0.7895464301109314,0.055855732411146164,0.6111437678337097,0.13417042791843414,0.017431415617465973,0.9974887371063232,-0.06864598393440247,-1.439409852027893,0.0,0.0,0.0,1.0
-0.5613227486610413,-0.043691206723451614,-0.8264428973197937,1.843024730682373,-0.8275826573371887,0.03551150858402252,0.5602194666862488,0.12276158481836319,0.004871562123298645,0.9984137415885925,-0.05609149858355522,-1.8766686916351318,0.0,0.0,0.0,1.0
-0.5606194734573364,-0.07127710431814194,-0.8250002264976501,2.02099347114563,-0.8278599977493286,0.025617659091949463,0.5603495240211487,0.1864774376153946,-0.01880551129579544,0.9971275925636292,-0.07336922734975815,-1.8856478929519653,0.0,0.0,0.0,1.0
-0.5597061514854431,-0.06811119616031647,-0.8258873224258423,2.022228717803955,-0.8285223841667175,0.025884680449962616,0.5593572854995728,0.1786210685968399,-0.016720660030841827,0.9973418712615967,-0.070919468998909,-1.8820178508758545,0.0,0.0,0.0,1.0
-0.5587299466133118,-0.06813880801200867,-0.826545774936676,2.0252273082733154,-0.829204797744751,0.027273863554000854,0.5582790374755859,0.17784488201141357,-0.015497379004955292,0.9973030090332031,-0.07173974812030792,-1.88407564163208,0.0,0.0,0.0,1.0
-0.5613560080528259,-0.07255984097719193,-0.8243873715400696,2.0128695964813232,-0.8273369073867798,0.025338783860206604,0.5611341595649719,0.18049880862236023,-0.01982683688402176,0.9970421195030212,-0.07425551116466522,-1.8873604536056519,0.0,0.0,0.0,1.0
-0.5617185235023499,-0.07418198883533478,-0.8239959478378296,2.0148098468780518,-0.8270379304885864,0.023960769176483154,0.5616351366043091,0.1875169724225998,-0.02191963791847229,0.9969568252563477,-0.07481051981449127,-1.8876310586929321,0.0,0.0,0.0,1.0
-0.5626350045204163,-0.07324430346488953,-0.8234543800354004,2.01008939743042,-0.8264187574386597,0.023602083325386047,0.5625610947608948,0.17275622487068176,-0.021769165992736816,0.9970347285270691,-0.07380981743335724,-1.894566535949707,0.0,0.0,0.0,1.0
-0.5640529990196228,-0.076252780854702,-0.8222102522850037,2.004296064376831,-0.8253251314163208,0.02055761218070984,0.5642833709716797,0.17897893488407135,-0.026125505566596985,0.9968765377998352,-0.07452892512083054,-1.8845806121826172,0.0,0.0,0.0,1.0
-0.5639616250991821,-0.07654878497123718,-0.8222454786300659,1.9948132038116455,-0.8254292011260986,0.022378303110599518,0.5640619397163391,0.17283302545547485,-0.02477779984474182,0.9968146681785583,-0.07580610364675522,-1.8881545066833496,0.0,0.0,0.0,1.0
-0.5648157000541687,-0.07738126814365387,-0.8215810060501099,1.9970014095306396,-0.8247827291488647,0.020640738308429718,0.565072774887085,0.18183177709579468,-0.02676800638437271,0.9967878460884094,-0.07548095285892487,-1.8885070085525513,0.0,0.0,0.0,1.0
-0.562780499458313,-0.07558689266443253,-0.8231431841850281,2.0081279277801514,-0.8262961506843567,0.024163812398910522,0.5627172589302063,0.1677761971950531,-0.022643767297267914,0.9968463778495789,-0.0760560855269432,-1.8902442455291748,0.0,0.0,0.0,1.0
-0.5519992113113403,-0.04826948046684265,-0.8324463367462158,2.1191532611846924,-0.8330154418945312,-0.012585699558258057,0.553106427192688,0.2921760678291321,-0.03717508167028427,0.9987550377845764,-0.03326192498207092,-1.9481401443481445,0.0,0.0,0.0,1.0
-0.5488499402999878,-0.04490089789032936,-0.8347141146659851,2.154801607131958,-0.8351278305053711,-0.014034908264875412,0.549876868724823,0.2942618131637573,-0.03640510141849518,0.9988928437232971,-0.029794927686452866,-1.9513829946517944,0.0,0.0,0.0,1.0
-0.5482956171035767,-0.04402657970786095,-0.8351248502731323,2.152538776397705,-0.8355712890625,-0.012393787503242493,0.5492421388626099,0.2934733033180237,-0.034531619399785995,0.9989534020423889,-0.029991883784532547,-1.9499143362045288,0.0,0.0,0.0,1.0
-0.5493008494377136,-0.04501992091536522,-0.8344110250473022,2.1474618911743164,-0.8348506093025208,-0.013401784002780914,0.5503132939338684,0.2923113703727722,-0.035957664251327515,0.9988961219787598,-0.030223296955227852,-1.9496303796768188,0.0,0.0,0.0,1.0
-0.549675703048706,-0.04565113037824631,-0.834129810333252,2.149729013442993,-0.8345868587493896,-0.013436943292617798,0.5507123470306396,0.303754985332489,-0.03634878993034363,0.9988669753074646,-0.030713874846696854,-1.9445717334747314,0.0,0.0,0.0,1.0
-0.5482252240180969,-0.04468689486384392,-0.8351360559463501,2.1480047702789307,-0.8356395363807678,-0.011321701109409332,0.5491615533828735,0.2936939299106598,-0.033995483070611954,0.9989368915557861,-0.03113529458642006,-1.953832983970642,0.0,0.0,0.0,1.0
-0.5480138659477234,-0.04386640712618828,-0.8353182673454285,2.144611358642578,-0.8358280658721924,-0.010377489030361176,0.5488932728767395,0.29826050996780396,-0.03274647146463394,0.9989835023880005,-0.030977768823504448,-1.955367922782898,0.0,0.0,0.0,1.0
-0.5483744144439697,-0.04573434218764305,-0.834981381893158,2.137725591659546,-0.8355149626731873,-0.011401411145925522,0.5493493676185608,0.30008408427238464,-0.03464409336447716,0.9988885521888733,-0.03195948526263237,-1.9512474536895752,0.0,0.0,0.0,1.0
-0.5476325154304504,-0.045137278735637665,-0.8355005979537964,2.159606456756592,-0.8360071778297424,-0.011660456657409668,0.5485945343971252,0.2950560748577118,-0.03450438007712364,0.9989126920700073,-0.03134944289922714,-1.9535037279129028,0.0,0.0,0.0,1.0
-0.548234224319458,-0.04561472311615944,-0.8350799679756165,2.163989782333374,-0.8355635404586792,-0.012720871716737747,0.5492465496063232,0.2991744875907898,-0.03567666932940483,0.9988781213760376,-0.031139981001615524,-1.9545930624008179,0.0,0.0,0.0,1.0
-0.5481035709381104,-0.04658415913581848,-0.8351122140884399,2.1582717895507812,-0.8355499505996704,-0.014784276485443115,0.54921555519104,0.2947900593280792,-0.03793127462267876,0.9988049864768982,-0.030820071697235107,-1.9582271575927734,0.0,0.0,0.0,1.0
-0.5374000668525696,-0.05535239353775978,-0.8415089249610901,2.1745550632476807,-0.8386628031730652,-0.06972923129796982,0.5401690602302551,0.30291998386383057,-0.08857741951942444,0.9960291385650635,-0.00894949771463871,-1.8694275617599487,0.0,0.0,0.0,1.0
-0.5357004404067993,-0.05069785565137863,-0.8428847789764404,2.207366943359375,-0.8400529623031616,-0.06925271451473236,0.5380660891532898,0.2749892473220825,-0.08565086126327515,0.9963101148605347,-0.005490168929100037,-1.8753979206085205,0.0,0.0,0.0,1.0
-0.5341123938560486,-0.04791794344782829,-0.8440544009208679,2.2194931507110596,-0.8410879969596863,-0.07074756920337677,0.5362516641616821,0.2663216292858124,-0.08541087806224823,0.996342658996582,-0.0025160484947264194,-1.8855454921722412,0.0,0.0,0.0,1.0
-0.532443106174469,-0.04482484608888626,-0.8452780842781067,2.2573025226593018,-0.842570960521698,-0.06761955469846725,0.5343236923217773,0.232661172747612,-0.08110830932855606,0.9967037439346313,-0.001764546032063663,-1.8841367959976196,0.0,0.0,0.0,1.0
-0.5304948091506958,-0.04371137544512749,-0.8465604186058044,2.2618212699890137,-0.8442453145980835,-0.0626714825630188,0.5322800278663635,0.2226329743862152,-0.07632189244031906,0.9970764517784119,-0.003656226908788085,-1.8841814994812012,0.0,0.0,0.0,1.0
-0.5230808258056641,-0.045417897403240204,-0.8510720133781433,2.2878453731536865,-0.8486298322677612,-0.06460226327180862,0.5250273942947388,0.19705432653427124,-0.07882682979106903,0.9968770146369934,-0.0047507802955806255,-1.891280174255371,0.0,0.0,0.0,1.0
-0.5184970498085022,-0.0476779043674469,-0.85374915599823,2.2909629344940186,-0.8511961698532104,-0.06626750528812408,0.5206473469734192,0.1856752336025238,-0.08139920234680176,0.9966620802879333,-0.0062237391248345375,-1.8958947658538818,0.0,0.0,0.0,1.0
-0.514868438243866,-0.04892030358314514,-0.8558722734451294,2.3092470169067383,-0.8533827066421509,-0.065711110830307,0.517126739025116,0.1762712299823761,-0.08153831213712692,0.996638834476471,-0.007915163412690163,-1.8968005180358887,0.0,0.0,0.0,1.0
-0.5111907720565796,-0.04789740592241287,-0.8581315875053406,2.327988386154175,-0.8554322123527527,-0.06828126311302185,0.5133939385414124,0.16871151328086853,-0.08318454027175903,0.996515691280365,-0.00606823293492198,-1.8932546377182007,0.0,0.0,0.0,1.0
-0.5065126419067383,-0.052038926631212234,-0.86066073179245,2.339857816696167,-0.8582889437675476,-0.06492752581834793,0.5090426206588745,0.17537404596805573,-0.08237060159444809,0.996532142162323,-0.011777826584875584,-1.890490174293518,0.0,0.0,0.0,1.0
-0.5051155686378479,-0.05010691285133362,-0.8615959286689758,2.3121724128723145,-0.8591398596763611,-0.06575002521276474,0.5074994564056396,0.1897692084312439,-0.08207918703556061,0.996577262878418,-0.009837486781179905,-1.875828504562378,0.0,0.0,0.0,1.0
-0.5060622692108154,-0.05528963357210159,-0.8607229590415955,2.3515257835388184,-0.8551195859909058,-0.09808117151260376,0.5090681910514832,0.19279853999614716,-0.11256691068410873,0.9936413168907166,0.0023559334222227335,-1.792578935623169,0.0,0.0,0.0,1.0
-0.5265299081802368,-0.07294495403766632,-0.8470214009284973,2.1756045818328857,-0.841740071773529,-0.09511639177799225,0.5314382314682007,0.25029757618904114,-0.11933135986328125,0.9927899837493896,-0.01131906546652317,-1.7702620029449463,0.0,0.0,0.0,1.0
-0.5291659235954285,-0.06876296550035477,-0.8457275032997131,2.164206027984619,-0.8417769074440002,-0.0828481987118721,0.5334302186965942,0.22911253571510315,-0.10674723982810974,0.9941869974136353,-0.014042628929018974,-1.7739036083221436,0.0,0.0,0.0,1.0
-0.5268004536628723,-0.06940551847219467,-0.8471506237983704,2.135162353515625,-0.8438721895217896,-0.07664738595485687,0.5310413837432861,0.24436882138252258,-0.10178906470537186,0.9946396350860596,-0.018191512674093246,-1.7696164846420288,0.0,0.0,0.0,1.0
-0.5284163355827332,-0.06275118142366409,-0.8466631174087524,2.126607894897461,-0.8435604572296143,-0.07375095784664154,0.5319460034370422,0.23674720525741577,-0.09582246094942093,0.9953004717826843,-0.013963199220597744,-1.7638576030731201,0.0,0.0,0.0,1.0
-0.5283418893814087,-0.060111839324235916,-0.8469010591506958,2.1120059490203857,-0.8442022800445557,-0.06904704868793488,0.5315591096878052,0.24146410822868347,-0.09042900800704956,0.9958007335662842,-0.014266105368733406,-1.7612653970718384,0.0,0.0,0.0,1.0
-0.5278588533401489,-0.057023245841264725,-0.8474156856536865,2.111464738845825,-0.8446986675262451,-0.06882965564727783,0.530798077583313,0.23615214228630066,-0.08859515935182571,0.9959973692893982,-0.011835113167762756,-1.7668780088424683,0.0,0.0,0.0,1.0
-0.5216353535652161,-0.04109623655676842,-0.8521782159805298,2.136406421661377,-0.8497055172920227,-0.06488008052110672,0.5232506394386292,0.18042519688606262,-0.07679301500320435,0.9970464706420898,-0.001075953827239573,-1.773056983947754,0.0,0.0,0.0,1.0
-0.51778244972229,-0.03508647158741951,-0.8547924757003784,2.1513452529907227,-0.8527410626411438,-0.0591893307864666,0.5189694166183472,0.16645704209804535,-0.06880340725183487,0.9976300001144409,0.0007275216630659997,-1.7813265323638916,0.0,0.0,0.0,1.0
-0.5128048658370972,-0.033259615302085876,-0.8578606843948364,2.141334056854248,-0.8565285205841064,-0.04794862121343613,0.5138675570487976,0.164155974984169,-0.05822427198290825,0.9982959032058716,-0.0038995228242129087,-1.7782131433486938,0.0,0.0,0.0,1.0
-0.511345624923706,-0.035827577114105225,-0.85862797498703,2.1400506496429443,-0.8571975231170654,-0.04981876164674759,0.5125724673271179,0.16101890802383423,-0.061140015721321106,0.9981154799461365,-0.005236704833805561,-1.763512372970581,0.0,0.0,0.0,1.0
-0.4720912277698517,-0.037285394966602325,-0.8807608485221863,2.3451879024505615,-0.8773748278617859,-0.07724850624799728,0.47354644536972046,0.023623384535312653,-0.08569382131099701,0.996314525604248,0.0037550744600594044,-1.4743832349777222,0.0,0.0,0.0,1.0
-0.47945907711982727,-0.06940390169620514,-0.8748154640197754,2.3852360248565674,-0.8675702810287476,-0.11253030598163605,0.4844158887863159,0.09376087784767151,-0.1320636123418808,0.9912214875221252,-0.006259090732783079,-1.5228581428527832,0.0,0.0,0.0,1.0
-0.4798677861690521,-0.07278028875589371,-0.8743168115615845,2.3623878955841064,-0.8672505617141724,-0.11135575920343399,0.4852590262889862,0.10587136447429657,-0.13267751038074493,0.9911119341850281,-0.009682701900601387,-1.512440800666809,0.0,0.0,0.0,1.0
-0.48106393218040466,-0.07191379368305206,-0.8737310171127319,2.3365981578826904,-0.8673478960990906,-0.10603129863739014,0.4862765967845917,0.12380571663379669,-0.12761282920837402,0.9917588829994202,-0.011366445571184158,-1.506056785583496,0.0,0.0,0.0,1.0
-0.48196402192115784,-0.06962268054485321,-0.8734204769134521,2.3581459522247314,-0.8673635721206665,-0.10323202610015869,0.4868506193161011,0.10575045645236969,-0.12406082451343536,0.9922176003456116,-0.010634053498506546,-1.5105489492416382,0.0,0.0,0.0,1.0
-0.47789323329925537,-0.0657355859875679,-0.8759548664093018,2.3780133724212646,-0.8700829148292542,-0.10162200778722763,0.48231589794158936,0.08541670441627502,-0.12072160840034485,0.9926488399505615,-0.008630942553281784,-1.5195648670196533,0.0,0.0,0.0,1.0
-0.4764595627784729,-0.06512279063463211,-0.8767812252044678,2.385823965072632,-0.870857298374176,-0.10206995904445648,0.4808215796947479,0.07878769934177399,-0.12080547213554382,0.9926433563232422,-0.008080440573394299,-1.5214225053787231,0.0,0.0,0.0,1.0
-0.47900596261024475,-0.06402638554573059,-0.8754735589027405,2.410210609436035,-0.8688232898712158,-0.10777809470891953,0.4832494854927063,0.07672804594039917,-0.12529757618904114,0.9921111464500427,-0.004001263994723558,-1.5286356210708618,0.0,0.0,0.0,1.0
-0.4834349453449249,-0.0637739971280098,-0.8730541467666626,2.405836582183838,-0.8673191666603088,-0.10014227777719498,0.4875744879245758,0.06758298724889755,-0.11852419376373291,0.9929271340370178,-0.006900137290358543,-1.5326955318450928,0.0,0.0,0.0,1.0
-0.48386502265930176,-0.06392662227153778,-0.8728047013282776,2.4175870418548584,-0.8668782711029053,-0.1017279326915741,0.4880303144454956,0.05937798693776131,-0.11998674273490906,0.992756187915802,-0.00619401503354311,-1.5341362953186035,0.0,0.0,0.0,1.0
-0.48239409923553467,-0.06920912861824036,-0.873215913772583,2.4306375980377197,-0.8675815463066101,-0.09975185245275497,0.48718759417533875,0.054086051881313324,-0.1208227351307869,0.9926024079322815,-0.011924856342375278,-1.5416903495788574,0.0,0.0,0.0,1.0
-0.4511411190032959,-0.05426900461316109,-0.8908010721206665,2.4206736087799072,-0.8892989158630371,-0.05650266259908676,0.4538225829601288,0.0768313780426979,-0.07496113330125809,0.996926486492157,-0.02277068980038166,-1.4539802074432373,0.0,0.0,0.0,1.0
-0.4475308954715729,-0.05214816704392433,-0.8927466869354248,2.3781235218048096,-0.8894042372703552,-0.07802662253379822,0.45041313767433167,0.13905607163906097,-0.09314622730016708,0.9955864548683167,-0.011461475864052773,-1.4307081699371338,0.0,0.0,0.0,1.0
-0.44839900732040405,-0.052258532494306564,-0.892304539680481,2.381157159805298,-0.8892217874526978,-0.0751970112323761,0.45125383138656616,0.12938930094242096,-0.09068049490451813,0.9957984089851379,-0.012751162052154541,-1.4281083345413208,0.0,0.0,0.0,1.0
-0.44940119981765747,-0.052330151200294495,-0.8917959928512573,2.3800225257873535,-0.8887119889259338,-0.07518534362316132,0.4522589147090912,0.13276547193527222,-0.09071676433086395,0.995795488357544,-0.012718051671981812,-1.4276748895645142,0.0,0.0,0.0,1.0
-0.449814110994339,-0.05256825312972069,-0.8915737867355347,2.384484052658081,-0.8888468742370605,-0.071210578083992,0.4526370167732239,0.12550216913223267,-0.08728381991386414,0.9960750937461853,-0.014693608507514,-1.421906590461731,0.0,0.0,0.0,1.0
-0.4495297372341156,-0.056323692202568054,-0.8914878964424133,2.38044810295105,-0.8889417052268982,-0.06986787915229797,0.45266005396842957,0.13117055594921112,-0.08778185397386551,0.9959648847579956,-0.018660787492990494,-1.4219653606414795,0.0,0.0,0.0,1.0
-0.4507981240749359,-0.056720394641160965,-0.8908219933509827,2.3855202198028564,-0.8883798122406006,-0.06871648132801056,0.4539375901222229,0.12444303929805756,-0.08696167171001434,0.9960224628448486,-0.01941199041903019,-1.4162845611572266,0.0,0.0,0.0,1.0
-0.45164114236831665,-0.05550634115934372,-0.8904713988304138,2.3861918449401855,-0.8881101608276367,-0.06748230755329132,0.454649955034256,0.124715156853199,-0.08532702922821045,0.9961752891540527,-0.018817957490682602,-1.4171910285949707,0.0,0.0,0.0,1.0
-0.45159265398979187,-0.05654815211892128,-0.8904304504394531,2.391855001449585,-0.8881834149360657,-0.0663817822933197,0.45466873049736023,0.12520235776901245,-0.08481903374195099,0.99619060754776,-0.020247608423233032,-1.4130786657333374,0.0,0.0,0.0,1.0
-0.45005539059638977,-0.05680941417813301,-0.8911917805671692,2.4076426029205322,-0.889224112033844,-0.06317409127950668,0.45308879017829895,0.121946781873703,-0.08203993737697601,0.99638432264328,-0.022084463387727737,-1.4113283157348633,0.0,0.0,0.0,1.0
-0.45065751671791077,-0.057136937975883484,-0.8908665180206299,2.417710065841675,-0.8890363574028015,-0.06155478581786156,0.4536796510219574,0.12075820565223694,-0.0807589590549469,0.996466875076294,-0.023056691512465477,-1.4090602397918701,0.0,0.0,0.0,1.0
-0.42651617527008057,-0.07590989768505096,-0.9012888669967651,2.657470464706421,-0.9019611477851868,-0.03861860930919647,0.4300869107246399,0.1058373898267746,-0.06745437532663345,0.996366560459137,-0.05199631676077843,-1.3132342100143433,0.0,0.0,0.0,1.0
-0.4228862226009369,-0.0658380463719368,-0.9037879109382629,2.628511667251587,-0.9028435349464417,-0.05493041127920151,0.4264459013938904,0.12556566298007965,-0.07772181928157806,0.9963172078132629,-0.03621213510632515,-1.3248366117477417,0.0,0.0,0.0,1.0
-0.42299970984458923,-0.06787671893835068,-0.9035840034484863,2.6287612915039062,-0.9028992652893066,-0.05255676060914993,0.42662718892097473,0.1207316443324089,-0.076447494328022,0.996308445930481,-0.03905434161424637,-1.312986969947815,0.0,0.0,0.0,1.0
-0.42332983016967773,-0.07272573560476303,-0.9030519723892212,2.655461549758911,-0.902380645275116,-0.05486254394054413,0.4274333715438843,0.11659862101078033,-0.0806291401386261,0.9958418607711792,-0.04240134358406067,-1.3112562894821167,0.0,0.0,0.0,1.0
-0.4242429733276367,-0.07402806729078293,-0.9025174379348755,2.6573681831359863,-0.9017869234085083,-0.05620887875556946,0.42851004004478455,0.11411608755588531,-0.08245126903057098,0.9956708550453186,-0.04291132465004921,-1.3139700889587402,0.0,0.0,0.0,1.0
-0.4247773587703705,-0.0766424611210823,-0.9020477533340454,2.676572561264038,-0.9011290073394775,-0.05971702188253403,0.4294185936450958,0.10695609450340271,-0.08677930384874344,0.995268702507019,-0.043698303401470184,-1.3167308568954468,0.0,0.0,0.0,1.0
-0.42680156230926514,-0.07977430522441864,-0.9008198976516724,2.7076313495635986,-0.8998997211456299,-0.06118256598711014,0.4317837655544281,0.10295578092336655,-0.08955971896648407,0.994933545589447,-0.04567606374621391,-1.3092440366744995,0.0,0.0,0.0,1.0
-0.4295361638069153,-0.08128054440021515,-0.8993843197822571,2.7378945350646973,-0.8987746834754944,-0.0583142414689064,0.4345151484012604,0.09533882886171341,-0.08776456117630005,0.9949838519096375,-0.04800482466816902,-1.305955410003662,0.0,0.0,0.0,1.0
-0.43012353777885437,-0.07754248380661011,-0.8994336724281311,2.77803897857666,-0.8991632461547852,-0.0521729439496994,0.43449220061302185,0.08881799876689911,-0.08061771094799042,0.995622992515564,-0.04728253558278084,-1.298338532447815,0.0,0.0,0.0,1.0
-0.4324496388435364,-0.0762564167380333,-0.8984276652336121,2.7882630825042725,-0.8981128334999084,-0.051842570304870605,0.43669840693473816,0.08495758473873138,-0.07987786084413528,0.9957395792007446,-0.04606756940484047,-1.2974447011947632,0.0,0.0,0.0,1.0
-0.4305611848831177,-0.07798667252063751,-0.899185836315155,2.8037972450256348,-0.8989233374595642,-0.052308060228824615,0.4349721670150757,0.0768980085849762,-0.08095669746398926,0.9955812096595764,-0.04758221656084061,-1.300864577293396,0.0,0.0,0.0,1.0
-0.402888685464859,-0.09353449940681458,-0.9104570150375366,2.8671412467956543,-0.9124644994735718,-0.03648871183395386,0.4075256288051605,0.0525074303150177,-0.07133910059928894,0.9949471950531006,-0.0706460177898407,-1.2996746301651,0.0,0.0,0.0,1.0
-0.3959997594356537,-0.09162259101867676,-0.913668155670166,2.6923139095306396,-0.9150437116622925,-0.04371058940887451,0.40097925066947937,0.08766162395477295,-0.07667571306228638,0.9948339462280273,-0.0665292888879776,-1.3407834768295288,0.0,0.0,0.0,1.0
-0.39584681391716003,-0.09118261188268661,-0.9137784242630005,2.7131543159484863,-0.914964497089386,-0.04578074812889099,0.40092891454696655,0.08711006492376328,-0.07839120924472809,0.9947812557220459,-0.06530669331550598,-1.3376411199569702,0.0,0.0,0.0,1.0
-0.3979499340057373,-0.08819296211004257,-0.9131581783294678,2.725656747817993,-0.9143205881118774,-0.04345408082008362,0.402653306722641,0.08266943693161011,-0.07519161701202393,0.9951551556587219,-0.0633440911769867,-1.336258888244629,0.0,0.0,0.0,1.0
-0.39851149916648865,-0.0858428105711937,-0.9131372570991516,2.7315900325775146,-0.9143249988555908,-0.04108321666717529,0.40289202332496643,0.08201971650123596,-0.07210001349449158,0.9954613447189331,-0.06211609020829201,-1.3329776525497437,0.0,0.0,0.0,1.0
-0.3995724022388458,-0.08122476190328598,-0.9130960702896118,2.7298641204833984,-0.9143065810203552,-0.03664363920688629,0.4033617675304413,0.07348131388425827,-0.06622211635112762,0.9960219264030457,-0.05962255224585533,-1.3284319639205933,0.0,0.0,0.0,1.0
-0.3996281921863556,-0.07982661575078964,-0.9131949543952942,2.740980863571167,-0.914591372013092,-0.03244505822658539,0.4030754864215851,0.05420317500829697,-0.061804816126823425,0.9962805509567261,-0.06004278361797333,-1.3178199529647827,0.0,0.0,0.0,1.0
-0.4015531539916992,-0.07332108914852142,-0.9128959774971008,2.7446391582489014,-0.9142508506774902,-0.026523128151893616,0.4042793810367584,0.02689623087644577,-0.05385509133338928,0.9969556331634521,-0.056383416056632996,-1.3100298643112183,0.0,0.0,0.0,1.0
-0.4015929400920868,-0.07112807035446167,-0.913051962852478,2.7510461807250977,-0.9143543243408203,-0.025209546089172363,0.40412959456443787,0.025349125266075134,-0.05176258087158203,0.9971485733985901,-0.05491228029131889,-1.3098499774932861,0.0,0.0,0.0,1.0
-0.4038026034832001,-0.06993338465690613,-0.9121692776679993,2.7468340396881104,-0.9133484959602356,-0.026212409138679504,0.40633425116539,0.019905678927898407,-0.05232648551464081,0.9972071647644043,-0.05328890681266785,-1.3110692501068115,0.0,0.0,0.0,1.0
-0.40472930669784546,-0.07113225013017654,-0.9116657376289368,2.754263401031494,-0.9130139946937561,-0.024154916405677795,0.4072125256061554,0.014898084104061127,-0.05098715424537659,0.9971744418144226,-0.05516853556036949,-1.3126682043075562,0.0,0.0,0.0,1.0
-0.38071656227111816,-0.08080728352069855,-0.9211542010307312,2.9611783027648926,-0.9233105778694153,-0.02120724320411682,0.3834681808948517,-0.08828170597553253,-0.05052214860916138,0.9965040683746338,-0.06653627008199692,-1.1906665563583374,0.0,0.0,0.0,1.0
-0.3793783187866211,-0.10649755597114563,-0.9190921187400818,2.858341693878174,-0.9221360087394714,-0.037800148129463196,0.38501477241516113,0.006383747793734074,-0.07574495673179626,0.9935941696166992,-0.08386466652154922,-1.2154486179351807,0.0,0.0,0.0,1.0
-0.37888187170028687,-0.1079820841550827,-0.9191237092018127,2.8490219116210938,-0.922195553779602,-0.039101868867874146,0.38474202156066895,0.009037456475198269,-0.07748469710350037,0.9933835864067078,-0.08476561307907104,-1.2162147760391235,0.0,0.0,0.0,1.0
-0.37717947363853455,-0.10920193046331406,-0.919679582118988,2.8513922691345215,-0.9225007891654968,-0.04364851117134094,0.38351932168006897,0.013900338672101498,-0.08202369511127472,0.993060827255249,-0.08427554368972778,-1.2177621126174927,0.0,0.0,0.0,1.0
-0.3755626678466797,-0.10595104843378067,-0.9207209348678589,2.8458235263824463,-0.923038125038147,-0.04662203788757324,0.38187286257743835,0.023026306182146072,-0.08338572084903717,0.9932777285575867,-0.08028736710548401,-1.2265697717666626,0.0,0.0,0.0,1.0
-0.37897300720214844,-0.10675182938575745,-0.9192298650741577,2.8442986011505127,-0.9219773411750793,-0.041895002126693726,0.384971022605896,-0.0038900021463632584,-0.07960750162601471,0.9934026598930359,-0.0825456827878952,-1.2383047342300415,0.0,0.0,0.0,1.0
-0.39411482214927673,-0.0904606357216835,-0.9145984649658203,2.892641067504883,-0.9166832566261292,-0.032848507165908813,0.3982621431350708,-0.06642170250415802,-0.06607024371623993,0.9953581690788269,-0.06997767090797424,-1.248008370399475,0.0,0.0,0.0,1.0
-0.399138480424881,-0.09028754383325577,-0.912434458732605,2.897106409072876,-0.9142467975616455,-0.03632661700248718,0.4035259187221527,-0.07794293761253357,-0.06957900524139404,0.9952530264854431,-0.06804575771093369,-1.2603017091751099,0.0,0.0,0.0,1.0
-0.3959636688232422,-0.08659162372350693,-0.9141743183135986,2.9194228649139404,-0.9159652590751648,-0.033185750246047974,0.39988279342651367,-0.1018320694565773,-0.06496407091617584,0.9956910014152527,-0.06617457419633865,-1.264793872833252,0.0,0.0,0.0,1.0
-0.38958483934402466,-0.08785261958837509,-0.9167909026145935,2.9239158630371094,-0.9184548258781433,-0.03675748407840729,0.39381423592567444,-0.09818917512893677,-0.06829655170440674,0.9954550862312317,-0.06636850535869598,-1.2705122232437134,0.0,0.0,0.0,1.0
-0.3840808570384979,-0.0861702486872673,-0.9192696213722229,2.913048267364502,-0.9213361144065857,-0.02912655472755432,0.387674480676651,-0.07214031368494034,-0.0601811558008194,0.9958545565605164,-0.06820481270551682,-1.2729114294052124,0.0,0.0,0.0,1.0
-0.37145042419433594,-0.06242532655596733,-0.92635178565979,2.948732614517212,-0.9284242391586304,0.017150670289993286,0.3711256682872772,-0.05868197977542877,-0.007280081510543823,0.9979022741317749,-0.06432780623435974,-1.2699183225631714,0.0,0.0,0.0,1.0
-0.36072248220443726,-0.07198428362607956,-0.9298911690711975,2.927696704864502,-0.9323365092277527,0.0010439902544021606,0.36159026622772217,0.029314445331692696,-0.025058016180992126,0.9974052309989929,-0.06749016791582108,-1.2212468385696411,0.0,0.0,0.0,1.0
-0.3625926077365875,-0.07329317927360535,-0.9290611743927002,2.902538299560547,-0.9315977692604065,0.001187160611152649,0.36348891258239746,0.03914210945367813,-0.025538325309753418,0.9973097443580627,-0.06871021538972855,-1.2389822006225586,0.0,0.0,0.0,1.0
-0.36360085010528564,-0.07347036153078079,-0.9286530613899231,2.893156051635742,-0.9311435222625732,-0.0009582489728927612,0.36465173959732056,0.033543169498443604,-0.027680978178977966,0.9972969889640808,-0.06806302070617676,-1.2547262907028198,0.0,0.0,0.0,1.0
-0.3650619089603424,-0.06747876852750778,-0.9285345673561096,2.9219887256622314,-0.9308045506477356,0.006916269659996033,0.36545175313949585,0.03254043310880661,-0.01823824644088745,0.9976967573165894,-0.06533440947532654,-1.2510368824005127,0.0,0.0,0.0,1.0
-0.3639266788959503,-0.06411019712686539,-0.9292186498641968,2.9173529148101807,-0.9313453435897827,0.011789679527282715,0.36394619941711426,0.01802968420088291,-0.01237747073173523,0.9978731870651245,-0.06399931013584137,-1.2380863428115845,0.0,0.0,0.0,1.0
-0.36058005690574646,-0.06602569669485092,-0.9303884506225586,2.8927438259124756,-0.932661235332489,0.013567283749580383,0.3604981005191803,-0.0029200848657637835,-0.011179283261299133,0.9977256655693054,-0.06647169589996338,-1.2221057415008545,0.0,0.0,0.0,1.0
-0.36435216665267944,-0.07043757289648056,-0.9285935759544373,2.875063419342041,-0.9311633110046387,0.013098493218421936,0.36436688899993896,0.0017208296339958906,-0.013501927256584167,0.9974302053451538,-0.07036135345697403,-1.2267074584960938,0.0,0.0,0.0,1.0
-0.3642142415046692,-0.07139121741056442,-0.9285748600959778,2.8604345321655273,-0.9312865138053894,0.020096585154533386,0.36373278498649597,-0.012268896214663982,-0.007306143641471863,0.9972459077835083,-0.07380513846874237,-1.214953899383545,0.0,0.0,0.0,1.0
-0.36355289816856384,-0.07434213906526566,-0.9286024570465088,2.8641669750213623,-0.9315735101699829,0.028703108429908752,0.36241814494132996,-0.014951870776712894,-0.0002891719341278076,0.9968196153640747,-0.07969026267528534,-1.2055364847183228,0.0,0.0,0.0,1.0
-0.361543744802475,-0.07688575983047485,-0.9291796088218689,2.8535494804382324,-0.9323434829711914,0.03479465842247009,0.3598956763744354,-0.006355241872370243,0.004659637808799744,0.9964326024055481,-0.08426372706890106,-1.202802300453186,0.0,0.0,0.0,1.0
-0.3427810072898865,-0.05165967345237732,-0.9379938244819641,2.8687734603881836,-0.9373252391815186,0.08537714183330536,0.33783456683158875,0.1588129848241806,0.06263081729412079,0.9950085878372192,-0.0776875838637352,-1.300606608390808,0.0,0.0,0.0,1.0
-0.3482062518596649,-0.04614609479904175,-0.9362814426422119,2.940095901489258,-0.9368588328361511,0.051622457802295685,0.34587669372558594,0.1988178938627243,0.03237229585647583,0.9975999593734741,-0.061207640916109085,-1.2955129146575928,0.0,0.0,0.0,1.0
-0.34863829612731934,-0.046699341386556625,-0.9360932111740112,2.950023889541626,-0.9367702007293701,0.049559518694877625,0.34641802310943604,0.19820940494537354,0.030214831233024597,0.997678816318512,-0.061024896800518036,-1.2958918809890747,0.0,0.0,0.0,1.0
-0.3480135202407837,-0.04724445566534996,-0.9362983107566833,2.9487955570220947,-0.9370678067207336,0.04748038202524185,0.34590375423431396,0.19369818270206451,0.028113767504692078,0.9977542757987976,-0.060795076191425323,-1.3020249605178833,0.0,0.0,0.0,1.0
-0.3444657027721405,-0.04687298461794853,-0.9376280307769775,2.941791296005249,-0.9383878111839294,0.04674479365348816,0.34240803122520447,0.1981271207332611,0.02777954936027527,0.9978065490722656,-0.060087013989686966,-1.3041465282440186,0.0,0.0,0.0,1.0
-0.3467365503311157,-0.047620739787817,-0.9367529153823853,2.937500476837158,-0.9376088976860046,0.04502241313457489,0.3447646200656891,0.20375454425811768,0.025756925344467163,0.9978502988815308,-0.06026054546236992,-1.3112648725509644,0.0,0.0,0.0,1.0
-0.3488650918006897,-0.04645957425236702,-0.9360206723213196,2.9358253479003906,-0.9367470145225525,0.047396644949913025,0.34678325057029724,0.20772646367549896,0.02825285494327545,0.9977951049804688,-0.06005590409040451,-1.3111276626586914,0.0,0.0,0.0,1.0
-0.346981406211853,-0.05098694562911987,-0.9364850521087646,2.9457509517669678,-0.937473475933075,0.04796186089515686,0.34473636746406555,0.18950556218624115,0.02733851969242096,0.9975469708442688,-0.0644407868385315,-1.303454041481018,0.0,0.0,0.0,1.0
-0.35066571831703186,-0.04769902303814888,-0.9352851510047913,2.9355015754699707,-0.9360508918762207,0.04879756271839142,0.3484642207622528,0.20056819915771484,0.02901822328567505,0.9976690411567688,-0.061760351061820984,-1.3092526197433472,0.0,0.0,0.0,1.0
-0.35044342279434204,-0.04797321557998657,-0.935354471206665,2.955007314682007,-0.9360955953598022,0.05018755793571472,0.34814703464508057,0.19271044433116913,0.03024141490459442,0.9975870251655579,-0.062495410442352295,-1.3075618743896484,0.0,0.0,0.0,1.0
-0.35157373547554016,-0.04569170996546745,-0.9350444674491882,2.9307518005371094,-0.9355000853538513,0.05464973300695419,0.34907451272010803,0.2008315771818161,0.03515014052391052,0.9974595904350281,-0.061958011239767075,-1.3086574077606201,0.0,0.0,0.0,1.0
-0.3243628144264221,-0.03412921354174614,-0.9453168511390686,2.875113010406494,-0.9399601221084595,0.12375275045633316,0.3180568814277649,0.2598923146724701,0.10613053292036057,0.9917259812355042,-0.07222089171409607,-1.5101500749588013,0.0,0.0,0.0,1.0
-0.3293956518173218,-0.03958112746477127,-0.9433619976043701,2.944589376449585,-0.9383813738822937,0.12439727783203125,0.3224371671676636,0.23154985904693604,0.10458924621343613,0.9914426803588867,-0.07811811566352844,-1.5006309747695923,0.0,0.0,0.0,1.0
-0.33081185817718506,-0.04060535505414009,-0.9428227543830872,2.966972827911377,-0.937210202217102,0.1310744285583496,0.32319745421409607,0.20543690025806427,0.11045640707015991,0.990540623664856,-0.08141672611236572,-1.503989338874817,0.0,0.0,0.0,1.0
-0.3357323706150055,-0.03613372892141342,-0.9412640929222107,2.9625377655029297,-0.9347449541091919,0.13620072603225708,0.3281785845756531,0.20666447281837463,0.11634252965450287,0.9900221228599548,-0.07950281351804733,-1.515376091003418,0.0,0.0,0.0,1.0
-0.3407995402812958,-0.03808482363820076,-0.9393642544746399,3.002474784851074,-0.9328070282936096,0.13821741938591003,0.33281680941581726,0.19147391617298126,0.11716123670339584,0.9896693825721741,-0.0826302245259285,-1.5194498300552368,0.0,0.0,0.0,1.0
-0.3440592288970947,-0.03628094494342804,-0.9382467269897461,2.9912543296813965,-0.9318206310272217,0.13608130812644958,0.3364406228065491,0.19339118897914886,0.11547146737575531,0.9900330901145935,-0.08062736690044403,-1.5168139934539795,0.0,0.0,0.0,1.0
-0.34548577666282654,-0.03969984129071236,-0.937583863735199,3.0377120971679688,-0.9315281510353088,0.1354067325592041,0.3375208377838135,0.16003075242042542,0.1135556548833847,0.9899944067001343,-0.08376262336969376,-1.5130950212478638,0.0,0.0,0.0,1.0
-0.34565499424934387,-0.03758393973112106,-0.9376087188720703,3.0299038887023926,-0.9314725399017334,0.13459782302379608,0.33799752593040466,0.16137123107910156,0.1134968176484108,0.9901872873306274,-0.08153282105922699,-1.5135767459869385,0.0,0.0,0.0,1.0
-0.3482624590396881,-0.039371341466903687,-0.93656986951828,3.0373668670654297,-0.9304811954498291,0.13565978407859802,0.34029558300971985,0.15546126663684845,0.11365696042776108,0.9899728298187256,-0.0838795080780983,-1.5099077224731445,0.0,0.0,0.0,1.0
-0.3486434519290924,-0.0371822863817215,-0.936517596244812,3.026395797729492,-0.9302576780319214,0.13560214638710022,0.340929239988327,0.15724006295204163,0.11431726813316345,0.9900653958320618,-0.08186591416597366,-1.4974524974822998,0.0,0.0,0.0,1.0
-0.34940147399902344,-0.038092371076345444,-0.9361984729766846,3.030129909515381,-0.9301269054412842,0.13466650247573853,0.3416561186313629,0.1461409032344818,0.11306009441614151,0.9901584982872009,-0.08248341083526611,-1.5025947093963623,0.0,0.0,0.0,1.0
-0.33335986733436584,-0.023488745093345642,-0.9425070285797119,2.9779953956604004,-0.9289801120758057,0.17872121930122375,0.32412147521972656,0.10752120614051819,0.16083279252052307,0.9836193323135376,-0.08139906078577042,-1.477023959159851,0.0,0.0,0.0,1.0
-0.3014630973339081,-0.027512015774846077,-0.9530808329582214,2.8243775367736816,-0.9403874278068542,0.17364546656608582,0.2924356460571289,0.2561088800430298,0.15745265781879425,0.9844238758087158,-0.07821965962648392,-1.4527409076690674,0.0,0.0,0.0,1.0
-0.3026295602321625,-0.03062729723751545,-0.9526160359382629,2.8428919315338135,-0.9404621720314026,0.17187106609344482,0.2932426929473877,0.25417718291282654,0.1547459214925766,0.9846432209014893,-0.0808170810341835,-1.4531313180923462,0.0,0.0,0.0,1.0
-0.30396485328674316,-0.03272899612784386,-0.9521209001541138,2.8713760375976562,-0.9408083558082581,0.16761736571788788,0.2945915162563324,0.24827449023723602,0.149950310587883,0.9853087067604065,-0.08174150437116623,-1.4528915882110596,0.0,0.0,0.0,1.0
-0.30476388335227966,-0.03807341679930687,-0.9516666531562805,2.8872838020324707,-0.9410294890403748,0.16616180539131165,0.2947097420692444,0.2413998246192932,0.14691007137298584,0.985363245010376,-0.08646832406520844,-1.455601692199707,0.0,0.0,0.0,1.0
-0.31604939699172974,-0.032042913138866425,-0.9482014775276184,2.9310176372528076,-0.9383206963539124,0.15828827023506165,0.3074069321155548,0.23064666986465454,0.1402389407157898,0.9868728518486023,-0.08009344339370728,-1.4480758905410767,0.0,0.0,0.0,1.0
-0.3254980146884918,-0.029928511008620262,-0.9450689554214478,2.959127902984619,-0.9361592531204224,0.15066179633140564,0.3176582157611847,0.20515260100364685,0.13287875056266785,0.9881321787834167,-0.07705797255039215,-1.4444243907928467,0.0,0.0,0.0,1.0
-0.3319387137889862,-0.03198741376399994,-0.9427584409713745,2.9870054721832275,-0.9343815445899963,0.14826244115829468,0.32395878434181213,0.18551169335842133,0.12941305339336395,0.9884305596351624,-0.07910249382257462,-1.4330583810806274,0.0,0.0,0.0,1.0
-0.34427157044410706,-0.03951931744813919,-0.9380379915237427,3.0171682834625244,-0.9306231737136841,0.14649894833564758,0.3353782594203949,0.15686747431755066,0.12416765093803406,0.9884210824966431,-0.08721300959587097,-1.4142684936523438,0.0,0.0,0.0,1.0
-0.34638512134552,-0.04180468991398811,-0.9371604323387146,3.025646924972534,-0.9297698736190796,0.14807617664337158,0.33704814314842224,0.15036368370056152,0.12468092143535614,0.9880920052528381,-0.09016011655330658,-1.4098087549209595,0.0,0.0,0.0,1.0
-0.34740951657295227,-0.044179290533065796,-0.9366722106933594,3.0289177894592285,-0.9295086860656738,0.14807429909706116,0.3377684950828552,0.14701968431472778,0.1237746998667717,0.9879890084266663,-0.09250745177268982,-1.4041266441345215,0.0,0.0,0.0,1.0
-0.3604941666126251,-0.036259766668081284,-0.9320564270019531,3.246309280395508,-0.9173709154129028,0.19455412030220032,0.347245454788208,0.1186627596616745,0.16874441504478455,0.9802213907241821,-0.10339928418397903,-1.2178101539611816,0.0,0.0,0.0,1.0
-0.3078291714191437,-0.013785848394036293,-0.9513417482376099,3.0619616508483887,-0.9280968904495239,0.2244872748851776,0.2970547378063202,0.2097787708044052,0.2094689905643463,0.9743794798851013,-0.08189833909273148,-1.2694014310836792,0.0,0.0,0.0,1.0
-0.3073141276836395,-0.014504882507026196,-0.9514975547790527,3.0747106075286865,-0.9282501935958862,0.22474578022956848,0.2963796555995941,0.20602959394454956,0.20954611897468567,0.974309504032135,-0.08253172039985657,-1.2616058588027954,0.0,0.0,0.0,1.0
-0.30765819549560547,-0.016346216201782227,-0.9513565301895142,3.0943093299865723,-0.9284117221832275,0.22406631708145142,0.296388179063797,0.20125503838062286,0.20832210779190063,0.97443687915802,-0.08411184698343277,-1.2457773685455322,0.0,0.0,0.0,1.0
-0.30813470482826233,-0.0178777277469635,-0.9511747360229492,3.101825475692749,-0.9283697009086609,0.22404491901397705,0.2965359687805176,0.20081759989261627,0.20780445635318756,0.9744148850440979,-0.08563315123319626,-1.2380670309066772,0.0,0.0,0.0,1.0
-0.3068923354148865,-0.02289983630180359,-0.9514687061309814,3.1234400272369385,-0.9294270873069763,0.22243325412273407,0.2944294214248657,0.20080280303955078,0.20489588379859924,0.9746789932250977,-0.08954678475856781,-1.2192150354385376,0.0,0.0,0.0,1.0
-0.30835458636283875,-0.02543514035642147,-0.9509313702583313,3.135366916656494,-0.9296096563339233,0.2201707363128662,0.2955516278743744,0.20147423446178436,0.20184984803199768,0.9751296639442444,-0.09153540432453156,-1.2126861810684204,0.0,0.0,0.0,1.0
-0.30897676944732666,-0.027604039758443832,-0.9506689310073853,3.1398558616638184,-0.9300050139427185,0.21798019111156464,0.2959314286708832,0.20055623352527618,0.19905808568000793,0.9755627512931824,-0.09302271157503128,-1.2026864290237427,0.0,0.0,0.0,1.0
-0.3085193932056427,-0.029596082866191864,-0.9507575035095215,3.1471128463745117,-0.9309065341949463,0.21484370529651642,0.29538992047309875,0.19848939776420593,0.19552186131477356,0.9761999249458313,-0.09383464604616165,-1.1845898628234863,0.0,0.0,0.0,1.0
-0.3081384003162384,-0.03095460683107376,-0.9508377909660339,3.155555486679077,-0.9312887191772461,0.213943213224411,0.29483821988105774,0.19509319961071014,0.19429868459701538,0.9763554930686951,-0.09475180506706238,-1.1808587312698364,0.0,0.0,0.0,1.0
-0.30840593576431274,-0.029698660597205162,-0.9507911205291748,3.149456739425659,-0.9310740232467651,0.2142142951488495,0.29531916975975037,0.20073829591274261,0.1949024796485901,0.9763351082801819,-0.09371660649776459,-1.1797373294830322,0.0,0.0,0.0,1.0
-0.3077484667301178,-0.02986396849155426,-0.9509989619255066,3.1526925563812256,-0.931259036064148,0.2143605351448059,0.29462897777557373,0.19808058440685272,0.19505786895751953,0.9762979745864868,-0.09378021210432053,-1.1820369958877563,0.0,0.0,0.0,1.0
-0.3083241581916809,-0.013883514329791069,-0.9511800408363342,3.049905776977539,-0.9279149174690247,0.22464488446712494,0.29750385880470276,0.21142305433750153,0.20954731106758118,0.9743418097496033,-0.08214616030454636,-1.2801381349563599,0.0,0.0,0.0,1.0
-0.30828794836997986,-0.013631260022521019,-0.9511954188346863,3.0413689613342285,-0.9281486868858337,0.22352933883666992,0.29761502146720886,0.21567346155643463,0.20856322348117828,0.9746018648147583,-0.08156324177980423,-1.2783215045928955,0.0,0.0,0.0,1.0
-0.30700206756591797,-0.011323172599077225,-0.9516414999961853,3.04532527923584,-0.9287742376327515,0.2217598706483841,0.2969864010810852,0.20671850442886353,0.2076730728149414,0.975035548210144,-0.07859741151332855,-1.278090000152588,0.0,0.0,0.0,1.0
-0.3075207471847534,-0.011413886211812496,-0.9514729380607605,3.048006057739258,-0.9286796450614929,0.22147180140018463,0.29749706387519836,0.20701384544372559,0.20732882618904114,0.975100040435791,-0.0787070170044899,-1.2789005041122437,0.0,0.0,0.0,1.0
-0.3073677718639374,-0.012046544812619686,-0.9515145421028137,3.0483973026275635,-0.928630530834198,0.22212430834770203,0.29716336727142334,0.20702318847179413,0.20777472853660583,0.9749439358711243,-0.07946065068244934,-1.283149003982544,0.0,0.0,0.0,1.0
-0.3086487948894501,-0.013827051036059856,-0.951075553894043,3.0450148582458496,-0.9274465441703796,0.2263263761997223,0.29769012331962585,0.2148461490869522,0.2111373096704483,0.973953366279602,-0.08267921954393387,-1.2807753086090088,0.0,0.0,0.0,1.0
-0.30905333161354065,-0.015496836043894291,-0.950918436050415,3.0494120121002197,-0.9275223612785339,0.22591263055801392,0.29776787757873535,0.21307015419006348,0.21021005511283875,0.9740242958068848,-0.08419272303581238,-1.2842013835906982,0.0,0.0,0.0,1.0
-0.30926182866096497,-0.014127739705145359,-0.950872004032135,3.051600933074951,-0.9273963570594788,0.22576454281806946,0.2982722818851471,0.20875908434391022,0.21045926213264465,0.974079430103302,-0.08292237669229507,-1.2870539426803589,0.0,0.0,0.0,1.0
-0.3143617510795593,-0.01774769090116024,-0.9491373300552368,3.051766872406006,-0.9254630208015442,0.22839276492595673,0.3022499680519104,0.21458613872528076,0.21141186356544495,0.9734072685241699,-0.08822277933359146,-1.2832635641098022,0.0,0.0,0.0,1.0
-0.31246915459632874,-0.01607988402247429,-0.9497917890548706,3.052260160446167,-0.9265584945678711,0.22557541728019714,0.3010067343711853,0.20503893494606018,0.20940953493118286,0.9740930199623108,-0.0853843241930008,-1.2970649003982544,0.0,0.0,0.0,1.0
-0.30767908692359924,-0.005720157641917467,-0.9514729976654053,3.0626349449157715,-0.9266723990440369,0.22870226204395294,0.2982843518257141,0.19557423889636993,0.215897798538208,0.9734796285629272,-0.0756676197052002,-1.31306791305542,0.0,0.0,0.0,1.0
-0.30847761034965515,-0.006564426235854626,-0.9512089490890503,3.0373051166534424,-0.9274239540100098,0.224399134516716,0.29921549558639526,0.21280469000339508,0.21148629486560822,0.9744752645492554,-0.0753101110458374,-1.2774591445922852,0.0,0.0,0.0,1.0
-0.30713075399398804,-0.004341007675975561,-0.9516574144363403,3.04057240486145,-0.9259594678878784,0.23222258687019348,0.29777792096138,0.21621039509773254,0.21970367431640625,0.9726529121398926,-0.07534229755401611,-1.2821201086044312,0.0,0.0,0.0,1.0
-0.3120082914829254,0.004229966085404158,-0.9500699639320374,3.0573787689208984,-0.9087852835655212,0.29028213024139404,0.29974257946014404,0.1596396267414093,0.2770562171936035,0.9569317698478699,-0.08672630041837692,-1.2413595914840698,0.0,0.0,0.0,1.0
-0.312240332365036,0.004165132064372301,-0.9499940276145935,3.08730411529541,-0.9067572951316833,0.2969712018966675,0.2993314862251282,0.14212873578071594,0.2833676338195801,0.9548774361610413,-0.08894962072372437,-1.2462185621261597,0.0,0.0,0.0,1.0
-0.3174195885658264,0.003816331271082163,-0.9482775330543518,3.097740888595581,-0.9059759378433228,0.2941460609436035,0.3044435977935791,0.1455921232700348,0.2800939679145813,0.9557529091835022,-0.08991020917892456,-1.2414851188659668,0.0,0.0,0.0,1.0
-0.3197881579399109,0.0016374667175114155,-0.9474876523017883,3.1427834033966064,-0.9042102694511414,0.29825031757354736,0.305696964263916,0.13305366039276123,0.2830890417098999,0.9544863104820251,-0.0938963070511818,-1.2542375326156616,0.0,0.0,0.0,1.0
-0.3177793622016907,0.014391341246664524,-0.9480554461479187,3.2495276927948,-0.899037778377533,0.31310170888900757,0.30610191822052,0.07837523519992828,0.30124300718307495,0.9496105313301086,-0.08655891567468643,-1.2710832357406616,0.0,0.0,0.0,1.0
-0.3252207636833191,0.03458532691001892,-0.945005476474762,3.34440541267395,-0.897662878036499,0.3029705286026001,0.3200160562992096,0.07691237330436707,0.29737669229507446,0.952372133731842,-0.06748634576797485,-1.2877871990203857,0.0,0.0,0.0,1.0
-0.31390467286109924,0.029695969074964523,-0.948989987373352,3.360191583633423,-0.9026021957397461,0.3007696568965912,0.30797234177589417,0.08811251819133759,0.29457294940948486,0.9532344341278076,-0.06760935485363007,-1.3093774318695068,0.0,0.0,0.0,1.0
-0.31194716691970825,0.03533365949988365,-0.9494422078132629,3.4181370735168457,-0.9038977026939392,0.2967953085899353,0.3080283999443054,0.038184717297554016,0.2926737666130066,0.9542872309684753,-0.06064643710851669,-1.2823243141174316,0.0,0.0,0.0,1.0
-0.31700578331947327,0.04128376767039299,-0.9475246667861938,3.4340224266052246,-0.9008885622024536,0.299211323261261,0.3144398033618927,0.022199854254722595,0.2964913547039032,0.9532933831214905,-0.05765964835882187,-1.255516529083252,0.0,0.0,0.0,1.0
-0.3085259795188904,-0.014258874580264091,-0.9511090517044067,3.074753522872925,-0.9273738265037537,0.22697284817695618,0.2974238991737366,0.19561639428138733,0.2116350382566452,0.9737966656684875,-0.08325033634901047,-1.2780972719192505,0.0,0.0,0.0,1.0
-0.3100520372390747,-0.01017849426716566,-0.9506651163101196,3.0735530853271484,-0.9265735149383545,0.2271650731563568,0.2997625470161438,0.19910979270935059,0.21290677785873413,0.9738030433654785,-0.07986411452293396,-1.2703378200531006,0.0,0.0,0.0,1.0
-0.3099392354488373,-0.011362170800566673,-0.9506884813308716,3.080627918243408,-0.9263962507247925,0.22850921750068665,0.2992885410785675,0.19534222781658173,0.2138405293226242,0.973475456237793,-0.08134984970092773,-1.2678275108337402,0.0,0.0,0.0,1.0
-0.30976247787475586,-0.011836335062980652,-0.9507402777671814,3.078890800476074,-0.9264805316925049,0.22852739691734314,0.29901328682899475,0.19366022944450378,0.21373096108436584,0.9734655022621155,-0.08175534754991531,-1.2701700925827026,0.0,0.0,0.0,1.0
-0.31050148606300354,-0.011388490907847881,-0.9505046606063843,3.0832173824310303,-0.9260649681091309,0.22921769320964813,0.29977139830589294,0.1952495276927948,0.21445852518081665,0.9733085632324219,-0.08171892166137695,-1.2685737609863281,0.0,0.0,0.0,1.0
-0.31163489818573,-0.012353090569376945,-0.9501216411590576,3.094695806503296,-0.9258257150650024,0.22898274660110474,0.30068880319595337,0.18803037703037262,0.21384701132774353,0.9733520746231079,-0.08279582113027573,-1.259685754776001,0.0,0.0,0.0,1.0
-0.3155643045902252,-0.010183215141296387,-0.9488495588302612,3.11138653755188,-0.925240695476532,0.22522032260894775,0.30529549717903137,0.18739287555217743,0.21059133112430573,0.9742546081542969,-0.08049342781305313,-1.244052529335022,0.0,0.0,0.0,1.0
-0.31456899642944336,-0.011682247743010521,-0.9491627216339111,3.116671085357666,-0.9249677658081055,0.2284233719110489,0.3037389814853668,0.1838255375623703,0.21326260268688202,0.9734917879104614,-0.08266062289476395,-1.248469352722168,0.0,0.0,0.0,1.0
-0.3159879446029663,-0.009805342182517052,-0.9487125277519226,3.1252546310424805,-0.9246965646743774,0.22697681188583374,0.30564308166503906,0.17834556102752686,0.21233882009983063,0.9738507866859436,-0.08078891038894653,-1.2379504442214966,0.0,0.0,0.0,1.0
-0.31769493222236633,-0.009135139174759388,-0.9481489658355713,3.1363956928253174,-0.9240730404853821,0.22708958387374878,0.307439923286438,0.17347142100334167,0.2125062346458435,0.973831057548523,-0.0805867463350296,-1.2337136268615723,0.0,0.0,0.0,1.0
-0.3110215961933136,0.03759623318910599,-0.9496589303016663,3.5918116569519043,-0.9182599782943726,0.24578025937080383,0.3104684352874756,0.0003051385283470154,0.2450798749923706,0.9685961604118347,-0.04191986098885536,-1.3549344539642334,0.0,0.0,0.0,1.0
-0.3048296570777893,0.03254702687263489,-0.9518505930900574,3.532714605331421,-0.9221644997596741,0.23976577818393707,0.3035210967063904,0.033305779099464417,0.23809990286827087,0.9702850580215454,-0.04307400807738304,-1.4051060676574707,0.0,0.0,0.0,1.0
-0.3033325672149658,0.0313643254339695,-0.952368438243866,3.5402283668518066,-0.9221969246864319,0.24194130301475525,0.3016906976699829,0.03218954801559448,0.2398795783519745,0.9697838425636292,-0.0444645956158638,-1.4018340110778809,0.0,0.0,0.0,1.0
-0.3046970069408417,0.03351730853319168,-0.9518594145774841,3.538907527923584,-0.9217584133148193,0.24127645790576935,0.3035573959350586,0.027702679857611656,0.2398356795310974,0.9698774218559265,-0.04262135177850723,-1.398418664932251,0.0,0.0,0.0,1.0
-0.30603712797164917,0.031862493604421616,-0.9514862298965454,3.5467257499694824,-0.9221639037132263,0.23840928077697754,0.30458948016166687,0.022769512608647346,0.23654814064502716,0.9706419706344604,-0.043579649180173874,-1.401523470878601,0.0,0.0,0.0,1.0
-0.3048356771469116,0.029575223103165627,-0.9519456624984741,3.557112455368042,-0.9225248098373413,0.23923137784004211,0.3028469383716583,0.024838872253894806,0.23669204115867615,0.9705120921134949,-0.04564237967133522,-1.4094387292861938,0.0,0.0,0.0,1.0
-0.30812355875968933,0.034129127860069275,-0.9507339596748352,3.5776119232177734,-0.9209204316139221,0.24001872539520264,0.3070773780345917,0.019094126299023628,0.23867422342300415,0.9701681733131409,-0.04252520576119423,-1.393566608428955,0.0,0.0,0.0,1.0
-0.3105087876319885,0.0353998988866806,-0.9499111175537109,3.586360454559326,-0.9217448830604553,0.23301377892494202,0.30998536944389343,0.019772831350564957,0.23231583833694458,0.9718289375305176,-0.039723146706819534,-1.3928641080856323,0.0,0.0,0.0,1.0
-0.31249433755874634,0.03461718186736107,-0.9492886662483215,3.5862174034118652,-0.9214941263198853,0.23159325122833252,0.3117901086807251,0.018265118822455406,0.2306421548128128,0.972196638584137,-0.04047205299139023,-1.3947981595993042,0.0,0.0,0.0,1.0
-0.31135183572769165,0.03088381513953209,-0.949792742729187,3.5988152027130127,-0.922895073890686,0.22844626009464264,0.30996274948120117,0.016162637621164322,0.226549431681633,0.973066508769989,-0.042624637484550476,-1.4030269384384155,0.0,0.0,0.0,1.0
-0.31141629815101624,0.03113563172519207,-0.9497633576393127,3.5979185104370117,-0.9222539663314819,0.23101207613945007,0.309969425201416,0.008301444351673126,0.2290579080581665,0.9724525809288025,-0.0432259663939476,-1.3989717960357666,0.0,0.0,0.0,1.0
-0.2980585992336273,0.03249581530690193,-0.9539942741394043,3.7150990962982178,-0.9342126846313477,0.19526085257530212,0.29852935671806335,0.013076525181531906,0.19597870111465454,0.9802128076553345,-0.027841174975037575,-1.3257606029510498,0.0,0.0,0.0,1.0
-0.2931583523750305,0.03112337552011013,-0.9555571675300598,3.655414342880249,-0.934280514717102,0.20281067490577698,0.2932365834712982,0.022604042664170265,0.2029237002134323,0.9787231683731079,-0.03037768043577671,-1.3136703968048096,0.0,0.0,0.0,1.0
-0.2934567332267761,0.029628219082951546,-0.9555131196975708,3.6705820560455322,-0.9337981939315796,0.20514577627182007,0.2931487262248993,0.016244765371084213,0.20470494031906128,0.9782828688621521,-0.032534629106521606,-1.3139629364013672,0.0,0.0,0.0,1.0
-0.291962593793869,0.023039644584059715,-0.9561522006988525,3.7322752475738525,-0.9458573460578918,0.14127808809280396,0.2922233045101166,0.025006914511322975,0.14181607961654663,0.9897018074989319,-0.019455701112747192,-1.3430466651916504,0.0,0.0,0.0,1.0
-0.31330153346061707,0.013276546262204647,-0.9495608806610107,3.7190115451812744,-0.9448344707489014,0.09624896943569183,0.3130878210067749,0.04018644988536835,0.09555097669363022,0.9952687621116638,-0.017610810697078705,-1.3302949666976929,0.0,0.0,0.0,1.0
-0.31480440497398376,-0.029985789209604263,-0.9486827850341797,3.646430492401123,-0.9485322833061218,-0.026305831968784332,0.3155859410762787,0.10974778234958649,-0.0344189815223217,0.9992040991783142,-0.020161299034953117,-1.1869384050369263,0.0,0.0,0.0,1.0
-0.32052624225616455,-0.0273135993629694,-0.9468457698822021,3.6477184295654297,-0.9466250538825989,-0.02676505222916603,0.3212236166000366,0.11130648106336594,-0.034116145223379135,0.9992684721946716,-0.017276836559176445,-1.1729705333709717,0.0,0.0,0.0,1.0
-0.31642892956733704,-0.023194847628474236,-0.9483326077461243,3.6714768409729004,-0.9483578205108643,-0.015594154596328735,0.3168187737464905,0.09326965361833572,-0.02213701233267784,0.9996092915534973,-0.01706257462501526,-1.1546540260314941,0.0,0.0,0.0,1.0
-0.31369632482528687,-0.023128390312194824,-0.9492416381835938,3.6640563011169434,-0.9493410587310791,-0.011946551501750946,0.3140202760696411,0.10559973865747452,-0.018602948635816574,0.9996610879898071,-0.018209140747785568,-1.1545945405960083,0.0,0.0,0.0,1.0
-0.314890056848526,-0.020298665389418602,-0.9489110708236694,3.6604175567626953,-0.9490770697593689,-0.0036372728645801544,0.31502294540405273,0.1122242882847786,-0.009845994412899017,0.9997873306274414,-0.018119657412171364,-1.1608352661132812,0.0,0.0,0.0,1.0
-0.3149791955947876,-0.021866191178560257,-0.9488466382026672,3.6662709712982178,-0.9490951299667358,0.00994420051574707,0.31483253836631775,0.1186174526810646,0.0025513246655464172,0.9997113943099976,-0.02388531155884266,-1.1698510646820068,0.0,0.0,0.0,1.0
-0.31007280945777893,-0.019070621579885483,-0.9505215287208557,3.76965594291687,-0.950018584728241,-0.03198520839214325,0.3105504810810089,0.10058131814002991,-0.03632501885294914,0.9993063807487488,-0.008199702017009258,-1.0640411376953125,0.0,0.0,0.0,1.0
-0.2918206751346588,0.03653637319803238,-0.9557749629020691,3.6859307289123535,-0.9377047419548035,0.18605618178844452,0.29341578483581543,0.09301836788654327,0.18854819238185883,0.981859564781189,-0.020034704357385635,-1.219675064086914,0.0,0.0,0.0,1.0
-0.2916601300239563,0.036718424409627914,-0.9558169841766357,3.6918160915374756,-0.9379175901412964,0.18514680862426758,0.2933107912540436,0.09124095737934113,0.187736377120018,0.982024610042572,-0.019561083987355232,-1.2209397554397583,0.0,0.0,0.0,1.0
-0.2892778217792511,0.03557974100112915,-0.9565837383270264,3.686906576156616,-0.9383829832077026,0.18686099350452423,0.2907240092754364,0.09537412226200104,0.18909206986427307,0.9817419052124023,-0.020667318254709244,-1.2225724458694458,0.0,0.0,0.0,1.0
-0.2880125343799591,0.03453213721513748,-0.9570038318634033,3.6863551139831543,-0.9389903545379639,0.18601274490356445,0.28930333256721497,0.09656883776187897,0.18800517916679382,0.9819403290748596,-0.02114865928888321,-1.221817135810852,0.0,0.0,0.0,1.0
-0.28752100467681885,0.03418056294322014,-0.9571642279624939,3.681565523147583,-0.9389905333518982,0.1868916153907776,0.2887357771396637,0.10267873853445053,0.1887551248073578,0.981785774230957,-0.02164003811776638,-1.2186098098754883,0.0,0.0,0.0,1.0
-0.2848528027534485,0.032109979540109634,-0.9580333232879639,3.6534337997436523,-0.9396049976348877,0.188476100564003,0.285690575838089,0.11932235956192017,0.1897399127483368,0.9815527200698853,-0.023517249152064323,-1.2174879312515259,0.0,0.0,0.0,1.0
-0.2913941740989685,0.037701454013586044,-0.9558598399162292,3.623232126235962,-0.9374786019325256,0.1875489205121994,0.29318803548812866,0.1232595294713974,0.1903240978717804,0.9815314412117004,-0.019306356087327003,-1.2000194787979126,0.0,0.0,0.0,1.0
-0.27740412950515747,0.052279096096754074,-0.9593299031257629,3.7867259979248047,-0.9375048279762268,0.20360338687896729,0.2821885347366333,0.0688030868768692,0.21007536351680756,0.9776566624641418,-0.007468512747436762,-1.2509608268737793,0.0,0.0,0.0,1.0
-0.2727333903312683,0.054089855402708054,-0.9605679512023926,3.814100980758667,-0.9356260299682617,0.2176494151353836,0.2779075801372528,0.06694136559963226,0.2240990251302719,0.9745270609855652,-0.008752383291721344,-1.2661011219024658,0.0,0.0,0.0,1.0
-0.2650441825389862,0.045056674629449844,-0.9631829857826233,3.85697603225708,-0.9320236444473267,0.24406656622886658,0.26788708567619324,0.040815290063619614,0.24715086817741394,0.968711256980896,-0.0226945411413908,-1.2908445596694946,0.0,0.0,0.0,1.0
-0.2649880647659302,-0.01789804920554161,-0.964085578918457,4.084479331970215,-0.9641156196594238,0.021711021661758423,0.26459330320358276,0.30255451798439026,0.016195587813854218,0.9996040463447571,-0.023008951917290688,-0.8548661470413208,0.0,0.0,0.0,1.0
-0.29359501600265503,-0.02391352877020836,-0.9556307196617126,3.914700508117676,-0.9519124031066895,-0.08424209803342819,0.2945607304573059,0.3117322027683258,-0.08754832297563553,0.9961583018302917,0.0019694764632731676,-0.7672185897827148,0.0,0.0,0.0,1.0
-0.29728156328201294,-0.02928660623729229,-0.9543405771255493,3.924100875854492,-0.949956476688385,-0.09137338399887085,0.29871994256973267,0.28551632165908813,-0.09594982862472534,0.9953858852386475,-0.0006573782302439213,-0.746559739112854,0.0,0.0,0.0,1.0
-0.29489991068840027,-0.0301170963793993,-0.9550533890724182,3.950432777404785,-0.950592041015625,-0.09221673011779785,0.2964303493499756,0.2696909010410309,-0.09699952602386475,0.9952834248542786,-0.0014343630755320191,-0.7516159415245056,0.0,0.0,0.0,1.0
-0.29503077268600464,-0.030378887429833412,-0.9550046920776367,3.9602816104888916,-0.9505019187927246,-0.09264148771762848,0.29658666253089905,0.2594928443431854,-0.09748303145170212,0.9952359795570374,-0.001543099177069962,-0.750446081161499,0.0,0.0,0.0,1.0
-0.2971448600292206,-0.030137211084365845,-0.9543566703796387,3.9413492679595947,-0.9497681856155396,-0.09347644448280334,0.2986680567264557,0.2653070390224457,-0.0982108935713768,0.9951652884483337,-0.0008473194320686162,-0.7422911524772644,0.0,0.0,0.0,1.0
-0.29546552896499634,-0.030238283798098564,-0.9548747539520264,3.9497859477996826,-0.9504019021987915,-0.0923263281583786,0.29700523614883423,0.2629700303077698,-0.09714100509881973,0.9952695369720459,-0.0014592739753425121,-0.7501587271690369,0.0,0.0,0.0,1.0
-0.2971014678478241,-0.03234609216451645,-0.9542979001998901,3.9533238410949707,-0.9494960308074951,-0.095640167593956,0.2988482415676117,0.2621026039123535,-0.10093577951192856,0.9948902726173401,-0.0022976526524871588,-0.7489215135574341,0.0,0.0,0.0,1.0
-0.2947241961956024,-0.03327133506536484,-0.9550029635429382,3.947570562362671,-0.9501926302909851,-0.09579119831323624,0.29657697677612305,0.265585720539093,-0.1013483852148056,0.9948452711105347,-0.0033821931574493647,-0.7525886297225952,0.0,0.0,0.0,1.0
-0.29663994908332825,-0.03258821368217468,-0.9544332027435303,3.9401087760925293,-0.9500352144241333,-0.09159798175096512,0.2984005808830261,0.27706021070480347,-0.09714849293231964,0.9952626824378967,-0.00378832733258605,-0.7652354836463928,0.0,0.0,0.0,1.0
-0.2960253655910492,-0.029143184423446655,-0.9547353982925415,3.959669589996338,-0.9503664970397949,-0.09123386442661285,0.29745566844940186,0.2779478430747986,-0.09577299654483795,0.9954029321670532,-0.0006891692173667252,-0.7744960784912109,0.0,0.0,0.0,1.0
-0.2544666528701782,-0.011782471090555191,-0.9670097827911377,4.037606716156006,-0.9653542637825012,0.0628310889005661,0.2532654404640198,0.09628688544034958,0.05777418985962868,0.9979546070098877,-0.027362678200006485,-0.9720500707626343,0.0,0.0,0.0,1.0
-0.2413872927427292,-0.009411893784999847,-0.9703832268714905,4.066145896911621,-0.9678915739059448,0.07459678500890732,0.24004396796226501,0.107171431183815,0.07012820243835449,0.9971693754196167,-0.027116410434246063,-0.9925819039344788,0.0,0.0,0.0,1.0
-0.24404893815517426,-0.00864062923938036,-0.9697244167327881,4.061483860015869,-0.9674028158187866,0.07189080119132996,0.24282407760620117,0.10308653116226196,0.06761611253023148,0.9973750114440918,-0.025903843343257904,-0.9945781230926514,0.0,0.0,0.0,1.0
-0.24723026156425476,-0.010285140946507454,-0.9689021706581116,4.062678813934326,-0.9665851593017578,0.07253697514533997,0.24586904048919678,0.1166195273399353,0.06775243580341339,0.9973127245903015,-0.027874799445271492,-0.9945963025093079,0.0,0.0,0.0,1.0
-0.2451971471309662,-0.010423216968774796,-0.9694172143936157,4.059060573577881,-0.9667423367500305,0.07763151824474335,0.24368587136268616,0.12341180443763733,0.0727173388004303,0.9969276785850525,-0.0291115902364254,-0.9974389672279358,0.0,0.0,0.0,1.0
-0.247057244181633,-0.002181626856327057,-0.9689984321594238,4.064427375793457,-0.9660451412200928,0.07860194891691208,0.24612729251384735,0.12373490631580353,0.07562820613384247,0.9969037175178528,-0.021526731550693512,-1.0209472179412842,0.0,0.0,0.0,1.0
-0.24410222470760345,0.006617663893848658,-0.9697269201278687,4.093466758728027,-0.9663140773773193,0.08243656903505325,0.24380570650100708,0.10815199464559555,0.08155438303947449,0.996574342250824,-0.013728208839893341,-1.0338236093521118,0.0,0.0,0.0,1.0
-0.23828047513961792,0.009297184646129608,-0.9711518883705139,4.09979772567749,-0.9673615097999573,0.08650302141904831,0.2381785809993744,0.10011698305606842,0.08622196316719055,0.9962081909179688,-0.011618241667747498,-1.0359764099121094,0.0,0.0,0.0,1.0
-0.23616592586040497,0.00875432975590229,-0.971673309803009,4.094392776489258,-0.9673046469688416,0.09302106499671936,0.23594219982624054,0.09207609295845032,0.09245160222053528,0.9956256151199341,-0.013500303961336613,-1.0419644117355347,0.0,0.0,0.0,1.0
-0.2303285002708435,0.011092065833508968,-0.9730497002601624,4.110692024230957,-0.968547523021698,0.0941331684589386,0.23033586144447327,0.09209470450878143,0.09415115416049957,0.9954978227615356,-0.01093836035579443,-1.0398714542388916,0.0,0.0,0.0,1.0
-0.2279491126537323,0.009858089499175549,-0.9736231565475464,4.108321189880371,-0.969160795211792,0.09385919570922852,0.22785469889640808,0.08764132857322693,0.09362968802452087,0.9955366849899292,-0.011841044761240482,-1.0343879461288452,0.0,0.0,0.0,1.0
-0.2461477369070053,0.013651153072714806,-0.9691361784934998,4.152507305145264,-0.9621137380599976,0.11752243340015411,0.24601954221725464,0.10807844996452332,0.11725369095802307,0.9929763674736023,-0.015793919563293457,-1.003734827041626,0.0,0.0,0.0,1.0
-0.2610154151916504,-0.003603065386414528,-0.9653279185295105,4.090538501739502,-0.9609042406082153,0.09666642546653748,0.2594584822654724,0.1325480043888092,0.09237995743751526,0.995310366153717,-0.028693627566099167,-0.9573776125907898,0.0,0.0,0.0,1.0
-0.2593469023704529,-0.00990934856235981,-0.9657334089279175,4.077876091003418,-0.9617278575897217,0.09420136362314224,0.2573046088218689,0.12559913098812103,0.0884236991405487,0.995503842830658,-0.03396092727780342,-0.9648023247718811,0.0,0.0,0.0,1.0
-0.260890394449234,-0.010465823113918304,-0.9653117060661316,4.036862850189209,-0.9609737992286682,0.09811966121196747,0.2586542069911957,0.15111763775348663,0.092009037733078,0.9951196312904358,-0.035655856132507324,-0.9585352540016174,0.0,0.0,0.0,1.0
-0.2601749300956726,-0.01489548571407795,-0.9654465913772583,3.992638349533081,-0.9614981412887573,0.09563089907169342,0.2576354444026947,0.1715136468410492,0.08848892152309418,0.9953053593635559,-0.039202749729156494,-0.9584981799125671,0.0,0.0,0.0,1.0
-0.26088348031044006,-0.012877937406301498,-0.9652844071388245,4.000540256500244,-0.961370050907135,0.09439882636070251,0.2585662007331848,0.16163013875484467,0.08779191970825195,0.9954512119293213,-0.03700755909085274,-0.9526069164276123,0.0,0.0,0.0,1.0
-0.2567993998527527,-0.018968427553772926,-0.9662785530090332,4.027588844299316,-0.9628757238388062,0.09110436588525772,0.25410667061805725,0.15439333021640778,0.08321219682693481,0.995660662651062,-0.04165978729724884,-0.9657770991325378,0.0,0.0,0.0,1.0
-0.25560349225997925,-0.016649408265948296,-0.9666383266448975,4.015681743621826,-0.9629983901977539,0.0927533507347107,0.25304341316223145,0.16592387855052948,0.08544593304395676,0.9955499172210693,-0.039741434156894684,-0.9610146284103394,0.0,0.0,0.0,1.0
-0.25669121742248535,-0.014005506411194801,-0.9663919806480408,4.011706829071045,-0.9626069664955139,0.09328515827655792,0.2543339133262634,0.16922083497047424,0.08658796548843384,0.9955409169197083,-0.037427280098199844,-0.9772767424583435,0.0,0.0,0.0,1.0
-0.2547452747821808,-0.017030147835612297,-0.9668582081794739,4.0420122146606445,-0.9634992480278015,0.0895690992474556,0.25228261947631836,0.14837563037872314,0.0823042020201683,0.99583500623703,-0.03922584280371666,-0.9817951321601868,0.0,0.0,0.0,1.0
-0.2552514374256134,-0.016837026923894882,-0.9667280912399292,4.0235276222229,-0.9634053111076355,0.08905412256717682,0.2528231143951416,0.15975475311279297,0.0818343237042427,0.9958844184875488,-0.03895207494497299,-0.9788344502449036,0.0,0.0,0.0,1.0
-0.2620820999145508,0.019451048225164413,-0.9648495316505432,4.103684902191162,-0.9515169262886047,0.1616138517856598,0.26171863079071045,0.0835052877664566,0.16102376580238342,0.9866623878479004,-0.023848095908761024,-0.9431845545768738,0.0,0.0,0.0,1.0
-0.2599093019962311,0.023541931062936783,-0.9653460383415222,4.13380765914917,-0.9507843852043152,0.1684018224477768,0.2600955665111542,0.08136523514986038,0.16868919134140015,0.9854372143745422,-0.02138589881360531,-0.9068179726600647,0.0,0.0,0.0,1.0
-0.2595984637737274,0.019338291138410568,-0.9655230045318604,4.120163917541504,-0.9512120485305786,0.16751128435134888,0.25910574197769165,0.08830506354570389,0.16674666106700897,0.9856805205345154,-0.025090856477618217,-0.9044920802116394,0.0,0.0,0.0,1.0
-0.26351866126060486,0.02489328943192959,-0.9643330574035645,4.140554428100586,-0.9498816728591919,0.16758272051811218,0.26389560103416443,0.08403097838163376,0.16817477345466614,0.9855436682701111,-0.02051549404859543,-0.8986488580703735,0.0,0.0,0.0,1.0
-0.2613876760005951,0.01886570453643799,-0.9650495052337646,4.109854698181152,-0.9505864977836609,0.16848549246788025,0.2607640326023102,0.11367969959974289,0.1675163358449936,0.9855235815048218,-0.02610654942691326,-0.8979684114456177,0.0,0.0,0.0,1.0
-0.26106223464012146,0.01691434532403946,-0.9651737809181213,4.1376471519470215,-0.9513747096061707,0.16484084725379944,0.26021862030029297,0.09071239829063416,0.16350148618221283,0.9861751794815063,-0.02694183960556984,-0.9055653810501099,0.0,0.0,0.0,1.0
-0.261319100856781,0.01854144223034382,-0.965074360370636,4.1233601570129395,-0.9509914517402649,0.16628405451774597,0.260700523853302,0.09673595428466797,0.16531023383140564,0.9859035611152649,-0.025820443406701088,-0.9021707773208618,0.0,0.0,0.0,1.0
-0.26290276646614075,0.016141869127750397,-0.9646872878074646,4.102416038513184,-0.9506680965423584,0.166303813457489,0.26186487078666687,0.11214461922645569,0.16465815901756287,0.9859424233436584,-0.028376173228025436,-0.8935660123825073,0.0,0.0,0.0,1.0
-0.26132485270500183,0.013861670158803463,-0.9651513695716858,4.104067802429199,-0.9513038396835327,0.16566377878189087,0.2599547803401947,0.1088641956448555,0.1634940207004547,0.9860848188400269,-0.03010540083050728,-0.8970170617103577,0.0,0.0,0.0,1.0
-0.26433315873146057,0.011516067199409008,-0.9643626809120178,4.097158908843994,-0.9506487250328064,0.16533392667770386,0.2625484764575958,0.1133980005979538,0.1624653935432434,0.9861704111099243,-0.032755497843027115,-0.8736717700958252,0.0,0.0,0.0,1.0
-0.2644183039665222,0.009987965226173401,-0.9643563628196716,4.097419261932373,-0.9504790306091309,0.16663667559623718,0.26233911514282227,0.11330944299697876,0.16331738233566284,0.985967755317688,-0.034568432718515396,-0.8705326318740845,0.0,0.0,0.0,1.0
-0.24852286279201508,-0.0003482052416075021,-0.9686259627342224,3.782541036605835,-0.9576737880706787,0.15004238486289978,0.24565887451171875,0.18000653386116028,0.14524942636489868,0.9886795282363892,-0.03762242943048477,-0.8476901054382324,0.0,0.0,0.0,1.0
-0.24709993600845337,0.008994516916573048,-0.968948245048523,3.853302478790283,-0.9589212536811829,0.14150820672512054,0.24585644900798798,0.13912233710289001,0.13932548463344574,0.9898961782455444,-0.02634163573384285,-0.8832571506500244,0.0,0.0,0.0,1.0
-0.24907992780208588,0.007600623648613691,-0.9684531092643738,3.8318328857421875,-0.9580932855606079,0.14414528012275696,0.2475467324256897,0.1556752473115921,0.1414794623851776,0.9895273447036743,-0.02862159162759781,-0.8785384893417358,0.0,0.0,0.0,1.0
-0.247404545545578,0.0032996060326695442,-0.9689066410064697,3.8447439670562744,-0.9599629044532776,0.13476575911045074,0.2455797642469406,0.16221117973327637,0.13138575851917267,0.9908719658851624,-0.03017416223883629,-0.8914285898208618,0.0,0.0,0.0,1.0
-0.24874630570411682,0.001433829078450799,-0.9685676097869873,3.8281946182250977,-0.9598261713981628,0.13369032740592957,0.246699258685112,0.17189693450927734,0.12984183430671692,0.9910220503807068,-0.0318787507712841,-0.8866665363311768,0.0,0.0,0.0,1.0
-0.2489003986120224,0.003460520412772894,-0.9685229063034058,3.8438358306884766,-0.9598864912986755,0.13241134583950043,0.24715402722358704,0.16902829706668854,0.12909869849681854,0.9911888241767883,-0.029635528102517128,-0.8700606822967529,0.0,0.0,0.0,1.0
-0.2485782504081726,0.006226724479347467,-0.9685918092727661,3.862715005874634,-0.9601847529411316,0.13003596663475037,0.24725663661956787,0.13683417439460754,0.12749136984348297,0.9914897084236145,-0.026345307007431984,-0.8496628403663635,0.0,0.0,0.0,1.0
-0.2539569139480591,0.012383741326630116,-0.9671362638473511,3.9343087673187256,-0.9583629965782166,0.1317540407180786,0.2533402144908905,0.06945045292377472,0.13056141138076782,0.991205096244812,-0.021591730415821075,-0.8068575859069824,0.0,0.0,0.0,1.0
-0.2595636546611786,0.016962800174951553,-0.9655770063400269,3.9662888050079346,-0.9565150141716003,0.13324826955795288,0.2594684958457947,0.04377669095993042,0.13306277990341187,0.9909374713897705,-0.01836123876273632,-0.7856374382972717,0.0,0.0,0.0,1.0
-0.2624611258506775,0.0319034643471241,-0.9644150137901306,4.00447416305542,-0.9529212117195129,0.1487007886171341,0.264252245426178,-0.011144578456878662,0.15183983743190765,0.9883674383163452,-0.008626687340438366,-0.7430055737495422,0.0,0.0,0.0,1.0
-0.2604270279407501,0.03873346745967865,-0.9647162556648254,4.022337436676025,-0.9523746967315674,0.15385067462921143,0.26327255368232727,-0.0438431054353714,0.1586197018623352,0.9873346090316772,-0.003178100800141692,-0.7272335290908813,0.0,0.0,0.0,1.0
-0.24733825027942657,0.033137571066617966,-0.9683623909950256,3.9021530151367188,-0.9547983407974243,0.16172733902931213,0.2494080811738968,-0.05954010784626007,0.16487544775009155,0.9862789511680603,-0.008361661806702614,-0.7379734516143799,0.0,0.0,0.0,1.0
-0.2309400588274002,-1.4405635738512501e-05,-0.9729679822921753,3.7052180767059326,-0.9613606333732605,0.1540079116821289,0.22818270325660706,0.13520802557468414,0.14984147250652313,0.9880696535110474,-0.03558044508099556,-0.8961185812950134,0.0,0.0,0.0,1.0
-0.2316090315580368,0.0019507238175719976,-0.972806990146637,3.704389810562134,-0.9613298773765564,0.15270927548408508,0.22918274998664856,0.124414823949337,0.14900371432304382,0.9882692098617554,-0.03349355608224869,-0.8939868211746216,0.0,0.0,0.0,1.0
-0.2366524487733841,0.008571739308536053,-0.971556544303894,3.7075486183166504,-0.95921391248703,0.15706303715705872,0.23503173887729645,0.10961110889911652,0.15461024641990662,0.9875513315200806,-0.028947221115231514,-0.8783267140388489,0.0,0.0,0.0,1.0
-0.23941338062286377,0.0115749416872859,-0.9708487391471863,3.7153756618499756,-0.9580355882644653,0.1595291644334793,0.23815563321113586,0.10328327119350433,0.15763533115386963,0.9871253371238708,-0.02710421197116375,-0.8756236433982849,0.0,0.0,0.0,1.0
-0.2398815155029297,0.018874984234571457,-0.9706186652183533,3.72943115234375,-0.9568526148796082,0.16428466141223907,0.23967406153678894,0.08720952272415161,0.1639816164970398,0.986232340335846,-0.021348275244235992,-0.8498217463493347,0.0,0.0,0.0,1.0
-0.23957954347133636,0.018309226259589195,-0.9707040786743164,3.7096314430236816,-0.9566940665245056,0.16581980884075165,0.23924937844276428,0.10538163781166077,0.16534245014190674,0.9859861135482788,-0.022210706025362015,-0.8343665599822998,0.0,0.0,0.0,1.0
-0.23281976580619812,0.03093305416405201,-0.9720278382301331,3.7235796451568604,-0.9537837505340576,0.18798395991325378,0.23443223536014557,0.08018499612808228,0.18997733294963837,0.9816848635673523,-0.01426293421536684,-0.8044291734695435,0.0,0.0,0.0,1.0
-0.23187434673309326,0.03768044337630272,-0.9720156788825989,3.7228150367736816,-0.9504317045211792,0.20402485132217407,0.23463457822799683,0.07795123010873795,0.20715650916099548,0.9782402515411377,-0.011495442129671574,-0.8074460029602051,0.0,0.0,0.0,1.0
-0.23571710288524628,0.03744390234351158,-0.9711000919342041,3.708786725997925,-0.9500010013580322,0.20168453454971313,0.23837228119373322,0.07655683904886246,0.2047814577817917,0.9787344336509705,-0.011968751437962055,-0.8075406551361084,0.0,0.0,0.0,1.0
-0.23061154782772064,0.04351479560136795,-0.972072422504425,3.7529690265655518,-0.9486958980560303,0.21203508973121643,0.23455750942230225,0.057689011096954346,0.21632017195224762,0.9762927293777466,-0.007615436799824238,-0.8264716863632202,0.0,0.0,0.0,1.0
-0.22980166971683502,0.08369764685630798,-0.9696318507194519,3.9116952419281006,-0.9388474225997925,0.2434414178133011,0.24351942539215088,-0.020465809851884842,0.2564305365085602,0.9662975072860718,0.022636082023382187,-0.818149745464325,0.0,0.0,0.0,1.0
-0.24364949762821198,0.04129772633314133,-0.9689837098121643,3.9204487800598145,-0.9522152543067932,0.1795411854982376,0.2470850795507431,0.006564022973179817,0.18417653441429138,0.9828832745552063,-0.00442079920321703,-0.8944758176803589,0.0,0.0,0.0,1.0
-0.24438394606113434,0.04231369122862816,-0.9687548875808716,3.919332504272461,-0.9518442153930664,0.18025781214237213,0.24799132347106934,0.009042343124747276,0.18511906266212463,0.9827088713645935,-0.0037760725244879723,-0.8888378739356995,0.0,0.0,0.0,1.0
-0.24513372778892517,0.03985092416405678,-0.9686698913574219,3.9259884357452393,-0.952090322971344,0.17854779958724976,0.2482834905385971,0.0049964673817157745,0.18284820020198822,0.9831238389015198,-0.005826410837471485,-0.8890416026115417,0.0,0.0,0.0,1.0
-0.24940359592437744,0.045198410749435425,-0.9673442840576172,3.933185577392578,-0.9500441551208496,0.1821463257074356,0.2534538507461548,-0.004714589565992355,0.18765392899513245,0.9822320938110352,-0.002487463178113103,-0.8706153035163879,0.0,0.0,0.0,1.0
-0.2507994472980499,0.04572588577866554,-0.9669585227966309,3.929870128631592,-0.9495389461517334,0.18273043632507324,0.25492236018180847,-0.003956060856580734,0.18834930658340454,0.9820991158485413,-0.0024101827293634415,-0.860373854637146,0.0,0.0,0.0,1.0
-0.249899759888649,0.0412285178899765,-0.9673935770988464,3.9424188137054443,-0.9507916569709778,0.17853546142578125,0.25321993231773376,-0.017471663653850555,0.1831539422273636,0.9830693006515503,-0.005416235886514187,-0.8548269867897034,0.0,0.0,0.0,1.0
-0.24948696792125702,0.04190590977668762,-0.9674710035324097,3.950640916824341,-0.949988842010498,0.1831829696893692,0.25291332602500916,-0.03015350177884102,0.18782277405261993,0.9821853041648865,-0.0058916183188557625,-0.8522920608520508,0.0,0.0,0.0,1.0
-0.25019383430480957,0.043341636657714844,-0.967225193977356,3.9686148166656494,-0.949167788028717,0.18610374629497528,0.2538622319698334,-0.037670206278562546,0.19100703299045563,0.9815737009048462,-0.005423524882644415,-0.8442495465278625,0.0,0.0,0.0,1.0
-0.2476079910993576,0.04258260875940323,-0.9679240584373474,3.9836461544036865,-0.950487494468689,0.18295818567276,0.2511965036392212,-0.04309375211596489,0.1877862513065338,0.9821980595588684,-0.004827673081308603,-0.8518020510673523,0.0,0.0,0.0,1.0
-0.2488170862197876,0.0456913597881794,-0.9674721360206604,3.9906845092773438,-0.9496371150016785,0.18492840230464935,0.25296396017074585,-0.041447218507528305,0.190471351146698,0.9816892743110657,-0.0026231340598315,-0.8386029601097107,0.0,0.0,0.0,1.0
-0.22198016941547394,0.08931181579828262,-0.9709522128105164,4.074161529541016,-0.9415407180786133,0.23918607831001282,0.23725731670856476,0.001051574945449829,0.2534281611442566,0.9668574333190918,0.030996138229966164,-0.8987332582473755,0.0,0.0,0.0,1.0
-0.2103792130947113,0.0767679363489151,-0.9746010899543762,3.9621036052703857,-0.9498614072799683,0.2198226898908615,0.2223539799451828,0.05817824974656105,0.23130908608436584,0.9725146293640137,0.02667277492582798,-0.9552638530731201,0.0,0.0,0.0,1.0
-0.21188731491565704,0.08812857419252396,-0.9733124375343323,3.9615185260772705,-0.9510281682014465,0.21075032651424408,0.22611847519874573,0.07903378456830978,0.22505342960357666,0.9735592603683472,0.0391574427485466,-0.9364330768585205,0.0,0.0,0.0,1.0
-0.20922446250915527,0.09031882882118225,-0.9736876487731934,3.956380605697632,-0.9526727795600891,0.20574481785297394,0.2237936109304428,0.08389030396938324,0.2205439656972885,0.9744287729263306,0.042997438460588455,-0.9370002746582031,0.0,0.0,0.0,1.0
-0.20699016749858856,0.09110905975103378,-0.9740914702415466,3.9619929790496826,-0.954102098941803,0.20146648585796356,0.22158613801002502,0.0949193462729454,0.2164352834224701,0.9752489328384399,0.04522576928138733,-0.9269092082977295,0.0,0.0,0.0,1.0
-0.20661194622516632,0.09113740175962448,-0.974169135093689,3.9488916397094727,-0.9544437527656555,0.20030497014522552,0.2211676985025406,0.0885392352938652,0.21528752148151398,0.9754854440689087,0.045600127428770065,-0.9372214078903198,0.0,0.0,0.0,1.0
-0.21025201678276062,0.0936032384634018,-0.9731559753417969,3.944380760192871,-0.9549185633659363,0.19372718036174774,0.22494547069072723,0.10217852145433426,0.2095823884010315,0.9765799045562744,0.048651937395334244,-0.9234164357185364,0.0,0.0,0.0,1.0
-0.21216677129268646,0.09674455225467682,-0.9724329113960266,3.964193105697632,-0.9534194469451904,0.197846457362175,0.2277015745639801,0.09604661166667938,0.21442127227783203,0.9754471778869629,0.05026170611381531,-0.9186234474182129,0.0,0.0,0.0,1.0
-0.21071717143058777,0.09574702382087708,-0.9728467464447021,3.9348981380462646,-0.955052375793457,0.1921018362045288,0.22576949000358582,0.09929164499044418,0.2085024118423462,0.9766931533813477,0.050964269787073135,-0.9202880859375,0.0,0.0,0.0,1.0
-0.21297882497310638,0.09703437983989716,-0.9722265005111694,3.939121961593628,-0.9535869359970093,0.1961439847946167,0.2284720093011856,0.11462581157684326,0.21286599338054657,0.975762128829956,0.05075620114803314,-0.9232129454612732,0.0,0.0,0.0,1.0
-0.21064232289791107,0.09583094716072083,-0.9728546738624573,3.9150240421295166,-0.9542276859283447,0.19598931074142456,0.22591513395309448,0.11217336356639862,0.2123187929391861,0.9759122133255005,0.05016089975833893,-0.936858594417572,0.0,0.0,0.0,1.0
-0.21438175439834595,0.10869163274765015,-0.9706835746765137,4.012377738952637,-0.9378761649131775,0.2546689808368683,0.2356524020433426,0.10645654797554016,0.2728164494037628,0.9609005451202393,0.04734290391206741,-0.9153143763542175,0.0,0.0,0.0,1.0
-0.21393930912017822,0.08886019140481949,-0.9727969169616699,4.118253231048584,-0.9292522072792053,0.288545697927475,0.23072008788585663,0.050156161189079285,0.30119818449020386,0.9533337354660034,0.020842265337705612,-0.9629627466201782,0.0,0.0,0.0,1.0
-0.19773879647254944,0.07892385870218277,-0.9770723581314087,4.0781097412109375,-0.9335047602653503,0.2889852225780487,0.21226467192173004,0.03967501223087311,0.2991122007369995,0.9540746808052063,0.016532212495803833,-0.9909140467643738,0.0,0.0,0.0,1.0
-0.19320371747016907,0.07772909104824066,-0.9780749082565308,4.077676296234131,-0.9359681010246277,0.28444844484329224,0.2074916958808899,0.03769192844629288,0.294340044260025,0.9555351138114929,0.017795449122786522,-0.9915529489517212,0.0,0.0,0.0,1.0
-0.189919576048851,0.07474429905414581,-0.9789503812789917,4.0769500732421875,-0.9366654753684998,0.2850501239299774,0.20348016917705536,0.029924515634775162,0.2942589223384857,0.9555938243865967,0.015873804688453674,-0.9952154755592346,0.0,0.0,0.0,1.0
-0.19079098105430603,0.07730485498905182,-0.9785820245742798,4.06534481048584,-0.9356163740158081,0.2873173952102661,0.2051112800836563,0.04271624982357025,0.29701974987983704,0.9547107219696045,0.01751011237502098,-0.993664026260376,0.0,0.0,0.0,1.0
-0.18938277661800385,0.07295389473438263,-0.979189395904541,4.0752692222595215,-0.9359672665596008,0.2880376875400543,0.20248335599899292,0.027927275747060776,0.2968153953552246,0.9548360705375671,0.013733078725636005,-0.9989069700241089,0.0,0.0,0.0,1.0
-0.19176749885082245,0.07574426382780075,-0.9785131812095642,4.070310115814209,-0.9361153841018677,0.2853733003139496,0.2055484652519226,0.03745221346616745,0.2948106527328491,0.9554187655448914,0.016180045902729034,-0.9961891174316406,0.0,0.0,0.0,1.0
-0.19078317284584045,0.07468999922275543,-0.9787865877151489,4.070797920227051,-0.9356337785720825,0.28781384229660034,0.20433463156223297,0.04265394061803818,0.29697006940841675,0.9547693729400635,0.014972447417676449,-0.9928808808326721,0.0,0.0,0.0,1.0
-0.191668301820755,0.07528626918792725,-0.9785679578781128,4.069907188415527,-0.9362327456474304,0.2851562201976776,0.20531481504440308,0.04701097309589386,0.2945021390914917,0.9555196762084961,0.015830066055059433,-0.9955751299858093,0.0,0.0,0.0,1.0
-0.1911436915397644,0.075724758207798,-0.9786367416381836,4.071503162384033,-0.9357337951660156,0.2870330214500427,0.20497402548789978,0.02979235351085663,0.29642266035079956,0.9549229145050049,0.015993662178516388,-0.9985363483428955,0.0,0.0,0.0,1.0
-0.17321248352527618,0.08875223994255066,-0.9808773994445801,3.958073854446411,-0.9410287737846375,0.27897006273269653,0.19141754508018494,0.00020151212811470032,0.29062414169311523,0.956189751625061,0.035197313874959946,-1.0278840065002441,0.0,0.0,0.0,1.0
-0.1945318579673767,0.10158040374517441,-0.9756222367286682,4.007496356964111,-0.9327106475830078,0.2887515723705292,0.2160400152206421,0.011721177957952023,0.3036578893661499,0.9519999623298645,0.038573745638132095,-0.9794619679450989,0.0,0.0,0.0,1.0
-0.19136260449886322,0.0987587496638298,-0.9765383005142212,4.000693321228027,-0.9335932731628418,0.2887822389602661,0.21215204894542694,0.00799687672406435,0.30295875668525696,0.9522875547409058,0.0369383841753006,-0.9826833009719849,0.0,0.0,0.0,1.0
-0.18154974281787872,0.09635422378778458,-0.9786498546600342,3.9821324348449707,-0.935877799987793,0.28864365816116333,0.2020338475704193,0.01286376267671585,0.3019478917121887,0.9525758624076843,0.03777259215712547,-0.9964548945426941,0.0,0.0,0.0,1.0
-0.1827719807624817,0.09449189156293869,-0.9786039590835571,3.9787919521331787,-0.9359508156776428,0.28799909353256226,0.20261430740356445,0.021081145852804184,0.30098244547843933,0.9529573917388916,0.03580159693956375,-1.0099411010742188,0.0,0.0,0.0,1.0
-0.17505915462970734,0.09127618372440338,-0.9803177714347839,3.980391025543213,-0.9400314092636108,0.2805531620979309,0.19398702681064606,0.020966600626707077,0.29273760318756104,0.9554886817932129,0.03668908029794693,-1.0041009187698364,0.0,0.0,0.0,1.0
-0.17558035254478455,0.09184352308511734,-0.9801715612411499,3.9806971549987793,-0.9378359913825989,0.28718504309654236,0.1949063390493393,0.021604349836707115,0.299391508102417,0.9534618854522705,0.035710111260414124,-1.0034745931625366,0.0,0.0,0.0,1.0
-0.18045435845851898,0.09555191546678543,-0.9789310693740845,3.975179433822632,-0.9358240962028503,0.2896876931190491,0.20078405737876892,0.023182572796940804,0.30276960134506226,0.9523395895957947,0.03714437782764435,-1.002872347831726,0.0,0.0,0.0,1.0
-0.18736040592193604,0.0995362177491188,-0.9772351980209351,3.9848792552948,-0.9332017302513123,0.2925289273262024,0.2087136059999466,0.01547271478921175,0.30664414167404175,0.9510622024536133,0.03807903081178665,-0.9894286394119263,0.0,0.0,0.0,1.0
-0.18981163203716278,0.10049930959939957,-0.9766634106636047,3.9818623065948486,-0.9326117038726807,0.2925172448158264,0.21135053038597107,0.02343878522515297,0.3069314658641815,0.9509645104408264,0.038203656673431396,-0.9829854965209961,0.0,0.0,0.0,1.0
-0.18984660506248474,0.09901459515094757,-0.9768082499504089,3.991670846939087,-0.9330466985702515,0.29146361351013184,0.21088570356369019,0.019218862056732178,0.3055848479270935,0.9514436721801758,0.037051860243082047,-0.9817806482315063,0.0,0.0,0.0,1.0
-0.14954903721809387,0.07223228365182877,-0.9861123561859131,3.86759877204895,-0.9529881477355957,0.25528639554977417,0.1632251888513565,-0.01544131152331829,0.2635312080383301,0.964163601398468,0.030658673495054245,-0.9710711240768433,0.0,0.0,0.0,1.0
-0.1592559665441513,0.07177980989217758,-0.9846243858337402,3.8786098957061768,-0.950933575630188,0.256824791431427,0.1725294142961502,-0.020106691867113113,0.26526007056236267,0.9637887477874756,0.0273569505661726,-0.9635645151138306,0.0,0.0,0.0,1.0
-0.16228115558624268,0.0743587389588356,-0.9839388132095337,3.88616681098938,-0.9498339891433716,0.25840723514556885,0.1761847287416458,-0.01932622864842415,0.26735779643058777,0.9631699323654175,0.028693828731775284,-0.9566330313682556,0.0,0.0,0.0,1.0
-0.16405922174453735,0.07818426191806793,-0.9833472371101379,3.8958702087402344,-0.9496048092842102,0.25738614797592163,0.17889404296875,-0.025411678478121758,0.2670866847038269,0.9631404876708984,0.032017577439546585,-0.9447147250175476,0.0,0.0,0.0,1.0
-0.16182741522789001,0.08343665301799774,-0.9832854270935059,3.8937277793884277,-0.9477708339691162,0.2643822431564331,0.1784166395664215,-0.031059041619300842,0.27484965324401855,0.9608019590377808,0.03629453852772713,-0.9180284142494202,0.0,0.0,0.0,1.0
-0.1601487398147583,0.086788609623909,-0.9832701086997986,3.9058144092559814,-0.9466213583946228,0.26880747079849243,0.17790600657463074,-0.04209444671869278,0.2797505855560303,0.9592759609222412,0.03910677134990692,-0.8956475257873535,0.0,0.0,0.0,1.0
-0.16037392616271973,0.08962748944759369,-0.9829787015914917,3.9024062156677246,-0.9451737999916077,0.2730715274810791,0.1791045367717743,-0.04567672312259674,0.2844761908054352,0.9578093886375427,0.04092000052332878,-0.8823672533035278,0.0,0.0,0.0,1.0
-0.16425973176956177,0.08723373711109161,-0.9825522899627686,3.8983876705169678,-0.9457653164863586,0.2690799832344055,0.18199948966503143,-0.04708654433488846,0.28026169538497925,0.9591591358184814,0.03830363228917122,-0.8879000544548035,0.0,0.0,0.0,1.0
-0.1608348935842514,0.09116168320178986,-0.9827622771263123,3.90815806388855,-0.9449366927146912,0.2733054757118225,0.179996520280838,-0.059212274849414825,0.28500309586524963,0.9575978517532349,0.04218496009707451,-0.8837231397628784,0.0,0.0,0.0,1.0
-0.16047817468643188,0.09137053042650223,-0.9828011989593506,3.8930606842041016,-0.9447216987609863,0.27420759201049805,0.17975324392318726,-0.03673609718680382,0.28591567277908325,0.9573200345039368,0.04231538623571396,-0.8758784532546997,0.0,0.0,0.0,1.0
-0.16244445741176605,0.09020259231328964,-0.9825860261917114,3.900968074798584,-0.9449755549430847,0.27235499024391174,0.18122908473014832,-0.05080021172761917,0.2839595377445221,0.9579594135284424,0.04099668934941292,-0.8812560439109802,0.0,0.0,0.0,1.0
-0.15036725997924805,0.0777297392487526,-0.9855697751045227,3.8478641510009766,-0.9499624967575073,0.26472142338752747,0.16581270098686218,-0.05459783226251602,0.27379000186920166,0.9611871242523193,0.03403489664196968,-0.9035638570785522,0.0,0.0,0.0,1.0
-0.14926092326641083,0.06790583580732346,-0.9864633679389954,3.8501925468444824,-0.9541174173355103,0.25200870633125305,0.1617143750190735,-0.03233863040804863,0.2595787048339844,0.9653394818305969,0.027175089344382286,-0.9743306040763855,0.0,0.0,0.0,1.0
-0.14931638538837433,0.07035774737596512,-0.9862831234931946,3.8483822345733643,-0.953350305557251,0.2544085383415222,0.16247913241386414,-0.03496894612908363,0.26235049962997437,0.9645340442657471,0.0290882159024477,-0.9719916582107544,0.0,0.0,0.0,1.0
-0.14998038113117218,0.06971029192209244,-0.986228346824646,3.8500826358795166,-0.9537577033042908,0.25260740518569946,0.16289766132831573,-0.037326619029045105,0.2604842185974121,0.9650543332099915,0.028600575402379036,-0.9662129878997803,0.0,0.0,0.0,1.0
-0.15067625045776367,0.0703854039311409,-0.9860743284225464,3.8458425998687744,-0.9533771276473999,0.253476619720459,0.16377300024032593,-0.035741016268730164,0.26147401332855225,0.9647773504257202,0.0289109218865633,-0.9660123586654663,0.0,0.0,0.0,1.0
-0.15089371800422668,0.07109887152910233,-0.9859898686408997,3.8550150394439697,-0.9530759453773499,0.254334032535553,0.1641964465379715,-0.03936689719557762,0.26244497299194336,0.9644994735717773,0.029385214671492577,-0.96480393409729,0.0,0.0,0.0,1.0
-0.1530332714319229,0.06856100261211395,-0.98583984375,3.8393373489379883,-0.9540423154830933,0.2498437762260437,0.16547289490699768,-0.02941524051129818,0.2576509714126587,0.9658558368682861,0.02717568911612034,-0.9701095819473267,0.0,0.0,0.0,1.0
-0.14467968046665192,0.061075400561094284,-0.9875918030738831,3.810758352279663,-0.9588397741317749,0.2377973198890686,0.15517361462116241,-0.02272283285856247,0.2443239837884903,0.9693927764892578,0.024157080799341202,-1.0004433393478394,0.0,0.0,0.0,1.0
-0.13736788928508759,0.059135764837265015,-0.9887532591819763,3.793093204498291,-0.9606330394744873,0.23540599644184113,0.1475404053926468,-0.02937784604728222,0.24148337543010712,0.9700963497161865,0.02447054348886013,-1.0097935199737549,0.0,0.0,0.0,1.0
-0.13232463598251343,0.055451761931180954,-0.9896541237831116,3.7593817710876465,-0.9625429511070251,0.23118272423744202,0.1416531652212143,-0.020895302295684814,0.23664584755897522,0.9713287949562073,0.022783532738685608,-1.0232510566711426,0.0,0.0,0.0,1.0
-0.1318521648645401,0.05548570305109024,-0.9897152781486511,3.757293462753296,-0.9645053744316101,0.22326123714447021,0.14101018011569977,-0.012157510966062546,0.22878913581371307,0.9731782078742981,0.02407877892255783,-1.0128567218780518,0.0,0.0,0.0,1.0
-0.13064566254615784,0.05553705617785454,-0.989872395992279,3.7913169860839844,-0.9686434268951416,0.2056748867034912,0.1393832564353943,0.031419068574905396,0.21133281290531158,0.9770431518554688,0.02692507579922676,-1.0196518898010254,0.0,0.0,0.0,1.0
-0.13121923804283142,0.06064091622829437,-0.9894969463348389,3.8414454460144043,-0.9604966044425964,0.23931355774402618,0.1420396864414215,0.01067129336297512,0.24541343748569489,0.9690468311309814,0.02684285305440426,-1.0066980123519897,0.0,0.0,0.0,1.0
-0.12677443027496338,0.05453936383128166,-0.9904310703277588,3.8413050174713135,-0.9639905095100403,0.2285454422235489,0.1359752118587494,0.0029679115395992994,0.23377449810504913,0.9720043540000916,0.02360171265900135,-1.003431797027588,0.0,0.0,0.0,1.0
-0.12200474739074707,0.05164862424135208,-0.9911847710609436,3.836966037750244,-0.9672124981880188,0.21792957186698914,0.1304098665714264,0.014176920056343079,0.22274398803710938,0.9745969176292419,0.02336675114929676,-1.0118180513381958,0.0,0.0,0.0,1.0
-0.11463841795921326,0.052887894213199615,-0.9919984340667725,3.8183517456054688,-0.9682971239089966,0.21715018153190613,0.12347666919231415,0.021466989070177078,0.22194308042526245,0.974704384803772,0.02631743997335434,-1.013649821281433,0.0,0.0,0.0,1.0
-0.10960058122873306,0.06472581624984741,-0.9918660521507263,3.7525713443756104,-0.9700049161911011,0.2108621895313263,0.12094508856534958,0.05886503681540489,0.21697530150413513,0.9753705263137817,0.039673738181591034,-1.0036320686340332,0.0,0.0,0.0,1.0
-0.10687892884016037,0.07191979885101318,-0.9916675090789795,3.731520891189575,-0.9703302979469299,0.2100108563899994,0.11981013417243958,0.08186634629964828,0.21687766909599304,0.9750502109527588,0.04734022170305252,-1.002898097038269,0.0,0.0,0.0,1.0
-0.11003643274307251,0.08736298233270645,-0.9900806546211243,3.7521231174468994,-0.970866322517395,0.20388713479042053,0.12589161098003387,0.08213017880916595,0.21286296844482422,0.9750885963439941,0.0623827688395977,-1.0026620626449585,0.0,0.0,0.0,1.0
-0.10655474662780762,0.09195668995380402,-0.9900454878807068,3.743140935897827,-0.9742201566696167,0.1894756257534027,0.12245026975870132,0.08335817605257034,0.198849618434906,0.9775699377059937,0.06939653307199478,-0.983180582523346,0.0,0.0,0.0,1.0
-0.11001600325107574,0.08972666412591934,-0.9898715019226074,3.7311012744903564,-0.9745653867721558,0.18589246273040771,0.12516503036022186,0.0679137334227562,0.19524028897285461,0.9784646034240723,0.0669933632016182,-0.9834489822387695,0.0,0.0,0.0,1.0
-0.11082448065280914,0.0829496830701828,-0.9903723001480103,3.7377517223358154,-0.9744739532470703,0.18669438362121582,0.12468221783638,0.08881398290395737,0.19523924589157104,0.9789098501205444,0.06014200299978256,-0.9894589185714722,0.0,0.0,0.0,1.0
-0.09907504171133041,0.05913887545466423,-0.9933210611343384,3.5839180946350098,-0.9816949367523193,0.15736925601959229,0.10728465765714645,0.11984119564294815,0.16266286373138428,0.9857674837112427,0.0424649715423584,-0.9828338623046875,0.0,0.0,0.0,1.0
-0.12067990750074387,0.05503242835402489,-0.9911648631095886,3.708766222000122,-0.9752885103225708,0.17956674098968506,0.12871696054935455,0.027403252199292183,0.18506386876106262,0.9822052717208862,0.03200240060687065,-0.9458852410316467,0.0,0.0,0.0,1.0
-0.12104597687721252,0.05706239864230156,-0.9910054206848145,3.681025743484497,-0.9739387631416321,0.1860843151807785,0.12967617809772491,0.032247234135866165,0.19181020557880402,0.9808753728866577,0.033050525933504105,-0.9384528994560242,0.0,0.0,0.0,1.0
-0.12566189467906952,0.0582488551735878,-0.9903616309165955,3.6941335201263428,-0.9738883376121521,0.18301738798618317,0.1343359798192978,0.037346288561820984,0.18907831609249115,0.9813825488090515,0.03372957184910774,-0.9524779915809631,0.0,0.0,0.0,1.0
-0.12441904097795486,0.05783546715974808,-0.9905427694320679,3.689361333847046,-0.973748505115509,0.18466316163539886,0.13309161365032196,0.03472215682268143,0.19061419367790222,0.9810986518859863,0.033341582864522934,-0.9399554133415222,0.0,0.0,0.0,1.0
-0.12396756559610367,0.056675899773836136,-0.990666389465332,3.701143264770508,-0.9743121862411499,0.18220986425876617,0.1323452740907669,0.03057972341775894,0.18800997734069824,0.9816249012947083,0.032631903886795044,-0.9490932822227478,0.0,0.0,0.0,1.0
-0.12331336736679077,0.05299990996718407,-0.9909514784812927,3.7243072986602783,-0.9756598472595215,0.17599186301231384,0.13082320988178253,0.02524813450872898,0.18133299052715302,0.9829638004302979,0.030007734894752502,-0.9551624655723572,0.0,0.0,0.0,1.0
-0.12179024517536163,0.04653133824467659,-0.9914645552635193,3.819542646408081,-0.974709689617157,0.18296262621879578,0.1283188760280609,0.005970032885670662,0.18737182021141052,0.9820181131362915,0.02307148091495037,-0.9705575108528137,0.0,0.0,0.0,1.0
-0.11834681779146194,0.04848724603652954,-0.9917877912521362,3.8272106647491455,-0.9723041653633118,0.1970665156841278,0.12565623223781586,-0.00592547282576561,0.20154090225696564,0.9791904091835022,0.023822154849767685,-0.972070038318634,0.0,0.0,0.0,1.0
-0.12141969799995422,0.04715398699045181,-0.9914805889129639,3.7888827323913574,-0.9713473320007324,0.19995371997356415,0.1284637451171875,-0.009855369105935097,0.20430780947208405,0.978670060634613,0.02152458019554615,-0.9721361994743347,0.0,0.0,0.0,1.0
-0.1338740885257721,0.0513077974319458,-0.9896692633628845,3.750901460647583,-0.9666765928268433,0.21313230693340302,0.14181333780288696,-0.06617757678031921,0.21820661425590515,0.9756752252578735,0.021065153181552887,-0.9699605107307434,0.0,0.0,0.0,1.0
-0.1320401281118393,0.073239266872406,-0.9885349869728088,3.3325905799865723,-0.980430543422699,0.1372559666633606,0.14112672209739685,-0.26827073097229004,0.14601832628250122,0.9878243207931519,0.05368271842598915,-1.0002074241638184,0.0,0.0,0.0,1.0
-0.12039246410131454,0.07195162773132324,-0.9901154637336731,3.3791959285736084,-0.9841406345367432,0.12223884463310242,0.12854905426502228,-0.24300940334796906,0.13027986884117126,0.9898892045021057,0.056093886494636536,-0.989534854888916,0.0,0.0,0.0,1.0
-0.12215515971183777,0.07275344431400299,-0.9898409247398376,3.387439727783203,-0.9827006459236145,0.13101041316986084,0.13090327382087708,-0.2723245322704315,0.13920316100120544,0.9887078404426575,0.055491264909505844,-0.9876465797424316,0.0,0.0,0.0,1.0
-0.1263199895620346,0.07604116201400757,-0.9890707731246948,3.4326093196868896,-0.9804171323776245,0.1422831118106842,0.1361537128686905,-0.3152366280555725,0.151081383228302,0.9869009256362915,0.056578852236270905,-0.9831650853157043,0.0,0.0,0.0,1.0
-0.12032987177371979,0.08652352541685104,-0.9889562129974365,3.4513537883758545,-0.9782196879386902,0.15939098596572876,0.13296860456466675,-0.3325842618942261,0.16913560032844543,0.9834165573120117,0.06545952707529068,-0.956684410572052,0.0,0.0,0.0,1.0
-0.1258925050497055,0.09202899038791656,-0.9877660274505615,3.4250283241271973,-0.9769093990325928,0.16175797581672668,0.13957960903644562,-0.3327734172344208,0.172624409198761,0.9825299382209778,0.0695398598909378,-0.9367926716804504,0.0,0.0,0.0,1.0
-0.12894278764724731,0.10368219763040543,-0.9862169027328491,3.4486963748931885,-0.9731581211090088,0.1779438853263855,0.14594286680221558,-0.34665051102638245,0.19062289595603943,0.9785632491111755,0.07795459777116776,-0.8819180727005005,0.0,0.0,0.0,1.0
-0.12250912189483643,0.1054762527346611,-0.9868466258049011,3.450094223022461,-0.9703553318977356,0.19599437713623047,0.14141014218330383,-0.3598046898841858,0.20833179354667664,0.9749158620834351,0.07833833992481232,-0.8793010711669922,0.0,0.0,0.0,1.0
-0.11483151465654373,0.10347108542919159,-0.9879814982414246,3.448479175567627,-0.9674646258354187,0.2140640914440155,0.13486576080322266,-0.3599641025066376,0.22544607520103455,0.9713239669799805,0.07552330940961838,-0.8806594610214233,0.0,0.0,0.0,1.0
-0.1059512346982956,0.09303266555070877,-0.9900097250938416,3.4362802505493164,-0.9612596035003662,0.24520400166511536,0.12591657042503357,-0.3191172182559967,0.254468709230423,0.964997410774231,0.06344886869192123,-0.8913432955741882,0.0,0.0,0.0,1.0
-0.10604159533977509,0.09181488305330276,-0.9901137351989746,3.442044496536255,-0.9609236717224121,0.24658611416816711,0.12578167021274567,-0.33617568016052246,0.2556969225406647,0.9647617936134338,0.06207871064543724,-0.9106084704399109,0.0,0.0,0.0,1.0
-0.11365434527397156,0.0890505239367485,-0.9895214438438416,3.4747893810272217,-0.9439341425895691,0.30104053020477295,0.13550998270511627,-0.1367172747850418,0.30995333194732666,0.9494443535804749,0.04984326288104057,-0.9352186918258667,0.0,0.0,0.0,1.0
-0.12405258417129517,0.06777659803628922,-0.9899582266807556,3.3824450969696045,-0.9785081744194031,0.15725937485694885,0.13338437676429749,-0.0356905460357666,0.1647205650806427,0.9852288961410522,0.04681151732802391,-1.0338653326034546,0.0,0.0,0.0,1.0
-0.126547709107399,0.07102534919977188,-0.9894145131111145,3.3839685916900635,-0.9784700870513916,0.15500164031982422,0.13627472519874573,-0.03371160849928856,0.16303986310958862,0.9853577613830566,0.04988107457756996,-1.024086833000183,0.0,0.0,0.0,1.0
-0.12669052183628082,0.07235825061798096,-0.9892996549606323,3.3963418006896973,-0.978349506855011,0.15542644262313843,0.1366562694311142,-0.03269750624895096,0.16365152597427368,0.9851938486099243,0.05110060051083565,-1.0237021446228027,0.0,0.0,0.0,1.0
-0.1265757530927658,0.07155880331993103,-0.9893724918365479,3.3878374099731445,-0.9783739447593689,0.15548503398895264,0.13641448318958282,-0.03451484069228172,0.16359427571296692,0.9852430820465088,0.05033063143491745,-1.0227599143981934,0.0,0.0,0.0,1.0
-0.12484006583690643,0.06701862066984177,-0.9899108409881592,3.375835657119751,-0.9788219332695007,0.1548292338848114,0.13392381370067596,-0.03224276006221771,0.16224253177642822,0.985665500164032,0.046270404011011124,-1.034224033355713,0.0,0.0,0.0,1.0
-0.1252717673778534,0.07039715349674225,-0.9896217584609985,3.3864712715148926,-0.9782325625419617,0.15756189823150635,0.13503828644752502,-0.030284255743026733,0.16543292999267578,0.9849966764450073,0.04912673309445381,-1.0232897996902466,0.0,0.0,0.0,1.0
-0.12511664628982544,0.06955436617136002,-0.989700973033905,3.380084276199341,-0.9784060716629028,0.15676671266555786,0.134706050157547,-0.03075942024588585,0.16452157497406006,0.9851834177970886,0.048438288271427155,-1.0287827253341675,0.0,0.0,0.0,1.0
-0.12420755624771118,0.06911946833133698,-0.9898459315299988,3.3793625831604004,-0.9786001443862915,0.15640130639076233,0.13371768593788147,-0.027863454073667526,0.16405567526817322,0.9852721691131592,0.04821410030126572,-1.024863839149475,0.0,0.0,0.0,1.0
-0.12434788793325424,0.068696029484272,-0.9898577928543091,3.3770182132720947,-0.978934645652771,0.1543213427066803,0.13368558883666992,-0.026803812012076378,0.1619398295879364,0.9856296181678772,0.04805939272046089,-1.0294015407562256,0.0,0.0,0.0,1.0
-0.12269701808691025,0.07078757137060165,-0.9899164438247681,3.3656039237976074,-0.9788236021995544,0.15605464577674866,0.13248135149478912,-0.01933918707072735,0.1638590693473816,0.9852086901664734,0.0501411110162735,-1.024929404258728,0.0,0.0,0.0,1.0
-0.1285018026828766,0.10864482074975967,-0.9857401251792908,3.8194754123687744,-0.9314650893211365,0.3279391825199127,0.15757077932357788,0.052008263766765594,0.34038203954696655,0.938430666923523,0.059058088809251785,-1.0194813013076782,0.0,0.0,0.0,1.0
-0.12983465194702148,0.10738155990839005,-0.9857038855552673,3.824075698852539,-0.9336098432540894,0.32157009840011597,0.15800446271896362,0.054762180894613266,0.33393964171409607,0.9407773017883301,0.058501534163951874,-1.0252946615219116,0.0,0.0,0.0,1.0
-0.1302289366722107,0.10869058966636658,-0.985508382320404,3.8198537826538086,-0.9331498742103577,0.32247456908226013,0.15887543559074402,0.0622987262904644,0.3350696563720703,0.9403172135353088,0.05942908674478531,-1.0230648517608643,0.0,0.0,0.0,1.0
-0.12721458077430725,0.10071767866611481,-0.9867483973503113,3.7956864833831787,-0.933968186378479,0.32277750968933105,0.15335598587989807,0.0706842839717865,0.3339458703994751,0.9411007165908813,0.053005099296569824,-1.0496060848236084,0.0,0.0,0.0,1.0
-0.12378734350204468,0.09676641970872879,-0.987579345703125,3.7867531776428223,-0.9353770017623901,0.32087796926498413,0.1486848145723343,0.06998071074485779,0.3312801420688629,0.9421643614768982,0.050792451947927475,-1.0572962760925293,0.0,0.0,0.0,1.0
-0.12153451144695282,0.09641991555690765,-0.9878929853439331,3.787022352218628,-0.9348493814468384,0.32337820529937744,0.1465711146593094,0.07184865325689316,0.3335954546928406,0.941344678401947,0.050836484879255295,-1.0570889711380005,0.0,0.0,0.0,1.0
-0.12382186204195023,0.0952577292919159,-0.9877216815948486,3.785935401916504,-0.9356717467308044,0.32025039196014404,0.14818239212036133,0.07456652820110321,0.33043378591537476,0.9425314664840698,0.04947597533464432,-1.0631736516952515,0.0,0.0,0.0,1.0
-0.12252438068389893,0.09511013329029083,-0.9878976941108704,3.760622024536133,-0.9364000558853149,0.31874382495880127,0.14682450890541077,0.07678774744272232,0.32885077595710754,0.9430570006370544,0.05000723898410797,-1.0597599744796753,0.0,0.0,0.0,1.0
-0.1239379271864891,0.09205887466669083,-0.9880104064941406,3.7786495685577393,-0.9358471035957336,0.3201785683631897,0.1472274214029312,0.06892859935760498,0.3298932909965515,0.9428737163543701,0.0464707650244236,-1.0660277605056763,0.0,0.0,0.0,1.0
-0.12416676431894302,0.0905599370598793,-0.9881201982498169,3.7741408348083496,-0.937019407749176,0.31693318486213684,0.1467919945716858,0.06732550263404846,0.3264615535736084,0.9441145062446594,0.04550385847687721,-1.0663273334503174,0.0,0.0,0.0,1.0
-0.12467232346534729,0.09107222408056259,-0.9880094528198242,3.783567428588867,-0.9366210699081421,0.31779003143310547,0.14748093485832214,0.0718681663274765,0.3274109363555908,0.9437772035598755,0.045680541545152664,-1.0686160326004028,0.0,0.0,0.0,1.0
-0.1127057895064354,0.09200961142778397,-0.9893592000007629,3.800198793411255,-0.9347733855247498,0.32777711749076843,0.13697049021720886,0.01959264650940895,0.33689191937446594,0.9402640461921692,0.049065761268138885,-1.0423578023910522,0.0,0.0,0.0,1.0
-0.12515459954738617,0.10867824405431747,-0.9861670136451721,3.8380093574523926,-0.9292639493942261,0.3353758752346039,0.15489234030246735,0.019286539405584335,0.34757000207901,0.9357948899269104,0.05901694297790527,-0.980553925037384,0.0,0.0,0.0,1.0
-0.1246839091181755,0.10782848298549652,-0.986319899559021,3.8481340408325195,-0.928386390209198,0.3380599319934845,0.1543184220790863,0.01861261948943138,0.3500751554965973,0.9349269866943359,0.05795586109161377,-0.9811121225357056,0.0,0.0,0.0,1.0
-0.12407294660806656,0.10770547389984131,-0.98641037940979,3.857649087905884,-0.9284900426864624,0.3380570411682129,0.1536998152732849,0.0020887632854282856,0.350017249584198,0.9349421858787537,0.058059725910425186,-0.9871038198471069,0.0,0.0,0.0,1.0
-0.12479647994041443,0.10818937420845032,-0.9862661361694336,3.8580570220947266,-0.927992582321167,0.3390066623687744,0.1546105146408081,0.0071553634479641914,0.35107800364494324,0.9345424771308899,0.05809209495782852,-0.9856878519058228,0.0,0.0,0.0,1.0
-0.12316855043172836,0.10820513218641281,-0.986469030380249,3.8538904190063477,-0.9282082319259644,0.3391057848930359,0.15309052169322968,0.0005206437781453133,0.3510825037956238,0.9345046281814575,0.05866973102092743,-0.9909040927886963,0.0,0.0,0.0,1.0
-0.1244625523686409,0.10990148782730103,-0.9861190319061279,3.854536771774292,-0.9286739826202393,0.3370589017868042,0.15477687120437622,-0.0008897371590137482,0.34939044713974,0.9350470900535583,0.06011144444346428,-0.982354462146759,0.0,0.0,0.0,1.0
-0.12652505934238434,0.10749966651201248,-0.9861212968826294,3.8561697006225586,-0.9298505783081055,0.33339357376098633,0.1556493043899536,-0.0037786848843097687,0.3454987406730652,0.9366389513015747,0.05777598172426224,-0.9894827604293823,0.0,0.0,0.0,1.0
-0.12325695157051086,0.10753518342971802,-0.9865312576293945,3.858588933944702,-0.9293771386146545,0.3360457122325897,0.15274623036384583,-0.012164481915533543,0.3479451835155487,0.9356865882873535,0.05852077156305313,-0.9950375556945801,0.0,0.0,0.0,1.0
-0.12506145238876343,0.10674616694450378,-0.9863898158073425,3.8468799591064453,-0.9302635192871094,0.33301451802253723,0.15398387610912323,0.0010332977399230003,0.344919353723526,0.9368599653244019,0.05765478312969208,-0.9877236485481262,0.0,0.0,0.0,1.0
-0.12444806098937988,0.10655198246240616,-0.986488401889801,3.852079391479492,-0.9302369356155396,0.3333764970302582,0.1533602476119995,-0.004591482691466808,0.3452128469944,0.9367533326148987,0.05763053148984909,-1.0000662803649902,0.0,0.0,0.0,1.0
-0.11388009786605835,0.09006373584270477,-0.9894037842750549,3.7650678157806396,-0.942074179649353,0.3064490258693695,0.13632799685001373,-0.05627182126045227,0.31547999382019043,0.9476168155670166,0.049948278814554214,-0.9958360195159912,0.0,0.0,0.0,1.0
-0.11122512072324753,0.08742000162601471,-0.9899427890777588,3.7794127464294434,-0.9425655007362366,0.30641740560531616,0.1329611837863922,-0.05284148454666138,0.3149591386318207,0.9478744864463806,0.048317767679691315,-1.0031921863555908,0.0,0.0,0.0,1.0
-0.11713014543056488,0.09034103900194168,-0.9889990091323853,3.778932809829712,-0.9432873129844666,0.30136358737945557,0.1392447054386139,-0.04664921015501022,0.3106277883052826,0.9492199420928955,0.04991879314184189,-0.9970700740814209,0.0,0.0,0.0,1.0
-0.11788855493068695,0.09101581573486328,-0.988847017288208,3.7777230739593506,-0.9428085684776306,0.3024013638496399,0.14023366570472717,-0.051911674439907074,0.31179213523864746,0.9488253593444824,0.05016082897782326,-0.9985272288322449,0.0,0.0,0.0,1.0
-0.12550412118434906,0.08985231816768646,-0.9880158305168152,3.757359027862549,-0.9397703409194946,0.30838117003440857,0.14742052555084229,-0.03957367315888405,0.31793153285980225,0.947009801864624,0.04573743790388107,-0.971287190914154,0.0,0.0,0.0,1.0
-0.12641625106334686,0.09146679937839508,-0.9877513647079468,3.7406551837921143,-0.939290463924408,0.3091592788696289,0.14884249866008759,-0.041918106377124786,0.31898659467697144,0.9466015100479126,0.04683113470673561,-0.9586154818534851,0.0,0.0,0.0,1.0
-0.12042661756277084,0.1002064049243927,-0.9876518249511719,3.7666079998016357,-0.9299653768539429,0.3367358446121216,0.14755775034427643,-0.04711947590112686,0.3473639488220215,0.9362519383430481,0.052636533975601196,-0.9365328550338745,0.0,0.0,0.0,1.0
-0.1198812872171402,0.10198411345481873,-0.9875361919403076,3.7814624309539795,-0.9255622625350952,0.34832847118377686,0.14833033084869385,-0.04326876252889633,0.3591143488883972,0.9318082332611084,0.052634574472904205,-0.9421717524528503,0.0,0.0,0.0,1.0
-0.12064017355442047,0.10244210064411163,-0.9873963594436646,3.7979788780212402,-0.9235855937004089,0.353054404258728,0.14947307109832764,-0.04683296009898186,0.3639169931411743,0.929977536201477,0.05202150717377663,-0.9458949565887451,0.0,0.0,0.0,1.0
-0.119881771504879,0.10278256237506866,-0.9874533414840698,3.7938482761383057,-0.9226416945457458,0.35569676756858826,0.14903727173805237,-0.043742287904024124,0.3665524125099182,0.9289324879646301,0.052189916372299194,-0.9487390518188477,0.0,0.0,0.0,1.0
-0.11799165606498718,0.10117185115814209,-0.9878472685813904,3.812586545944214,-0.9235458374023438,0.35435938835144043,0.146603524684906,-0.05272067338228226,0.364885151386261,0.9296201467514038,0.051625389605760574,-0.9561228156089783,0.0,0.0,0.0,1.0
-0.11987526714801788,0.1021319106221199,-0.9875216484069824,3.8509137630462646,-0.9283943176269531,0.34087294340133667,0.14795170724391937,-0.035431742668151855,0.35173001885414124,0.9345452189445496,0.053956445306539536,-0.8949953317642212,0.0,0.0,0.0,1.0
-0.10627751797437668,0.08100146055221558,-0.9910317063331604,3.811353921890259,-0.9510855078697205,0.28247296810150146,0.12508149445056915,-0.05398940667510033,0.2900714874267578,0.9558492302894592,0.047018785029649734,-0.9493536353111267,0.0,0.0,0.0,1.0
-0.10742083191871643,0.08121757209300995,-0.9908907413482666,3.8133394718170166,-0.9505546689033508,0.2837138772010803,0.12630243599414825,-0.05177830904722214,0.2913874387741089,0.9554632902145386,0.04672496020793915,-0.9457448124885559,0.0,0.0,0.0,1.0
-0.10550626367330551,0.07983900606632233,-0.9912084341049194,3.8081235885620117,-0.9513892531394958,0.2819366455078125,0.12397701293230057,-0.055068984627723694,0.28935617208480835,0.9561053514480591,0.04621189087629318,-0.9489729404449463,0.0,0.0,0.0,1.0
-0.10572275519371033,0.08047349005937576,-0.9911340475082397,3.8060245513916016,-0.9513850212097168,0.28178107738494873,0.124361552298069,-0.05392104759812355,0.2892906069755554,0.9560979604721069,0.0467706061899662,-0.9465022683143616,0.0,0.0,0.0,1.0
-0.10833463072776794,0.08181522786617279,-0.9907420873641968,3.815624952316284,-0.9501631259918213,0.2845357656478882,0.12739434838294983,-0.055435359477996826,0.29232433438301086,0.9551678895950317,0.046912744641304016,-0.945093035697937,0.0,0.0,0.0,1.0
-0.10947366803884506,0.08400919288396835,-0.9904332160949707,3.8237953186035156,-0.9492963552474976,0.28659147024154663,0.12923564016819,-0.06261778622865677,0.2947067320346832,0.9543625116348267,0.04837539792060852,-0.9335972666740417,0.0,0.0,0.0,1.0
-0.10885005444288254,0.08976717293262482,-0.9899967312812805,3.842849016189575,-0.9492678642272949,0.2861935794353485,0.13032227754592896,-0.05534511059522629,0.29502934217453003,0.9539576768875122,0.05406090244650841,-0.9182009100914001,0.0,0.0,0.0,1.0
-0.1102798730134964,0.0886441096663475,-0.9899396896362305,3.859260320663452,-0.9491174221038818,0.2862173318862915,0.13136155903339386,-0.052634090185165405,0.29498231410980225,0.9540554881095886,0.05256965383887291,-0.9148513078689575,0.0,0.0,0.0,1.0
-0.1081780418753624,0.08692780882120132,-0.9903237223625183,3.8862836360931396,-0.9514985680580139,0.2795436680316925,0.12847453355789185,-0.04883464425802231,0.2880067825317383,0.956189751625061,0.05247120186686516,-0.9224831461906433,0.0,0.0,0.0,1.0
-0.1087837889790535,0.08636084198951721,-0.9903069734573364,3.884972333908081,-0.9516758322715759,0.27876657247543335,0.12885035574436188,-0.04905045032501221,0.28719204664230347,0.9564680457115173,0.05186224356293678,-0.922148585319519,0.0,0.0,0.0,1.0
-0.11534405499696732,0.10140872001647949,-0.9881356358528137,3.963184356689453,-0.9257808327674866,0.3495863080024719,0.143942192196846,0.0058207884430885315,0.36003565788269043,0.9313998818397522,0.05355954170227051,-0.9523881673812866,0.0,0.0,0.0,1.0
-0.10818135738372803,0.09922865033149719,-0.9891665577888489,3.8711135387420654,-0.9292560815811157,0.34345951676368713,0.1360834538936615,0.003128994256258011,0.35324203968048096,0.9339106678962708,0.055052902549505234,-0.9864458441734314,0.0,0.0,0.0,1.0
-0.10500117391347885,0.0969204381108284,-0.9897379279136658,3.873155355453491,-0.9304718971252441,0.3416900634765625,0.13217377662658691,-0.003740863874554634,0.35099396109580994,0.9348017573356628,0.05430389195680618,-0.9985907673835754,0.0,0.0,0.0,1.0
-0.11019804328680038,0.1004893034696579,-0.9888166189193726,3.8541207313537598,-0.9284613132476807,0.34464237093925476,0.13849635422229767,0.0020300056785345078,0.35470548272132874,0.9333400130271912,0.05532152205705643,-0.9838624000549316,0.0,0.0,0.0,1.0
-0.10502495616674423,0.09604227542877197,-0.9898210167884827,3.879575490951538,-0.9307840466499329,0.34096628427505493,0.13184477388858795,-0.0031844433397054672,0.3501582741737366,0.9351565837860107,0.05358465388417244,-1.0002743005752563,0.0,0.0,0.0,1.0
-0.10602030158042908,0.09625677764415741,-0.9896940588951111,3.865537405014038,-0.9298468232154846,0.3430776298046112,0.13297663629055023,-0.00012637674808502197,0.35234183073043823,0.9343621134757996,0.0531308576464653,-0.9919176697731018,0.0,0.0,0.0,1.0
-0.10476380586624146,0.09460025280714035,-0.9899875521659851,3.879157066345215,-0.9308048486709595,0.34119489789009094,0.1311044692993164,-0.003985142335295677,0.3501812219619751,0.9352202415466309,0.05230950191617012,-1.0053768157958984,0.0,0.0,0.0,1.0
-0.1054423600435257,0.09187046438455582,-0.9901725649833679,3.874580144882202,-0.9309582114219666,0.3409059941768646,0.13076671957969666,-0.002390865236520767,0.3495693504810333,0.9355976581573486,0.049581632018089294,-1.0114954710006714,0.0,0.0,0.0,1.0
-0.10578374564647675,0.0934210941195488,-0.9899910688400269,3.863853931427002,-0.9303512573242188,0.34219998121261597,0.1317029446363449,-0.004352414980530739,0.35107874870300293,0.9349714517593384,0.05071524530649185,-1.0047252178192139,0.0,0.0,0.0,1.0
-0.10672542452812195,0.09389611333608627,-0.9898450374603271,3.8624227046966553,-0.9302150011062622,0.34216466546058655,0.1327536255121231,-0.0019056349992752075,0.35115504264831543,0.9349368810653687,0.050825897604227066,-0.9991939663887024,0.0,0.0,0.0,1.0
-0.11442320048809052,0.09295964241027832,-0.9890732169151306,3.9057328701019287,-0.9292082190513611,0.3421527147293091,0.13965535163879395,0.002241816371679306,0.3513963222503662,0.9350347518920898,0.04722865670919418,-1.0018872022628784,0.0,0.0,0.0,1.0
-0.10572712868452072,0.09292154759168625,-0.990044116973877,4.028106689453125,-0.9206838607788086,0.3670336604118347,0.1327684372663498,-0.014293470419943333,0.3757166266441345,0.9255548715591431,0.04674595594406128,-1.0097558498382568,0.0,0.0,0.0,1.0
-0.09240616858005524,0.10345830023288727,-0.9903320074081421,3.9727354049682617,-0.9182277321815491,0.37582939863204956,0.12494050711393356,0.016804687678813934,0.38512203097343445,0.9208955764770508,0.060269325971603394,-0.9622423052787781,0.0,0.0,0.0,1.0
-0.08493035286664963,0.11701656132936478,-0.9894917607307434,4.012012958526611,-0.9224882125854492,0.36608222126960754,0.1224718913435936,0.017087310552597046,0.3765665888786316,0.923196017742157,0.07685490697622299,-0.9590803384780884,0.0,0.0,0.0,1.0
-0.08285177499055862,0.11586319655179977,-0.989803671836853,4.014812469482422,-0.9201618432998657,0.372494101524353,0.1206253319978714,0.019484926015138626,0.3826720714569092,0.9207735657691956,0.07575109601020813,-0.954106867313385,0.0,0.0,0.0,1.0
-0.08412491530179977,0.11541073024272919,-0.9897491335868835,4.012451171875,-0.9210150241851807,0.37011295557022095,0.12144017964601517,0.017315085977315903,0.38033443689346313,0.9217900037765503,0.07515929639339447,-0.9582195281982422,0.0,0.0,0.0,1.0
-0.08340070396661758,0.11613000929355621,-0.9897263050079346,4.00851583480835,-0.9215837121009827,0.3688594400882721,0.12093885987997055,0.018033843487501144,0.3791145086288452,0.9222019910812378,0.07626038789749146,-0.9607632756233215,0.0,0.0,0.0,1.0
-0.08081100136041641,0.11691533774137497,-0.9898486733436584,3.996649742126465,-0.9186947345733643,0.3764667212963104,0.11946815252304077,0.03682992607355118,0.38661274313926697,0.9190231561660767,0.07698686420917511,-0.9515738487243652,0.0,0.0,0.0,1.0
-0.08605652302503586,0.10730002820491791,-0.9904953241348267,3.9875218868255615,-0.9173300266265869,0.3793599605560303,0.12079569697380066,0.04292817413806915,0.3887156546115875,0.91900634765625,0.06578314304351807,-0.9565795660018921,0.0,0.0,0.0,1.0
-0.09128808975219727,0.10335927456617355,-0.9904460310935974,3.972034454345703,-0.9169546365737915,0.37920528650283813,0.12408693879842758,0.03853895142674446,0.3884078562259674,0.919521689414978,0.06015884503722191,-0.955170750617981,0.0,0.0,0.0,1.0
-0.08760737627744675,0.10581845045089722,-0.9905187487602234,3.9817659854888916,-0.9166750907897949,0.3806391656398773,0.12174040079116821,0.04372042790055275,0.38991260528564453,0.9186491966247559,0.0636543408036232,-0.9530990123748779,0.0,0.0,0.0,1.0
-0.08887001127004623,0.10493380576372147,-0.9905003905296326,3.976426601409912,-0.918066143989563,0.3770841360092163,0.12231941521167755,0.04279054328799248,0.38633739948272705,0.9202154278755188,0.06282470375299454,-0.9562813639640808,0.0,0.0,0.0,1.0
-0.06701058894395828,0.0858445018529892,-0.9940524697303772,4.034679889678955,-0.9135184288024902,0.39537426829338074,0.09572544693946838,0.03011370822787285,0.4012402594089508,0.9144998788833618,0.05192626640200615,-0.9447413682937622,0.0,0.0,0.0,1.0
-0.07564607262611389,0.09127239137887955,-0.9929486513137817,4.011782646179199,-0.9148867726325989,0.3896768391132355,0.10551837831735611,-0.008208655752241611,0.39656001329421997,0.9164175987243652,0.05402638018131256,-0.9595049023628235,0.0,0.0,0.0,1.0
-0.07560273259878159,0.08971405029296875,-0.9930939674377441,4.013082027435303,-0.9147093296051025,0.3902626037597656,0.10489093512296677,-0.008400281891226768,0.39697763323783875,0.9163222908973694,0.05255735293030739,-0.9601022601127625,0.0,0.0,0.0,1.0
-0.07518617063760757,0.09043924510478973,-0.9930598139762878,4.013856887817383,-0.9145983457565308,0.3905433714389801,0.10481301695108414,-0.00939653255045414,0.39731213450431824,0.9161313772201538,0.053352124989032745,-0.9575875401496887,0.0,0.0,0.0,1.0
-0.07551762461662292,0.09010998904705048,-0.9930645823478699,4.00936222076416,-0.9151373505592346,0.38925182819366455,0.10491209477186203,-0.007373412139713764,0.3960058391094208,0.916713297367096,0.0530676431953907,-0.9609023928642273,0.0,0.0,0.0,1.0
-0.07728193700313568,0.08937180042266846,-0.99299556016922,4.00966739654541,-0.9153951406478882,0.38829800486564636,0.10619021207094193,-0.0076426793821156025,0.39506858587265015,0.9171899557113647,0.05180209502577782,-0.9631679058074951,0.0,0.0,0.0,1.0
-0.07468029856681824,0.09021992981433868,-0.9931179285049438,4.0119309425354,-0.9152346253395081,0.3892190754413605,0.10418231040239334,-0.00935405120253563,0.39593976736068726,0.9167163372039795,0.053505413234233856,-0.960369884967804,0.0,0.0,0.0,1.0
-0.07659779489040375,0.09046460688114166,-0.9929496049880981,4.007589817047119,-0.915905237197876,0.3871651291847229,0.10592789947986603,-0.00887212436646223,0.3940182030200958,0.9175615906715393,0.05320101976394653,-0.9625871181488037,0.0,0.0,0.0,1.0
-0.07833794504404068,0.08851514756679535,-0.9929895401000977,4.011356830596924,-0.914637565612793,0.38988223671913147,0.10691080242395401,-0.008931840769946575,0.3966122269630432,0.9166007041931152,0.05041670426726341,-0.9606977701187134,0.0,0.0,0.0,1.0
-0.0763973668217659,0.0889451876282692,-0.9931023120880127,4.012558460235596,-0.9154804944992065,0.38836386799812317,0.1052090972661972,-0.009859985671937466,0.39504289627075195,0.9172034859657288,0.051757603883743286,-0.9591740965843201,0.0,0.0,0.0,1.0
-0.07530823349952698,0.09094033390283585,-0.9930047988891602,4.0080060958862305,-0.9155677556991577,0.38821786642074585,0.10498886555433273,-0.007572207134217024,0.39504992961883545,0.917069673538208,0.054026030004024506,-0.9622142910957336,0.0,0.0,0.0,1.0
-0.06181992217898369,0.1079089418053627,-0.992236852645874,4.011503219604492,-0.9038138389587402,0.4157091975212097,0.10152056068181992,-0.02838844805955887,0.4234369397163391,0.9030733108520508,0.07183048129081726,-1.022872805595398,0.0,0.0,0.0,1.0
-0.06253035366535187,0.10597991943359375,-0.9924002289772034,4.014015197753906,-0.9030277729034424,0.4174247086048126,0.10147647559642792,-0.029645316302776337,0.4250068664550781,0.9025102853775024,0.06960108876228333,-1.0238516330718994,0.0,0.0,0.0,1.0
-0.06159799173474312,0.10733819752931595,-0.9923125505447388,4.015228271484375,-0.9029899835586548,0.41756826639175415,0.10122153908014297,-0.028571855276823044,0.4252232313156128,0.9022833108901978,0.07120394706726074,-1.023389220237732,0.0,0.0,0.0,1.0
-0.05944731459021568,0.10797429084777832,-0.9923747181892395,4.017416000366211,-0.9030128717422485,0.41791704297065735,0.09956519305706024,-0.02666831761598587,0.4254807233810425,0.9020459651947021,0.07265812158584595,-1.021563172340393,0.0,0.0,0.0,1.0
-0.060908008366823196,0.10575616359710693,-0.9925249814987183,4.01857328414917,-0.9023668766021729,0.4191964268684387,0.10004179179668427,-0.029503384605050087,0.4266429543495178,0.9017150402069092,0.06989844143390656,-1.021332859992981,0.0,0.0,0.0,1.0
-0.059005435556173325,0.10862502455711365,-0.9923300743103027,4.016056537628174,-0.9016467332839966,0.420829176902771,0.09967917203903198,-0.026402991265058517,0.4284290671348572,0.9006127715110779,0.0731101930141449,-1.0209202766418457,0.0,0.0,0.0,1.0
-0.0610271692276001,0.10607801377773285,-0.9924833178520203,4.020902633666992,-0.9013873338699341,0.42120274901390076,0.1004444807767868,-0.02775535173714161,0.42869171500205994,0.9007417559623718,0.06991256773471832,-1.0222855806350708,0.0,0.0,0.0,1.0
-0.062253259122371674,0.10327208042144775,-0.9927030801773071,4.027444362640381,-0.8992666006088257,0.42565715312957764,0.10067540407180786,-0.025829534977674484,0.43294814229011536,0.8989721536636353,0.06637059152126312,-1.018012523651123,0.0,0.0,0.0,1.0
-0.06914852559566498,0.1040632575750351,-0.9921639561653137,4.059298515319824,-0.8920769691467285,0.43874093890190125,0.1081903949379921,-0.029737655073404312,0.4465616047382355,0.8925677537918091,0.06249414011836052,-1.013085126876831,0.0,0.0,0.0,1.0
-0.07387034595012665,0.10166021436452866,-0.9920727610588074,4.068295001983643,-0.8903802633285522,0.4413450360298157,0.11152400076389313,-0.03130015730857849,0.44918394088745117,0.8915603160858154,0.05791393667459488,-1.0111784934997559,0.0,0.0,0.0,1.0
-0.06674069911241531,0.1074700579047203,-0.991965651512146,4.0588226318359375,-0.8918713331222534,0.43930360674858093,0.10760059952735901,-0.02726341038942337,0.44733795523643494,0.8918870687484741,0.06653003394603729,-0.9991804361343384,0.0,0.0,0.0,1.0
-0.06521822512149811,0.10605426877737045,-0.9922192692756653,4.015554904937744,-0.9021193981170654,0.418751984834671,0.10405468195676804,-0.019215121865272522,0.426529198884964,0.9018864631652832,0.06836335361003876,-1.0117576122283936,0.0,0.0,0.0,1.0
-0.07164309918880463,0.09382212162017822,-0.9930078983306885,4.023624897003174,-0.9045728445053101,0.413359135389328,0.1043180301785469,-0.010521087795495987,0.42025619745254517,0.9057216048240662,0.055254608392715454,-1.0181413888931274,0.0,0.0,0.0,1.0
-0.10123424977064133,0.0659489557147026,-0.9926743507385254,4.044514179229736,-0.9097664952278137,0.39763933420181274,0.11919663101434708,0.003774784505367279,0.40258723497390747,0.9151686429977417,0.019743438810110092,-1.0301413536071777,0.0,0.0,0.0,1.0
-0.11731164902448654,0.05414682254195213,-0.9916179180145264,4.048291206359863,-0.9130540490150452,0.38685232400894165,0.1291411817073822,0.013525284826755524,0.3906022906303406,0.920550525188446,0.004056695383042097,-1.032596468925476,0.0,0.0,0.0,1.0
-0.12815096974372864,0.03169319033622742,-0.9912481307983398,4.032463550567627,-0.916362464427948,0.37845903635025024,0.13057005405426025,0.019230864942073822,0.37928497791290283,0.9250752925872803,-0.019457438960671425,-1.0402485132217407,0.0,0.0,0.0,1.0
-0.1414068639278412,0.012296067550778389,-0.9898751974105835,4.042811870574951,-0.9192336797714233,0.3695119619369507,0.13590551912784576,0.023108433932065964,0.3674418330192566,0.9291446208953857,-0.04094856604933739,-1.051076889038086,0.0,0.0,0.0,1.0
-0.16315779089927673,-0.019068999215960503,-0.986415684223175,4.039348602294922,-0.9214106202125549,0.36034661531448364,0.14543958008289337,0.019183162599802017,0.35267817974090576,0.9326235055923462,-0.07636374235153198,-1.0572258234024048,0.0,0.0,0.0,1.0
-0.24553219974040985,-0.11819963157176971,-0.962155282497406,4.066971302032471,-0.9182389378547668,0.34650617837905884,0.19175730645656586,0.003899596631526947,0.31072714924812317,0.9305709600448608,-0.1936139166355133,-1.0098493099212646,0.0,0.0,0.0,1.0
-0.24284666776657104,-0.10988762229681015,-0.9638206362724304,4.077075958251953,-0.9146972894668579,0.3568037748336792,0.18978933990001678,-0.010814901441335678,0.32303929328918457,0.9276938438415527,-0.18716251850128174,-0.996748149394989,0.0,0.0,0.0,1.0
-0.26999539136886597,-0.16154207289218903,-0.9492136836051941,4.0722975730896,-0.9223409295082092,0.3263702690601349,0.20680828392505646,0.016222253441810608,0.27638691663742065,0.9313359260559082,-0.23711533844470978,-0.9833052754402161,0.0,0.0,0.0,1.0
-0.2602158188819885,-0.17011792957782745,-0.9504460096359253,4.108801364898682,-0.9148980379104614,0.3580777049064636,0.1863919496536255,0.00011134892702102661,0.30862492322921753,0.9180632829666138,-0.248818039894104,-0.9374856948852539,0.0,0.0,0.0,1.0
-0.042092978954315186,0.08808539807796478,-0.9952231645584106,4.043700695037842,-0.8805955648422241,0.46730372309684753,0.07860500365495682,-0.032981645315885544,0.47199541330337524,0.879697859287262,0.057897407561540604,-0.9771868586540222,0.0,0.0,0.0,1.0
-0.03804847598075867,0.08716978132724762,-0.9954665899276733,4.028603553771973,-0.8786051273345947,0.4716414213180542,0.07488194108009338,-0.03247056528925896,0.47603076696395874,0.8774712085723877,0.05864258110523224,-0.9882267117500305,0.0,0.0,0.0,1.0
-0.03725000470876694,0.08935223519802094,-0.9953032732009888,4.009030342102051,-0.8757544755935669,0.4768037796020508,0.07558032125234604,-0.005664218217134476,0.4813176393508911,0.8744566440582275,0.060489676892757416,-1.0041910409927368,0.0,0.0,0.0,1.0
-0.03574357181787491,0.08711963891983032,-0.9955564141273499,3.971489906311035,-0.878058671951294,0.47296565771102905,0.07291354984045029,0.02974749356508255,0.4772161841392517,0.8767631649971008,0.059590671211481094,-1.015920639038086,0.0,0.0,0.0,1.0
-0.0378275066614151,0.08372890204191208,-0.9957703351974487,3.975724697113037,-0.8798655271530151,0.46959617733955383,0.07291028648614883,0.04289513826370239,0.4737146496772766,0.8789020776748657,0.05590652674436569,-1.0345723628997803,0.0,0.0,0.0,1.0
-0.038618676364421844,0.08362773060798645,-0.9957484602928162,3.921765089035034,-0.8776973485946655,0.4734974205493927,0.07380681484937668,0.1277536302804947,0.47765660285949707,0.8768161535263062,0.05511399358510971,-1.0729551315307617,0.0,0.0,0.0,1.0
-0.0412948839366436,0.07600999623537064,-0.9962515830993652,3.922011137008667,-0.8807108998298645,0.46811577677726746,0.0722210481762886,0.1478320062160492,0.4718506336212158,0.8803919553756714,0.04761204123497009,-1.083006501197815,0.0,0.0,0.0,1.0
-0.04834432527422905,0.07157132029533386,-0.9962632060050964,3.8802084922790527,-0.8851770758628845,0.4590166509151459,0.07592944800853729,0.19081763923168182,0.46273574233055115,0.8855401277542114,0.041162438690662384,-1.0791070461273193,0.0,0.0,0.0,1.0
-0.04960467293858528,0.06983819603919983,-0.9963242411613464,3.8794801235198975,-0.8866573572158813,0.45611944794654846,0.07611669600009918,0.2009638100862503,0.4597586691379547,0.8871740102767944,0.03929689899086952,-1.0710841417312622,0.0,0.0,0.0,1.0
-0.0554848313331604,0.07071121782064438,-0.9959524869918823,3.8468048572540283,-0.8886523246765137,0.45127278566360474,0.0815468356013298,0.2209814041852951,0.4552125334739685,0.8895801305770874,0.03779890015721321,-1.0664557218551636,0.0,0.0,0.0,1.0
-0.2452092319726944,-0.1783992350101471,-0.9529145359992981,3.8800299167633057,-0.9348351955413818,0.3038928508758545,0.18366385996341705,0.23080280423164368,0.25681841373443604,0.9358540773391724,-0.24129119515419006,-1.0894230604171753,0.0,0.0,0.0,1.0
-0.2378893345594406,-0.163359597325325,-0.9574561715126038,4.069454193115234,-0.9303687810897827,0.32144540548324585,0.17631471157073975,-0.06507280468940735,0.27896714210510254,0.9327306747436523,-0.22845308482646942,-1.004336953163147,0.0,0.0,0.0,1.0
-0.24853822588920593,-0.1511908322572708,-0.9567497372627258,4.0648651123046875,-0.930120050907135,0.3129696249961853,0.1921633630990982,-0.031303778290748596,0.2703802287578583,0.937652051448822,-0.21841052174568176,-1.025768756866455,0.0,0.0,0.0,1.0
-0.2528602182865143,-0.1493547260761261,-0.9559052586555481,4.0438618659973145,-0.9299406409263611,0.3101468086242676,0.19753329455852509,-0.017044104635715485,0.2669684588909149,0.9388834834098816,-0.21731482446193695,-1.0235755443572998,0.0,0.0,0.0,1.0
-0.25531005859375,-0.14541149139404297,-0.9558620452880859,4.055718421936035,-0.9287882447242737,0.31157660484313965,0.20067976415157318,-0.015358693897724152,0.2686431109905243,0.9390289783477783,-0.21460513770580292,-1.0261800289154053,0.0,0.0,0.0,1.0
-0.2616611123085022,-0.1430293768644333,-0.954503059387207,4.033721923828125,-0.9275826215744019,0.3105333745479584,0.20774884521961212,-0.0008078962564468384,0.2666908800601959,0.9397401809692383,-0.2139260619878769,-1.0173249244689941,0.0,0.0,0.0,1.0
-0.26410526037216187,-0.1419389694929123,-0.9539925456047058,4.023383140563965,-0.9269773960113525,0.31053999066352844,0.21042288839817047,0.00981440395116806,0.26638564467430115,0.9399032592773438,-0.21358945965766907,-1.0187627077102661,0.0,0.0,0.0,1.0
-0.25520095229148865,-0.1500999629497528,-0.955166220664978,4.060667991638184,-0.9280654788017273,0.31514668464660645,0.19843634963035583,-0.017469946295022964,0.27123215794563293,0.9370979070663452,-0.21972832083702087,-1.031329870223999,0.0,0.0,0.0,1.0
-0.24789594113826752,-0.15775570273399353,-0.9558560252189636,4.0700860023498535,-0.929505467414856,0.31683602929115295,0.18877103924751282,-0.03429759666323662,0.27306991815567017,0.9352689981460571,-0.22517716884613037,-1.024984359741211,0.0,0.0,0.0,1.0
-0.24071726202964783,-0.16155974566936493,-0.9570546746253967,4.072148323059082,-0.9305734038352966,0.3186493515968323,0.18026573956012726,-0.06765859574079514,0.2758411765098572,0.9340026378631592,-0.2270476073026657,-1.0117981433868408,0.0,0.0,0.0,1.0
-0.24232040345668793,-0.15543042123317719,-0.957664966583252,4.079168796539307,-0.9264687895774841,0.3300708830356598,0.18085578083992004,-0.12129820883274078,0.28798675537109375,0.9310717582702637,-0.22398434579372406,-0.9933153390884399,0.0,0.0,0.0,1.0
-0.2531619966030121,-0.17561787366867065,-0.9513502717018127,3.618192195892334,-0.941779613494873,0.2696588933467865,0.20083650946617126,-0.12981289625167847,0.22126957774162292,0.9468064308166504,-0.2336607128381729,-1.0762313604354858,0.0,0.0,0.0,1.0
-0.25140252709388733,-0.18293032050132751,-0.9504384398460388,3.6257078647613525,-0.9458708167076111,0.2546674609184265,0.2011786699295044,-0.10090252757072449,0.2052440345287323,0.9495688080787659,-0.23705250024795532,-1.083952784538269,0.0,0.0,0.0,1.0
-0.25048738718032837,-0.18433502316474915,-0.9504086971282959,3.6343765258789062,-0.9462330937385559,0.25418075919151306,0.20008765161037445,-0.10617656260728836,0.20469245314598083,0.949427604675293,-0.23809295892715454,-1.0856115818023682,0.0,0.0,0.0,1.0
-0.2531140446662903,-0.1831878125667572,-0.9499344825744629,3.6403005123138428,-0.9454655647277832,0.2549141049385071,0.20276498794555664,-0.10578498244285583,0.2050076723098755,0.9494529962539673,-0.23772011697292328,-1.0774534940719604,0.0,0.0,0.0,1.0
-0.2529194951057434,-0.182777538895607,-0.9500653147697449,3.6523337364196777,-0.9455306529998779,0.25471755862236023,0.2027086764574051,-0.11459867656230927,0.20494776964187622,0.9495848417282104,-0.23724479973316193,-1.0757933855056763,0.0,0.0,0.0,1.0
-0.2542852461338043,-0.18096914887428284,-0.950046956539154,3.6538641452789307,-0.9448341727256775,0.2561955749988556,0.2040887475013733,-0.12134021520614624,0.20646405220031738,0.9495335817337036,-0.23613257706165314,-1.0754083395004272,0.0,0.0,0.0,1.0
-0.2541671097278595,-0.18256133794784546,-0.949773907661438,3.6539814472198486,-0.9434918165206909,0.2627258896827698,0.2019859403371811,-0.15587568283081055,0.2126554548740387,0.9474421143531799,-0.2390214055776596,-1.0687109231948853,0.0,0.0,0.0,1.0
-0.2602464556694031,-0.17228271067142487,-0.9500476121902466,3.639880418777466,-0.9421661496162415,0.26051294803619385,0.21084576845169067,-0.18539409339427948,0.2111746370792389,0.949974536895752,-0.23011650145053864,-1.0530332326889038,0.0,0.0,0.0,1.0
-0.2697184383869171,-0.16734643280506134,-0.9482864141464233,3.6180648803710938,-0.939037024974823,0.26376357674598694,0.22054065763950348,-0.20628276467323303,0.21321672201156616,0.9499599933624268,-0.22828640043735504,-1.03328537940979,0.0,0.0,0.0,1.0
-0.27061566710472107,-0.16580446064472198,-0.9483016729354858,3.6389050483703613,-0.9378199577331543,0.2678513824939728,0.22079244256019592,-0.2293546497821808,0.21739554405212402,0.9490861892700195,-0.22797951102256775,-1.033523440361023,0.0,0.0,0.0,1.0
-0.2710884213447571,-0.164692685008049,-0.9483603835105896,3.6214053630828857,-0.9376405477523804,0.2678942382335663,0.22150151431560516,-0.2240348607301712,0.217580646276474,0.9492676258087158,-0.22704556584358215,-1.0284700393676758,0.0,0.0,0.0,1.0
-0.2617826461791992,-0.1490752100944519,-0.9535441398620605,3.672300100326538,-0.945319652557373,0.23874211311340332,0.22220022976398468,-0.17901873588562012,0.19452664256095886,0.9595721960067749,-0.20342224836349487,-1.0183426141738892,0.0,0.0,0.0,1.0
-0.2373862862586975,-0.17017899453639984,-0.9563926458358765,3.6719846725463867,-0.9528360366821289,0.23242521286010742,0.19514614343643188,-0.02753555029630661,0.18907997012138367,0.9576103687286377,-0.21732722222805023,-1.0872029066085815,0.0,0.0,0.0,1.0
-0.23752926290035248,-0.17195677757263184,-0.9560390710830688,3.6954073905944824,-0.9525623321533203,0.2340216040611267,0.19457346200942993,-0.03961028903722763,0.19027554988861084,0.9569036960601807,-0.2193865180015564,-1.0786468982696533,0.0,0.0,0.0,1.0
-0.24190577864646912,-0.16741490364074707,-0.9557477831840515,3.6792972087860107,-0.9519228935241699,0.23174378275871277,0.20034393668174744,-0.055843792855739594,0.1879481077194214,0.95826256275177,-0.2154262363910675,-1.0785226821899414,0.0,0.0,0.0,1.0
-0.24556955695152283,-0.1678665727376938,-0.954733669757843,3.6896884441375732,-0.9509350061416626,0.2329252064228058,0.20363828539848328,-0.06483175605535507,0.18819746375083923,0.9578970074653625,-0.21682953834533691,-1.0705608129501343,0.0,0.0,0.0,1.0
-0.25623419880867004,-0.16309040784835815,-0.9527568221092224,3.667743444442749,-0.9486739635467529,0.23145237565040588,0.21551674604415894,-0.06616279482841492,0.18536919355392456,0.959078311920166,-0.21402566134929657,-1.0485105514526367,0.0,0.0,0.0,1.0
-0.2598147392272949,-0.16007240116596222,-0.9522988796234131,3.6613621711730957,-0.9481278657913208,0.22934237122535706,0.22012647986412048,-0.07072513550519943,0.18316632509231567,0.9600931406021118,-0.21135564148426056,-1.0390689373016357,0.0,0.0,0.0,1.0
-0.2687417268753052,-0.16031771898269653,-0.9497768878936768,3.6553757190704346,-0.9461036920547485,0.2289573848247528,0.2290554791688919,-0.0721302181482315,0.18073680996894836,0.9601441621780396,-0.21320758759975433,-1.024185061454773,0.0,0.0,0.0,1.0
-0.2659824788570404,-0.15894636511802673,-0.9507835507392883,3.675102472305298,-0.9468267560005188,0.22830244898796082,0.22670932114124298,-0.08363905549049377,0.18103164434432983,0.9605280160903931,-0.21121911704540253,-1.0187739133834839,0.0,0.0,0.0,1.0
-0.2679459750652313,-0.16152003407478333,-0.9497979879379272,3.6568517684936523,-0.946854829788208,0.22625133395195007,0.22864001989364624,-0.07681139558553696,0.17796307802200317,0.9605840444564819,-0.21355915069580078,-1.0211081504821777,0.0,0.0,0.0,1.0
-0.26960137486457825,-0.15906934440135956,-0.9497431516647339,3.6544134616851807,-0.9463551044464111,0.226194828748703,0.23075497150421143,-0.0880250632762909,0.1781209409236908,0.9610061049461365,-0.2115185260772705,-1.0159894227981567,0.0,0.0,0.0,1.0
-0.2791948914527893,-0.13416917622089386,-0.9508148431777954,3.824347496032715,-0.9450387358665466,0.2138543426990509,0.24732187390327454,0.008104212582111359,0.17015287280082703,0.967607855796814,-0.1865021139383316,-0.9750537872314453,0.0,0.0,0.0,1.0
-0.24958617985248566,-0.1478770673274994,-0.9569948315620422,3.826857089996338,-0.9505360722541809,0.22611600160598755,0.21296174824237823,0.07864747196435928,0.18489962816238403,0.9628103971481323,-0.19699791073799133,-1.0282038450241089,0.0,0.0,0.0,1.0
-0.2518664002418518,-0.1462172418832779,-0.9566524028778076,3.8236799240112305,-0.9498245716094971,0.22679036855697632,0.21540550887584686,0.07985647022724152,0.18546360731124878,0.9629054069519043,-0.1960015892982483,-1.0281645059585571,0.0,0.0,0.0,1.0
-0.2514873147010803,-0.14669080078601837,-0.95667964220047,3.8238179683685303,-0.9501012563705444,0.22590023279190063,0.21512003242969513,0.0829138532280922,0.18455803394317627,0.9630424976348877,-0.19618217647075653,-1.0231529474258423,0.0,0.0,0.0,1.0
-0.25019270181655884,-0.1469157189130783,-0.9569845199584961,3.8264453411102295,-0.9503958225250244,0.22592777013778687,0.21378585696220398,0.07677218317985535,0.18480083346366882,0.9630017280578613,-0.19615356624126434,-1.0254610776901245,0.0,0.0,0.0,1.0
-0.2505069077014923,-0.14772720634937286,-0.9567773938179016,3.820103406906128,-0.9500908255577087,0.2273288071155548,0.2136564403772354,0.08721920847892761,0.1859402060508728,0.9625478386878967,-0.1973017007112503,-1.023686408996582,0.0,0.0,0.0,1.0
-0.25034642219543457,-0.14864346385002136,-0.9566774964332581,3.819441795349121,-0.950056791305542,0.22789427638053894,0.21320487558841705,0.09055914729833603,0.18632984161376953,0.9622730016708374,-0.198272243142128,-1.0251553058624268,0.0,0.0,0.0,1.0
-0.24969908595085144,-0.14692312479019165,-0.9571123123168945,3.825796604156494,-0.9501805901527405,0.2276163101196289,0.21295006573200226,0.08115777373313904,0.18656712770462036,0.962602972984314,-0.19643907248973846,-1.0293606519699097,0.0,0.0,0.0,1.0
-0.25133877992630005,-0.1473253071308136,-0.9566211700439453,3.8185315132141113,-0.9498330354690552,0.22760945558547974,0.21450209617614746,0.08754388988018036,0.1861344873905182,0.9625430107116699,-0.19714152812957764,-1.0277695655822754,0.0,0.0,0.0,1.0
-0.2500273883342743,-0.14603032171726227,-0.9571632146835327,3.8296101093292236,-0.9501010179519653,0.22745031118392944,0.21348150074481964,0.07410645484924316,0.18653225898742676,0.9627779722213745,-0.195612370967865,-1.0240224599838257,0.0,0.0,0.0,1.0
-0.2509402930736542,-0.14774318039417267,-0.9566613435745239,3.821141004562378,-0.9500671625137329,0.226952463388443,0.21416091918945312,0.08466765284538269,0.18547582626342773,0.9626342058181763,-0.1973174512386322,-1.025820255279541,0.0,0.0,0.0,1.0
-0.2706559896469116,-0.12964779138565063,-0.9539060592651367,3.9064738750457764,-0.9492360353469849,0.20094025135040283,0.2420206218957901,0.18104377388954163,0.16030070185661316,0.9709863066673279,-0.17745204269886017,-1.0155107975006104,0.0,0.0,0.0,1.0
-0.26785504817962646,-0.13058139383792877,-0.9545691013336182,3.9161555767059326,-0.9503237009048462,0.19885462522506714,0.23946122825145721,0.16704367101192474,0.15855127573013306,0.9712905883789062,-0.17735882103443146,-1.021742820739746,0.0,0.0,0.0,1.0
-0.26582595705986023,-0.13092005252838135,-0.955089807510376,3.9208924770355225,-0.9506360292434692,0.2001226842403412,0.2371542751789093,0.1646687090396881,0.16008689999580383,0.9709844589233398,-0.17765511572360992,-1.018886923789978,0.0,0.0,0.0,1.0
-0.2664167582988739,-0.13250426948070526,-0.954706609249115,3.91489839553833,-0.9502184391021729,0.2021504044532776,0.23710773885250092,0.17677158117294312,0.1615765392780304,0.9703493118286133,-0.1797642558813095,-1.0221047401428223,0.0,0.0,0.0,1.0
-0.2605576515197754,-0.13586024940013885,-0.9558513164520264,3.909403085708618,-0.9523047208786011,0.19903752207756042,0.23130059242248535,0.1791611909866333,0.15882575511932373,0.9705287218093872,-0.18124108016490936,-1.029917597770691,0.0,0.0,0.0,1.0
-0.26086559891700745,-0.13751395046710968,-0.9555307626724243,3.9067649841308594,-0.9526592493057251,0.19679301977157593,0.23176045715808868,0.1884699910879135,0.15617147088050842,0.97075355052948,-0.18234045803546906,-1.0339322090148926,0.0,0.0,0.0,1.0
-0.2600270211696625,-0.13724742829799652,-0.9557976126670837,3.911104679107666,-0.9528115391731262,0.1970428228378296,0.23092037439346313,0.19384881854057312,0.15663987398147583,0.970740556716919,-0.18200740218162537,-1.0373942852020264,0.0,0.0,0.0,1.0
-0.25817587971687317,-0.13849127292633057,-0.956119954586029,3.8955507278442383,-0.9524036645889282,0.20252829790115356,0.2278367280960083,0.19768908619880676,0.16208791732788086,0.9694340229034424,-0.18418751657009125,-1.0274643898010254,0.0,0.0,0.0,1.0
-0.25761812925338745,-0.13762328028678894,-0.95639568567276,3.8919575214385986,-0.9526332020759583,0.20174166560173035,0.22757446765899658,0.19618624448776245,0.16162535548210144,0.9697216153144836,-0.18307684361934662,-1.0282350778579712,0.0,0.0,0.0,1.0
-0.2576870322227478,-0.13630066812038422,-0.9565665125846863,3.9019768238067627,-0.9524319171905518,0.20253273844718933,0.2277144491672516,0.19263602793216705,0.1626983880996704,0.9697436094284058,-0.18200717866420746,-1.025580883026123,0.0,0.0,0.0,1.0
-0.25761914253234863,-0.13918329775333405,-0.9561696648597717,3.888620138168335,-0.9528936147689819,0.20054194331169128,0.22754491865634918,0.19636285305023193,0.16008174419403076,0.9697479009628296,-0.1842903196811676,-1.0318158864974976,0.0,0.0,0.0,1.0
-0.25440818071365356,-0.13126768171787262,-0.9581468105316162,3.916149616241455,-0.9504339694976807,0.21705806255340576,0.22262294590473175,0.17438554763793945,0.17875024676322937,0.9672923684120178,-0.17998261749744415,-1.0256710052490234,0.0,0.0,0.0,1.0
-0.26207253336906433,-0.12496589869260788,-0.9569229483604431,3.9168949127197266,-0.9484438896179199,0.21650096774101257,0.23147718608379364,0.15444360673427582,0.17824798822402954,0.9682514667510986,-0.17526209354400635,-1.0199759006500244,0.0,0.0,0.0,1.0
-0.2622097432613373,-0.12553836405277252,-0.9568104147911072,3.9188551902770996,-0.9486089944839478,0.21555840969085693,0.23167981207370758,0.1537613421678543,0.17716380953788757,0.9683876037597656,-0.1756083369255066,-1.0251187086105347,0.0,0.0,0.0,1.0
-0.2600977122783661,-0.12535803020000458,-0.9574103355407715,3.915325164794922,-0.9485651254653931,0.2185046672821045,0.22908496856689453,0.15279340744018555,0.18048095703125,0.9677505493164062,-0.17574281990528107,-1.0194835662841797,0.0,0.0,0.0,1.0
-0.25879111886024475,-0.1264316588640213,-0.9576231837272644,3.9085731506347656,-0.949283242225647,0.2165699303150177,0.22794435918331146,0.1593879759311676,0.17857301235198975,0.968045711517334,-0.1760658323764801,-1.0075981616973877,0.0,0.0,0.0,1.0
-0.2545495331287384,-0.13309527933597565,-0.957857072353363,3.903055191040039,-0.9512497186660767,0.2128295600414276,0.22322075068950653,0.17413130402565002,0.17415058612823486,0.9679820537567139,-0.1807824969291687,-1.04496169090271,0.0,0.0,0.0,1.0
-0.2501177191734314,-0.13817620277404785,-0.9583050012588501,3.8937718868255615,-0.9524102807044983,0.21321898698806763,0.21783554553985596,0.20141346752643585,0.17422911524772644,0.9671840667724609,-0.18493027985095978,-1.063940405845642,0.0,0.0,0.0,1.0
-0.24927711486816406,-0.13651061058044434,-0.9587626457214355,3.8725504875183105,-0.9516159296035767,0.21822145581245422,0.21634815633296967,0.21954745054244995,0.17968875169754028,0.9663044214248657,-0.18430326879024506,-1.0707505941390991,0.0,0.0,0.0,1.0
-0.24938379228115082,-0.13652753829956055,-0.9587324857711792,3.8732690811157227,-0.9513128995895386,0.21971899271011353,0.21616491675376892,0.22516682744026184,0.1811392605304718,0.9659625887870789,-0.18467476963996887,-1.068784475326538,0.0,0.0,0.0,1.0
-0.2488228976726532,-0.1369733363389969,-0.9588146209716797,3.8735904693603516,-0.9512780904769897,0.22067618370056152,0.2153419405221939,0.2274445742368698,0.18209144473075867,0.9656813144683838,-0.1852090060710907,-1.067510962486267,0.0,0.0,0.0,1.0
-0.24846547842025757,-0.13525524735450745,-0.9591511487960815,3.876126527786255,-0.9510209560394287,0.22207003831863403,0.2150440514087677,0.23336046934127808,0.18391287326812744,0.9656038284301758,-0.18380732834339142,-1.067398190498352,0.0,0.0,0.0,1.0
-0.2340295910835266,-0.13360650837421417,-0.9630054235458374,3.8595657348632812,-0.9468872547149658,0.2560025155544281,0.19459500908851624,0.17204496264457703,0.22053262591362,0.957398533821106,-0.1864224672317505,-1.0818097591400146,0.0,0.0,0.0,1.0
-0.25091221928596497,-0.11987828463315964,-0.960558295249939,3.8938050270080566,-0.9440473914146423,0.24972578883171082,0.21543340384960175,0.08261150121688843,0.21405035257339478,0.9608674049377441,-0.17583003640174866,-1.026975154876709,0.0,0.0,0.0,1.0
-0.250600665807724,-0.12150853127241135,-0.9604347944259644,3.8976521492004395,-0.9443923830986023,0.24885225296020508,0.21493150293827057,0.08543993532657623,0.2128903567790985,0.9608892798423767,-0.17711427807807922,-1.0268133878707886,0.0,0.0,0.0,1.0
-0.24981363117694855,-0.1205260381102562,-0.9607635736465454,3.89666485786438,-0.9443606734275818,0.24956727027893066,0.21424084901809692,0.08541684597730637,0.21395352482795715,0.9608275890350342,-0.1761653572320938,-1.024863362312317,0.0,0.0,0.0,1.0
-0.24795733392238617,-0.12197767943143845,-0.9610611796379089,3.8865315914154053,-0.9440296292304993,0.2531920075416565,0.21142806112766266,0.09112106263637543,0.21754351258277893,0.9596953988075256,-0.17793135344982147,-1.0202445983886719,0.0,0.0,0.0,1.0
-0.24306011199951172,-0.12632891535758972,-0.9617498517036438,3.8877179622650146,-0.9456032514572144,0.2518768310546875,0.2058946043252945,0.09813186526298523,0.21623200178146362,0.959478497505188,-0.18067821860313416,-1.0313094854354858,0.0,0.0,0.0,1.0
-0.24104353785514832,-0.12330549955368042,-0.9626493453979492,3.849668025970459,-0.9444139003753662,0.2582896947860718,0.20339319109916687,0.14877527952194214,0.22356292605400085,0.9581660032272339,-0.17871049046516418,-1.0546271800994873,0.0,0.0,0.0,1.0
-0.24035148322582245,-0.12267831712961197,-0.9629024863243103,3.854098081588745,-0.9445348978042603,0.25826454162597656,0.20286260545253754,0.17570316791534424,0.22379669547080994,0.9582532644271851,-0.1779482215642929,-1.0750781297683716,0.0,0.0,0.0,1.0
-0.24226221442222595,-0.1299574375152588,-0.9614676833152771,3.8536605834960938,-0.9461737871170044,0.2508683502674103,0.20449981093406677,0.20293304324150085,0.2146255373954773,0.9592581987380981,-0.18373824656009674,-1.0968743562698364,0.0,0.0,0.0,1.0
-0.24149656295776367,-0.13494420051574707,-0.9609732031822205,3.8532798290252686,-0.9470412731170654,0.24875211715698242,0.20306451618671417,0.24083971977233887,0.21164175868034363,0.9591206312179565,-0.18787051737308502,-1.1121968030929565,0.0,0.0,0.0,1.0
-0.24144111573696136,-0.1334889680147171,-0.9611903429031372,3.847351551055908,-0.9466694593429565,0.25017544627189636,0.20304955542087555,0.24533674120903015,0.21336138248443604,0.9589540958404541,-0.18677257001399994,-1.1141859292984009,0.0,0.0,0.0,1.0
-0.2163630872964859,-0.1352168321609497,-0.9669040441513062,3.7520034313201904,-0.946271538734436,0.27282920479774475,0.17359234392642975,0.21770116686820984,0.24032706022262573,0.952512800693512,-0.18698200583457947,-1.1763314008712769,0.0,0.0,0.0,1.0
-0.22591140866279602,-0.12524449825286865,-0.9660630822181702,3.7848007678985596,-0.9450182914733887,0.2688780725002289,0.18613164126873016,0.045406341552734375,0.2364412248134613,0.9549965262413025,-0.17910096049308777,-1.0798280239105225,0.0,0.0,0.0,1.0
-0.22514651715755463,-0.1264718770980835,-0.9660817384719849,3.7843494415283203,-0.9448244571685791,0.27048513293266296,0.18478266894817352,0.0528271347284317,0.2379409372806549,0.9543807506561279,-0.18039250373840332,-1.0834406614303589,0.0,0.0,0.0,1.0
-0.22337734699249268,-0.129725843667984,-0.9660609364509583,3.780102252960205,-0.9456353187561035,0.26919376850128174,0.18250621855258942,0.0660385712981224,0.23638173937797546,0.9543091058731079,-0.182805135846138,-1.0862287282943726,0.0,0.0,0.0,1.0
-0.2201443761587143,-0.1341911107301712,-0.9661931395530701,3.786128282546997,-0.9459619522094727,0.2711375057697296,0.17787744104862213,0.10935422778129578,0.23810160160064697,0.9531406760215759,-0.18662908673286438,-1.1007124185562134,0.0,0.0,0.0,1.0
-0.2215525507926941,-0.13153785467147827,-0.9662361145019531,3.780184268951416,-0.9452767968177795,0.2723413109779358,0.17967170476913452,0.12026950716972351,0.23951241374015808,0.9531673192977905,-0.1846776008605957,-1.1069830656051636,0.0,0.0,0.0,1.0
-0.22100360691547394,-0.13028131425380707,-0.9665320515632629,3.776918888092041,-0.9453997611999512,0.27202466130256653,0.17950467765331268,0.14566117525100708,0.2395344376564026,0.9534302949905396,-0.18328635394573212,-1.1143074035644531,0.0,0.0,0.0,1.0
-0.22403550148010254,-0.13067655265331268,-0.9657803773880005,3.7869906425476074,-0.9443109035491943,0.27416789531707764,0.18195840716362,0.13979798555374146,0.2410081923007965,0.9527621269226074,-0.18482263386249542,-1.114274263381958,0.0,0.0,0.0,1.0
-0.22311192750930786,-0.13540160655975342,-0.965343177318573,3.7918806076049805,-0.945832371711731,0.26966696977615356,0.18077833950519562,0.1397392749786377,0.2358435094356537,0.953386664390564,-0.1882331371307373,-1.115779995918274,0.0,0.0,0.0,1.0
-0.22234196960926056,-0.13607542216777802,-0.9654260873794556,3.788985252380371,-0.9466378688812256,0.2671036720275879,0.1803670972585678,0.13411632180213928,0.2333253026008606,0.9540121555328369,-0.18820250034332275,-1.1225043535232544,0.0,0.0,0.0,1.0
-0.22364293038845062,-0.13667762279510498,-0.9650404453277588,3.8006930351257324,-0.9462030529975891,0.26799696683883667,0.18132133781909943,0.12935060262680054,0.23384538292884827,0.9536754488945007,-0.18926040828227997,-1.1213034391403198,0.0,0.0,0.0,1.0
-0.203842431306839,-0.15029774606227875,-0.9673979878425598,3.687533378601074,-0.9550330638885498,0.24785229563713074,0.16272996366024017,0.06472799181938171,0.2153138816356659,0.9570683836936951,-0.19406212866306305,-1.0958267450332642,0.0,0.0,0.0,1.0
-0.2084568589925766,-0.1361217051744461,-0.9685125946998596,3.7001349925994873,-0.9534471035003662,0.24891877174377441,0.17022942006587982,-0.026005232706665993,0.2179090678691864,0.9589109420776367,-0.18167367577552795,-1.0522013902664185,0.0,0.0,0.0,1.0
-0.2106526494026184,-0.13677379488945007,-0.9679454565048218,3.687260866165161,-0.9537248611450195,0.24607661366462708,0.1727864295244217,-0.031015345826745033,0.21455612778663635,0.9595515727996826,-0.1822812706232071,-1.0568454265594482,0.0,0.0,0.0,1.0
-0.21466176211833954,-0.1359107941389084,-0.967185914516449,3.7046749591827393,-0.9536556005477905,0.24295738339424133,0.17751795053482056,-0.034848883748054504,0.21085840463638306,0.9604685306549072,-0.18176576495170593,-1.0684176683425903,0.0,0.0,0.0,1.0
-0.21463866531848907,-0.1353926658630371,-0.9672636985778809,3.6994075775146484,-0.9536843299865723,0.2427506446838379,0.17764638364315033,-0.03393319994211197,0.21075186133384705,0.9605940580368042,-0.18122553825378418,-1.066602349281311,0.0,0.0,0.0,1.0
-0.2168916016817093,-0.12949727475643158,-0.9675683379173279,3.7061917781829834,-0.9543390274047852,0.236691415309906,0.1822478175163269,-0.05324706435203552,0.20541450381278992,0.9629162549972534,-0.1749206930398941,-1.0713870525360107,0.0,0.0,0.0,1.0
-0.21736007928848267,-0.13162334263324738,-0.9671762585639954,3.715482473373413,-0.9536405205726624,0.23993170261383057,0.18166571855545044,-0.05759572237730026,0.20814478397369385,0.9618253707885742,-0.17767293751239777,-1.0575519800186157,0.0,0.0,0.0,1.0
-0.22049908339977264,-0.13024230301380157,-0.966652512550354,3.711859941482544,-0.9527919292449951,0.24084016680717468,0.18488770723342896,-0.06697987765073776,0.20872852206230164,0.9617862701416016,-0.1771988570690155,-1.0434130430221558,0.0,0.0,0.0,1.0
-0.21772532165050507,-0.12947700917720795,-0.9673838019371033,3.6990761756896973,-0.9532152414321899,0.24116966128349304,0.1822577267885208,-0.06819269061088562,0.20970547199249268,0.961807131767273,-0.17592820525169373,-1.046296238899231,0.0,0.0,0.0,1.0
-0.21903762221336365,-0.12777480483055115,-0.9673138856887817,3.6990835666656494,-0.9529221653938293,0.24105238914489746,0.18393759429454803,-0.0684552788734436,0.209670752286911,0.9620640873908997,-0.17455898225307465,-1.0450060367584229,0.0,0.0,0.0,1.0
-0.21862898766994476,-0.12740617990493774,-0.9674549102783203,3.6869282722473145,-0.953007698059082,0.24094581604003906,0.18363350629806519,-0.06648586690425873,0.20970815420150757,0.9621396660804749,-0.17409680783748627,-1.044273853302002,0.0,0.0,0.0,1.0
-0.21694542467594147,-0.1363472044467926,-0.9666147828102112,3.6487555503845215,-0.9514864683151245,0.2508602738380432,0.17816460132598877,-0.1344945877790451,0.21819305419921875,0.9583728313446045,-0.18415550887584686,-1.0453922748565674,0.0,0.0,0.0,1.0
-0.20564693212509155,-0.14342589676380157,-0.9680590629577637,3.673748731613159,-0.9526810646057129,0.25560757517814636,0.16450978815555573,-0.09436838328838348,0.22384831309318542,0.9560825228691101,-0.18920406699180603,-1.0596956014633179,0.0,0.0,0.0,1.0
-0.20744895935058594,-0.13889636099338531,-0.9683350324630737,3.6825196743011475,-0.9521127939224243,0.2559385895729065,0.1672622263431549,-0.10857494175434113,0.22460222244262695,0.9566625356674194,-0.18533919751644135,-1.0583609342575073,0.0,0.0,0.0,1.0
-0.20869766175746918,-0.14068543910980225,-0.9678083062171936,3.684187889099121,-0.951818585395813,0.25658029317855835,0.16795185208320618,-0.10653766989707947,0.2246921956539154,0.9562290906906128,-0.1874547302722931,-1.05485999584198,0.0,0.0,0.0,1.0
-0.2072819024324417,-0.1425091028213501,-0.9678457379341125,3.686347723007202,-0.9524117708206177,0.2554076910018921,0.16636928915977478,-0.10541969537734985,0.223486065864563,0.9562729597091675,-0.18866875767707825,-1.0561987161636353,0.0,0.0,0.0,1.0
-0.2057771235704422,-0.14453263580799103,-0.9678667783737183,3.708220958709717,-0.953078031539917,0.25399819016456604,0.16470307111740112,-0.10582998394966125,0.22203147411346436,0.956344723701477,-0.1900179088115692,-1.0626416206359863,0.0,0.0,0.0,1.0
-0.20372454822063446,-0.14444489777088165,-0.968313992023468,3.6963679790496826,-0.95313560962677,0.25522488355636597,0.1624588668346405,-0.1055942177772522,0.22367146611213684,0.9560313820838928,-0.18967114388942719,-1.063057780265808,0.0,0.0,0.0,1.0
-0.2033323347568512,-0.14197807013988495,-0.968761146068573,3.688467502593994,-0.9529362916946411,0.255940705537796,0.16250115633010864,-0.10189607739448547,0.2248738408088684,0.9562094211578369,-0.18733710050582886,-1.0634050369262695,0.0,0.0,0.0,1.0
-0.20204342901706696,-0.14238110184669495,-0.9689716696739197,3.687631368637085,-0.9530503749847412,0.25643759965896606,0.16104258596897125,-0.09917314350605011,0.22555136680603027,0.9560163617134094,-0.18750789761543274,-1.0642625093460083,0.0,0.0,0.0,1.0
-0.2027960866689682,-0.14125750958919525,-0.9689788818359375,3.6884782314300537,-0.9528518319129944,0.2565600275993347,0.16201962530612946,-0.10554598271846771,0.225714772939682,0.9561501741409302,-0.1866268664598465,-1.0633678436279297,0.0,0.0,0.0,1.0
-0.20574070513248444,-0.14474834501743317,-0.9678422808647156,3.7011876106262207,-0.9527838230133057,0.2553248405456543,0.16435381770133972,-0.1029457077383995,0.2233242690563202,0.9559587240219116,-0.19044460356235504,-1.0628993511199951,0.0,0.0,0.0,1.0
-0.21022534370422363,-0.13216526806354523,-0.9686782956123352,3.7183165550231934,-0.9584672451019287,0.22318997979164124,0.1775575578212738,-0.008466258645057678,0.19273236393928528,0.9657735824584961,-0.17359627783298492,-1.0402851104736328,0.0,0.0,0.0,1.0
-0.20819628238677979,-0.13442856073379517,-0.9688050746917725,3.6963083744049072,-0.9576334357261658,0.2295222282409668,0.17394766211509705,0.01525881513953209,0.19897878170013428,0.9639754295349121,-0.17651894688606262,-1.0438780784606934,0.0,0.0,0.0,1.0
-0.2087177336215973,-0.13499543070793152,-0.9686140418052673,3.710566520690918,-0.9575035572052002,0.2297993302345276,0.1742965579032898,0.007247094064950943,0.19905760884284973,0.9638301134109497,-0.17722180485725403,-1.0423014163970947,0.0,0.0,0.0,1.0
-0.20997944474220276,-0.13567820191383362,-0.9682458639144897,3.7152578830718994,-0.9571394920349121,0.23058176040649414,0.17525991797447205,0.015441052615642548,0.19948086142539978,0.9635473489761353,-0.17828038334846497,-1.040069580078125,0.0,0.0,0.0,1.0
-0.20958943665027618,-0.135798841714859,-0.968313455581665,3.694951295852661,-0.9570662975311279,0.2312963306903839,0.17471738159656525,0.01647450216114521,0.20024091005325317,0.963358998298645,-0.17844577133655548,-1.036300539970398,0.0,0.0,0.0,1.0
-0.20868387818336487,-0.1327664852142334,-0.9689293503761292,3.6793084144592285,-0.956779956817627,0.2328999936580658,0.17415432631969452,0.01880529522895813,0.2025417983531952,0.963395357131958,-0.17563077807426453,-1.0289784669876099,0.0,0.0,0.0,1.0
-0.21047058701515198,-0.13421477377414703,-0.968343198299408,3.659022808074951,-0.9556552171707153,0.23694521188735962,0.17487163841724396,0.026306450366973877,0.20597392320632935,0.962207555770874,-0.1781330406665802,-1.0077182054519653,0.0,0.0,0.0,1.0
-0.21497182548046112,-0.1336812674999237,-0.9674277305603027,3.6322147846221924,-0.953848123550415,0.2414064109325409,0.17859625816345215,0.029526405036449432,0.20966830849647522,0.961172342300415,-0.17940722405910492,-0.9694486856460571,0.0,0.0,0.0,1.0
-0.22045516967773438,-0.12787984311580658,-0.9669778943061829,3.60714054107666,-0.9508858323097229,0.24902629852294922,0.18385346233844757,0.02034386247396469,0.21729180216789246,0.9600169658660889,-0.17649824917316437,-0.926760196685791,0.0,0.0,0.0,1.0
-0.2234204262495041,-0.12420768290758133,-0.9667759537696838,3.602632522583008,-0.9500787854194641,0.2493695318698883,0.18752369284629822,0.01828811876475811,0.2177926003932953,0.960409939289093,-0.1737213432788849,-0.9216524362564087,0.0,0.0,0.0,1.0
-0.2221711426973343,-0.12744459509849548,-0.9666425585746765,3.627967596054077,-0.9504087567329407,0.2496020495891571,0.1855318248271942,0.016449132934212685,0.21763089299201965,0.9599252939224243,-0.1765788197517395,-0.9140535593032837,0.0,0.0,0.0,1.0
-0.21781696379184723,-0.11695382744073868,-0.9689569473266602,3.6353747844696045,-0.9506169557571411,0.25032514333724976,0.18347977101802826,0.0092029869556427,0.22109565138816833,0.9610718488693237,-0.16570334136486053,-0.8683258295059204,0.0,0.0,0.0,1.0
-0.20473062992095947,-0.12655022740364075,-0.9706031084060669,3.7351231575012207,-0.9577877521514893,0.23034930229187012,0.17199382185935974,-0.00016847066581249237,0.20181185007095337,0.9648441672325134,-0.16836780309677124,-0.988241970539093,0.0,0.0,0.0,1.0
-0.20863083004951477,-0.12381511926651001,-0.9701252579689026,3.7021126747131348,-0.9553477168083191,0.23803412914276123,0.17507301270961761,0.0027448348701000214,0.2092462182044983,0.9633325338363647,-0.16794773936271667,-0.9516225457191467,0.0,0.0,0.0,1.0
-0.21615217626094818,-0.11944752186536789,-0.9690255522727966,3.718057632446289,-0.9528354406356812,0.24235856533050537,0.18266630172729492,-0.028346367180347443,0.21303263306617737,0.9628055095672607,-0.1662001758813858,-0.9192456603050232,0.0,0.0,0.0,1.0
-0.2174438089132309,-0.11577551066875458,-0.9691822528839111,3.7190515995025635,-0.9525876045227051,0.24167537689208984,0.18485088646411896,-0.030010629445314407,0.21282631158828735,0.9634256958961487,-0.16283711791038513,-0.9151662588119507,0.0,0.0,0.0,1.0
-0.21631300449371338,-0.1194910854101181,-0.9689843058586121,3.7237513065338135,-0.9528299570083618,0.24225428700447083,0.1828329861164093,-0.04315194860100746,0.21289363503456116,0.9628264307975769,-0.16625744104385376,-0.9042438268661499,0.0,0.0,0.0,1.0
-0.21893192827701569,-0.11622726172208786,-0.9687930941581726,3.7231533527374268,-0.952417254447937,0.2412422001361847,0.18628913164138794,-0.04329398646950722,0.21206191182136536,0.9634798765182495,-0.1635124683380127,-0.897118091583252,0.0,0.0,0.0,1.0
-0.2194206416606903,-0.12196500599384308,-0.9679768085479736,3.7547881603240967,-0.9526081085205078,0.2410464584827423,0.1855650246143341,-0.060324814170598984,0.21069493889808655,0.9628193378448486,-0.16907541453838348,-0.8922873139381409,0.0,0.0,0.0,1.0
-0.2205774337053299,-0.1226608157157898,-0.9676259160041809,3.755399703979492,-0.9521797895431519,0.24212008714675903,0.186364084482193,-0.05030147358775139,0.21142208576202393,0.9624615907669067,-0.170201376080513,-0.8893107175827026,0.0,0.0,0.0,1.0
-0.22445890307426453,-0.11706849932670593,-0.967426061630249,3.7415521144866943,-0.9518013596534729,0.23928484320640564,0.19187776744365692,-0.05173439159989357,0.20902758836746216,0.9638660550117493,-0.16513556241989136,-0.883495569229126,0.0,0.0,0.0,1.0
-0.2290377914905548,-0.11561303585767746,-0.9665274620056152,3.7638955116271973,-0.9508858919143677,0.23897066712379456,0.19674625992774963,-0.0516645573079586,0.2082253098487854,0.9641196131706238,-0.16466811299324036,-0.8779282569885254,0.0,0.0,0.0,1.0
-0.23042169213294983,-0.10741651803255081,-0.9671440124511719,3.7090256214141846,-0.9493699073791504,0.24292752146720886,0.19920609891414642,-0.00066346675157547,0.21354785561561584,0.9640787839889526,-0.15795378386974335,-1.0025478601455688,0.0,0.0,0.0,1.0
-0.21222048997879028,-0.11799950152635574,-0.9700714349746704,3.7271556854248047,-0.9570572376251221,0.22571587562561035,0.18191730976104736,0.06137789413332939,0.19749435782432556,0.9670203924179077,-0.16083380579948425,-1.096976637840271,0.0,0.0,0.0,1.0
-0.21214111149311066,-0.11845532804727554,-0.9700332283973694,3.731426954269409,-0.9571880102157593,0.22523272037506104,0.18182769417762756,0.06397730112075806,0.19694477319717407,0.967077374458313,-0.16116514801979065,-1.100297212600708,0.0,0.0,0.0,1.0
-0.22042430937290192,-0.11293903738260269,-0.9688435792922974,3.7264997959136963,-0.9550776481628418,0.22670987248420715,0.19086459279060364,0.048064522445201874,0.19809028506278992,0.967392086982727,-0.1578379124403,-1.0717889070510864,0.0,0.0,0.0,1.0
-0.23180760443210602,-0.10929811745882034,-0.9666018486022949,3.7296013832092285,-0.9519968032836914,0.2297041118144989,0.20233137905597687,0.024012453854084015,0.1999180018901825,0.9671038389205933,-0.15729862451553345,-1.0620547533035278,0.0,0.0,0.0,1.0
-0.2374185472726822,-0.09496835619211197,-0.9667540788650513,3.728928327560425,-0.946486234664917,0.24659618735313416,0.20821690559387207,-0.007698677480220795,0.21862387657165527,0.964453935623169,-0.14843273162841797,-1.0297788381576538,0.0,0.0,0.0,1.0
-0.24245257675647736,-0.09176737070083618,-0.965813398361206,3.7451388835906982,-0.944290816783905,0.2506951689720154,0.2132296860218048,-0.018953345715999603,0.2225572168827057,0.9637067317962646,-0.14743676781654358,-1.016015648841858,0.0,0.0,0.0,1.0
-0.24535542726516724,-0.09614214301109314,-0.9646540284156799,3.7396771907806396,-0.9439119100570679,0.2505135238170624,0.2151123583316803,-0.012848332524299622,0.2209775745868683,0.9633274078369141,-0.15221457183361053,-1.0106325149536133,0.0,0.0,0.0,1.0
-0.24118013679981232,-0.09795259684324265,-0.965524435043335,3.7520461082458496,-0.9441136121749878,0.25401461124420166,0.21006205677986145,-0.017284773290157318,0.22468113899230957,0.9622275829315186,-0.15374164283275604,-1.0053987503051758,0.0,0.0,0.0,1.0
-0.24063028395175934,-0.10026475042104721,-0.9654242992401123,3.7281298637390137,-0.9434694647789001,0.25775885581970215,0.20838837325572968,-0.006187744438648224,0.22795265913009644,0.9609929323196411,-0.1566213220357895,-1.008708119392395,0.0,0.0,0.0,1.0
-0.24046170711517334,-0.10342251509428024,-0.9651331305503845,3.7124509811401367,-0.942108690738678,0.2642476558685303,0.20640870928764343,0.016574077308177948,0.23368683457374573,0.9588936567306519,-0.16097667813301086,-1.019166350364685,0.0,0.0,0.0,1.0
-0.2510792315006256,-0.09082027524709702,-0.9636964797973633,3.792553663253784,-0.937402069568634,0.2710229754447937,0.21868690848350525,0.0466313436627388,0.24132272601127625,0.9582788348197937,-0.15318337082862854,-1.0566895008087158,0.0,0.0,0.0,1.0
-0.22935865819454193,-0.10234493762254715,-0.9679463505744934,3.8394486904144287,-0.950064480304718,0.23972409963607788,0.19977445900440216,0.06833704560995102,0.21159422397613525,0.9654314517974854,-0.1522170901298523,-1.096232533454895,0.0,0.0,0.0,1.0
-0.23100543022155762,-0.10125672817230225,-0.9676691293716431,3.836122512817383,-0.9497795104980469,0.23923969268798828,0.20170077681541443,0.07133195549249649,0.21108123660087585,0.9656664133071899,-0.15143722295761108,-1.0993562936782837,0.0,0.0,0.0,1.0
-0.23195448517799377,-0.1024860069155693,-0.9673126339912415,3.832200288772583,-0.9496591091156006,0.23914021253585815,0.2023845911026001,0.06139109283685684,0.21058177947998047,0.9655612707138062,-0.1527964025735855,-1.1068623065948486,0.0,0.0,0.0,1.0
-0.23347020149230957,-0.10418140888214111,-0.9667667150497437,3.829810619354248,-0.9496802091598511,0.23793327808380127,0.20370353758335114,0.0652690976858139,0.20880383253097534,0.9656779766082764,-0.15448935329914093,-1.1081372499465942,0.0,0.0,0.0,1.0
-0.237671360373497,-0.10396528244018555,-0.9657657742500305,3.8224105834960938,-0.9479177594184875,0.2418738603591919,0.20724114775657654,0.07276284694671631,0.21204760670661926,0.9647218585014343,-0.15603701770305634,-1.0972646474838257,0.0,0.0,0.0,1.0
-0.23709414899349213,-0.10527952015399933,-0.9657652974128723,3.8221912384033203,-0.9484844207763672,0.2401311695575714,0.20667465031147003,0.070377878844738,0.2101517617702484,0.9650146961212158,-0.15678967535495758,-1.1036680936813354,0.0,0.0,0.0,1.0
-0.24097949266433716,-0.10517624020576477,-0.9648144245147705,3.8241288661956787,-0.9474102258682251,0.24118608236312866,0.21034035086631775,0.07113314419984818,0.21057704091072083,0.964762806892395,-0.1577659547328949,-1.0978999137878418,0.0,0.0,0.0,1.0
-0.2382352650165558,-0.10533026605844498,-0.9654788970947266,3.8379812240600586,-0.9481516480445862,0.2405456304550171,0.20771704614162445,0.0625724196434021,0.21036285161972046,0.9649059176445007,-0.15717551112174988,-1.0963258743286133,0.0,0.0,0.0,1.0
-0.23888741433620453,-0.10541895776987076,-0.9653080701828003,3.8293824195861816,-0.9483199119567871,0.2391425371170044,0.20856711268424988,0.0651790127158165,0.20885932445526123,0.9652448892593384,-0.15709903836250305,-1.1031699180603027,0.0,0.0,0.0,1.0
-0.23813050985336304,-0.1053616851568222,-0.9655013084411621,3.8266987800598145,-0.9480542540550232,0.24110126495361328,0.2075168788433075,0.07125716656446457,0.21091929078102112,0.9647637605667114,-0.1573021560907364,-1.0977001190185547,0.0,0.0,0.0,1.0
-0.2510204017162323,-0.09135198593139648,-0.9636615514755249,3.917707681655884,-0.9431560039520264,0.2471025586128235,0.22225446999073029,0.16038042306900024,0.21781980991363525,0.9646735787391663,-0.14818695187568665,-1.1129567623138428,0.0,0.0,0.0,1.0
-0.23908604681491852,-0.09285717457532883,-0.9665482044219971,3.9305357933044434,-0.9477319717407227,0.2389155924320221,0.2114788293838501,0.16943469643592834,0.21128609776496887,0.9665902853012085,-0.14512509107589722,-1.1202294826507568,0.0,0.0,0.0,1.0
-0.2376842051744461,-0.09413954615592957,-0.9667698740959167,3.927943468093872,-0.947960376739502,0.23954743146896362,0.209733784198761,0.16645938158035278,0.21184301376342773,0.9663099050521851,-0.14617718756198883,-1.121675968170166,0.0,0.0,0.0,1.0
-0.2378973662853241,-0.09373416006565094,-0.9667568206787109,3.9349422454833984,-0.9479368925094604,0.23935499787330627,0.21005898714065552,0.15970595180988312,0.21170839667320251,0.9663970470428467,-0.14579598605632782,-1.1265119314193726,0.0,0.0,0.0,1.0
-0.23786747455596924,-0.09585624188184738,-0.9665560722351074,3.9270143508911133,-0.9481140375137329,0.23903554677963257,0.2096230387687683,0.15929456055164337,0.21094754338264465,0.9662678241729736,-0.1477414220571518,-1.1319323778152466,0.0,0.0,0.0,1.0
-0.23986631631851196,-0.09467720240354538,-0.9661782383918762,3.9246714115142822,-0.9474188089370728,0.23996463418006897,0.21169455349445343,0.15977811813354492,0.21180596947669983,0.9661538004875183,-0.14725838601589203,-1.1295350790023804,0.0,0.0,0.0,1.0
-0.23688599467277527,-0.09457939863204956,-0.9669228196144104,3.9334042072296143,-0.9481216073036194,0.23969507217407227,0.20883414149284363,0.15653230249881744,0.21201521158218384,0.9662302732467651,-0.14645317196846008,-1.1355748176574707,0.0,0.0,0.0,1.0
-0.2357914000749588,-0.0946119874715805,-0.9671871662139893,3.9318597316741943,-0.948256254196167,0.2401619851589203,0.20768314599990845,0.15986841917037964,0.21263229846954346,0.9661111831665039,-0.14634454250335693,-1.1311092376708984,0.0,0.0,0.0,1.0
-0.24218696355819702,-0.0913340225815773,-0.9659211039543152,3.9337220191955566,-0.9461346864700317,0.2427251935005188,0.21427465975284576,0.16533257067203522,0.21488282084465027,0.9657859802246094,-0.14519916474819183,-1.111039400100708,0.0,0.0,0.0,1.0
-0.24249763786792755,-0.09044302999973297,-0.965927004814148,3.940091609954834,-0.9460577964782715,0.2425626516342163,0.2147974818944931,0.1749788075685501,0.21487092971801758,0.9659106731414795,-0.1443852037191391,-1.1013352870941162,0.0,0.0,0.0,1.0
-0.2364446073770523,-0.08903054893016815,-0.9675574898719788,3.944011926651001,-0.9477987289428711,0.24039357900619507,0.20949608087539673,0.18176895380020142,0.21394309401512146,0.9665839672088623,-0.14122280478477478,-1.1097087860107422,0.0,0.0,0.0,1.0
-0.24146397411823273,-0.08522460609674454,-0.96666020154953,3.998793125152588,-0.9458080530166626,0.24354740977287292,0.21478316187858582,0.21176809072494507,0.21712279319763184,0.9661374092102051,-0.13941404223442078,-1.0567528009414673,0.0,0.0,0.0,1.0
-0.23732085525989532,-0.09436369687318802,-0.9668372869491577,3.96433162689209,-0.9478041529655457,0.240664541721344,0.2091599851846695,0.2039911150932312,0.21294638514518738,0.9660103917121887,-0.14655300974845886,-1.0886473655700684,0.0,0.0,0.0,1.0
-0.2356676161289215,-0.09473052620887756,-0.9672057032585144,3.9490966796875,-0.9479910135269165,0.2415085732936859,0.20733186602592468,0.2229403704404831,0.21394777297973633,0.9657638072967529,-0.14671944081783295,-1.1032781600952148,0.0,0.0,0.0,1.0
-0.2353135049343109,-0.09808407723903656,-0.9669576287269592,3.9705488681793213,-0.9471916556358337,0.246135413646698,0.20553644001483917,0.2267531007528305,0.21784263849258423,0.9642597436904907,-0.1508234143257141,-1.1161946058273315,0.0,0.0,0.0,1.0
-0.23347093164920807,-0.09568639099597931,-0.9676442742347717,3.978443145751953,-0.9476078748703003,0.24551361799240112,0.2043587565422058,0.2266203612089157,0.21801549196243286,0.9646590948104858,-0.14799346029758453,-1.1072334051132202,0.0,0.0,0.0,1.0
-0.2357252687215805,-0.09967748820781708,-0.9666943550109863,3.970205545425415,-0.9468363523483276,0.24765652418136597,0.20534665882587433,0.22291682660579681,0.21893975138664246,0.9637067914009094,-0.15275715291500092,-1.1291098594665527,0.0,0.0,0.0,1.0
-0.2349178045988083,-0.09989045560359955,-0.9668689370155334,3.9730348587036133,-0.947783887386322,0.24425819516181946,0.20504562556743622,0.22637109458446503,0.21568357944488525,0.9645516276359558,-0.15205517411231995,-1.1257132291793823,0.0,0.0,0.0,1.0
-0.23448629677295685,-0.09157316386699677,-0.9677967429161072,3.9730610847473145,-0.9475903511047363,0.24376153945922852,0.20652571320533752,0.2205154299736023,0.2169993817806244,0.9655022621154785,-0.14393256604671478,-1.1283133029937744,0.0,0.0,0.0,1.0
-0.2316785752773285,-0.09082303196191788,-0.9685433506965637,3.969485282897949,-0.9488979578018188,0.24041405320167542,0.20443503558635712,0.22766126692295074,0.21428397297859192,0.9664120674133301,-0.1418805718421936,-1.120215892791748,0.0,0.0,0.0,1.0
-0.22854119539260864,-0.09858916699886322,-0.9685293436050415,3.946497678756714,-0.9506620168685913,0.23698288202285767,0.20020197331905365,0.22147123515605927,0.20978718996047974,0.9664984345436096,-0.14788533747196198,-1.1259902715682983,0.0,0.0,0.0,1.0
-0.227738156914711,-0.09611275047063828,-0.9689673185348511,3.944206714630127,-0.9506807327270508,0.2371481955051422,0.199917271733284,0.23477016389369965,0.21057429909706116,0.9667073488235474,-0.14538024365901947,-1.1202634572982788,0.0,0.0,0.0,1.0
-0.22014670073986053,-0.08518192917108536,-0.9717404246330261,3.9467976093292236,-0.9448777437210083,0.2661340832710266,0.19073189795017242,0.17764316499233246,0.24236637353897095,0.9601648449897766,-0.13907505571842194,-1.0857748985290527,0.0,0.0,0.0,1.0
-0.2305675894021988,-0.07652897387742996,-0.9700422286987305,3.9708399772644043,-0.9368629455566406,0.2868216335773468,0.20005320012569427,0.1291808784008026,0.26291921734809875,0.9549223184585571,-0.13782893121242523,-1.0535770654678345,0.0,0.0,0.0,1.0
-0.22515469789505005,-0.07180353999137878,-0.9716736078262329,3.948155641555786,-0.9357962608337402,0.29360491037368774,0.19514480233192444,0.15965425968170166,0.27127599716186523,0.9532263875007629,-0.13330000638961792,-1.0639548301696777,0.0,0.0,0.0,1.0
-0.22013692557811737,-0.06519176065921783,-0.9732881188392639,3.946500539779663,-0.934796929359436,0.2992064952850342,0.19138990342617035,0.16529026627540588,0.27873706817626953,0.9519587159156799,-0.12680745124816895,-1.0727559328079224,0.0,0.0,0.0,1.0
-0.216304212808609,-0.0718543529510498,-0.9736782908439636,3.9636166095733643,-0.9365431666374207,0.29705458879470825,0.18613290786743164,0.15397702157497406,0.2758611738681793,0.9521530866622925,-0.13154885172843933,-1.083888053894043,0.0,0.0,0.0,1.0
-0.21563011407852173,-0.06719809025526047,-0.9741601943969727,4.0039963722229,-0.9342274069786072,0.3044697046279907,0.18578851222991943,0.14170126616954803,0.2841176390647888,0.9501487016677856,-0.12843114137649536,-1.0948288440704346,0.0,0.0,0.0,1.0
-0.210377499461174,-0.0626220777630806,-0.9756125211715698,3.9751882553100586,-0.9322690963745117,0.31327494978904724,0.18092277646064758,0.20188277959823608,0.2943051755428314,0.947595477104187,-0.12428663671016693,-1.1031252145767212,0.0,0.0,0.0,1.0
-0.20679020881652832,-0.06559321284294128,-0.976184070110321,3.9665300846099854,-0.9333136677742004,0.31257081031799316,0.17670601606369019,0.19703632593154907,0.2935359477996826,0.9476269483566284,-0.12585562467575073,-1.1131170988082886,0.0,0.0,0.0,1.0
-0.20746095478534698,-0.06452760100364685,-0.9761127829551697,3.943042755126953,-0.9331281185150146,0.31258344650268555,0.1776612251996994,0.21370431780815125,0.2936526834964752,0.9476960897445679,-0.12506137788295746,-1.1109988689422607,0.0,0.0,0.0,1.0
-0.20793481171131134,-0.06530025601387024,-0.9759605526924133,3.9504661560058594,-0.9323160648345947,0.3150564730167389,0.17755603790283203,0.21526293456554413,0.2958882451057434,0.9468237161636353,-0.1263916939496994,-1.1092417240142822,0.0,0.0,0.0,1.0
-0.2070961594581604,-0.06589769572019577,-0.9760987162590027,3.9357423782348633,-0.9333577156066895,0.31230485439300537,0.1769438087940216,0.223737895488739,0.2931801974773407,0.9476936459541321,-0.12618325650691986,-1.1064002513885498,0.0,0.0,0.0,1.0
-0.19961048662662506,-0.07145284861326218,-0.9772666692733765,3.835292339324951,-0.9292428493499756,0.33025142550468445,0.16565510630607605,0.14891013503074646,0.31090712547302246,0.9411845207214355,-0.13231869041919708,-1.1484931707382202,0.0,0.0,0.0,1.0
-0.22467176616191864,-0.07691594958305359,-0.9713941216468811,3.875648260116577,-0.9340212345123291,0.3011130392551422,0.1921854466199875,0.03513655439019203,0.27771732211112976,0.9504814147949219,-0.13949273526668549,-1.095088243484497,0.0,0.0,0.0,1.0
-0.2240576595067978,-0.0766749158501625,-0.9715549945831299,3.8735833168029785,-0.9335260391235352,0.30316635966300964,0.1913616806268692,0.036756839603185654,0.2798702120780945,0.9498478770256042,-0.1395047903060913,-1.098343849182129,0.0,0.0,0.0,1.0
-0.2273394912481308,-0.07056181132793427,-0.9712557792663574,3.8688206672668457,-0.9328657388687134,0.3019639253616333,0.19641591608524323,0.04479779303073883,0.2794247567653656,0.9507043361663818,-0.1344730257987976,-1.0904130935668945,0.0,0.0,0.0,1.0
-0.22725023329257965,-0.07202856987714767,-0.9711689949035645,3.881805181503296,-0.9344112873077393,0.2970113754272461,0.1966206580400467,0.03889179974794388,0.2742859125137329,0.9521534442901611,-0.13480021059513092,-1.1013671159744263,0.0,0.0,0.0,1.0
-0.22562536597251892,-0.07726302742958069,-0.971145510673523,3.8989851474761963,-0.9354939460754395,0.29542815685272217,0.19383859634399414,0.027943573892116547,0.271927148103714,0.9522355794906616,-0.13893519341945648,-1.1171832084655762,0.0,0.0,0.0,1.0
-0.2275926023721695,-0.07381827384233475,-0.970954418182373,3.901353597640991,-0.9349952340126038,0.29509609937667847,0.19672861695289612,0.029869992285966873,0.2720027267932892,0.9526117444038391,-0.13618142902851105,-1.1208996772766113,0.0,0.0,0.0,1.0
-0.22823366522789001,-0.07236895710229874,-0.9709130525588989,3.886367082595825,-0.9351428151130676,0.29382646083831787,0.1979241669178009,0.03147973492741585,0.2709563970565796,0.9531152844429016,-0.13473638892173767,-1.1088709831237793,0.0,0.0,0.0,1.0
-0.23143546283245087,-0.07367134839296341,-0.9700567722320557,3.907942056655884,-0.9350954294204712,0.2919355034828186,0.20092326402664185,0.025233253836631775,0.2683917284011841,0.9535964131355286,-0.13645395636558533,-1.1100691556930542,0.0,0.0,0.0,1.0
-0.22950410842895508,-0.07634934037923813,-0.9703085422515869,3.938502550125122,-0.9372833967208862,0.28605103492736816,0.19918467104434967,0.01779288798570633,0.2623502016067505,0.9551677703857422,-0.137210875749588,-1.1253952980041504,0.0,0.0,0.0,1.0
-0.2335241585969925,-0.07131536304950714,-0.9697322249412537,3.919785261154175,-0.9362258911132812,0.2858086824417114,0.20443667471408844,0.021763060241937637,0.2625783681869507,0.9556293487548828,-0.1335105299949646,-1.1150133609771729,0.0,0.0,0.0,1.0
-0.20554187893867493,-0.06345944106578827,-0.9765886664390564,3.6937453746795654,-0.9212406277656555,0.3492962718009949,0.17119528353214264,-0.1352737694978714,0.33025485277175903,0.9348609447479248,-0.13025642931461334,-1.2289525270462036,0.0,0.0,0.0,1.0
-0.20476572215557098,-0.059783030301332474,-0.9769836068153381,3.653451919555664,-0.9155557155609131,0.3646946847438812,0.16957485675811768,-0.12334821373224258,0.34616297483444214,0.9292060732841492,-0.12941165268421173,-1.1853508949279785,0.0,0.0,0.0,1.0
-0.20492635667324066,-0.05838766694068909,-0.977034330368042,3.6456685066223145,-0.9151254892349243,0.36553001403808594,0.17009729146957397,-0.12273530662059784,0.34720379114151,0.9289664626121521,-0.1283387839794159,-1.1847153902053833,0.0,0.0,0.0,1.0
-0.2047589272260666,-0.0604112334549427,-0.9769464135169983,3.6651804447174072,-0.9170931577682495,0.36065202951431274,0.1699126660823822,-0.13185210525989532,0.3420730531215668,0.9307420253753662,-0.1292494386434555,-1.192034125328064,0.0,0.0,0.0,1.0
-0.20729291439056396,-0.05944943055510521,-0.9764708876609802,3.671881675720215,-0.9172198176383972,0.3589237928390503,0.17286266386508942,-0.1337895691394806,0.34020206332206726,0.9314717054367065,-0.12893055379390717,-1.1970785856246948,0.0,0.0,0.0,1.0
-0.20650973916053772,-0.06126651540398598,-0.9765245318412781,3.6804299354553223,-0.9189548492431641,0.3548424243927002,0.1720726490020752,-0.13379189372062683,0.335970014333725,0.932916522026062,-0.1295795738697052,-1.2023576498031616,0.0,0.0,0.0,1.0
-0.2104322910308838,-0.05680014193058014,-0.9759569764137268,3.6979339122772217,-0.9198285937309265,0.3496248424053192,0.1779821366071701,-0.13825449347496033,0.3311094641685486,0.9351663589477539,-0.12581875920295715,-1.213602066040039,0.0,0.0,0.0,1.0
-0.211199551820755,-0.05553450807929039,-0.975864052772522,3.7336320877075195,-0.9237147569656372,0.33779001235961914,0.18069025874137878,-0.13683071732521057,0.3196026086807251,0.9395816922187805,-0.12263914942741394,-1.2422466278076172,0.0,0.0,0.0,1.0
-0.21311520040035248,-0.06188628077507019,-0.9750651121139526,3.778445243835449,-0.9252706170082092,0.3332940340042114,0.18107807636260986,-0.1616005003452301,0.3137771189212799,0.9407895803451538,-0.12829157710075378,-1.2519999742507935,0.0,0.0,0.0,1.0
-0.22139735519886017,-0.061421386897563934,-0.9732474684715271,3.7901761531829834,-0.9253795146942139,0.328097403049469,0.18980206549167633,-0.18856695294380188,0.3076620101928711,0.9426449537277222,-0.12947797775268555,-1.2572990655899048,0.0,0.0,0.0,1.0
-0.21932245790958405,-0.06345655024051666,-0.9735866189002991,3.784127950668335,-0.9264116287231445,0.3265555799007416,0.18741093575954437,-0.1972421109676361,0.3060377240180969,0.9430454969406128,-0.13040785491466522,-1.263833999633789,0.0,0.0,0.0,1.0
-0.21787497401237488,-0.05592130124568939,-0.9743732810020447,3.8547861576080322,-0.9307659864425659,0.31224560737609863,0.1902037262916565,-0.22276216745376587,0.29360735416412354,0.9483541250228882,-0.12008015066385269,-1.1510802507400513,0.0,0.0,0.0,1.0
-0.1973445862531662,-0.058890942484140396,-0.9785637259483337,3.7140932083129883,-0.9245203137397766,0.3431837558746338,0.16579264402389526,-0.16765634715557098,0.32606351375579834,0.9374202489852905,-0.1221713200211525,-1.0943233966827393,0.0,0.0,0.0,1.0
-0.199869766831398,-0.05886081978678703,-0.9780529141426086,3.730144739151001,-0.9245970845222473,0.3417136073112488,0.16838091611862183,-0.17736223340034485,0.3243029713630676,0.9379590749740601,-0.12272075563669205,-1.0951191186904907,0.0,0.0,0.0,1.0
-0.20019230246543884,-0.05937867984175682,-0.9779556393623352,3.74871826171875,-0.9260770678520203,0.33732712268829346,0.16909095644950867,-0.18700434267520905,0.31985053420066833,0.9395129680633545,-0.12251952290534973,-1.092115879058838,0.0,0.0,0.0,1.0
-0.2018083930015564,-0.07193859666585922,-0.9767795205116272,3.767430067062378,-0.9273263812065125,0.3349674344062805,0.16692112386226654,-0.20057106018066406,0.31518125534057617,0.9394794702529907,-0.134309783577919,-1.0842335224151611,0.0,0.0,0.0,1.0
-0.20982593297958374,-0.06821613758802414,-0.9753561615943909,3.7571423053741455,-0.9270598888397217,0.33087795972824097,0.17629456520080566,-0.19780553877353668,0.3106977343559265,0.9412046670913696,-0.13266722857952118,-1.088658094406128,0.0,0.0,0.0,1.0
-0.21260248124599457,-0.0645892545580864,-0.9750017523765564,3.7548279762268066,-0.9265074729919434,0.3303512930870056,0.18014392256736755,-0.19262215495109558,0.310457706451416,0.9416454434394836,-0.13007593154907227,-1.0913056135177612,0.0,0.0,0.0,1.0
-0.21201173961162567,-0.06986812502145767,-0.9747663736343384,3.755619764328003,-0.926847517490387,0.33061790466308594,0.17789176106452942,-0.19790953397750854,0.3098462224006653,0.9411749243736267,-0.13485197722911835,-1.0902235507965088,0.0,0.0,0.0,1.0
-0.21027714014053345,-0.07189545780420303,-0.9749946594238281,3.7656610012054443,-0.927211344242096,0.33083564043045044,0.1755760908126831,-0.20630648732185364,0.3099399209022522,0.9409457445144653,-0.13622945547103882,-1.089166522026062,0.0,0.0,0.0,1.0
-0.21282093226909637,-0.06895360350608826,-0.9746551513671875,3.751041889190674,-0.9269058704376221,0.3298223614692688,0.17906080186367035,-0.1862427145242691,0.3091161549091339,0.941521406173706,-0.1341066211462021,-1.0925747156143188,0.0,0.0,0.0,1.0
-0.21147149801254272,-0.06740659475326538,-0.9750570058822632,3.7591469287872314,-0.9255470037460327,0.33438730239868164,0.17761720716953278,-0.20385664701461792,0.3140740692615509,0.9400219917297363,-0.13310135900974274,-1.0813556909561157,0.0,0.0,0.0,1.0
-0.22690501809120178,-0.06015797331929207,-0.9720571637153625,3.899351119995117,-0.9257662296295166,0.3232714533805847,0.19609303772449493,-0.17723272740840912,0.3024417757987976,0.944392204284668,-0.12904413044452667,-0.9143492579460144,0.0,0.0,0.0,1.0
-0.2172151356935501,-0.04613286629319191,-0.9750329852104187,3.832608222961426,-0.9218964576721191,0.33799412846565247,0.18938562273979187,-0.13358478248119354,0.3208184838294983,0.9400169253349304,-0.11594715714454651,-0.9333234429359436,0.0,0.0,0.0,1.0
-0.21645894646644592,-0.05153433233499527,-0.9749306440353394,3.8503384590148926,-0.9232679605484009,0.335426390171051,0.1872580498456955,-0.1358598917722702,0.3173672556877136,0.9406558871269226,-0.12018603831529617,-0.9294165968894958,0.0,0.0,0.0,1.0
-0.21623247861862183,-0.05089564621448517,-0.9750144481658936,3.8481075763702393,-0.923374593257904,0.3351161479949951,0.1872870922088623,-0.14513301849365234,0.31721100211143494,0.9408011436462402,-0.11945874243974686,-0.9325867891311646,0.0,0.0,0.0,1.0
-0.2165910005569458,-0.050441108644008636,-0.9749584794044495,3.8543477058410645,-0.9233509302139282,0.33489447832107544,0.1877998262643814,-0.14685270190238953,0.317035436630249,0.9409045577049255,-0.11910997331142426,-0.9297839403152466,0.0,0.0,0.0,1.0
-0.2188538908958435,-0.049994081258773804,-0.9744760394096375,3.8524258136749268,-0.9227272868156433,0.3353566825389862,0.19002684950828552,-0.14037738740444183,0.3172968029975891,0.9407637715339661,-0.11952502280473709,-0.9355642199516296,0.0,0.0,0.0,1.0
-0.21822547912597656,-0.05071650817990303,-0.9745796322822571,3.8586769104003906,-0.9230660200119019,0.3348550498485565,0.18926502764225006,-0.14411252737045288,0.3167440891265869,0.9409037828445435,-0.11988858878612518,-0.9297850728034973,0.0,0.0,0.0,1.0
-0.21957901120185852,-0.05137733742594719,-0.9742409586906433,3.854048728942871,-0.9230655431747437,0.3342006206512451,0.19042053818702698,-0.13779793679714203,0.31580865383148193,0.9411006569862366,-0.12080809473991394,-0.9305678606033325,0.0,0.0,0.0,1.0
-0.21888631582260132,-0.0512254424393177,-0.9744048118591309,3.8662948608398438,-0.9232410788536072,0.33405056595802307,0.18983173370361328,-0.15026044845581055,0.3157762587070465,0.941162109375,-0.12041252851486206,-0.9341657161712646,0.0,0.0,0.0,1.0
-0.21727636456489563,-0.05078577995300293,-0.9747880697250366,3.858731508255005,-0.9233161807060242,0.3346715569496155,0.1883673071861267,-0.1456591784954071,0.31666749715805054,0.9409653544425964,-0.11960754543542862,-0.9336510896682739,0.0,0.0,0.0,1.0
-0.2175315022468567,-0.048523154109716415,-0.9748464226722717,3.8589389324188232,-0.9233438372612,0.33400386571884155,0.1894138753414154,-0.14345023036003113,0.3164115250110626,0.9413219094276428,-0.11745991557836533,-0.9350484013557434,0.0,0.0,0.0,1.0
-0.22389677166938782,-0.05799258500337601,-0.9728859663009644,3.9277448654174805,-0.9223865866661072,0.3349943161010742,0.19230639934539795,-0.07566134631633759,0.31475895643234253,0.9404337406158447,-0.1284957379102707,-0.9210447072982788,0.0,0.0,0.0,1.0
-0.22359898686408997,-0.0558391809463501,-0.9730803966522217,3.93447208404541,-0.92221599817276,0.3352532982826233,0.1926729828119278,-0.0772610753774643,0.3154696822166443,0.9404718279838562,-0.126458078622818,-0.9205433130264282,0.0,0.0,0.0,1.0
-0.22441667318344116,-0.05564843863248825,-0.9729030728340149,3.9329538345336914,-0.9228972792625427,0.33268865942955017,0.1938527673482895,-0.0819159597158432,0.31288614869117737,0.9413933753967285,-0.1260186731815338,-0.9243730306625366,0.0,0.0,0.0,1.0
-0.2251971960067749,-0.05463273450732231,-0.9727802872657776,3.94783878326416,-0.9227626323699951,0.33242174983024597,0.19494888186454773,-0.08692463487386703,0.3127228021621704,0.9415472149848938,-0.12527348101139069,-0.9256979823112488,0.0,0.0,0.0,1.0
-0.22520461678504944,-0.05573423206806183,-0.9727160930633545,3.9411559104919434,-0.9231855273246765,0.33136165142059326,0.19475102424621582,-0.08296291530132294,0.3114665150642395,0.9418562650680542,-0.12607720494270325,-0.9268665313720703,0.0,0.0,0.0,1.0
-0.2251657396554947,-0.05437420681118965,-0.9728020429611206,3.9359729290008545,-0.9226763844490051,0.3326483964920044,0.19497039914131165,-0.07980068027973175,0.3129996657371521,0.9414820671081543,-0.12507081031799316,-0.9308889508247375,0.0,0.0,0.0,1.0
-0.22322770953178406,-0.05323655530810356,-0.9733114838600159,3.939532995223999,-0.9226013422012329,0.33380621671676636,0.19333945214748383,-0.07636146247386932,0.31460466980934143,0.9411372542381287,-0.12363091111183167,-0.9229130148887634,0.0,0.0,0.0,1.0
-0.22288952767848969,-0.05405466631054878,-0.9733439087867737,3.929354190826416,-0.9212577939033508,0.3381565809249878,0.19218261539936066,-0.07904412597417831,0.31875425577163696,0.9395361542701721,-0.12516984343528748,-0.9259957075119019,0.0,0.0,0.0,1.0
-0.22295843064785004,-0.054479047656059265,-0.9733044505119324,3.919171094894409,-0.9213293194770813,0.33798933029174805,0.19213393330574036,-0.07082145661115646,0.31849926710128784,0.9395718574523926,-0.12555071711540222,-0.913008987903595,0.0,0.0,0.0,1.0
-0.2227826714515686,-0.05439956858754158,-0.9733491539955139,3.9213192462921143,-0.9207000732421875,0.3399253487586975,0.19173412024974823,-0.07425186038017273,0.3204358220100403,0.9388777017593384,-0.12581518292427063,-0.9109526872634888,0.0,0.0,0.0,1.0
-0.2233993113040924,-0.05410730466246605,-0.9732241034507751,3.9478046894073486,-0.9221498966217041,0.33522477746009827,0.19303832948207855,-0.09055089205503464,0.31580400466918945,0.9405831694602966,-0.12478403002023697,-0.9181957840919495,0.0,0.0,0.0,1.0
-0.22101934254169464,-0.05236072093248367,-0.9738628268241882,3.9384958744049072,-0.9155669212341309,0.3551504611968994,0.18869398534297943,-0.08219843357801437,0.33598771691322327,0.9333415627479553,-0.12643486261367798,-0.9343574643135071,0.0,0.0,0.0,1.0
-0.2201559841632843,-0.052066829055547714,-0.974074125289917,3.9432053565979004,-0.9153348207473755,0.35619959235191345,0.18784019351005554,-0.09260408580303192,0.3371845483779907,0.9329581260681152,-0.1260780543088913,-0.9434608817100525,0.0,0.0,0.0,1.0
-0.22068339586257935,-0.05023537948727608,-0.9740509390830994,3.937509059906006,-0.914914608001709,0.35672497749328613,0.18888770043849945,-0.09283383190631866,0.33797943592071533,0.9328577518463135,-0.12468436360359192,-0.9398908615112305,0.0,0.0,0.0,1.0
-0.22086288034915924,-0.0489543117582798,-0.9740754961967468,3.946469783782959,-0.914868950843811,0.3565060496330261,0.18952132761478424,-0.09959365427494049,0.33798593282699585,0.9330096244812012,-0.12352573126554489,-0.9438847899436951,0.0,0.0,0.0,1.0
-0.22204649448394775,-0.050408314913511276,-0.9737321734428406,3.948307752609253,-0.9149712920188904,0.35586845874786377,0.19022420048713684,-0.0976596474647522,0.3369317054748535,0.9331755638122559,-0.12514150142669678,-0.9394245743751526,0.0,0.0,0.0,1.0
-0.21938349306583405,-0.05153768137097359,-0.9742765426635742,3.9466347694396973,-0.9156107902526855,0.3557458519935608,0.18735496699810028,-0.09892061352729797,0.3369390368461609,0.933160662651062,-0.1252332180738449,-0.9407809376716614,0.0,0.0,0.0,1.0
-0.22037144005298615,-0.05071254447102547,-0.9740968346595764,3.9454970359802246,-0.9147531390190125,0.3574289381504059,0.18833789229393005,-0.09547834098339081,0.3386193513870239,0.9325624704360962,-0.12515659630298615,-0.9452313780784607,0.0,0.0,0.0,1.0
-0.21919971704483032,-0.051526110619306564,-0.9743185043334961,3.9335222244262695,-0.915772557258606,0.3553929924964905,0.18723350763320923,-0.09038165211677551,0.336618572473526,0.933295726776123,-0.12508824467658997,-0.9448689222335815,0.0,0.0,0.0,1.0
-0.22113348543643951,-0.05017255246639252,-0.9739521145820618,3.9482674598693848,-0.9155041575431824,0.35483816266059875,0.18958373367786407,-0.09989497065544128,0.3360835313796997,0.9335805177688599,-0.12439978122711182,-0.9377241730690002,0.0,0.0,0.0,1.0
-0.22177579998970032,-0.0481732040643692,-0.9739069938659668,3.944725751876831,-0.9155495166778564,0.3539724349975586,0.19097793102264404,-0.09841404110193253,0.33553624153137207,0.9340143799781799,-0.12260747700929642,-0.9419580101966858,0.0,0.0,0.0,1.0
-0.2212812453508377,-0.05090969055891037,-0.9738802909851074,3.953139066696167,-0.9157456755638123,0.35423004627227783,0.18955470621585846,-0.09975108504295349,0.3353274464607239,0.933771550655365,-0.12500478327274323,-0.9441810846328735,0.0,0.0,0.0,1.0
-0.2166203260421753,-0.04799070954322815,-0.9750756621360779,3.966155767440796,-0.9124305248260498,0.3651643693447113,0.18473079800605774,-0.11027322709560394,0.3471975326538086,0.9297052621841431,-0.12289021164178848,-0.9340212345123291,0.0,0.0,0.0,1.0
-0.21016773581504822,-0.046918027102947235,-0.976538896560669,3.9365732669830322,-0.9100008606910706,0.3745216131210327,0.17785365879535675,-0.08151936531066895,0.3573904037475586,0.9260303378105164,-0.12140781432390213,-0.9243278503417969,0.0,0.0,0.0,1.0
-0.21106119453907013,-0.047094717621803284,-0.9763376712799072,3.9353432655334473,-0.9106952548027039,0.37232381105422974,0.17891138792037964,-0.07648148387670517,0.35508793592453003,0.9269073009490967,-0.12147203087806702,-0.9256647825241089,0.0,0.0,0.0,1.0
-0.21194666624069214,-0.046483803540468216,-0.9761751294136047,3.9380695819854736,-0.9091512560844421,0.3757978677749634,0.17949959635734558,-0.0902382880449295,0.35850071907043457,0.9255351424217224,-0.12190990895032883,-0.9297686815261841,0.0,0.0,0.0,1.0
-0.21269793808460236,-0.0462077260017395,-0.9760248064994812,3.9449143409729004,-0.9095593094825745,0.3743323087692261,0.18049167096614838,-0.08906709402799606,0.357017457485199,0.926142692565918,-0.1216483786702156,-0.9264770746231079,0.0,0.0,0.0,1.0
-0.21259544789791107,-0.04609135910868645,-0.9760526418685913,3.946256160736084,-0.9111536145210266,0.3701971769332886,0.18097816407680511,-0.08984006941318512,0.35299044847488403,0.9278090000152588,-0.12069854885339737,-0.9317666888237,0.0,0.0,0.0,1.0
-0.21134865283966064,-0.04339506849646568,-0.9764469265937805,3.9584054946899414,-0.9113233089447021,0.369858980178833,0.180815652012825,-0.11409738659858704,0.35330113768577576,0.9280740022659302,-0.11771612614393234,-0.9458116292953491,0.0,0.0,0.0,1.0
-0.213500514626503,-0.044086754322052,-0.9759476780891418,3.9718549251556396,-0.9128323197364807,0.36492711305618286,0.18320830166339874,-0.13155505061149597,0.34807270765304565,0.9299916625022888,-0.11815594136714935,-0.9654026627540588,0.0,0.0,0.0,1.0
-0.21391446888446808,-0.04153943061828613,-0.9759687781333923,3.977384567260742,-0.9128878712654114,0.3640900254249573,0.18459181487560272,-0.13710714876651764,0.34767264127731323,0.9304369688034058,-0.11580496281385422,-0.9638309478759766,0.0,0.0,0.0,1.0
-0.21560066938400269,-0.04292726889252663,-0.9755375981330872,3.964606761932373,-0.9132943749427795,0.3624023199081421,0.18589743971824646,-0.13380055129528046,0.34555697441101074,0.931032657623291,-0.11733941733837128,-0.9682854413986206,0.0,0.0,0.0,1.0
-0.21395684778690338,-0.04370842128992081,-0.9758647680282593,3.97467041015625,-0.9135904312133789,0.3625923991203308,0.18406300246715546,-0.1267867535352707,0.34579604864120483,0.930922269821167,-0.11751072853803635,-0.9712259769439697,0.0,0.0,0.0,1.0
-0.21088548004627228,-0.039738524705171585,-0.9767026901245117,4.008955955505371,-0.9106216430664062,0.3712430000305176,0.1815129816532135,-0.14299975335597992,0.355381041765213,0.927685022354126,-0.1144765168428421,-0.9462870955467224,0.0,0.0,0.0,1.0
-0.20974071323871613,-0.045276667922735214,-0.976708173751831,3.9659159183502197,-0.9097579121589661,0.3750529885292053,0.1779775321483612,-0.061034590005874634,0.35825908184051514,0.9258970618247986,-0.11985467374324799,-0.8990734815597534,0.0,0.0,0.0,1.0
-0.20961645245552063,-0.0446678064763546,-0.9767628908157349,3.9624240398406982,-0.909514844417572,0.37562763690948486,0.17800718545913696,-0.06326690316200256,0.3589479625225067,0.9256935715675354,-0.11936376988887787,-0.8961553573608398,0.0,0.0,0.0,1.0
-0.20998483896255493,-0.04416113719344139,-0.9767068028450012,3.965440273284912,-0.9092625379562378,0.3760122060775757,0.17848367989063263,-0.06536299735307693,0.3593716025352478,0.925561785697937,-0.11911092698574066,-0.8975540995597839,0.0,0.0,0.0,1.0
-0.21012216806411743,-0.04487943649291992,-0.9766445159912109,3.9639811515808105,-0.9094642400741577,0.37555891275405884,0.1784105896949768,-0.05732639878988266,0.35878056287765503,0.9257112741470337,-0.11972949653863907,-0.9009984731674194,0.0,0.0,0.0,1.0
-0.20810486376285553,-0.045526158064603806,-0.9770464301109314,3.956711769104004,-0.9093537926673889,0.37690281867980957,0.1761246919631958,-0.06009387969970703,0.3602333068847656,0.9251332879066467,-0.11983469873666763,-0.9009374976158142,0.0,0.0,0.0,1.0
-0.20996880531311035,-0.04446941614151001,-0.976696252822876,3.9626848697662354,-0.9089493751525879,0.37688148021698,0.17824511229991913,-0.062118254601955414,0.3601722717285156,0.9251934289932251,-0.11955380439758301,-0.9002236127853394,0.0,0.0,0.0,1.0
-0.20875771343708038,-0.04546515643596649,-0.9769099950790405,3.9663619995117188,-0.9097080826759338,0.3756766617298126,0.1769133061170578,-0.06214509159326553,0.3589588701725006,0.9256349205970764,-0.11978541314601898,-0.8986289501190186,0.0,0.0,0.0,1.0
-0.20699366927146912,-0.046534307301044464,-0.977234959602356,3.9708163738250732,-0.910042405128479,0.37582582235336304,0.17486503720283508,-0.0684838518500328,0.35913294553756714,0.925521194934845,-0.12014177441596985,-0.9004073143005371,0.0,0.0,0.0,1.0
-0.20907747745513916,-0.04310866817831993,-0.9769484400749207,3.9751248359680176,-0.909494936466217,0.37564796209335327,0.1780659258365631,-0.07162591069936752,0.3593124747276306,0.9257592558860779,-0.11774664372205734,-0.9015413522720337,0.0,0.0,0.0,1.0
-0.20825506746768951,-0.045190174132585526,-0.9770300388336182,3.971705675125122,-0.909405529499054,0.3766396641731262,0.17642027139663696,-0.07540060579776764,0.3600158095359802,0.9252569675445557,-0.11953330785036087,-0.9042156934738159,0.0,0.0,0.0,1.0
-0.2083665132522583,-0.03907787427306175,-0.9772698283195496,4.0530805587768555,-0.9086014032363892,0.3775385022163391,0.17862896621227264,-0.06967277079820633,0.3619765043258667,0.9251689910888672,-0.11417257785797119,-0.8475294709205627,0.0,0.0,0.0,1.0
-0.20667560398578644,-0.040647659450769424,-0.977564811706543,4.054358959197998,-0.9084717035293579,0.3789371848106384,0.17631161212921143,-0.07913460582494736,0.36326900124549866,0.9245293140411377,-0.1152443140745163,-0.8529300093650818,0.0,0.0,0.0,1.0
-0.2081308215856552,-0.03879747912287712,-0.9773312211036682,4.059471130371094,-0.9082692861557007,0.3784445524215698,0.17840024828910828,-0.08227146416902542,0.3629441559314728,0.924810528755188,-0.11400452256202698,-0.8521246314048767,0.0,0.0,0.0,1.0
-0.20468099415302277,-0.04134077951312065,-0.9779553413391113,4.054854393005371,-0.9088622331619263,0.37897735834121704,0.17419978976249695,-0.08004069328308105,0.36342135071754456,0.9244821071624756,-0.11514253169298172,-0.8553414940834045,0.0,0.0,0.0,1.0
-0.2073221653699875,-0.04051683843135834,-0.9774333238601685,4.047611713409424,-0.9082953929901123,0.3790649175643921,0.176944300532341,-0.07107171416282654,0.3633415102958679,0.9244827032089233,-0.11538980901241302,-0.8503190875053406,0.0,0.0,0.0,1.0
-0.20685333013534546,-0.040774110704660416,-0.9775219559669495,4.041116237640381,-0.9079352021217346,0.38024118542671204,0.1762675642967224,-0.06308853626251221,0.36450695991516113,0.9239882230758667,-0.11567439883947372,-0.8422329425811768,0.0,0.0,0.0,1.0
-0.2092665433883667,-0.03852296620607376,-0.9770995378494263,4.0319013595581055,-0.9063540697097778,0.38271668553352356,0.17902596294879913,-0.052169088274240494,0.3670556843280792,0.9230623245239258,-0.11500523239374161,-0.8441912531852722,0.0,0.0,0.0,1.0
-0.20886296033859253,-0.03894168511033058,-0.9771692752838135,4.028090000152588,-0.9062807559967041,0.3831629753112793,0.17844140529632568,-0.048152677714824677,0.3674662709236145,0.9228595495223999,-0.11532064527273178,-0.8465381860733032,0.0,0.0,0.0,1.0
-0.20735576748847961,-0.04004141315817833,-0.9774457812309265,4.027102470397949,-0.9068806767463684,0.38254308700561523,0.17671504616737366,-0.05096527561545372,0.366839200258255,0.9230695962905884,-0.11563530564308167,-0.8481557965278625,0.0,0.0,0.0,1.0
-0.20895762741565704,-0.03795165568590164,-0.977187991142273,4.032752990722656,-0.906948983669281,0.3812553286552429,0.17913097143173218,-0.05050418898463249,0.3657597601413727,0.9236904382705688,-0.11408641934394836,-0.8546137809753418,0.0,0.0,0.0,1.0
-0.20835323631763458,-0.04031287133693695,-0.9772225022315979,4.0409255027771,-0.9080774784088135,0.3791060149669647,0.17797178030014038,-0.0557074099779129,0.36329635977745056,0.9244747161865234,-0.11559516191482544,-0.8601313233375549,0.0,0.0,0.0,1.0
-0.20104268193244934,-0.03811899945139885,-0.9788405299186707,4.057872772216797,-0.9042066931724548,0.3916023075580597,0.17046356201171875,-0.08984308689832687,0.37681829929351807,0.9193446040153503,-0.1131962314248085,-0.8604744076728821,0.0,0.0,0.0,1.0
-0.20509041845798492,-0.035021208226680756,-0.9781162738800049,4.047571659088135,-0.9023622870445251,0.3938020169734955,0.17510642111301422,-0.10111544281244278,0.37905174493789673,0.9185279011726379,-0.11236683279275894,-0.855151891708374,0.0,0.0,0.0,1.0
-0.20509213209152222,-0.03615770488977432,-0.9780745506286621,4.050998210906982,-0.9026057124137878,0.39341408014297485,0.17472326755523682,-0.10127972811460495,0.3784707188606262,0.9186500310897827,-0.11332228779792786,-0.8566967844963074,0.0,0.0,0.0,1.0
-0.2085009515285492,-0.03653360903263092,-0.9773395657539368,4.054562568664551,-0.9025168418884277,0.3922024369239807,0.17787784337997437,-0.10474690794944763,0.37681642174720764,0.9191531538963318,-0.11474677920341492,-0.8525768518447876,0.0,0.0,0.0,1.0
-0.21024757623672485,-0.033821024000644684,-0.977063000202179,4.076585292816162,-0.9031146764755249,0.3894557058811188,0.18085412681102753,-0.11810262501239777,0.374406099319458,0.9204240441322327,-0.11242639273405075,-0.8566513061523438,0.0,0.0,0.0,1.0
-0.21024669706821442,-0.03255980461835861,-0.9771060347557068,4.080848217010498,-0.9036831855773926,0.38782140612602234,0.1815248429775238,-0.12646454572677612,0.37303221225738525,0.9211592674255371,-0.1109619140625,-0.8603323698043823,0.0,0.0,0.0,1.0
-0.2104741483926773,-0.031380221247673035,-0.9770956635475159,4.085757255554199,-0.9039745926856995,0.3867763578891754,0.18230167031288147,-0.13112017512321472,0.37219685316085815,0.9216394424438477,-0.10977334529161453,-0.8590197563171387,0.0,0.0,0.0,1.0
-0.21541617810726166,-0.028964171186089516,-0.9760926961898804,4.080712795257568,-0.9027309417724609,0.38707950711250305,0.1877397745847702,-0.14126235246658325,0.37238776683807373,0.9215912818908691,-0.10953004658222198,-0.8557971715927124,0.0,0.0,0.0,1.0
-0.22069856524467468,-0.029470670968294144,-0.9748967289924622,4.086874485015869,-0.902545154094696,0.38508081436157227,0.19267868995666504,-0.14406390488147736,0.3697356581687927,0.9224121570587158,-0.11158539354801178,-0.8458379507064819,0.0,0.0,0.0,1.0
-0.2226477414369583,-0.026412000879645348,-0.9745411276817322,4.056301116943359,-0.9026620388031006,0.3832072615623474,0.1958402842283249,-0.13671596348285675,0.3682786822319031,0.923284649848938,-0.10916133970022202,-0.8275889754295349,0.0,0.0,0.0,1.0
-0.21911154687404633,-0.0278999712318182,-0.9753008484840393,4.045475959777832,-0.8973081111907959,0.39832648634910583,0.19019491970539093,-0.15802529454231262,0.38318175077438354,0.9168192148208618,-0.11231280863285065,-0.8102576732635498,0.0,0.0,0.0,1.0
-0.20658552646636963,-0.028571121394634247,-0.9780113101005554,4.056904315948486,-0.8974645137786865,0.40367335081100464,0.17777889966964722,-0.12739169597625732,0.3897177577018738,0.9144569635391235,-0.10903463512659073,-0.8241246938705444,0.0,0.0,0.0,1.0
-0.2075120061635971,-0.0253338310867548,-0.9779043793678284,4.052063465118408,-0.897403359413147,0.40282678604125977,0.1799938976764679,-0.1302192509174347,0.38936614990234375,0.9149255156517029,-0.10632606595754623,-0.819356381893158,0.0,0.0,0.0,1.0
-0.2079450786113739,-0.025752734392881393,-0.9778014421463013,4.056673049926758,-0.8977175951004028,0.4019767940044403,0.18032695353031158,-0.13838687539100647,0.3884095549583435,0.9152876138687134,-0.10670778155326843,-0.8156703114509583,0.0,0.0,0.0,1.0
-0.210769385099411,-0.027250410988926888,-0.9771559238433838,4.0467424392700195,-0.897079586982727,0.40252360701560974,0.182271808385849,-0.1329677700996399,0.3883613348007202,0.9150038361549377,-0.10928544402122498,-0.8152481317520142,0.0,0.0,0.0,1.0
-0.2120382934808731,-0.02741502970457077,-0.9768767356872559,4.04271125793457,-0.8969836235046387,0.40222081542015076,0.18340899050235748,-0.13003933429718018,0.3878919780254364,0.9151321649551392,-0.10987704247236252,-0.8146090507507324,0.0,0.0,0.0,1.0
-0.20950941741466522,-0.02596994861960411,-0.9774616956710815,4.049044609069824,-0.8973428010940552,0.40221765637397766,0.1816502958536148,-0.13212847709655762,0.38843488693237305,0.9151756763458252,-0.10757233202457428,-0.8112630844116211,0.0,0.0,0.0,1.0
-0.20778383314609528,-0.025829344987869263,-0.9778336882591248,4.051935195922852,-0.8978286981582642,0.40179896354675293,0.18016979098320007,-0.1333947479724884,0.3882388770580292,0.9153635501861572,-0.10667765140533447,-0.8084003925323486,0.0,0.0,0.0,1.0
-0.20888102054595947,-0.024341605603694916,-0.9776380658149719,4.063766002655029,-0.8970842361450195,0.4027984142303467,0.18164093792438507,-0.1365692913532257,0.3893696069717407,0.9149649739265442,-0.10597340762615204,-0.8047290444374084,0.0,0.0,0.0,1.0
-0.20793074369430542,-0.023866744711995125,-0.9778523445129395,4.052138805389404,-0.8974329233169556,0.4023047685623169,0.1810111701488495,-0.1326456069946289,0.38907450437545776,0.9151946902275085,-0.1050703302025795,-0.8055514097213745,0.0,0.0,0.0,1.0
-0.20844770967960358,-0.024453677237033844,-0.9777277708053589,4.057790756225586,-0.8972540497779846,0.4026089906692505,0.18122148513793945,-0.13202884793281555,0.38921046257019043,0.9150453805923462,-0.10586407780647278,-0.806707501411438,0.0,0.0,0.0,1.0
-0.22238540649414062,-0.01888228952884674,-0.9747759699821472,4.117143154144287,-0.9031584858894348,0.3805694282054901,0.19867461919784546,-0.06874281167984009,0.3672184944152832,0.924559473991394,-0.10168679058551788,-0.8168410062789917,0.0,0.0,0.0,1.0
-0.20829686522483826,-0.02844657003879547,-0.9776518940925598,4.125843048095703,-0.9061435461044312,0.38183459639549255,0.18195122480392456,-0.05131547152996063,0.36812537908554077,0.9237927794456482,-0.10531161725521088,-0.8459919095039368,0.0,0.0,0.0,1.0
-0.2133270651102066,-0.026458147913217545,-0.9766225218772888,4.132672309875488,-0.9061809778213501,0.3789653480052948,0.18767353892326355,-0.05492808669805527,0.3651405870914459,0.9250325560569763,-0.10481943190097809,-0.8475886583328247,0.0,0.0,0.0,1.0
-0.21435609459877014,-0.02804560773074627,-0.976352870464325,4.12180757522583,-0.9074867367744446,0.37543779611587524,0.18845228850841522,-0.057808537036180496,0.36127451062202454,0.926423192024231,-0.10592839866876602,-0.8656505346298218,0.0,0.0,0.0,1.0
-0.22586919367313385,-0.025703394785523415,-0.9738184809684753,4.095555305480957,-0.9064105153083801,0.3718220889568329,0.20042043924331665,-0.05251728743314743,0.3569357395172119,0.9279481172561646,-0.10728099197149277,-0.8571430444717407,0.0,0.0,0.0,1.0
-0.2294246107339859,-0.027347110211849213,-0.9729421734809875,4.110578536987305,-0.9070377349853516,0.36859261989593506,0.20352375507354736,-0.06334193795919418,0.3530535101890564,0.92918860912323,-0.10936907678842545,-0.8508034944534302,0.0,0.0,0.0,1.0
-0.225986048579216,-0.025783168151974678,-0.9737892746925354,4.12114143371582,-0.9071980118751526,0.36972150206565857,0.20074313879013062,-0.06833765655755997,0.3548550605773926,0.9287848472595215,-0.10694234818220139,-0.8498969078063965,0.0,0.0,0.0,1.0
-0.22760969400405884,-0.025099169462919235,-0.9734289050102234,4.105754852294922,-0.9053056240081787,0.3736289143562317,0.2020471841096878,-0.06356145441532135,0.35862997174263,0.9272386431694031,-0.10776398330926895,-0.8409291505813599,0.0,0.0,0.0,1.0
-0.23082031309604645,-0.02321643754839897,-0.9727193713188171,4.097072601318359,-0.9049109816551208,0.37251371145248413,0.20583879947662354,-0.06002271920442581,0.3575724959373474,0.927736222743988,-0.10699254274368286,-0.8413448333740234,0.0,0.0,0.0,1.0
-0.22938209772109985,-0.02364942617714405,-0.9730491042137146,4.103587627410889,-0.9051457643508911,0.37278228998184204,0.20431460440158844,-0.0629364550113678,0.35790354013442993,0.9276174306869507,-0.10691575706005096,-0.8424301743507385,0.0,0.0,0.0,1.0
-0.22839418053627014,-0.025582585483789444,-0.9732325673103333,4.108936309814453,-0.9055678844451904,0.37262776494026184,0.20271994173526764,-0.06543608009815216,0.357467383146286,0.9276281595230103,-0.10827278345823288,-0.8364719748497009,0.0,0.0,0.0,1.0
-0.23064185678958893,-0.012311826460063457,-0.9729608297348022,4.134366512298584,-0.8979314565658569,0.3879137635231018,0.20794735848903656,-0.05915684252977371,0.3748646676540375,0.9216134548187256,-0.10052432119846344,-0.8575612902641296,0.0,0.0,0.0,1.0
-0.21451687812805176,-0.010621964931488037,-0.9766625165939331,4.157154560089111,-0.8969621658325195,0.3979092538356781,0.19268371164798737,-0.04252994805574417,0.386576384305954,0.9173632860183716,-0.09488575905561447,-0.8622465133666992,0.0,0.0,0.0,1.0
-0.21611475944519043,-0.011056377552449703,-0.976305365562439,4.153217792510986,-0.897213339805603,0.39664530754089355,0.19411508738994598,-0.04547344148159027,0.38510075211524963,0.917905330657959,-0.09564084559679031,-0.8631798028945923,0.0,0.0,0.0,1.0
-0.21781903505325317,-0.010696349665522575,-0.9759305715560913,4.1478447914123535,-0.8969994187355042,0.39627185463905334,0.19585908949375153,-0.03651361167430878,0.38463881611824036,0.9180709719657898,-0.09591016173362732,-0.8665891885757446,0.0,0.0,0.0,1.0
-0.21458172798156738,-0.007406220305711031,-0.9766779541969299,4.140143871307373,-0.8970139622688293,0.39711928367614746,0.19406771659851074,-0.016597457230091095,0.3864203095436096,0.9177371859550476,-0.09185802191495895,-0.8558951020240784,0.0,0.0,0.0,1.0
-0.21561753749847412,-0.0064323158003389835,-0.9764567017555237,4.137121200561523,-0.8970290422439575,0.39639779925346375,0.19546741247177124,-0.010593932121992111,0.38580796122550964,0.9180562496185303,-0.0912403017282486,-0.8480479717254639,0.0,0.0,0.0,1.0
-0.21430455148220062,-0.009202072396874428,-0.9767235517501831,4.15341329574585,-0.8974074125289917,0.39667052030563354,0.19316448271274567,-0.04075324907898903,0.38565993309020996,0.9179149270057678,-0.09326630085706711,-0.8648518323898315,0.0,0.0,0.0,1.0
-0.2126810997724533,-0.011011628434062004,-0.9770596027374268,4.163898944854736,-0.8980724811553955,0.39620235562324524,0.1910223364830017,-0.042229063808918,0.38500985503196716,0.9180971384048462,-0.094153992831707,-0.8625332117080688,0.0,0.0,0.0,1.0
-0.21154816448688507,-0.012730789370834827,-0.9772846698760986,4.15901517868042,-0.898366391658783,0.3963618874549866,0.18930180370807648,-0.04321928694844246,0.3849484324455261,0.9180061221122742,-0.0952865332365036,-0.8648649454116821,0.0,0.0,0.0,1.0
-0.21959836781024933,-0.009855390526354313,-0.9755405783653259,4.1577653884887695,-0.8971772193908691,0.3948177099227905,0.19796977937221527,-0.037714794278144836,0.38320961594581604,0.9187066555023193,-0.09554334729909897,-0.8648864030838013,0.0,0.0,0.0,1.0
-0.21576033532619476,-0.011061402969062328,-0.9763836860656738,4.161900520324707,-0.8979088068008423,0.395153284072876,0.1939423680305481,-0.034976959228515625,0.3836759328842163,0.918548583984375,-0.09519053995609283,-0.8622143864631653,0.0,0.0,0.0,1.0
-0.22168943285942078,0.00011678991722874343,-0.9751173257827759,4.166499137878418,-0.8859787583351135,0.41767194867134094,0.2014741152524948,-0.004323506727814674,0.4073026776313782,0.9085978865623474,-0.09248998761177063,-0.8703284859657288,0.0,0.0,0.0,1.0
-0.22124026715755463,0.00023006659466773272,-0.9752193093299866,4.167346000671387,-0.8859719634056091,0.41787034273147583,0.20109200477600098,0.0006549727986566722,0.4075615108013153,0.9085066318511963,-0.0922459214925766,-0.8614031076431274,0.0,0.0,0.0,1.0
-0.21591567993164062,0.0013430160470306873,-0.9764111042022705,4.1646294593811035,-0.8864745497703552,0.41893890500068665,0.19660405814647675,0.027900848537683487,0.4093206524848938,0.9080134630203247,-0.08926492929458618,-0.8706279397010803,0.0,0.0,0.0,1.0
-0.218080535531044,0.001749943825416267,-0.9759292006492615,4.151480197906494,-0.8855823874473572,0.4198620319366455,0.19864454865455627,0.025663208216428757,0.4101032316684723,0.9075862765312195,-0.0900140106678009,-0.8764366507530212,0.0,0.0,0.0,1.0
-0.21637122333049774,0.0015374518698081374,-0.9763099551200867,4.165850639343262,-0.8853316903114319,0.42122364044189453,0.1968718022108078,0.026378430426120758,0.4115475118160248,0.9069555401802063,-0.08977951109409332,-0.8793730735778809,0.0,0.0,0.0,1.0
-0.21655584871768951,-0.009195084683597088,-0.9762269258499146,4.160412311553955,-0.885715126991272,0.42243707180023193,0.19249871373176575,0.01704852655529976,0.4106243848800659,0.9063456654548645,-0.09962543845176697,-0.8824869990348816,0.0,0.0,0.0,1.0
-0.2205875962972641,-0.006098071578890085,-0.9753481149673462,4.1863789558410645,-0.8878385424613953,0.4152825176715851,0.19819973409175873,-0.0257832333445549,0.40383636951446533,0.9096720218658447,-0.09702026844024658,-0.8789097666740417,0.0,0.0,0.0,1.0
-0.22623825073242188,-0.006010350771248341,-0.9740534424781799,4.172541618347168,-0.8876100778579712,0.4131474494934082,0.20361119508743286,-0.032537225633859634,0.4012039303779602,0.9106443524360657,-0.09880460053682327,-0.8956847190856934,0.0,0.0,0.0,1.0
-0.22893479466438293,-0.005373448599129915,-0.9734269380569458,4.172234058380127,-0.8878062963485718,0.4112738072872162,0.20652790367603302,-0.036028534173965454,0.39923521876335144,0.9114959836006165,-0.09892547130584717,-0.8903866410255432,0.0,0.0,0.0,1.0
-0.23156166076660156,-0.00927584059536457,-0.9727759957313538,4.170182228088379,-0.8889023065567017,0.4083041250705719,0.20770281553268433,-0.03777841106057167,0.3952617943286896,0.9127988219261169,-0.102792888879776,-0.9066652059555054,0.0,0.0,0.0,1.0
-0.23115044832229614,-0.00837620534002781,-0.9728819727897644,4.167978763580322,-0.8884310722351074,0.4094005525112152,0.20756064355373383,-0.036782748997211456,0.39655983448028564,0.9123162627220154,-0.10207479447126389,-0.9018756151199341,0.0,0.0,0.0,1.0
-0.22311465442180634,0.006213927175849676,-0.9747723937034607,4.1825714111328125,-0.8702877163887024,0.4491879940032959,0.20206274092197418,-0.08775888383388519,0.4391116499900818,0.8934156894683838,-0.09481251984834671,-0.8976758718490601,0.0,0.0,0.0,1.0
-0.21430189907550812,0.008067118935286999,-0.9767341613769531,4.144728183746338,-0.8677233457565308,0.4575551748275757,0.19416330754756927,-0.04963359236717224,0.448476105928421,0.8891445994377136,-0.09105492383241653,-0.8718546032905579,0.0,0.0,0.0,1.0
-0.21765975654125214,0.009608704596757889,-0.9759774208068848,4.142908573150635,-0.866911768913269,0.45751839876174927,0.1978406012058258,-0.04405428469181061,0.44842860102653503,0.8891482353210449,-0.09125343710184097,-0.8669951558113098,0.0,0.0,0.0,1.0
-0.2158227413892746,0.00724407285451889,-0.976405680179596,4.137739181518555,-0.8685954809188843,0.4553811550140381,0.1953711211681366,-0.049587685614824295,0.44605201482772827,0.8902670741081238,-0.0919894427061081,-0.8691729307174683,0.0,0.0,0.0,1.0
-0.21422453224658966,0.005973435007035732,-0.9767661690711975,4.144773960113525,-0.8686066269874573,0.4562458097934723,0.19329313933849335,-0.054756589233875275,0.4468001127243042,0.8898336887359619,-0.09255048632621765,-0.8716221451759338,0.0,0.0,0.0,1.0
-0.21683628857135773,0.007538849953562021,-0.9761788845062256,4.167166709899902,-0.8676469326019287,0.45680662989616394,0.19625619053840637,-0.06579586863517761,0.44740450382232666,0.889534056186676,-0.09251119196414948,-0.8746466040611267,0.0,0.0,0.0,1.0
-0.2171330451965332,0.005569375120103359,-0.9761261343955994,4.160858154296875,-0.868122398853302,0.45613667368888855,0.19571083784103394,-0.06388729065656662,0.44633692502975464,0.8898923397064209,-0.09420744329690933,-0.8739888668060303,0.0,0.0,0.0,1.0
-0.2115078568458557,0.005191516131162643,-0.9773625135421753,4.165541648864746,-0.8686886429786682,0.45729702711105347,0.19041915237903595,-0.0588165819644928,0.447933554649353,0.8892988562583923,-0.09221211075782776,-0.8800300359725952,0.0,0.0,0.0,1.0
-0.21104645729064941,0.00711377989500761,-0.9774501323699951,4.169409275054932,-0.8691672086715698,0.4561496675014496,0.19098633527755737,-0.05388456583023071,0.44722217321395874,0.8898746371269226,-0.0900857076048851,-0.8705300092697144,0.0,0.0,0.0,1.0
-0.21187132596969604,0.007875818759202957,-0.9772658348083496,4.172305107116699,-0.8686947226524353,0.4566185474395752,0.1920129954814911,-0.043707020580768585,0.44774994254112244,0.8896277546882629,-0.08990269154310226,-0.8641758561134338,0.0,0.0,0.0,1.0
-0.2136230319738388,0.015674186870455742,-0.9767904281616211,4.1679887771606445,-0.867963433265686,0.45582491159439087,0.19713714718818665,-0.02772446908056736,0.4483353793621063,0.8899314403533936,-0.08377008140087128,-0.8593732118606567,0.0,0.0,0.0,1.0
-0.22057019174098969,0.025634335353970528,-0.9750341773033142,4.194674491882324,-0.8540810346603394,0.47770828008651733,0.20576772093772888,-0.003098800778388977,0.47105661034584045,0.8781444430351257,-0.08347441256046295,-0.8344144821166992,0.0,0.0,0.0,1.0
-0.22067031264305115,0.031118853017687798,-0.9748519062995911,4.187897205352783,-0.8534072637557983,0.47775787115097046,0.20843057334423065,0.00882817804813385,0.4722293019294739,0.8779401779174805,-0.07886993139982224,-0.8428261280059814,0.0,0.0,0.0,1.0
-0.22011885046958923,0.04222966358065605,-0.9745585322380066,4.172675609588623,-0.8508284687995911,0.4803410768508911,0.21298672258853912,0.030914656817913055,0.47711485624313354,0.8760645389556885,-0.0698019340634346,-0.8504378795623779,0.0,0.0,0.0,1.0
-0.2286628633737564,0.04820425435900688,-0.9723114967346191,4.153580188751221,-0.8475687503814697,0.4814671277999878,0.22319623827934265,0.05578391253948212,0.47889506816864014,0.8751375079154968,-0.06923723965883255,-0.8628280162811279,0.0,0.0,0.0,1.0
-0.23093554377555847,0.05189679190516472,-0.9715840220451355,4.129602909088135,-0.8495233058929443,0.47604799270629883,0.22735090553760529,0.06033705174922943,0.4743193984031677,0.8778867125511169,-0.06584887206554413,-0.8662452101707458,0.0,0.0,0.0,1.0
-0.234676331281662,0.05216013267636299,-0.970673143863678,4.115499019622803,-0.8514077663421631,0.4708271026611328,0.2311423271894455,0.04369205981492996,0.46907564997673035,0.8806822896003723,-0.0660824328660965,-0.8779036402702332,0.0,0.0,0.0,1.0
-0.23527641594409943,0.051929667592048645,-0.9705402255058289,4.122764587402344,-0.8522284626960754,0.4690680503845215,0.23169344663619995,0.034291766583919525,0.46728116273880005,0.8816339373588562,-0.0661047101020813,-0.8766303658485413,0.0,0.0,0.0,1.0
-0.24045683443546295,0.057272084057331085,-0.9689687490463257,4.105226039886475,-0.853243350982666,0.46345630288124084,0.2391318678855896,0.023855846375226974,0.4627702534198761,0.8842670321464539,-0.06257421523332596,-0.8776859045028687,0.0,0.0,0.0,1.0
-0.24562546610832214,0.062050800770521164,-0.9673767685890198,4.113135814666748,-0.8537275791168213,0.45884042978286743,0.24620050191879272,0.020227625966072083,0.45914849638938904,0.8863493204116821,-0.059728413820266724,-0.8741342425346375,0.0,0.0,0.0,1.0
-0.2434665560722351,0.06283510476350784,-0.9678717851638794,4.081535816192627,-0.8602748513221741,0.44687798619270325,0.2454124391078949,0.004635758697986603,0.4479411244392395,0.8923854827880859,-0.054744381457567215,-0.8573555946350098,0.0,0.0,0.0,1.0
-0.24778595566749573,0.05988661199808121,-0.9669620990753174,4.067051887512207,-0.86158287525177,0.44279658794403076,0.24820591509342194,0.008736766874790192,0.4430317282676697,0.8946199417114258,-0.05812149494886398,-0.8478046655654907,0.0,0.0,0.0,1.0
-0.23878805339336395,0.08111145347356796,-0.9676782488822937,4.036628246307373,-0.8503636717796326,0.46370917558670044,0.24870745837688446,-0.08332923799753189,0.4688943028450012,0.8822667598724365,-0.04175397753715515,-0.865523099899292,0.0,0.0,0.0,1.0
-0.19941501319408417,0.038636352866888046,-0.9791531562805176,4.130185127258301,-0.8229723572731018,0.5358079671859741,0.1887495368719101,-0.058498091995716095,0.5319306254386902,0.8434554934501648,-0.07505149394273758,-0.8800607323646545,0.0,0.0,0.0,1.0
-0.19074007868766785,0.03785925358533859,-0.9809102416038513,4.138455390930176,-0.821366012096405,0.5410562753677368,0.18059900403022766,-0.07056078314781189,0.5375649929046631,0.840133786201477,-0.072104811668396,-0.881989598274231,0.0,0.0,0.0,1.0
-0.182661771774292,0.037653107196092606,-0.9824545383453369,4.146725654602051,-0.8220958113670349,0.5422284007072449,0.17362844944000244,-0.006409406661987305,0.5392524003982544,0.839387059211731,-0.06808993965387344,-0.9090830683708191,0.0,0.0,0.0,1.0
-0.18244488537311554,0.04200945794582367,-0.9823182225227356,4.151025295257568,-0.820418655872345,0.5441160202026367,0.1756449043750763,-0.004695795476436615,0.5418738126754761,0.8379576802253723,-0.06480583548545837,-0.9111775755882263,0.0,0.0,0.0,1.0
-0.18108630180358887,0.0436207577586174,-0.982499361038208,4.149292945861816,-0.8182501792907715,0.547538697719574,0.1751227080821991,0.007848002016544342,0.5455954074859619,0.8356426358222961,-0.06345906108617783,-0.9084410071372986,0.0,0.0,0.0,1.0
-0.18475475907325745,0.04446081072092056,-0.9817784428596497,4.150981426239014,-0.8188292384147644,0.5454829931259155,0.17879310250282288,0.0061258599162101746,0.5434927344322205,0.8369417786598206,-0.06437476724386215,-0.9112959504127502,0.0,0.0,0.0,1.0
-0.18080227077007294,0.04619944468140602,-0.9824337959289551,4.165278911590576,-0.8188690543174744,0.5462064743041992,0.17638623714447021,0.01730784773826599,0.5447605848312378,0.8363756537437439,-0.060924068093299866,-0.9165284633636475,0.0,0.0,0.0,1.0
-0.17981675267219543,0.04986705631017685,-0.9824353456497192,4.18377161026001,-0.8171381950378418,0.5484651327133179,0.17740146815776825,0.042960427701473236,0.5476779937744141,0.834685206413269,-0.05787494778633118,-0.9068728685379028,0.0,0.0,0.0,1.0
-0.17686022818088531,0.053397733718156815,-0.9827864170074463,4.212743759155273,-0.8160015344619751,0.5503647327423096,0.17674891650676727,0.07179921120405197,0.5503289699554443,0.833215057849884,-0.05376499891281128,-0.9216489791870117,0.0,0.0,0.0,1.0
-0.1747215837240219,0.0629420056939125,-0.9826040267944336,4.203361988067627,-0.8141600489616394,0.551993727684021,0.18012844026088715,0.10107267647981644,0.5537289381027222,0.8314692974090576,-0.045200347900390625,-0.9323321580886841,0.0,0.0,0.0,1.0
-0.18907174468040466,0.10974281281232834,-0.9758116602897644,3.9922802448272705,-0.8445335626602173,0.48884719610214233,0.21861277520656586,0.04355177283287048,0.5010139346122742,0.8654391765594482,0.00025429061497561634,-0.957335352897644,0.0,0.0,0.0,1.0
-0.23571045696735382,0.08072308450937271,-0.9684649705886841,3.9354782104492188,-0.8523934483528137,0.46146172285079956,0.24592386186122894,-0.15642185509204865,0.4667612314224243,0.8834800124168396,-0.03996351733803749,-0.9067357778549194,0.0,0.0,0.0,1.0
-0.23380357027053833,0.0790952816605568,-0.9690613150596619,3.9303371906280518,-0.8513663411140442,0.4647170901298523,0.2433379888534546,-0.1455737203359604,0.46958625316619873,0.8819195032119751,-0.041313447058200836,-0.9106000065803528,0.0,0.0,0.0,1.0
-0.23398256301879883,0.07874547690153122,-0.9690465927124023,3.9313457012176514,-0.8523268103599548,0.4629119336605072,0.24341639876365662,-0.14385534822940826,0.467751145362854,0.8828996419906616,-0.04119643196463585,-0.9141022562980652,0.0,0.0,0.0,1.0
-0.23297788202762604,0.07770317792892456,-0.9693727493286133,3.9209718704223633,-0.8515915274620056,0.46503081917762756,0.2419465184211731,-0.1338510811328888,0.4695882201194763,0.8818777799606323,-0.04217052459716797,-0.917754054069519,0.0,0.0,0.0,1.0
-0.2319147139787674,0.08106863498687744,-0.9693520665168762,3.9193902015686035,-0.8518695831298828,0.4641665816307068,0.24262644350528717,-0.13141661882400513,0.46961021423339844,0.8820302486419678,-0.03858715668320656,-0.9141855835914612,0.0,0.0,0.0,1.0
-0.2335062175989151,0.08167950063943863,-0.9689186215400696,3.922675132751465,-0.8520100712776184,0.46299678087234497,0.24436210095882416,-0.1333479881286621,0.46856558322906494,0.8825884461402893,-0.038520872592926025,-0.9214268922805786,0.0,0.0,0.0,1.0
-0.2309659719467163,0.07770267874002457,-0.9698541164398193,3.9340641498565674,-0.851523756980896,0.466095894575119,0.2401288002729416,-0.1432342380285263,0.47070369124412537,0.8813154697418213,-0.04148661345243454,-0.9138091206550598,0.0,0.0,0.0,1.0
-0.2357155829668045,0.07801102101802826,-0.9686859250068665,3.933828830718994,-0.8527921438217163,0.46139073371887207,0.24467161297798157,-0.14757946133613586,0.4660297930240631,0.8837606310844421,-0.042229801416397095,-0.9073997139930725,0.0,0.0,0.0,1.0
-0.23844894766807556,0.07592970132827759,-0.9681822061538696,3.944322347640991,-0.8550554513931274,0.45626938343048096,0.24637043476104736,-0.16192980110645294,0.4604587256908417,0.8865962624549866,-0.04387284070253372,-0.8996926546096802,0.0,0.0,0.0,1.0
-0.23813380300998688,0.07397784292697906,-0.968410849571228,3.9609217643737793,-0.8551197648048401,0.4567950963973999,0.24517035484313965,-0.17389950156211853,0.4605025053024292,0.8864905834197998,-0.04551844671368599,-0.8953968286514282,0.0,0.0,0.0,1.0
-0.21464519202709198,0.10954061150550842,-0.9705299139022827,3.720555067062378,-0.8575055003166199,0.4545610845088959,0.2409532517194748,-0.17426404356956482,0.4675593078136444,0.8839542269706726,-0.003637676127254963,-0.9585797786712646,0.0,0.0,0.0,1.0
-0.21337050199508667,0.12485548108816147,-0.9689603447914124,3.686047315597534,-0.8569571375846863,0.45234766602516174,0.24699406325817108,-0.15490512549877167,0.4691454768180847,0.8830587267875671,0.010478139854967594,-0.9675425887107849,0.0,0.0,0.0,1.0
-0.21515727043151855,0.11889979988336563,-0.9693142771720886,3.706260919570923,-0.855131208896637,0.45643484592437744,0.24580028653144836,-0.16723759472370148,0.4716544449329376,0.8817766308784485,0.0034696555230766535,-0.9689298868179321,0.0,0.0,0.0,1.0
-0.21785490214824677,0.12267247587442398,-0.9682410359382629,3.6974658966064453,-0.8576139807701111,0.44949081540107727,0.24991253018379211,-0.16485139727592468,0.4658728539943695,0.8848217725753784,0.007281847298145294,-0.9649853110313416,0.0,0.0,0.0,1.0
-0.22136016190052032,0.12105872482061386,-0.9676489233970642,3.702082633972168,-0.8569729328155518,0.4493997097015381,0.25226444005966187,-0.1663765013217926,0.46539995074272156,0.8850902318954468,0.004264852963387966,-0.969239354133606,0.0,0.0,0.0,1.0
-0.21825312077999115,0.12099632620811462,-0.9683622717857361,3.7009963989257812,-0.8568528294563293,0.4511716067790985,0.24949435889720917,-0.17112617194652557,0.46708542108535767,0.8841968178749084,0.005206435453146696,-0.9659231305122375,0.0,0.0,0.0,1.0
-0.2146904468536377,0.11938277631998062,-0.9693584442138672,3.7219302654266357,-0.8572507500648499,0.4525524377822876,0.24559596180915833,-0.1805790364742279,0.4680054783821106,0.8837103843688965,0.005182287655770779,-0.9809471368789673,0.0,0.0,0.0,1.0
-0.21401597559452057,0.12895849347114563,-0.9682803750038147,3.74588680267334,-0.8614770770072937,0.44237273931503296,0.24932612478733063,-0.16242489218711853,0.4604935646057129,0.887511134147644,0.016419952735304832,-1.0258896350860596,0.0,0.0,0.0,1.0
-0.2179533988237381,0.13705892860889435,-0.9662873148918152,3.771066427230835,-0.8653783798217773,0.4306320548057556,0.2562738060951233,-0.15518909692764282,0.45123887062072754,0.8920599222183228,0.0247501190751791,-1.0688719749450684,0.0,0.0,0.0,1.0
-0.22055143117904663,0.13329048454761505,-0.9662249684333801,3.7882089614868164,-0.8673030138015747,0.4264278709888458,0.25679704546928406,-0.15318576991558075,0.4462538957595825,0.8946468234062195,0.02155396156013012,-1.1005815267562866,0.0,0.0,0.0,1.0
-0.21508918702602386,0.1333315074443817,-0.9674499034881592,3.8116354942321777,-0.867152988910675,0.4295860230922699,0.2519950568675995,-0.1638067364692688,0.4492018520832062,0.893128514289856,0.023219507187604904,-1.1167762279510498,0.0,0.0,0.0,1.0
-0.236935093998909,0.1245259940624237,-0.9635118246078491,3.865496873855591,-0.8744388818740845,0.40482112765312195,0.2673511505126953,-0.09175065904855728,0.4233420789241791,0.9058769941329956,0.0129740284755826,-1.162224531173706,0.0,0.0,0.0,1.0
-0.21769452095031738,0.10393066704273224,-0.9704676866531372,3.761770725250244,-0.8587979674339294,0.45205920934677124,0.2410573959350586,-0.11437328904867172,0.4637620747089386,0.8859124779701233,-0.009155361913144588,-0.9923360347747803,0.0,0.0,0.0,1.0
-0.22034019231796265,0.11138205230236053,-0.969042956829071,3.75510835647583,-0.862155556678772,0.44241854548454285,0.2468879222869873,-0.08986344933509827,0.45622146129608154,0.8898650407791138,-0.0014539355179294944,-1.0410563945770264,0.0,0.0,0.0,1.0
-0.21883566677570343,0.11157684028148651,-0.969361424446106,3.7551705837249756,-0.8625386953353882,0.4423672556877136,0.2456381916999817,-0.09309983998537064,0.4562212824821472,0.8898661732673645,-0.0005663910415023565,-1.0460952520370483,0.0,0.0,0.0,1.0
-0.22334690392017365,0.11466442793607712,-0.9679712057113647,3.785205602645874,-0.865742564201355,0.43297189474105835,0.25104817748069763,-0.11325393617153168,0.44789060950279236,0.8940846920013428,0.002566940849646926,-1.065904974937439,0.0,0.0,0.0,1.0
-0.2256947159767151,0.11311597377061844,-0.9676087498664856,3.795445442199707,-0.8662036061286926,0.4312290847301483,0.2524537742137909,-0.11207151412963867,0.44581758975982666,0.8951236605644226,0.000655335548799485,-1.077667236328125,0.0,0.0,0.0,1.0
-0.22849273681640625,0.11588884890079498,-0.9666234254837036,3.7933735847473145,-0.8667450547218323,0.42792633175849915,0.2561874985694885,-0.11218994855880737,0.4433329105377197,0.8963530659675598,0.0026680228766053915,-1.0947649478912354,0.0,0.0,0.0,1.0
-0.22943535447120667,0.11518120765686035,-0.9664847254753113,3.7934017181396484,-0.8687883615493774,0.423447847366333,0.2567076086997986,-0.11427497118711472,0.43882378935813904,0.8985684514045715,0.0029141828417778015,-1.1095465421676636,0.0,0.0,0.0,1.0
-0.2281838059425354,0.11234671622514725,-0.9671144485473633,3.7897069454193115,-0.8688684105873108,0.4247100055217743,0.25434058904647827,-0.10950685292482376,0.4393174946308136,0.8983315825462341,0.000702560180798173,-1.1128523349761963,0.0,0.0,0.0,1.0
-0.22672925889492035,0.11462210863828659,-0.9671895503997803,3.797051191329956,-0.869029700756073,0.4245636463165283,0.25403377413749695,-0.10704787075519562,0.43975138664245605,0.8981133103370667,0.0033490187488496304,-1.1188596487045288,0.0,0.0,0.0,1.0
-0.22891122102737427,0.11715370416641235,-0.9663718938827515,3.798452377319336,-0.8690370917320251,0.4226991832256317,0.25709888339042664,-0.10916069895029068,0.4386047124862671,0.8986658453941345,0.005050328094512224,-1.1204569339752197,0.0,0.0,0.0,1.0
-0.24067983031272888,0.13566775619983673,-0.9610762000083923,3.8199586868286133,-0.8595860004425049,0.43005964159965515,0.2759721279144287,-0.14075660705566406,0.4507606029510498,0.8925485610961914,0.013111413456499577,-0.9945546984672546,0.0,0.0,0.0,1.0
-0.23604264855384827,0.14171048998832703,-0.9613542556762695,3.7417285442352295,-0.8497247099876404,0.44985824823379517,0.2749464213848114,-0.1447533369064331,0.47143593430519104,0.88178551197052,0.014229169115424156,-0.8698272705078125,0.0,0.0,0.0,1.0
-0.2385893166065216,0.14009128510951996,-0.9609628319740295,3.7436277866363525,-0.8508481383323669,0.44683927297592163,0.27639108896255493,-0.14959509670734406,0.4681159257888794,0.8835774660110474,0.012585338205099106,-0.8682569861412048,0.0,0.0,0.0,1.0
-0.23916473984718323,0.13784663379192352,-0.9611443877220154,3.748952627182007,-0.850892961025238,0.44708743691444397,0.27585145831108093,-0.15548697113990784,0.4677407741546631,0.883804976940155,0.010365180671215057,-0.8704714179039001,0.0,0.0,0.0,1.0
-0.24118362367153168,0.14206460118293762,-0.9600250720977783,3.744776964187622,-0.8499136567115784,0.44661471247673035,0.279610812664032,-0.15796545147895813,0.468484103679657,0.8833759427070618,0.013026493601500988,-0.8723423480987549,0.0,0.0,0.0,1.0
-0.24234998226165771,0.13762107491493225,-0.9603785276412964,3.7597248554229736,-0.8530037999153137,0.44138428568840027,0.278503954410553,-0.17716538906097412,0.46222400665283203,0.8867019414901733,0.01042182743549347,-0.8732917308807373,0.0,0.0,0.0,1.0
-0.24529369175434113,0.1454380601644516,-0.9584773182868958,3.752009153366089,-0.8520109057426453,0.43933677673339844,0.28471118211746216,-0.17991957068443298,0.4625021815299988,0.8864710330963135,0.016148274764418602,-0.8776734471321106,0.0,0.0,0.0,1.0
-0.24748380482196808,0.1500706970691681,-0.9571993350982666,3.7392117977142334,-0.8522767424583435,0.4361802041530609,0.2887408435344696,-0.17757385969161987,0.46084287762641907,0.8872573971748352,0.01995423249900341,-0.8831361532211304,0.0,0.0,0.0,1.0
-0.24673540890216827,0.15063418447971344,-0.9573040008544922,3.763387680053711,-0.8532577157020569,0.4345530867576599,0.28829652070999146,-0.20040714740753174,0.45942673087120056,0.8879600167274475,0.02131013572216034,-0.8873552680015564,0.0,0.0,0.0,1.0
-0.2476384937763214,0.15340615808963776,-0.9566304087638855,3.766883611679077,-0.8541668653488159,0.4314234256744385,0.2902977168560028,-0.21135389804840088,0.45724621415138245,0.8890108466148376,0.02419741451740265,-0.888465166091919,0.0,0.0,0.0,1.0
-0.24963462352752686,0.1572931408882141,-0.9554796814918518,3.7481601238250732,-0.8560078740119934,0.42544183135032654,0.29368314146995544,-0.20704539120197296,0.4526953399181366,0.8912115693092346,0.028439147397875786,-0.8980116844177246,0.0,0.0,0.0,1.0
-0.2554491460323334,0.16384971141815186,-0.952837347984314,3.821375608444214,-0.8543386459350586,0.4231100082397461,0.3018002510070801,-0.26335352659225464,0.45260488986968994,0.8911404013633728,0.031900063157081604,-0.7816869616508484,0.0,0.0,0.0,1.0
-0.24262920022010803,0.14146794378757477,-0.9597488641738892,3.7824759483337402,-0.8487607836723328,0.4481644332408905,0.28063076734542847,-0.1677156686782837,0.46982553601264954,0.8826864361763,0.011334670707583427,-0.7727534770965576,0.0,0.0,0.0,1.0
-0.2515118718147278,0.162128746509552,-0.9541782140731812,3.828507423400879,-0.8449424505233765,0.4440370798110962,0.29816675186157227,-0.21851421892642975,0.4720318615436554,0.8812181353569031,0.025308866053819656,-0.7420898079872131,0.0,0.0,0.0,1.0
-0.2537469267845154,0.16039352118968964,-0.9538796544075012,3.853004217147827,-0.8435195684432983,0.4459276497364044,0.29937154054641724,-0.24482162296772003,0.47337859869003296,0.880580723285675,0.02214229851961136,-0.7321388125419617,0.0,0.0,0.0,1.0
-0.2560123801231384,0.16550925374031067,-0.9523992538452148,3.8618040084838867,-0.8432016372680664,0.44356659054756165,0.30374282598495483,-0.26873981952667236,0.47272467613220215,0.8808265328407288,0.025999143719673157,-0.7252183556556702,0.0,0.0,0.0,1.0
-0.25715798139572144,0.16611270606517792,-0.9519854784011841,3.8867437839508057,-0.8423685431480408,0.4442426860332489,0.3050636053085327,-0.2963141202926636,0.4735875129699707,0.880372166633606,0.0256875641644001,-0.7286921143531799,0.0,0.0,0.0,1.0
-0.2593236267566681,0.16543729603290558,-0.9515154957771301,3.89384388923645,-0.8443191647529602,0.4395085573196411,0.30652472376823425,-0.31703829765319824,0.4689098000526428,0.8828718662261963,0.025706933811306953,-0.7311312556266785,0.0,0.0,0.0,1.0
-0.2647617757320404,0.1727316528558731,-0.9487175345420837,3.905837059020996,-0.8440859913825989,0.4342060089111328,0.3146171569824219,-0.3288070261478424,0.4662832021713257,0.8840978145599365,0.030839214101433754,-0.7370768785476685,0.0,0.0,0.0,1.0
-0.2661755383014679,0.1773533821105957,-0.9474684000015259,3.9088759422302246,-0.8441650867462158,0.431618869304657,0.3179474174976349,-0.3379706144332886,0.4653342664241791,0.8844495415687561,0.03482913225889206,-0.737302303314209,0.0,0.0,0.0,1.0
-0.2733277976512909,0.17906974256038666,-0.9451063275337219,3.9099013805389404,-0.844369113445282,0.425999253988266,0.3249085545539856,-0.33408451080322266,0.4607958197593689,0.8868250250816345,0.03476351872086525,-0.7484812140464783,0.0,0.0,0.0,1.0
-0.27861928939819336,0.18026842176914215,-0.9433316588401794,3.9251534938812256,-0.8437337875366211,0.42326751351356506,0.3300877809524536,-0.3349006772041321,0.4587860107421875,0.8878896236419678,0.0341680683195591,-0.7463215589523315,0.0,0.0,0.0,1.0
-0.29271697998046875,0.21628521382808685,-0.931416928768158,3.8920304775238037,-0.8238335251808167,0.4374353289604187,0.36048394441604614,-0.2683529257774353,0.4854019582271576,0.8728522658348083,0.05013827234506607,-0.7725218534469604,0.0,0.0,0.0,1.0
-0.25647222995758057,0.1776125431060791,-0.9500924944877625,3.795886278152466,-0.8285009860992432,0.46586209535598755,0.3107386827468872,-0.1341715008020401,0.4978031814098358,0.8668484687805176,0.02767147868871689,-0.7917054295539856,0.0,0.0,0.0,1.0
-0.26530173420906067,0.18500123918056488,-0.9462502598762512,3.814832925796509,-0.8266300559043884,0.4615209996700287,0.3219955265522003,-0.14634191989898682,0.4962839186191559,0.8676248788833618,0.030485251918435097,-0.785441517829895,0.0,0.0,0.0,1.0
-0.26383671164512634,0.18455040454864502,-0.9467477798461914,3.8350744247436523,-0.8267126679420471,0.46239835023880005,0.32052141427993774,-0.1458737701177597,0.4969269335269928,0.8672537207603455,0.030572503805160522,-0.78578782081604,0.0,0.0,0.0,1.0
-0.257681667804718,0.1824953407049179,-0.9488390684127808,3.851989269256592,-0.8254457712173462,0.4688543379306793,0.31434834003448486,-0.14216792583465576,0.5022344589233398,0.8642170429229736,0.029824839904904366,-0.7829559445381165,0.0,0.0,0.0,1.0
-0.2554500699043274,0.18882757425308228,-0.9482032656669617,3.864872455596924,-0.8245043158531189,0.46963608264923096,0.31564953923225403,-0.13668124377727509,0.5049138069152832,0.8624303936958313,0.035720568150281906,-0.7781837582588196,0.0,0.0,0.0,1.0
-0.25120997428894043,0.18742281198501587,-0.9496137499809265,3.8804214000701904,-0.8240454196929932,0.47326481342315674,0.31139931082725525,-0.1480780839920044,0.5077821016311646,0.8607515096664429,0.03555607795715332,-0.7746037244796753,0.0,0.0,0.0,1.0
-0.2437974214553833,0.18648965656757355,-0.9517270922660828,3.89151930809021,-0.8243018388748169,0.4771883487701416,0.30466020107269287,-0.15789306163787842,0.5109690427780151,0.8587857484817505,0.03738647326827049,-0.7737861275672913,0.0,0.0,0.0,1.0
-0.24604611098766327,0.18632686138153076,-0.951180100440979,3.905071258544922,-0.8239738345146179,0.476577490568161,0.3064979612827301,-0.1477135866880417,0.5104198455810547,0.8591601848602295,0.03626842051744461,-0.7777255177497864,0.0,0.0,0.0,1.0
-0.24778693914413452,0.19307249784469604,-0.9493811726570129,3.857757568359375,-0.8204689621925354,0.47929859161376953,0.31161442399024963,-0.12713441252708435,0.5152012705802917,0.856151819229126,0.03964604437351227,-0.7436922788619995,0.0,0.0,0.0,1.0
-0.24803638458251953,0.19101351499557495,-0.9497324824333191,3.8640594482421875,-0.8218742609024048,0.47749432921409607,0.31067970395088196,-0.12393105030059814,0.5128359198570251,0.8576205372810364,0.03855312243103981,-0.7395616769790649,0.0,0.0,0.0,1.0
-0.2646438181400299,0.23134596645832062,-0.9361851811408997,3.972299814224243,-0.7972469329833984,0.4936932921409607,0.34736761450767517,-0.037378594279289246,0.5425504446029663,0.8382995128631592,0.053787004202604294,-0.8081821799278259,0.0,0.0,0.0,1.0
-0.2734001874923706,0.2207174450159073,-0.9362350702285767,3.905703067779541,-0.8039016127586365,0.482039213180542,0.34839680790901184,-0.03535224497318268,0.528199315071106,0.8478926420211792,0.04564547911286354,-0.8460637331008911,0.0,0.0,0.0,1.0
-0.27089375257492065,0.2160339057445526,-0.9380543231964111,3.894022226333618,-0.8039705753326416,0.48514261841773987,0.34390103816986084,-0.018290752544999123,0.5293843746185303,0.8473287224769592,0.042262811213731766,-0.8498994708061218,0.0,0.0,0.0,1.0
-0.27142634987831116,0.21207484602928162,-0.938803493976593,3.8666841983795166,-0.8034799098968506,0.4870636463165283,0.34232887625694275,0.013115142472088337,0.5298563838005066,0.8472268581390381,0.038195960223674774,-0.8370065689086914,0.0,0.0,0.0,1.0
-0.2646344006061554,0.20579007267951965,-0.9421353936195374,3.892202854156494,-0.8023790717124939,0.4949469566345215,0.3334895372390747,0.007364942692220211,0.5349358916282654,0.8442025184631348,0.034141648560762405,-0.8392492532730103,0.0,0.0,0.0,1.0
-0.2707917094230652,0.21209214627742767,-0.9389828443527222,3.8790457248687744,-0.8039774894714355,0.4866311550140381,0.34177520871162415,0.007801948115229607,0.529426097869873,0.8474709987640381,0.03874162584543228,-0.8414900898933411,0.0,0.0,0.0,1.0
-0.26830628514289856,0.20903891324996948,-0.9403799772262573,3.892526626586914,-0.8033957481384277,0.49009987711906433,0.338167667388916,-0.0002767592668533325,0.5315702557563782,0.8462297320365906,0.03644409030675888,-0.8362746238708496,0.0,0.0,0.0,1.0
-0.27483129501342773,0.21083280444145203,-0.9380923509597778,3.8690989017486572,-0.8048616647720337,0.4832950234413147,0.3444177210330963,0.01859370246529579,0.5259899497032166,0.8496913313865662,0.03686663880944252,-0.8406688570976257,0.0,0.0,0.0,1.0
-0.27527061104774475,0.21107767522335052,-0.9379084706306458,3.886862277984619,-0.8040235638618469,0.4842967092990875,0.3449678421020508,0.0042836302891373634,0.527040958404541,0.8490599989891052,0.03639877215027809,-0.8427047729492188,0.0,0.0,0.0,1.0
-0.27932900190353394,0.21215543150901794,-0.9364643096923828,3.8847484588623047,-0.8032557368278503,0.48271262645721436,0.3489537537097931,0.00822785310447216,0.526075541973114,0.849693238735199,0.035579435527324677,-0.8446808457374573,0.0,0.0,0.0,1.0
-0.2825186550617218,0.21372073888778687,-0.9351506233215332,3.876575231552124,-0.8033633828163147,0.48001644015312195,0.3524080812931061,-0.0018011517822742462,0.5242046117782593,0.8508276343345642,0.03608182445168495,-0.8453578352928162,0.0,0.0,0.0,1.0
-0.26039713621139526,0.23231680691242218,-0.9371351003646851,3.8884050846099854,-0.7709288001060486,0.5343109965324402,0.3466705083847046,-0.0887666568160057,0.58125901222229,0.812736451625824,0.0399666428565979,-0.8360013365745544,0.0,0.0,0.0,1.0
-0.2584220767021179,0.24086880683898926,-0.9355213642120361,3.8899002075195312,-0.7727133631706238,0.5296599268913269,0.34982067346572876,-0.11107431352138519,0.5797690749168396,0.8132911920547485,0.04924672096967697,-0.8404202461242676,0.0,0.0,0.0,1.0
-0.25694751739501953,0.23989436030387878,-0.936177670955658,3.8883097171783447,-0.7721999883651733,0.5315120816230774,0.34814080595970154,-0.10681188106536865,0.5811068415641785,0.8123703002929688,0.04867570474743843,-0.8402400016784668,0.0,0.0,0.0,1.0
-0.2545861303806305,0.24005548655986786,-0.9367813467979431,3.8980729579925537,-0.7712364792823792,0.5340158343315125,0.3464410901069641,-0.11277490854263306,0.5834211707115173,0.810679018497467,0.04918650910258293,-0.841770350933075,0.0,0.0,0.0,1.0
-0.26093152165412903,0.24419435858726501,-0.9339613914489746,3.8862578868865967,-0.7727383971214294,0.5270466208457947,0.35369089245796204,-0.0925479456782341,0.5786105394363403,0.8139969110488892,0.051175277680158615,-0.8393705487251282,0.0,0.0,0.0,1.0
-0.24974966049194336,0.23846642673015594,-0.9384875297546387,3.913780927658081,-0.7700545787811279,0.5386883020401001,0.34180524945259094,-0.12182486057281494,0.58706134557724,0.8080523610115051,0.04909494146704674,-0.8393530249595642,0.0,0.0,0.0,1.0
-0.25553709268569946,0.23621121048927307,-0.9374993443489075,3.905714273452759,-0.7716724872589111,0.5343390107154846,0.3449685871601105,-0.1123451292514801,0.5824279189109802,0.8115947246551514,0.04573424160480499,-0.8388115763664246,0.0,0.0,0.0,1.0
-0.2526991069316864,0.23121535778045654,-0.9395118951797485,3.9039947986602783,-0.7713324427604675,0.5380746722221375,0.3398851454257965,-0.10817519575357437,0.5841142535209656,0.8105646371841431,0.04237290844321251,-0.8378827571868896,0.0,0.0,0.0,1.0
-0.2530628740787506,0.23139838874340057,-0.9393689036369324,3.915980100631714,-0.7712313532829285,0.5379658341407776,0.34028640389442444,-0.1070682555437088,0.5840901732444763,0.8105846047401428,0.04232250154018402,-0.839577317237854,0.0,0.0,0.0,1.0
-0.2520209550857544,0.22724415361881256,-0.9406622648239136,3.9148366451263428,-0.770889401435852,0.5404571890830994,0.3370986878871918,-0.1024141013622284,0.584991455078125,0.8101025223731995,0.03897356986999512,-0.8412566184997559,0.0,0.0,0.0,1.0
-0.25671032071113586,0.22343577444553375,-0.9403064846992493,3.935189723968506,-0.7658067345619202,0.5465034246444702,0.3389308750629425,-0.09949107468128204,0.5896099805831909,0.8071000576019287,0.03081553801894188,-0.8262398838996887,0.0,0.0,0.0,1.0
-0.2609585225582123,0.23883502185344696,-0.9353386759757996,3.9032554626464844,-0.7663561105728149,0.5379369258880615,0.3511725962162018,-0.10314219444990158,0.58702552318573,0.8084440231323242,0.04265345633029938,-0.8246203064918518,0.0,0.0,0.0,1.0
-0.25413569808006287,0.23280616104602814,-0.9387312531471252,3.940094232559204,-0.7644968032836914,0.546164870262146,0.34241586923599243,-0.1151743084192276,0.5924185514450073,0.8046771287918091,0.03917955979704857,-0.8284395337104797,0.0,0.0,0.0,1.0
-0.2532050907611847,0.2257455438375473,-0.9407051205635071,3.948713779449463,-0.7658019661903381,0.5474011301994324,0.3374897539615631,-0.1136789545416832,0.5911298394203186,0.8058479428291321,0.03427162766456604,-0.8406246304512024,0.0,0.0,0.0,1.0
-0.25844910740852356,0.23016715049743652,-0.9382042288780212,3.9309048652648926,-0.7676605582237244,0.5406390428543091,0.3441026508808136,-0.1107230857014656,0.5864309668540955,0.8091554045677185,0.03696257248520851,-0.8482962250709534,0.0,0.0,0.0,1.0
-0.2612903118133545,0.22911497950553894,-0.9376746416091919,3.9287424087524414,-0.7689316272735596,0.537818431854248,0.3456813395023346,-0.11919968575239182,0.5834994912147522,0.8113307952880859,0.03564699739217758,-0.858506441116333,0.0,0.0,0.0,1.0
-0.2619263827800751,0.22951240837574005,-0.9373999238014221,3.9363198280334473,-0.7682962417602539,0.5382282733917236,0.34645524621009827,-0.1264025866985321,0.5840508937835693,0.8109465837478638,0.03535732254385948,-0.8623459935188293,0.0,0.0,0.0,1.0
-0.2645619213581085,0.23002134263515472,-0.9365346431732178,3.928528070449829,-0.770588755607605,0.5334738492965698,0.3487098217010498,-0.12905077636241913,0.5798274278640747,0.8139384388923645,0.036115001887083054,-0.8645645380020142,0.0,0.0,0.0,1.0
-0.2655555009841919,0.22864042222499847,-0.936591625213623,3.921011209487915,-0.7701412439346313,0.5340970158576965,0.3487447500228882,-0.12823739647865295,0.5799679160118103,0.813918948173523,0.03425303101539612,-0.8668569922447205,0.0,0.0,0.0,1.0
-0.26390331983566284,0.22548602521419525,-0.9378225207328796,3.9284889698028564,-0.7698843479156494,0.5364832878112793,0.3456352651119232,-0.13100329041481018,0.5810620188713074,0.8132292032241821,0.03201843425631523,-0.8658015131950378,0.0,0.0,0.0,1.0
-0.2615396976470947,0.22452212870121002,-0.9387155175209045,3.932765007019043,-0.7697241902351379,0.5382732152938843,0.34320056438446045,-0.1369611620903015,0.5823415517807007,0.8123126029968262,0.03204028680920601,-0.8676587343215942,0.0,0.0,0.0,1.0
-0.26308324933052063,0.22066938877105713,-0.9391976594924927,3.9386961460113525,-0.760566771030426,0.5514957904815674,0.34262293577194214,-0.1559179127216339,0.5935699939727783,0.804460883140564,0.02274448052048683,-0.8522359728813171,0.0,0.0,0.0,1.0
-0.2527390122413635,0.22746002674102783,-0.9404174089431763,3.937798023223877,-0.7574101686477661,0.5582892298698425,0.3385896384716034,-0.1446312516927719,0.6020404696464539,0.7978564500808716,0.031179068610072136,-0.8021169304847717,0.0,0.0,0.0,1.0
-0.25490936636924744,0.22841763496398926,-0.9395991563796997,3.939443826675415,-0.7578341960906982,0.5563386678695679,0.3408438563346863,-0.14649170637130737,0.6005901098251343,0.7989446520805359,0.03128674998879433,-0.8032479286193848,0.0,0.0,0.0,1.0
-0.25262022018432617,0.2258342057466507,-0.9408410787582397,3.9424188137054443,-0.7565873861312866,0.5600190162658691,0.33757108449935913,-0.15222008526325226,0.6031240224838257,0.7971057891845703,0.029391173273324966,-0.8056382536888123,0.0,0.0,0.0,1.0
-0.2498868852853775,0.2206033617258072,-0.9428099989891052,3.9696152210235596,-0.7578771114349365,0.5614587664604187,0.332244336605072,-0.17199328541755676,0.6026431918144226,0.7975575923919678,0.026889048516750336,-0.8271907567977905,0.0,0.0,0.0,1.0
-0.24981331825256348,0.21985051035881042,-0.9430053234100342,3.965609550476074,-0.7602338790893555,0.5586273074150085,0.3316323161125183,-0.16934120655059814,0.5996980667114258,0.7997507452964783,0.02758524939417839,-0.8307399153709412,0.0,0.0,0.0,1.0
-0.25503799319267273,0.22567340731620789,-0.9402271509170532,3.973252058029175,-0.7608006596565247,0.5533033013343811,0.3391721844673157,-0.19820350408554077,0.5967729687690735,0.8018273115158081,0.03057911805808544,-0.846194863319397,0.0,0.0,0.0,1.0
-0.25165706872940063,0.22172202169895172,-0.9420764446258545,3.9829132556915283,-0.7611711025238037,0.5558425188064575,0.33415189385414124,-0.2023351490497589,0.5977349877357483,0.8011730909347534,0.028886709362268448,-0.8645681738853455,0.0,0.0,0.0,1.0
-0.24999462068080902,0.2169749140739441,-0.9436231255531311,4.02237606048584,-0.7619796991348267,0.5572155714035034,0.329996794462204,-0.2285207211971283,0.5974024534225464,0.801518976688385,0.026029571890830994,-0.8852635622024536,0.0,0.0,0.0,1.0
-0.24817776679992676,0.21527376770973206,-0.9444919228553772,4.042489051818848,-0.761768102645874,0.5589390993118286,0.3275611400604248,-0.24492403864860535,0.5984287858009338,0.8007771968841553,0.025272442027926445,-0.8936449289321899,0.0,0.0,0.0,1.0
-0.24837777018547058,0.21399232745170593,-0.9447305202484131,4.088350296020508,-0.7615827322006226,0.5595385432243347,0.3269685208797455,-0.2713888883590698,0.5985819101333618,0.8007021546363831,0.02399592474102974,-0.8996891379356384,0.0,0.0,0.0,1.0
-0.25251948833465576,0.2113887220621109,-0.9442185759544373,4.126605033874512,-0.7524487376213074,0.5706080794334412,0.3289790153503418,-0.2799149751663208,0.6083211898803711,0.7935497164726257,0.014969528652727604,-0.8860073685646057,0.0,0.0,0.0,1.0
-0.2554556727409363,0.21689702570438385,-0.9421772956848145,3.9983437061309814,-0.7517072558403015,0.5682899951934814,0.33463799953460693,-0.14057813584804535,0.6080119609832764,0.7937266826629639,0.01787015050649643,-0.7651738524436951,0.0,0.0,0.0,1.0
-0.2512798607349396,0.20711150765419006,-0.9454963207244873,3.9967973232269287,-0.753150463104248,0.5717337727546692,0.3253996670246124,-0.12422364950180054,0.6079661846160889,0.793867290019989,0.012320933863520622,-0.7897832989692688,0.0,0.0,0.0,1.0
-0.24841690063476562,0.2007221132516861,-0.9476284384727478,4.029360771179199,-0.7512956857681274,0.5775881409645081,0.31929102540016174,-0.138250470161438,0.6114277243614197,0.7912664413452148,0.007319002877920866,-0.7927730083465576,0.0,0.0,0.0,1.0
-0.24712435901165009,0.19913353025913239,-0.9483013153076172,4.025807857513428,-0.7523963451385498,0.5772579312324524,0.317290335893631,-0.12824910879135132,0.610597550868988,0.7919086217880249,0.007172856479883194,-0.8110065460205078,0.0,0.0,0.0,1.0
-0.24302871525287628,0.19568201899528503,-0.9500766396522522,3.999406099319458,-0.7557745575904846,0.5757724046707153,0.3119150400161743,-0.10094596445560455,0.6080640554428101,0.7938480377197266,0.007962260395288467,-0.8441879749298096,0.0,0.0,0.0,1.0
-0.24266844987869263,0.19501304626464844,-0.950306236743927,4.002724647521973,-0.755852460861206,0.5760441422462463,0.311223566532135,-0.0932634100317955,0.6081110239028931,0.7938154935836792,0.007613351568579674,-0.8517022132873535,0.0,0.0,0.0,1.0
-0.24208688735961914,0.19159170985221863,-0.951150119304657,4.019739627838135,-0.7555005550384521,0.5778658986091614,0.3086905777454376,-0.09672374278306961,0.608779788017273,0.7933244109153748,0.004853888880461454,-0.8595399856567383,0.0,0.0,0.0,1.0
-0.24156859517097473,0.19224296510219574,-0.9511504769325256,4.024571895599365,-0.7553849220275879,0.5780242681503296,0.3086771070957184,-0.0944705456495285,0.6091291308403015,0.7930514216423035,0.005584935657680035,-0.8575941324234009,0.0,0.0,0.0,1.0
-0.2413652092218399,0.1942424476146698,-0.9507958292961121,4.020856857299805,-0.7553300261497498,0.5775316953659058,0.309731662273407,-0.08832847326993942,0.6092777848243713,0.7929230332374573,0.007321091368794441,-0.8495520353317261,0.0,0.0,0.0,1.0
-0.24211710691452026,0.1961493194103241,-0.9502130150794983,4.00063419342041,-0.7569049596786499,0.5745322108268738,0.31146040558815,-0.0882888063788414,0.6070207357406616,0.7946308255195618,0.009362313896417618,-0.8505240678787231,0.0,0.0,0.0,1.0
-0.23364219069480896,0.18026959896087646,-0.9554654359817505,4.211187362670898,-0.753510594367981,0.5874844789505005,0.2950995862483978,-0.16307982802391052,0.6145186424255371,0.7889009714126587,-0.001426129718311131,-0.7001079320907593,0.0,0.0,0.0,1.0
-0.2481001764535904,0.20822644233703613,-0.9460909366607666,4.152806758880615,-0.7518618106842041,0.5744466781616211,0.3235968351364136,-0.1993582397699356,0.6108601093292236,0.7916140556335449,0.014037199318408966,-0.6009171605110168,0.0,0.0,0.0,1.0
-0.24570931494235992,0.1998930275440216,-0.9485092163085938,4.1873698234558105,-0.7509618401527405,0.5794702768325806,0.3166552186012268,-0.2186342179775238,0.6129300594329834,0.7900993227958679,0.007730776444077492,-0.6053368449211121,0.0,0.0,0.0,1.0
-0.24591799080371857,0.19718894362449646,-0.9490209817886353,4.1619744300842285,-0.7505901455879211,0.5807600021362305,0.31517013907432556,-0.21288847923278809,0.6133015155792236,0.7898318767547607,0.0051887379959225655,-0.6146544814109802,0.0,0.0,0.0,1.0
-0.24516364932060242,0.19155853986740112,-0.9503684043884277,4.164751052856445,-0.751224935054779,0.5821191072463989,0.3111245334148407,-0.22311930358409882,0.6128262281417847,0.7902169227600098,0.0011891004396602511,-0.6229740381240845,0.0,0.0,0.0,1.0
-0.24220243096351624,0.18179193139076233,-0.9530423283576965,4.176357269287109,-0.7498542070388794,0.5882569551467896,0.30277448892593384,-0.2241288721561432,0.615675687789917,0.7879754900932312,-0.006159826647490263,-0.6415808796882629,0.0,0.0,0.0,1.0
-0.24028640985488892,0.17702075839042664,-0.9544245004653931,4.19218111038208,-0.745832622051239,0.5956366658210754,0.29824620485305786,-0.22772079706192017,0.6212859153747559,0.7835053205490112,-0.011095540598034859,-0.6512932777404785,0.0,0.0,0.0,1.0
-0.23781968653202057,0.16139107942581177,-0.9578072428703308,4.205316066741943,-0.740124523639679,0.6084803342819214,0.2862992584705353,-0.22123472392559052,0.6290130615234375,0.7769842147827148,-0.025259120389819145,-0.6730102896690369,0.0,0.0,0.0,1.0
-0.23919595777988434,0.15300503373146057,-0.9588403105735779,4.203753471374512,-0.7428597211837769,0.6070660948753357,0.2821879982948303,-0.2217319756746292,0.6252557039260864,0.7797820568084717,-0.03154648840427399,-0.695323646068573,0.0,0.0,0.0,1.0
-0.24380868673324585,0.1314479112625122,-0.9608739614486694,4.211352348327637,-0.7422937750816345,0.612334668636322,0.2721145451068878,-0.21941132843494415,0.6241453289985657,0.7795946598052979,-0.0517195425927639,-0.742784857749939,0.0,0.0,0.0,1.0
-0.2434585988521576,0.12580916285514832,-0.9617171883583069,4.182378768920898,-0.7427326440811157,0.6134940981864929,0.2682782709598541,-0.2077408730983734,0.6237596869468689,0.7796133756637573,-0.055917833000421524,-0.7917009592056274,0.0,0.0,0.0,1.0
-0.22036822140216827,0.11696402728557587,-0.9683786630630493,4.0789475440979,-0.7151293158531189,0.6557837724685669,0.2419455349445343,-0.22294142842292786,0.663345992565155,0.7458330988883972,-0.060869503766298294,-0.8516252040863037,0.0,0.0,0.0,1.0
-0.22819223999977112,0.17102625966072083,-0.9584770798683167,4.133357048034668,-0.729284405708313,0.6221898794174194,0.28464722633361816,-0.2381397783756256,0.6450369358062744,0.7639566659927368,-0.017252130433917046,-0.6411752700805664,0.0,0.0,0.0,1.0
-0.22264371812343597,0.15814208984375,-0.9619879722595215,4.155311107635498,-0.7221708297729492,0.6361148953437805,0.27171164751052856,-0.22879831492900848,0.6549039483070374,0.7552144527435303,-0.027421390637755394,-0.6771365404129028,0.0,0.0,0.0,1.0
-0.21659964323043823,0.14888203144073486,-0.9648413062095642,4.152461051940918,-0.7152680158615112,0.6484315991401672,0.2606300413608551,-0.20340664684772491,0.6644366979598999,0.7465724945068359,-0.03395950794219971,-0.7001094222068787,0.0,0.0,0.0,1.0
-0.20929212868213654,0.1392337679862976,-0.9678898453712463,4.162081241607666,-0.7072790265083313,0.6619457602500916,0.24816164374351501,-0.1629977971315384,0.6752430200576782,0.736506462097168,-0.04006291553378105,-0.7155442833900452,0.0,0.0,0.0,1.0
-0.2106003761291504,0.14305457472801208,-0.9670485258102417,4.149838447570801,-0.7057324051856995,0.662274956703186,0.25166159868240356,-0.13268998265266418,0.6764534115791321,0.7354775667190552,-0.038517117500305176,-0.700093686580658,0.0,0.0,0.0,1.0
-0.21193236112594604,0.14549371600151062,-0.9663934111595154,4.140020847320557,-0.7044119238853455,0.6626920700073242,0.2542496919631958,-0.11531107127666473,0.6774130463600159,0.7346228361129761,-0.037958405911922455,-0.6905376315116882,0.0,0.0,0.0,1.0
-0.21230199933052063,0.1498914361000061,-0.9656398892402649,4.138749599456787,-0.7017266750335693,0.6643234491348267,0.2573986351490021,-0.11037488281726837,0.6800791025161743,0.7322615385055542,-0.03585436940193176,-0.6863345503807068,0.0,0.0,0.0,1.0
-0.21275272965431213,0.1507057100534439,-0.9654139280319214,4.152939319610596,-0.7018595933914185,0.6638330221176147,0.2582995593547821,-0.12147006392478943,0.6798009276390076,0.7325390577316284,-0.0354580394923687,-0.6882033348083496,0.0,0.0,0.0,1.0
-0.21184483170509338,0.14898528158664703,-0.9658805131912231,4.1667890548706055,-0.7007969617843628,0.6656947731971741,0.2563866972923279,-0.12647324800491333,0.681179404258728,0.7312002778053284,-0.036615557968616486,-0.6896840333938599,0.0,0.0,0.0,1.0
-0.2111659049987793,0.15052193403244019,-0.9657909274101257,4.143413543701172,-0.7001228928565979,0.6662025451660156,0.2569088041782379,-0.11175449937582016,0.6820827722549438,0.7304226756095886,-0.03529541939496994,-0.6825520992279053,0.0,0.0,0.0,1.0
-0.21973340213298798,0.09802556782960892,-0.9706225991249084,4.242089748382568,-0.6475563645362854,0.7294876575469971,0.22026915848255157,-0.0833069235086441,0.7296491861343384,0.6769334077835083,-0.09681572765111923,-0.639750599861145,0.0,0.0,0.0,1.0
-0.23393379151821136,0.139031320810318,-0.9622604846954346,4.21924352645874,-0.6758458018302917,0.6882382035255432,0.26374340057373047,-0.1831216812133789,0.6989330649375916,0.7120382189750671,-0.06703843921422958,-0.5933899283409119,0.0,0.0,0.0,1.0
-0.2413012683391571,0.13169462978839874,-0.9614729285240173,4.194626808166504,-0.68181312084198,0.6820215582847595,0.26453259587287903,-0.16765445470809937,0.690582811832428,0.7193769216537476,-0.07478154450654984,-0.5931887030601501,0.0,0.0,0.0,1.0
-0.24424907565116882,0.12956851720809937,-0.961017370223999,4.231996059417725,-0.6788384914398193,0.6848534345626831,0.26486629247665405,-0.17104822397232056,0.6924743056297302,0.7170689105987549,-0.07931871712207794,-0.5942373871803284,0.0,0.0,0.0,1.0
-0.24676477909088135,0.12907111644744873,-0.9604414701461792,4.243746757507324,-0.6777148246765137,0.6854341626167297,0.26623788475990295,-0.16725467145442963,0.6926829814910889,0.7166035771369934,-0.08166758716106415,-0.5950154662132263,0.0,0.0,0.0,1.0
-0.24845045804977417,0.1292966604232788,-0.9599764347076416,4.2445783615112305,-0.6781591773033142,0.6844255924224854,0.2676970958709717,-0.16527551412582397,0.6916447877883911,0.717526376247406,-0.0823621153831482,-0.595207929611206,0.0,0.0,0.0,1.0
-0.2545347213745117,0.13196472823619843,-0.9580174088478088,4.312516689300537,-0.6649470329284668,0.6954207420349121,0.27246177196502686,-0.17511998116970062,0.7021805644035339,0.7063818573951721,-0.08925917744636536,-0.6009719967842102,0.0,0.0,0.0,1.0
-0.2591656446456909,0.13246780633926392,-0.9567055106163025,4.345895290374756,-0.6641150712966919,0.6947784423828125,0.2761054039001465,-0.17612707614898682,0.7012734413146973,0.7069196105003357,-0.09208883345127106,-0.6070622801780701,0.0,0.0,0.0,1.0
-0.25747090578079224,0.1341867446899414,-0.9569235444068909,4.363491535186768,-0.6617655754089355,0.6971327066421509,0.2758123576641083,-0.17984740436077118,0.7041130065917969,0.7042727470397949,-0.0906912237405777,-0.6065585613250732,0.0,0.0,0.0,1.0
-0.25920864939689636,0.13378678262233734,-0.9565103054046631,4.365988254547119,-0.6628069877624512,0.6957009434700012,0.2769242525100708,-0.17573855817317963,0.7024939656257629,0.7057628631591797,-0.0916568860411644,-0.6126614809036255,0.0,0.0,0.0,1.0
-0.25976142287254333,0.13070069253444672,-0.9567869901657104,4.355898380279541,-0.6664268970489502,0.6927758455276489,0.27556633949279785,-0.1737278401851654,0.6988556385040283,0.7092101573944092,-0.09285397827625275,-0.615354597568512,0.0,0.0,0.0,1.0
-0.2621614336967468,0.11009322851896286,-0.9587235450744629,4.450565338134766,-0.6049686670303345,0.7552677989006042,0.2521575093269348,-0.11294225603342056,0.7518538236618042,0.6461037993431091,-0.13139910995960236,-0.5929368138313293,0.0,0.0,0.0,1.0
-0.24377784132957458,0.12134979665279388,-0.9622092247009277,4.29166316986084,-0.6030148267745972,0.7580766677856445,0.24838058650493622,-0.12432094663381577,0.7595692873001099,0.6407760977745056,-0.11162658035755157,-0.5812360644340515,0.0,0.0,0.0,1.0
-0.24501439929008484,0.11756974458694458,-0.9623644351959229,4.283918380737305,-0.6074380278587341,0.7550256252288818,0.24689114093780518,-0.12714524567127228,0.7556368112564087,0.6450686454772949,-0.11357583105564117,-0.5865434408187866,0.0,0.0,0.0,1.0
-0.251737117767334,0.11454940587282181,-0.9609926342964172,4.285346031188965,-0.6119062304496765,0.7504647970199585,0.24974675476551056,-0.12616483867168427,0.7497994899749756,0.6509079337120056,-0.11882633715867996,-0.5967637300491333,0.0,0.0,0.0,1.0
-0.25538960099220276,0.11239859461784363,-0.9602826237678528,4.2860331535339355,-0.6211650371551514,0.7420395612716675,0.25205421447753906,-0.13682465255260468,0.7408982515335083,0.6608660221099854,-0.11969110369682312,-0.603825032711029,0.0,0.0,0.0,1.0
-0.259403795003891,0.10938486456871033,-0.9595543742179871,4.294153213500977,-0.6275810599327087,0.7361003160476685,0.2535710036754608,-0.13951095938682556,0.7340651154518127,0.6679754853248596,-0.12229934334754944,-0.6063101291656494,0.0,0.0,0.0,1.0
-0.2572029232978821,0.10986971855163574,-0.9600912928581238,4.297049522399902,-0.625381588935852,0.7384918928146362,0.25204673409461975,-0.15591251850128174,0.7367119193077087,0.6652505397796631,-0.12123176455497742,-0.6052653789520264,0.0,0.0,0.0,1.0
-0.26013070344924927,0.10796598345041275,-0.959518313407898,4.305887222290039,-0.630387008190155,0.733736515045166,0.25346216559410095,-0.16658715903759003,0.7313989400863647,0.6708011627197266,-0.12280702590942383,-0.60547935962677,0.0,0.0,0.0,1.0
-0.2651051878929138,0.10489015281200409,-0.9584974050521851,4.2964348793029785,-0.6377749443054199,0.7264705896377563,0.25589749217033386,-0.16680750250816345,0.7231613397598267,0.6791453957557678,-0.12569482624530792,-0.6125482320785522,0.0,0.0,0.0,1.0
-0.2707286775112152,0.10322301834821701,-0.9571055173873901,4.2779412269592285,-0.648334801197052,0.7153874635696411,0.2605431377887726,-0.17635656893253326,0.7115952968597412,0.6910613775253296,-0.1267528086900711,-0.6150174140930176,0.0,0.0,0.0,1.0
-0.27764466404914856,0.1037202700972557,-0.9550683498382568,4.263843059539795,-0.6546418070793152,0.7071757316589355,0.26710787415504456,-0.17989590764045715,0.703105628490448,0.6993888020515442,-0.12844392657279968,-0.6103744506835938,0.0,0.0,0.0,1.0
-0.2929397523403168,0.09076149016618729,-0.9518133401870728,4.160733222961426,-0.639035165309906,0.7218979597091675,0.26551353931427,-0.14492255449295044,0.7112104892730713,0.6860216856002808,-0.15347281098365784,-0.6939973831176758,0.0,0.0,0.0,1.0
-0.2371329814195633,0.11765874177217484,-0.9643258452415466,4.123952388763428,-0.5872832536697388,0.7733594179153442,0.238774836063385,-0.042366571724414825,0.7738645076751709,0.6229538917541504,-0.1142900213599205,-0.6535441279411316,0.0,0.0,0.0,1.0
-0.25163689255714417,0.12120465189218521,-0.9602022171020508,4.092049598693848,-0.6350264549255371,0.7280207872390747,0.2583159804344177,-0.05304551124572754,0.7303563356399536,0.6747556328773499,-0.10622872412204742,-0.6715728044509888,0.0,0.0,0.0,1.0
-0.25212356448173523,0.12452626973390579,-0.959649384021759,4.073731899261475,-0.6415513753890991,0.7209134101867676,0.2620987296104431,-0.09278371930122375,0.7244622707366943,0.6817455887794495,-0.10186925530433655,-0.6719394326210022,0.0,0.0,0.0,1.0
-0.2510371208190918,0.12130919098854065,-0.960345983505249,4.034574508666992,-0.6426193118095398,0.7210586667060852,0.25906533002853394,-0.09007076919078827,0.7238928079605103,0.6821718811988831,-0.10305687040090561,-0.6808731555938721,0.0,0.0,0.0,1.0
-0.2458852082490921,0.1193329468369484,-0.961925208568573,4.018190383911133,-0.6416502594947815,0.7237863540649414,0.25380754470825195,-0.10363096743822098,0.7265158891677856,0.6796271204948425,-0.10139832645654678,-0.6730596423149109,0.0,0.0,0.0,1.0
-0.24674269556999207,0.11837062239646912,-0.9618245363235474,4.035160541534424,-0.6443062424659729,0.7213336229324341,0.2540614902973175,-0.1112610250711441,0.723869800567627,0.6823973655700684,-0.10171688348054886,-0.6698431372642517,0.0,0.0,0.0,1.0
-0.2458650916814804,0.12095418572425842,-0.9617278575897217,4.045288562774658,-0.640758216381073,0.7241962552070618,0.2548898160457611,-0.12556710839271545,0.7273097038269043,0.6789034605026245,-0.10055217891931534,-0.6643528938293457,0.0,0.0,0.0,1.0
-0.24559861421585083,0.11712843179702759,-0.9622693061828613,4.025049686431885,-0.6420445442199707,0.7240673899650574,0.2520023584365845,-0.11040857434272766,0.726264476776123,0.6797112226486206,-0.10262827575206757,-0.6665993332862854,0.0,0.0,0.0,1.0
-0.24503342807292938,0.1150336042046547,-0.9626660346984863,4.016820907592773,-0.6412285566329956,0.7255139350891113,0.24991106986999512,-0.10328321158885956,0.727175772190094,0.6785255670547485,-0.10401231050491333,-0.6664944291114807,0.0,0.0,0.0,1.0
-0.24571818113327026,0.11648239940404892,-0.9623172283172607,4.0267157554626465,-0.6400567889213562,0.7260626554489136,0.25131744146347046,-0.10561653226613998,0.7279765605926514,0.677690863609314,-0.10385143756866455,-0.6638989448547363,0.0,0.0,0.0,1.0
-0.3146458566188812,0.10298127681016922,-0.9436063170433044,4.079758167266846,-0.6698668599128723,0.6802278161048889,0.29760459065437317,-0.18064340949058533,0.6725149750709534,0.7257307171821594,-0.1450471132993698,-0.6035085916519165,0.0,0.0,0.0,1.0
-0.299653023481369,0.09860865026712418,-0.9489385485649109,4.2549591064453125,-0.6027827262878418,0.7513989210128784,0.2684263288974762,-0.1690104603767395,0.7395005226135254,0.6524385213851929,-0.16571937501430511,-0.5480695962905884,0.0,0.0,0.0,1.0
-0.2995845079421997,0.09736233204603195,-0.9490888714790344,4.264397621154785,-0.6003555059432983,0.753901481628418,0.26684415340423584,-0.1764048933982849,0.7415000796318054,0.6497330665588379,-0.16740521788597107,-0.548741340637207,0.0,0.0,0.0,1.0
-0.29714393615722656,0.09474662691354752,-0.9501202702522278,4.266982078552246,-0.5985409021377563,0.7568084001541138,0.2626592218875885,-0.17232133448123932,0.7439451217651367,0.6467334032058716,-0.16817131638526917,-0.5525339841842651,0.0,0.0,0.0,1.0
-0.2971104681491852,0.09392529726028442,-0.950212299823761,4.262151718139648,-0.5979387164115906,0.7575660943984985,0.2618451416492462,-0.17108191549777985,0.7444424629211426,0.6459656953811646,-0.16891922056674957,-0.5508913993835449,0.0,0.0,0.0,1.0
-0.29668763279914856,0.09415876120328903,-0.9503213167190552,4.260589122772217,-0.5993469953536987,0.7563790082931519,0.26205721497535706,-0.16629837453365326,0.7434780597686768,0.647321343421936,-0.1679745316505432,-0.5553666353225708,0.0,0.0,0.0,1.0
-0.29658398032188416,0.09403146058320999,-0.9503662586212158,4.264545440673828,-0.5977558493614197,0.7578213214874268,0.2615242600440979,-0.17153996229171753,0.7447992563247681,0.6456508636474609,-0.1685497909784317,-0.5530628561973572,0.0,0.0,0.0,1.0
-0.29752078652381897,0.09369764477014542,-0.9501063823699951,4.270687103271484,-0.5955494046211243,0.7595981359481812,0.26140323281288147,-0.1785108596086502,0.7461918592453003,0.6436081528663635,-0.17019467055797577,-0.5496780872344971,0.0,0.0,0.0,1.0
-0.2966633439064026,0.09243069589138031,-0.9504985213279724,4.262624740600586,-0.5990469455718994,0.7571210861206055,0.2605963945388794,-0.1661817580461502,0.7437295913696289,0.6467025876045227,-0.16923972964286804,-0.5566258430480957,0.0,0.0,0.0,1.0
-0.2977616488933563,0.09380079805850983,-0.9500207304954529,4.266958236694336,-0.599183976650238,0.7563614845275879,0.26247987151145935,-0.17003372311592102,0.7431799173355103,0.6473937034606934,-0.16901150345802307,-0.5537278056144714,0.0,0.0,0.0,1.0
-0.29670992493629456,0.09292256832122803,-0.950435996055603,4.260782718658447,-0.5978627800941467,0.7580031156539917,0.260751336812973,-0.16857045888900757,0.7446631193161011,0.6455979347229004,-0.16935211420059204,-0.5544437766075134,0.0,0.0,0.0,1.0
-0.2977999448776245,0.09303025156259537,-0.9500845074653625,4.2719597816467285,-0.5968888998031616,0.7585578560829163,0.26136866211891174,-0.17406484484672546,0.7450092434883118,0.6449304819107056,-0.17036975920200348,-0.550368070602417,0.0,0.0,0.0,1.0
-0.29943394660949707,0.10264042019844055,-0.9485801458358765,4.218315124511719,-0.6063693761825562,0.7471245527267456,0.2722519040107727,-0.151523157954216,0.736651599407196,0.6567113399505615,-0.16147644817829132,-0.56059330701828,0.0,0.0,0.0,1.0
-0.29938915371894836,0.10346781462430954,-0.9485043883323669,4.218871593475342,-0.6068260073661804,0.7464908957481384,0.2729717493057251,-0.1429143249988556,0.7362936735153198,0.6573019027709961,-0.16070431470870972,-0.5638833045959473,0.0,0.0,0.0,1.0
-0.3015806972980499,0.10453220456838608,-0.9476930499076843,4.2442626953125,-0.6054069995880127,0.7468841671943665,0.2750389575958252,-0.15132322907447815,0.7365673780441284,0.6566864848136902,-0.16196131706237793,-0.554930567741394,0.0,0.0,0.0,1.0
-0.3007582426071167,0.10336271673440933,-0.9480826258659363,4.227982997894287,-0.6088922023773193,0.7443164587020874,0.2743051052093506,-0.14352086186408997,0.7340264320373535,0.6597795486450195,-0.1609225571155548,-0.5641709566116333,0.0,0.0,0.0,1.0
-0.30005010962486267,0.10293364524841309,-0.94835364818573,4.235435485839844,-0.6070035099983215,0.7463161945343018,0.2730547785758972,-0.14769169688224792,0.7358782291412354,0.6575840711593628,-0.16145116090774536,-0.5611095428466797,0.0,0.0,0.0,1.0
-0.30156272649765015,0.10113514214754105,-0.948067307472229,4.249260902404785,-0.6064348220825195,0.7469528913497925,0.2725770175457001,-0.15002182126045227,0.7357287406921387,0.6571401357650757,-0.1639212816953659,-0.563296914100647,0.0,0.0,0.0,1.0
-0.3011558949947357,0.10217338055372238,-0.9480853080749512,4.268021583557129,-0.6008851528167725,0.751678466796875,0.2718759775161743,-0.16389749944210052,0.7404338121414185,0.6515674591064453,-0.16497792303562164,-0.5592180490493774,0.0,0.0,0.0,1.0
-0.3005702495574951,0.10128188133239746,-0.9483667612075806,4.2437334060668945,-0.6063797473907471,0.7472143173217773,0.2719823122024536,-0.1526648849248886,0.7361800670623779,0.6568201184272766,-0.16317510604858398,-0.5636045336723328,0.0,0.0,0.0,1.0
-0.3024470806121826,0.10257591307163239,-0.9476307034492493,4.249783515930176,-0.6050828695297241,0.7475160956382751,0.27403363585472107,-0.15173444151878357,0.7364784479141235,0.656275749206543,-0.16401714086532593,-0.5641021728515625,0.0,0.0,0.0,1.0
-0.30072876811027527,0.10236167162656784,-0.9482005834579468,4.243544578552246,-0.6070265173912048,0.7462856769561768,0.27308711409568787,-0.15277771651744843,0.7355821132659912,0.6577079892158508,-0.16229331493377686,-0.5628527402877808,0.0,0.0,0.0,1.0
-0.288253515958786,0.09916062653064728,-0.9524059295654297,4.172184467315674,-0.5677230358123779,0.7832569479942322,0.2533755600452423,-0.20830538868904114,0.7711033821105957,0.6137392520904541,-0.16948078572750092,-0.6436437368392944,0.0,0.0,0.0,1.0
-0.28686434030532837,0.09909901022911072,-0.9528316855430603,4.161266326904297,-0.5679750442504883,0.7833662629127502,0.2524712383747101,-0.21306836605072021,0.7714358568191528,0.6136095523834229,-0.16843408346176147,-0.6377634406089783,0.0,0.0,0.0,1.0
-0.2863514721393585,0.09700483828783035,-0.953201413154602,4.1398091316223145,-0.5699233412742615,0.7824742794036865,0.2508412003517151,-0.203216090798378,0.7701883912086487,0.6150805354118347,-0.16877733170986176,-0.6486210823059082,0.0,0.0,0.0,1.0
-0.28752464056015015,0.09629228711128235,-0.9529204368591309,4.126236915588379,-0.5713039636611938,0.7813096046447754,0.25133058428764343,-0.20101673901081085,0.7687271237373352,0.6166709661483765,-0.16963359713554382,-0.6540530323982239,0.0,0.0,0.0,1.0
-0.28770768642425537,0.09715207666158676,-0.9527779221534729,4.1088948249816895,-0.5730652809143066,0.7796269059181213,0.25254327058792114,-0.19698980450630188,0.7673463821411133,0.6186625957489014,-0.16863016784191132,-0.6581408381462097,0.0,0.0,0.0,1.0
-0.2883351445198059,0.09599623829126358,-0.9527053833007812,4.123947620391846,-0.5745434761047363,0.7786045074462891,0.2523384392261505,-0.19803225994110107,0.7660043239593506,0.6201287508010864,-0.16934503614902496,-0.6555907726287842,0.0,0.0,0.0,1.0
-0.2905949056148529,0.09465131908655167,-0.952153205871582,4.116037368774414,-0.5789656639099121,0.7748687267303467,0.2537268102169037,-0.19473673403263092,0.7618093490600586,0.6249957084655762,-0.17037303745746613,-0.6548779606819153,0.0,0.0,0.0,1.0
-0.29224860668182373,0.0933513194322586,-0.951775312423706,4.127660274505615,-0.5809786915779114,0.7731955051422119,0.2542291581630707,-0.19671790301799774,0.7596410512924194,0.627259373664856,-0.171730175614357,-0.6520096659660339,0.0,0.0,0.0,1.0
-0.29644742608070374,0.09151831269264221,-0.950654149055481,4.184700012207031,-0.5841587781906128,0.7701101303100586,0.25629881024360657,-0.2025429904460907,0.7555643916130066,0.6313120126724243,-0.1748359352350235,-0.6345688104629517,0.0,0.0,0.0,1.0
-0.30057334899902344,0.09069985151290894,-0.9494362473487854,4.2341766357421875,-0.5895069241523743,0.7648789286613464,0.2596956491470337,-0.2071613371372223,0.7497581243515015,0.6377568244934082,-0.17643402516841888,-0.6144136190414429,0.0,0.0,0.0,1.0
-0.30425259470939636,0.08971267938613892,-0.9483575224876404,4.288044452667236,-0.5936120748519897,0.7607665657997131,0.26240989565849304,-0.23872557282447815,0.7450201511383057,0.6427953243255615,-0.17821066081523895,-0.5915431380271912,0.0,0.0,0.0,1.0
-0.30245038866996765,0.09604775905609131,-0.9483135342597961,4.285102844238281,-0.5886168479919434,0.7637158632278442,0.2650817334651947,-0.26078587770462036,0.7497025728225708,0.6383674144744873,-0.1744508147239685,-0.5815452933311462,0.0,0.0,0.0,1.0
-0.2875777781009674,0.10216859728097916,-0.952292263507843,4.164050102233887,-0.5592759847640991,0.7892484664916992,0.25356894731521606,-0.20364490151405334,0.7775020003318787,0.6055150032043457,-0.16982987523078918,-0.6426341533660889,0.0,0.0,0.0,1.0
-0.29125118255615234,0.102033331990242,-0.9511897563934326,4.192319393157959,-0.5631082057952881,0.7855082154273987,0.25668269395828247,-0.2196376770734787,0.7733575701713562,0.6103818416595459,-0.17132438719272614,-0.6259939074516296,0.0,0.0,0.0,1.0
-0.294567346572876,0.10297869145870209,-0.9500660300254822,4.206793785095215,-0.5644550919532776,0.783470869064331,0.25993019342422485,-0.22235539555549622,0.7711163759231567,0.6128365993499756,-0.17265811562538147,-0.6224141120910645,0.0,0.0,0.0,1.0
-0.29676443338394165,0.10323110222816467,-0.9493546485900879,4.218034267425537,-0.5665321350097656,0.781262993812561,0.26204878091812134,-0.23011191189289093,0.7687471508979797,0.6156066656112671,-0.17336730659008026,-0.6202583909034729,0.0,0.0,0.0,1.0
-0.2967119812965393,0.10330405831336975,-0.949363112449646,4.211145877838135,-0.5654613375663757,0.7821107506752014,0.26183274388313293,-0.22318457067012787,0.7695554494857788,0.6145169734954834,-0.17364715039730072,-0.622747540473938,0.0,0.0,0.0,1.0
-0.29680320620536804,0.10343325883150101,-0.9493204951286316,4.2071075439453125,-0.5650941729545593,0.7823480367660522,0.2619163691997528,-0.21929886937141418,0.7697898149490356,0.6141930818557739,-0.17375385761260986,-0.6245965957641602,0.0,0.0,0.0,1.0
-0.2974349558353424,0.10238245129585266,-0.9492366909980774,4.206246852874756,-0.5645171403884888,0.7829588651657104,0.2613345980644226,-0.21875503659248352,0.7699693441390991,0.6135904788970947,-0.17508268356323242,-0.6287055611610413,0.0,0.0,0.0,1.0
-0.2994132936000824,0.10133872926235199,-0.9487265944480896,4.210531234741211,-0.5648369193077087,0.782556414604187,0.2618488073348999,-0.21854501962661743,0.7689675092697144,0.6142768263816833,-0.17706793546676636,-0.6316583156585693,0.0,0.0,0.0,1.0
-0.2990729808807373,0.10258999466896057,-0.9486994743347168,4.203836441040039,-0.5638970732688904,0.7830355167388916,0.26244136691093445,-0.21393153071403503,0.7697892189025879,0.6134579181671143,-0.17633457481861115,-0.6327781081199646,0.0,0.0,0.0,1.0
-0.3002614974975586,0.10146992653608322,-0.9484444856643677,4.206831932067871,-0.5646375417709351,0.7824922204017639,0.2624700963497162,-0.2179057002067566,0.7687832117080688,0.6143369674682617,-0.1776585429906845,-0.6327187418937683,0.0,0.0,0.0,1.0
-0.3003998100757599,0.10260171443223953,-0.9482789039611816,4.20984411239624,-0.564290463924408,0.7824249863624573,0.26341500878334045,-0.21490231156349182,0.7689839005470276,0.6142345666885376,-0.1771431416273117,-0.6307395696640015,0.0,0.0,0.0,1.0
-0.28335317969322205,0.10200871527194977,-0.9535749554634094,4.154211044311523,-0.5541208982467651,0.7941320538520813,0.2496083825826645,-0.2067597508430481,0.7827266454696655,0.5991231799125671,-0.16849467158317566,-0.6491647958755493,0.0,0.0,0.0,1.0
-0.28502026200294495,0.10122630000114441,-0.9531614184379578,4.1641669273376465,-0.5543636083602905,0.7938164472579956,0.25007301568984985,-0.21193471550941467,0.7819491624832153,0.599673867225647,-0.17013756930828094,-0.6502925157546997,0.0,0.0,0.0,1.0
-0.28378552198410034,0.10235897451639175,-0.9534088373184204,4.1584577560424805,-0.5543802976608276,0.7937546968460083,0.2502315938472748,-0.20872654020786285,0.7823861837387085,0.5995632410049438,-0.1685102880001068,-0.6471778154373169,0.0,0.0,0.0,1.0
-0.2849459946155548,0.10245382785797119,-0.9530524611473083,4.159505844116211,-0.555169939994812,0.7928894758224487,0.25122228264808655,-0.21013858914375305,0.7814038991928101,0.6006908416748047,-0.1690513789653778,-0.6457296013832092,0.0,0.0,0.0,1.0
-0.28199082612991333,0.10206608474254608,-0.953972578048706,4.1401495933532715,-0.5559163093566895,0.7930135726928711,0.24917180836200714,-0.20528201758861542,0.7819451689720154,0.600593090057373,-0.16688233613967896,-0.6462282538414001,0.0,0.0,0.0,1.0
-0.2827486991882324,0.10263654589653015,-0.9536870121955872,4.15016508102417,-0.5554304122924805,0.7930850386619568,0.2500261962413788,-0.20746959745883942,0.7820166945457458,0.6004014015197754,-0.1672362983226776,-0.6438659429550171,0.0,0.0,0.0,1.0
-0.284077525138855,0.1023307666182518,-0.9533249139785767,4.146509647369385,-0.5563268065452576,0.7922075986862183,0.25081390142440796,-0.20803378522396088,0.7808972597122192,0.6016107201576233,-0.16811904311180115,-0.644834578037262,0.0,0.0,0.0,1.0
-0.2831151485443115,0.10188893973827362,-0.9536584615707397,4.147287845611572,-0.5561525225639343,0.7926522493362427,0.24979351460933685,-0.20704004168510437,0.7813706994056702,0.6010998487472534,-0.16774606704711914,-0.646886944770813,0.0,0.0,0.0,1.0
-0.2830568552017212,0.10239613056182861,-0.9536214470863342,4.15011739730835,-0.5550916790962219,0.7933460474014282,0.24995040893554688,-0.2061317414045334,0.7821457386016846,0.6000975370407104,-0.16772279143333435,-0.6468250751495361,0.0,0.0,0.0,1.0
-0.2829936146736145,0.10143118351697922,-0.9537433385848999,4.142815589904785,-0.5560637712478638,0.7928647994995117,0.2493162304162979,-0.20473700761795044,0.7814779281616211,0.6008970141410828,-0.16797345876693726,-0.6475315690040588,0.0,0.0,0.0,1.0
-0.28227847814559937,0.10184864699840546,-0.953910768032074,4.138861179351807,-0.556108295917511,0.7928651571273804,0.24921579658985138,-0.2047424614429474,0.7817047834396362,0.6008259057998657,-0.16716988384723663,-0.6448565721511841,0.0,0.0,0.0,1.0
-0.2852526009082794,0.10215368121862411,-0.9529929757118225,4.173658847808838,-0.5534861087799072,0.7941982746124268,0.250803142786026,-0.21670304238796234,0.782485842704773,0.5990106463432312,-0.17000645399093628,-0.6490650773048401,0.0,0.0,0.0,1.0
-0.2849479615688324,0.1023179218173027,-0.9530664682388306,4.171830654144287,-0.5537335276603699,0.7940269708633423,0.250799298286438,-0.21522611379623413,0.7824218273162842,0.5992096066474915,-0.1695994883775711,-0.6472823619842529,0.0,0.0,0.0,1.0
-0.28539130091667175,0.10232927650213242,-0.952932596206665,4.173418045043945,-0.5538452863693237,0.793848991394043,0.25111597776412964,-0.21697625517845154,0.7821810245513916,0.5994435548782349,-0.16988299787044525,-0.6483817100524902,0.0,0.0,0.0,1.0
-0.28624600172042847,0.1031949371099472,-0.952582836151123,4.175484657287598,-0.5534179210662842,0.7937747240066528,0.2522900700569153,-0.21782782673835754,0.7821712493896484,0.5993934273719788,-0.17010490596294403,-0.6478461027145386,0.0,0.0,0.0,1.0
-0.284370481967926,0.102366141974926,-0.9532337784767151,4.170828342437744,-0.5532206296920776,0.7945228815078735,0.25036028027534485,-0.21312430500984192,0.7829945087432861,0.598543643951416,-0.16930781304836273,-0.6481748819351196,0.0,0.0,0.0,1.0
-0.2850041091442108,0.10127681493759155,-0.9531608819961548,4.172694683074951,-0.5536600351333618,0.7943453788757324,0.24995169043540955,-0.21723710000514984,0.7824532985687256,0.5989643931388855,-0.17031878232955933,-0.6501480340957642,0.0,0.0,0.0,1.0
-0.28568580746650696,0.10112085193395615,-0.9529733657836914,4.175578594207764,-0.5535794496536255,0.7943111658096313,0.25023913383483887,-0.21775862574577332,0.7822617292404175,0.5990362167358398,-0.17094498872756958,-0.6493600606918335,0.0,0.0,0.0,1.0
-0.2846282124519348,0.10222034901380539,-0.953172504901886,4.169193744659424,-0.5540730357170105,0.7938570976257324,0.250587522983551,-0.2131185680627823,0.7822979092597961,0.5994514226913452,-0.1693165898323059,-0.6478961110115051,0.0,0.0,0.0,1.0
-0.28335729241371155,0.10259612649679184,-0.9535107016563416,4.163147926330566,-0.5544870495796204,0.7936967611312866,0.25017881393432617,-0.20960713922977448,0.7824658155441284,0.599599301815033,-0.16801154613494873,-0.6469959616661072,0.0,0.0,0.0,1.0
-0.28421834111213684,0.10237007588148117,-0.9532787203788757,4.175426483154297,-0.5539030432701111,0.7940303683280945,0.25041401386260986,-0.21455781161785126,0.7825672030448914,0.599196195602417,-0.1689748913049698,-0.6468309164047241,0.0,0.0,0.0,1.0
-0.2863754630088806,0.10230804979801178,-0.9526395797729492,4.182721138000488,-0.5535538196563721,0.7938789129257202,0.25166332721710205,-0.22097791731357574,0.7820276618003845,0.599407434463501,-0.17071443796157837,-0.6439940929412842,0.0,0.0,0.0,1.0
-0.2822367250919342,0.10199103504419327,-0.9539079070091248,4.161431789398193,-0.5542175769805908,0.7942858934402466,0.2489030659198761,-0.20377591252326965,0.7830615043640137,0.5989221334457397,-0.16765142977237701,-0.6413110494613647,0.0,0.0,0.0,1.0
-0.2814105749130249,0.10070542991161346,-0.9542884826660156,4.147826194763184,-0.5550256967544556,0.7941664457321167,0.247479647397995,-0.20118923485279083,0.7827863693237305,0.5992980003356934,-0.16759273409843445,-0.6412829160690308,0.0,0.0,0.0,1.0
-0.2831796407699585,0.10058704018592834,-0.9537774920463562,4.162846088409424,-0.5545703172683716,0.7941938638687134,0.24841080605983734,-0.20529142022132874,0.7824710607528687,0.5992816686630249,-0.16911691427230835,-0.6427712440490723,0.0,0.0,0.0,1.0
-0.2816787660121918,0.09975671768188477,-0.9543089866638184,4.141438007354736,-0.5555095672607422,0.7939882278442383,0.24696500599384308,-0.19849412143230438,0.7823464870452881,0.5996925830841064,-0.16823381185531616,-0.644778847694397,0.0,0.0,0.0,1.0
-0.28346511721611023,0.09931166470050812,-0.953826367855072,4.1606645584106445,-0.5553228855133057,0.7938916683197021,0.24769432842731476,-0.2029348760843277,0.7818337082862854,0.5998943448066711,-0.16989056766033173,-0.6458192467689514,0.0,0.0,0.0,1.0
-0.2851741313934326,0.09612450748682022,-0.9536434412002563,4.132630825042725,-0.5596943497657776,0.7910019159317017,0.24709971249103546,-0.19225730001926422,0.7780860662460327,0.6042152643203735,-0.17177292704582214,-0.6541904807090759,0.0,0.0,0.0,1.0
-0.2845243215560913,0.09910883754491806,-0.9535320401191711,4.1447834968566895,-0.5568172931671143,0.7925831079483032,0.24852865934371948,-0.19676156342029572,0.7803847789764404,0.6016556024551392,-0.17032362520694733,-0.6488779783248901,0.0,0.0,0.0,1.0
-0.2840360999107361,0.10022993385791779,-0.9535604119300842,4.149255752563477,-0.55584716796875,0.7931357026100159,0.24893712997436523,-0.20220725238323212,0.7812536954879761,0.6007410287857056,-0.16956663131713867,-0.6451147198677063,0.0,0.0,0.0,1.0
-0.2841026484966278,0.10113266110420227,-0.9534452557563782,4.1640448570251465,-0.5552653670310974,0.7933334112167358,0.24960456788539886,-0.20614908635616302,0.7816431522369385,0.6003284454345703,-0.16923266649246216,-0.641670823097229,0.0,0.0,0.0,1.0
-0.2825929522514343,0.10013870894908905,-0.9539986848831177,4.141835689544678,-0.5557910203933716,0.7934914827346802,0.24792678654193878,-0.19998086988925934,0.7818168997764587,0.6002862453460693,-0.1685788929462433,-0.6404303312301636,0.0,0.0,0.0,1.0
-0.2838907539844513,0.10065338015556335,-0.9535591006278992,4.158509254455566,-0.5553621053695679,0.7934271097183228,0.24909129738807678,-0.20517273247241974,0.781651496887207,0.6002852320671082,-0.16934753954410553,-0.6415424346923828,0.0,0.0,0.0,1.0
-0.2803650498390198,0.10126291215419769,-0.9545372128486633,4.140104293823242,-0.5542601346969604,0.7948144674301147,0.24711491167545319,-0.19905361533164978,0.7837035059928894,0.5983442068099976,-0.1667122095823288,-0.6522223949432373,0.0,0.0,0.0,1.0
-0.28298109769821167,0.10109730809926987,-0.9537824988365173,4.159214973449707,-0.5525892972946167,0.7956137657165527,0.24828168749809265,-0.20734697580337524,0.7839430570602417,0.5973089933395386,-0.1692783683538437,-0.6515274047851562,0.0,0.0,0.0,1.0
-0.2820294201374054,0.10099159926176071,-0.9540755152702332,4.1526780128479,-0.5533120632171631,0.7952789068222046,0.24774430692195892,-0.2041430026292801,0.7837761640548706,0.5977727174758911,-0.16841216385364532,-0.6522122621536255,0.0,0.0,0.0,1.0
-0.28011754155158997,0.10002006590366364,-0.9547408819198608,4.138207912445068,-0.5539787411689758,0.7953987121582031,0.24586252868175507,-0.1985640972852707,0.7839908599853516,0.5977765917778015,-0.16739614307880402,-0.6526171565055847,0.0,0.0,0.0,1.0
-0.2839793860912323,0.10250741988420486,-0.953335165977478,4.169795513153076,-0.5525397062301636,0.7950841784477234,0.25008195638656616,-0.21260859072208405,0.7836170196533203,0.5977736711502075,-0.16914810240268707,-0.6468989849090576,0.0,0.0,0.0,1.0
-0.2822391092777252,0.1015002429485321,-0.9539595246315002,4.16238260269165,-0.5527031421661377,0.7955691814422607,0.24817082285881042,-0.20682945847511292,0.7841302156448364,0.5972999334335327,-0.16844123601913452,-0.6487531661987305,0.0,0.0,0.0,1.0
-0.2824036180973053,0.10132716596126556,-0.9539292454719543,4.157528877258301,-0.5531238317489624,0.795261025428772,0.2482214719057083,-0.20571398735046387,0.7837743759155273,0.5977396368980408,-0.16853812336921692,-0.6474917531013489,0.0,0.0,0.0,1.0
-0.28215113282203674,0.10175525397062302,-0.9539583921432495,4.15798282623291,-0.5529128909111023,0.7953605651855469,0.24837256968021393,-0.20436929166316986,0.784014105796814,0.5975344181060791,-0.16815009713172913,-0.6486645936965942,0.0,0.0,0.0,1.0
-0.28336745500564575,0.10156312584877014,-0.9536182880401611,4.1658101081848145,-0.5526731014251709,0.7953517436981201,0.24893394112586975,-0.2100190818309784,0.7837444543838501,0.5975789427757263,-0.16924560070037842,-0.6480696201324463,0.0,0.0,0.0,1.0
-0.28307345509529114,0.1017044261097908,-0.9536905288696289,4.154162883758545,-0.5533947944641113,0.7948226928710938,0.24902036786079407,-0.20433393120765686,0.7833412885665894,0.5982584357261658,-0.16871051490306854,-0.64872807264328,0.0,0.0,0.0,1.0
-0.28234586119651794,0.10180692374706268,-0.9538952708244324,4.156217098236084,-0.5530681014060974,0.7951902151107788,0.2485727220773697,-0.20444180071353912,0.7838345170021057,0.5977524518966675,-0.16821248829364777,-0.6469661593437195,0.0,0.0,0.0,1.0
-0.28380218148231506,0.10237836837768555,-0.9534018039703369,4.1707868576049805,-0.553541898727417,0.7943881750106812,0.2500777244567871,-0.21220658719539642,0.7829736471176147,0.5987204909324646,-0.16877835988998413,-0.6427801251411438,0.0,0.0,0.0,1.0
-0.2819865643978119,0.10129402577877045,-0.9540561437606812,4.155202388763428,-0.5540042519569397,0.7946804761886597,0.2481176108121872,-0.20452436804771423,0.7833026647567749,0.5985169410705566,-0.1679718792438507,-0.6460824012756348,0.0,0.0,0.0,1.0
-0.28390079736709595,0.10097326338291168,-0.953522264957428,4.164361953735352,-0.5538522005081177,0.794498860836029,0.24903687834739685,-0.20990459620952606,0.7827184200286865,0.5988122224807739,-0.16963458061218262,-0.6443178653717041,0.0,0.0,0.0,1.0
-0.2835233211517334,0.1018490269780159,-0.9535414576530457,4.158898830413818,-0.5542411804199219,0.7940477132797241,0.24960976839065552,-0.20735636353492737,0.7825798988342285,0.5992621183395386,-0.16868209838867188,-0.6445732116699219,0.0,0.0,0.0,1.0
-0.28255313634872437,0.10147815197706223,-0.9538689255714417,4.156076431274414,-0.5544378757476807,0.7941880226135254,0.2487248331308365,-0.20420406758785248,0.7827913761138916,0.5991390943527222,-0.16813695430755615,-0.6435695886611938,0.0,0.0,0.0,1.0
-0.28423407673835754,0.10134553909301758,-0.9533835053443909,4.161463260650635,-0.5539939999580383,0.7942262887954712,0.24959026277065277,-0.2087319791316986,0.7824970483779907,0.5991107821464539,-0.16960133612155914,-0.6444162130355835,0.0,0.0,0.0,1.0
-0.2827809453010559,0.10147823393344879,-0.9538013935089111,4.154438495635986,-0.5539170503616333,0.7945408821105957,0.24875807762145996,-0.20407655835151672,0.7830777764320374,0.5986709594726562,-0.16847050189971924,-0.6438378095626831,0.0,0.0,0.0,1.0
-0.28316155076026917,0.10158059000968933,-0.9536775946617126,4.156826972961426,-0.5538673996925354,0.7944762706756592,0.2490750551223755,-0.20585083961486816,0.782975435256958,0.5987393260002136,-0.16870293021202087,-0.6431441903114319,0.0,0.0,0.0,1.0
-0.2834443151950836,0.1015835702419281,-0.9535932540893555,4.16178560256958,-0.5534093379974365,0.7947690486907959,0.2491588592529297,-0.20752468705177307,0.7831969261169434,0.5983501076698303,-0.16905546188354492,-0.6426734328269958,0.0,0.0,0.0,1.0
-0.2831990420818329,0.10125771909952164,-0.9537007808685303,4.155313014984131,-0.5537395477294922,0.7946509122848511,0.24880237877368927,-0.2046416699886322,0.7830523252487183,0.5985623598098755,-0.16897396743297577,-0.6443485021591187,0.0,0.0,0.0,1.0
-0.2838786542415619,0.10084410756826401,-0.9535425305366516,4.1626691818237305,-0.5536087155342102,0.7947231531143188,0.2488623708486557,-0.20783671736717224,0.7828985452651978,0.5985362529754639,-0.1697767674922943,-0.6434199810028076,0.0,0.0,0.0,1.0
-0.2833213806152344,0.10265418887138367,-0.9535151124000549,4.152451038360596,-0.5541628003120422,0.7939372062683105,0.2501346468925476,-0.20585687458515167,0.7827085256576538,0.5992711186408997,-0.16805225610733032,-0.647905170917511,0.0,0.0,0.0,1.0
-0.2818957269191742,0.10233482718467712,-0.9539719223976135,4.152400493621826,-0.5544215440750122,0.7941082715988159,0.2490157037973404,-0.20502473413944244,0.783039927482605,0.5990990400314331,-0.1671190857887268,-0.6471828818321228,0.0,0.0,0.0,1.0
-0.28339511156082153,0.10214555263519287,-0.9535478353500366,4.162080764770508,-0.5530762672424316,0.7948864102363586,0.24952414631843567,-0.209457129240036,0.7834500074386597,0.5980985760688782,-0.1687726527452469,-0.6448280811309814,0.0,0.0,0.0,1.0
-0.28244325518608093,0.1028989776968956,-0.9537492394447327,4.154876232147217,-0.5538060069084167,0.7943220138549805,0.24970263242721558,-0.20486479997634888,0.783278226852417,0.5987188816070557,-0.16736483573913574,-0.6447269320487976,0.0,0.0,0.0,1.0
-0.28329235315322876,0.10324832797050476,-0.953459620475769,4.1622090339660645,-0.5532104969024658,0.7945153713226318,0.2504067122936249,-0.207495778799057,0.7833924293518066,0.5984021425247192,-0.16796207427978516,-0.6459792852401733,0.0,0.0,0.0,1.0
-0.2817513942718506,0.10185703635215759,-0.9540656805038452,4.145144462585449,-0.5536441206932068,0.7948557138442993,0.24835987389087677,-0.2051193118095398,0.7836416959762573,0.5981885194778442,-0.16755914688110352,-0.6495446562767029,0.0,0.0,0.0,1.0
-0.28283587098121643,0.10175338387489319,-0.953755795955658,4.147010326385498,-0.5533863306045532,0.7948638200759888,0.2489081174135208,-0.2056485414505005,0.783433198928833,0.5981955528259277,-0.16850703954696655,-0.6513020992279053,0.0,0.0,0.0,1.0
-0.28226566314697266,0.10194305330514908,-0.9539044499397278,4.149236679077148,-0.5536642670631409,0.7947155833244324,0.24876300990581512,-0.2034357637166977,0.7834423780441284,0.5983600616455078,-0.16787868738174438,-0.6475319266319275,0.0,0.0,0.0,1.0
-0.28206878900527954,0.10213696956634521,-0.9539419412612915,4.1533684730529785,-0.5536743998527527,0.7946964502334595,0.24880148470401764,-0.20565050840377808,0.7835060954093933,0.5983524322509766,-0.16760843992233276,-0.6471767425537109,0.0,0.0,0.0,1.0
-0.2823212444782257,0.10250591486692429,-0.9538276791572571,4.152454853057861,-0.5544003248214722,0.793994665145874,0.24942466616630554,-0.20484109222888947,0.7829015851020813,0.599220335483551,-0.1673322319984436,-0.6457826495170593,0.0,0.0,0.0,1.0
-0.2825002372264862,0.10208748281002045,-0.9538195729255676,4.151791095733643,-0.5543021559715271,0.7941434383392334,0.24916934967041016,-0.20485568046569824,0.7829066514968872,0.5990946292877197,-0.16775842010974884,-0.6471417546272278,0.0,0.0,0.0,1.0
-0.2842870056629181,0.10250762104988098,-0.9532434344291687,4.170530796051025,-0.5526435375213623,0.7949433326721191,0.2503003180027008,-0.21234506368637085,0.7834322452545166,0.5979609489440918,-0.16934189200401306,-0.6448255181312561,0.0,0.0,0.0,1.0
-0.2837727665901184,0.10312100499868393,-0.9533305168151855,4.165646076202393,-0.5525037050247192,0.7949919700622559,0.25045445561408997,-0.20909430086612701,0.7837172746658325,0.5977907180786133,-0.16862232983112335,-0.6449975967407227,0.0,0.0,0.0,1.0
-0.28421351313591003,0.10246831923723221,-0.9532696008682251,4.170780658721924,-0.5526342988014221,0.7949754595756531,0.2502187490463257,-0.21293917298316956,0.7834654450416565,0.5979249477386475,-0.16931524872779846,-0.6448417901992798,0.0,0.0,0.0,1.0
-0.2843431830406189,0.1026456281542778,-0.9532118439674377,4.169214248657227,-0.5521708130836487,0.7952563762664795,0.2503489553928375,-0.2125001847743988,0.7837451100349426,0.5975207686424255,-0.16944782435894012,-0.6438966393470764,0.0,0.0,0.0,1.0
-0.2837027311325073,0.10337398201227188,-0.9533239603042603,4.167837619781494,-0.5530954599380493,0.7944878339767456,0.250747948884964,-0.2106594741344452,0.7833250761032104,0.5984169840812683,-0.16822268068790436,-0.6446520090103149,0.0,0.0,0.0,1.0
-0.28280842304229736,0.10226914286613464,-0.9537087678909302,4.156320571899414,-0.5536500811576843,0.7945328950881958,0.24937710165977478,-0.2055208384990692,0.7832565903663635,0.5985469818115234,-0.16807930171489716,-0.64580899477005,0.0,0.0,0.0,1.0
-0.28379279375076294,0.10294058918952942,-0.9533440470695496,4.162562370300293,-0.553322434425354,0.7944101691246033,0.25049296021461487,-0.20911654829978943,0.7831321954727173,0.5985947847366333,-0.168488547205925,-0.644352376461029,0.0,0.0,0.0,1.0
-0.2842835783958435,0.10238882899284363,-0.9532572627067566,4.160284996032715,-0.5533357262611389,0.7944464087486267,0.25034868717193604,-0.20862267911434174,0.7829446792602539,0.5986412763595581,-0.16919267177581787,-0.645248532295227,0.0,0.0,0.0,1.0
-0.2836584150791168,0.10229158401489258,-0.9534538984298706,4.157032012939453,-0.5532011985778809,0.7947000861167908,0.2498404085636139,-0.20703259110450745,0.7832664251327515,0.5983211994171143,-0.16883553564548492,-0.6471673846244812,0.0,0.0,0.0,1.0
-0.2838960587978363,0.10266818851232529,-0.9533426761627197,4.160411834716797,-0.5526594519615173,0.7949673533439636,0.25018882751464844,-0.20839379727840424,0.7835627198219299,0.597901463508606,-0.16894756257534027,-0.6476898193359375,0.0,0.0,0.0,1.0
-0.28518640995025635,0.10245122015476227,-0.9529808163642883,4.1680707931518555,-0.5519686937332153,0.7952926158905029,0.2506794035434723,-0.21330760419368744,0.7835810780525208,0.5975059270858765,-0.17025679349899292,-0.6472060084342957,0.0,0.0,0.0,1.0
-0.28017640113830566,0.10178302973508835,-0.9545372724533081,4.1498284339904785,-0.5547351241111755,0.7943540811538696,0.2475287914276123,-0.2027701437473297,0.7834347486495972,0.5988670587539673,-0.16609664261341095,-0.6457358002662659,0.0,0.0,0.0,1.0
-0.28135108947753906,0.10195274651050568,-0.9541735649108887,4.150699615478516,-0.5548293590545654,0.7940044403076172,0.2484377771615982,-0.20455054938793182,0.7829469442367554,0.5993016958236694,-0.16682764887809753,-0.6471990346908569,0.0,0.0,0.0,1.0
-0.2817911207675934,0.1024714782834053,-0.9539881348609924,4.158452033996582,-0.5542981624603271,0.7941878437995911,0.2490365356206894,-0.20494593679904938,0.7831649780273438,0.5989701747894287,-0.1669953167438507,-0.6425862908363342,0.0,0.0,0.0,1.0
-0.2811947166919708,0.10167860984802246,-0.9542489051818848,4.1456990242004395,-0.5548516511917114,0.7940899133682251,0.24811480939388275,-0.1984494924545288,0.7829873561859131,0.5992351770401001,-0.16687731444835663,-0.6377206444740295,0.0,0.0,0.0,1.0
-0.2841038107872009,0.10225705802440643,-0.9533249735832214,4.1698455810546875,-0.5541114211082458,0.7939234972000122,0.2502918541431427,-0.2061237245798111,0.7824611663818359,0.5993571877479553,-0.16889488697052002,-0.6346086859703064,0.0,0.0,0.0,1.0
-0.28399887681007385,0.10244909673929214,-0.9533356428146362,4.169540882110596,-0.5545831322669983,0.79353266954422,0.25048646330833435,-0.20048514008522034,0.7821651101112366,0.5998417735099792,-0.16854582726955414,-0.6316262483596802,0.0,0.0,0.0,1.0
-0.28504493832588196,0.10235312581062317,-0.9530336856842041,4.178318023681641,-0.5558071136474609,0.7924057245254517,0.25133970379829407,-0.20879913866519928,0.7809147834777832,0.6013460755348206,-0.1689826250076294,-0.6293137073516846,0.0,0.0,0.0,1.0
-0.28537359833717346,0.10131578147411346,-0.9530462026596069,4.174331188201904,-0.5558777451515198,0.792557954788208,0.2507028877735138,-0.20528747141361237,0.7807444930076599,0.6013211011886597,-0.16985590755939484,-0.6313685774803162,0.0,0.0,0.0,1.0
-0.28551408648490906,0.10113775730133057,-0.9530230164527893,4.162913799285889,-0.5551893711090088,0.793105959892273,0.2504948377609253,-0.19406524300575256,0.7811827659606934,0.6006280183792114,-0.17029233276844025,-0.6303160190582275,0.0,0.0,0.0,1.0
-0.2860894799232483,0.10106859356164932,-0.9528577923774719,4.173483848571777,-0.5570957064628601,0.7915377020835876,0.25122198462486267,-0.197433739900589,0.7796135544776917,0.6027049422264099,-0.17014573514461517,-0.6309859156608582,0.0,0.0,0.0,1.0
-0.28762081265449524,0.09972593188285828,-0.9525381922721863,4.1829657554626465,-0.5593219995498657,0.7898516654968262,0.2515818476676941,-0.19640247523784637,0.7774530649185181,0.6051356792449951,-0.1713988482952118,-0.6318749785423279,0.0,0.0,0.0,1.0
-0.2851381003856659,0.1030115932226181,-0.9529348611831665,4.15933895111084,-0.5500068664550781,0.7966470718383789,0.25069060921669006,-0.21532490849494934,0.7849767804145813,0.59560227394104,-0.1704973578453064,-0.6512171626091003,0.0,0.0,0.0,1.0
-0.2847684919834137,0.10241186618804932,-0.9531100392341614,4.156002521514893,-0.549891471862793,0.7969658374786377,0.24992971122264862,-0.21257369220256805,0.7851918935775757,0.5952791571617126,-0.17063532769680023,-0.6535207629203796,0.0,0.0,0.0,1.0
-0.28372445702552795,0.10202097147703171,-0.9534632563591003,4.151181221008301,-0.5507571697235107,0.7966187000274658,0.24912874400615692,-0.20861174166202545,0.7849630117416382,0.59581059217453,-0.16983145475387573,-0.6542439460754395,0.0,0.0,0.0,1.0
-0.2836284339427948,0.10189466178417206,-0.9535053372383118,4.151158809661865,-0.5508074760437012,0.7966326475143433,0.24897319078445435,-0.207830548286438,0.78496253490448,0.5958136916160583,-0.1698233187198639,-0.6548396348953247,0.0,0.0,0.0,1.0
-0.2842894196510315,0.10227425396442413,-0.9532678127288818,4.156031608581543,-0.550338625907898,0.7967580556869507,0.24960799515247345,-0.21163125336170197,0.7850522398948669,0.5955809950828552,-0.1702243983745575,-0.6524021625518799,0.0,0.0,0.0,1.0
-0.28453555703163147,0.10273854434490204,-0.9531444311141968,4.153326034545898,-0.550182580947876,0.7967056632041931,0.25011831521987915,-0.21070151031017303,0.785072386264801,0.5955710411071777,-0.17016611993312836,-0.6536693572998047,0.0,0.0,0.0,1.0
-0.2835261821746826,0.10107310861349106,-0.9536231756210327,4.149809837341309,-0.5502936840057373,0.797256588935852,0.24811044335365295,-0.2074277102947235,0.7853596806526184,0.5951186418533325,-0.170423224568367,-0.6598674058914185,0.0,0.0,0.0,1.0
-0.28385016322135925,0.10095853358507156,-0.9535388946533203,4.151904582977295,-0.5504359006881714,0.7971146106719971,0.24825085699558258,-0.20799846947193146,0.7851428985595703,0.5953280925750732,-0.17068994045257568,-0.6596468687057495,0.0,0.0,0.0,1.0
-0.284555047750473,0.10232269763946533,-0.9531833529472351,4.157352924346924,-0.5504204034805298,0.7966303825378418,0.24983471632003784,-0.209825798869133,0.7848985195159912,0.5957432985305786,-0.17036470770835876,-0.6515587568283081,0.0,0.0,0.0,1.0
-0.28492462635040283,0.1013517901301384,-0.9531766772270203,4.159187316894531,-0.5516158938407898,0.7959023714065552,0.24951834976673126,-0.206576406955719,0.7839246988296509,0.5968813300132751,-0.17086492478847504,-0.6493754386901855,0.0,0.0,0.0,1.0
-0.28912410140037537,0.10272052139043808,-0.9517645239830017,4.203774452209473,-0.5560756921768188,0.7912650108337402,0.2543213665485382,-0.21034549176692963,0.7792220115661621,0.6027835607528687,-0.17165343463420868,-0.6301615834236145,0.0,0.0,0.0,1.0
-0.2867297828197479,0.09855327755212784,-0.9529287815093994,4.163404941558838,-0.5495354533195496,0.7978551387786865,0.24786682426929474,-0.20460428297519684,0.7847272157669067,0.5947389602661133,-0.17461030185222626,-0.6564043760299683,0.0,0.0,0.0,1.0
-0.2881261110305786,0.1004461944103241,-0.952309787273407,4.172194957733154,-0.5501907467842102,0.7965852618217468,0.2504838705062866,-0.20411458611488342,0.7837560176849365,0.5961229205131531,-0.1742524355649948,-0.64461350440979,0.0,0.0,0.0,1.0
-0.2893505096435547,0.10278448462486267,-0.951688826084137,4.187163352966309,-0.5514393448829651,0.7947669625282288,0.2534956634044647,-0.20404013991355896,0.7824262380599976,0.5981477499008179,-0.1732868254184723,-0.6332968473434448,0.0,0.0,0.0,1.0
-0.2913042902946472,0.1037507876753807,-0.950987696647644,4.201700687408447,-0.5540465116500854,0.7921042442321777,0.2561311721801758,-0.2042737901210785,0.7798553109169006,0.6015034914016724,-0.1732606291770935,-0.6251221299171448,0.0,0.0,0.0,1.0
-0.2919645309448242,0.10481830686330795,-0.9506680965423584,4.207370281219482,-0.5534595251083374,0.7921313047409058,0.25731420516967773,-0.20172375440597534,0.7800251245498657,0.6012828946113586,-0.17326155304908752,-0.6254256963729858,0.0,0.0,0.0,1.0
-0.2911464273929596,0.10429012775421143,-0.9509770274162292,4.193060398101807,-0.5541412234306335,0.7919186353683472,0.2564999461174011,-0.1915755569934845,0.7798468470573425,0.6016546487808228,-0.1727728247642517,-0.6270996332168579,0.0,0.0,0.0,1.0
-0.291130930185318,0.10574791580438614,-0.950820803642273,4.201544761657715,-0.5541254281997681,0.7915401458740234,0.25770023465156555,-0.1981724351644516,0.7798640131950378,0.6018984317779541,-0.17184418439865112,-0.6223600506782532,0.0,0.0,0.0,1.0
-0.2920535206794739,0.10447899997234344,-0.9506781101226807,4.195949554443359,-0.5535931587219238,0.7921015024185181,0.2571183741092682,-0.1922740936279297,0.7798969745635986,0.6013811826705933,-0.17349717020988464,-0.6285945177078247,0.0,0.0,0.0,1.0
-0.2920413017272949,0.10558809340000153,-0.9505593180656433,4.205853462219238,-0.5537477135658264,0.7916842699050903,0.2580687403678894,-0.20112130045890808,0.7797918915748596,0.6017367243766785,-0.17273534834384918,-0.6263420581817627,0.0,0.0,0.0,1.0
-0.2920593321323395,0.10565327107906342,-0.9505465626716614,4.204689025878906,-0.5536596775054932,0.7917308807373047,0.2581150531768799,-0.19701281189918518,0.7798477411270142,0.601664125919342,-0.17273642122745514,-0.6258202791213989,0.0,0.0,0.0,1.0
-0.2920127809047699,0.10495150089263916,-0.9506385922431946,4.203577995300293,-0.5539381504058838,0.7917159795761108,0.25756245851516724,-0.1963368058204651,0.779667317867279,0.6018065214157104,-0.1730545610189438,-0.6248968243598938,0.0,0.0,0.0,1.0
-0.287034273147583,0.09521494805812836,-0.9531764984130859,4.152781009674072,-0.5489163994789124,0.7991275787353516,0.24512429535388947,-0.19683566689491272,0.7850491404533386,0.593573272228241,-0.17711196839809418,-0.6635377407073975,0.0,0.0,0.0,1.0
-0.2873465418815613,0.09498509764671326,-0.9531053304672241,4.160816669464111,-0.551497757434845,0.797167181968689,0.24571259319782257,-0.19436341524124146,0.7831233739852905,0.5962401628494263,-0.17667916417121887,-0.6528865694999695,0.0,0.0,0.0,1.0
-0.29144150018692017,0.09742140024900436,-0.9516149163246155,4.1908440589904785,-0.5545186996459961,0.7933992147445679,0.2510509788990021,-0.20350579917430878,0.779468297958374,0.6008549332618713,-0.17720746994018555,-0.6355672478675842,0.0,0.0,0.0,1.0
-0.2935165762901306,0.09798373281955719,-0.9509191513061523,4.199802398681641,-0.5551621913909912,0.7923287749290466,0.25300219655036926,-0.20601344108581543,0.7782306671142578,0.6021746397018433,-0.1781647652387619,-0.6354926824569702,0.0,0.0,0.0,1.0
-0.2926419973373413,0.09760485589504242,-0.951227605342865,4.194193363189697,-0.5543302893638611,0.7932514548301697,0.25193288922309875,-0.20258551836013794,0.779152512550354,0.6010204553604126,-0.17803335189819336,-0.6365994811058044,0.0,0.0,0.0,1.0
-0.2917559742927551,0.0969921350479126,-0.9515624046325684,4.189273834228516,-0.5543718338012695,0.7935617566108704,0.25086167454719543,-0.20078152418136597,0.7794551253318787,0.6007097959518433,-0.177756667137146,-0.6375824213027954,0.0,0.0,0.0,1.0
-0.29280856251716614,0.09795164316892624,-0.9511407017707825,4.1954426765441895,-0.5546385645866394,0.7928874492645264,0.25239959359169006,-0.20398718118667603,0.7788704633712769,0.6014440655708313,-0.17783646285533905,-0.6346744298934937,0.0,0.0,0.0,1.0
-0.29221341013908386,0.0971585288643837,-0.9514050483703613,4.197240829467773,-0.5536831021308899,0.793955385684967,0.2511371672153473,-0.20371133089065552,0.7797732353210449,0.6001625061035156,-0.17820939421653748,-0.6368948221206665,0.0,0.0,0.0,1.0
-0.29346004128456116,0.0980292484164238,-0.9509319067001343,4.1917266845703125,-0.5548239350318909,0.7925899028778076,0.2529262602329254,-0.20026637613773346,0.7784931659698486,0.6018235087394714,-0.1782044768333435,-0.6372072696685791,0.0,0.0,0.0,1.0
-0.2927723526954651,0.09791858494281769,-0.9511552453041077,4.196247577667236,-0.5548361539840698,0.7927509546279907,0.2523938715457916,-0.204892098903656,0.7787432670593262,0.6016293168067932,-0.1777667999267578,-0.6355955004692078,0.0,0.0,0.0,1.0
-0.2913908362388611,0.09731139987707138,-0.9516416788101196,4.190451622009277,-0.5542954206466675,0.793610692024231,0.25087592005729675,-0.20157013833522797,0.779646098613739,0.6005935668945312,-0.17731161415576935,-0.6372988224029541,0.0,0.0,0.0,1.0
-0.28911304473876953,0.09423208981752396,-0.9526457786560059,4.14489221572876,-0.5512884259223938,0.7971738576889038,0.24616076052188873,-0.20129403471946716,0.7826205492019653,0.5963508486747742,-0.17852427065372467,-0.668469250202179,0.0,0.0,0.0,1.0
-0.2874317169189453,0.0936601385474205,-0.9532107710838318,4.137641429901123,-0.549453854560852,0.799042820930481,0.2441946119070053,-0.18826279044151306,0.7845275402069092,0.5939346551895142,-0.1782083362340927,-0.6751793622970581,0.0,0.0,0.0,1.0
-0.28821370005607605,0.09449351578950882,-0.9528923630714417,4.139317989349365,-0.5494344830513,0.7986913919448853,0.24538521468639374,-0.18943370878696442,0.7842541933059692,0.5942752957344055,-0.17827580869197845,-0.6722326874732971,0.0,0.0,0.0,1.0
-0.28813838958740234,0.09413456171751022,-0.952950656414032,4.1400227546691895,-0.5502297878265381,0.7981952428817749,0.24521739780902863,-0.19128616154193878,0.7837241291999817,0.5949983596801758,-0.178195059299469,-0.6726354956626892,0.0,0.0,0.0,1.0
-0.28831204771995544,0.09466159343719482,-0.9528459310531616,4.139946460723877,-0.5492770671844482,0.7987481355667114,0.24555279314517975,-0.18963885307312012,0.7843283414840698,0.5941722393035889,-0.17829327285289764,-0.671257734298706,0.0,0.0,0.0,1.0
-0.2882715165615082,0.09406867623329163,-0.9529169201850891,4.143037796020508,-0.5491724014282227,0.798987865447998,0.24500614404678345,-0.18788421154022217,0.7844164371490479,0.5939439535140991,-0.17866553366184235,-0.6742520332336426,0.0,0.0,0.0,1.0
-0.28880438208580017,0.0933934897184372,-0.9528219699859619,4.143004417419434,-0.5509864091873169,0.7976807355880737,0.24519316852092743,-0.19347189366817474,0.7829470634460449,0.5958048105239868,-0.1789151132106781,-0.6727979183197021,0.0,0.0,0.0,1.0
-0.2885406017303467,0.09308924525976181,-0.9529316425323486,4.142839431762695,-0.5494386553764343,0.7989854216575623,0.24441659450531006,-0.19159701466560364,0.7841309905052185,0.59410160779953,-0.17939288914203644,-0.6742980480194092,0.0,0.0,0.0,1.0
-0.28826868534088135,0.09445932507514954,-0.9528791308403015,4.140809059143066,-0.5485625267028809,0.7993494868278503,0.24519309401512146,-0.18789374828338623,0.784844160079956,0.5933952331542969,-0.17861056327819824,-0.67295902967453,0.0,0.0,0.0,1.0
-0.2878749966621399,0.09298500418663025,-0.9531431198120117,4.142190933227539,-0.5497664213180542,0.7988929748535156,0.24398130178451538,-0.191939115524292,0.7841459512710571,0.5942422151565552,-0.17886127531528473,-0.6750372648239136,0.0,0.0,0.0,1.0
-0.288351446390152,0.09388242661952972,-0.9529110789299011,4.142527103424072,-0.5480111837387085,0.799898087978363,0.24463583528995514,-0.18674705922603607,0.7851987481117249,0.5927470326423645,-0.17920313775539398,-0.677669882774353,0.0,0.0,0.0,1.0
-0.28731948137283325,0.09476350992918015,-0.9531355500221252,4.132019996643066,-0.5462456941604614,0.8012006878852844,0.24432161450386047,-0.18298500776290894,0.7868056893348694,0.5908446311950684,-0.17843639850616455,-0.6755158305168152,0.0,0.0,0.0,1.0
-0.2859487533569336,0.09457235783338547,-0.9535666704177856,4.132973670959473,-0.5472460389137268,0.8007615208625793,0.24352173507213593,-0.18795786798000336,0.786609947681427,0.5914703607559204,-0.17722240090370178,-0.673655092716217,0.0,0.0,0.0,1.0
-0.2869624197483063,0.09417284280061722,-0.9533016681671143,4.135977745056152,-0.5478506088256836,0.8002133369445801,0.24396362900733948,-0.19175131618976593,0.7858194708824158,0.5922752618789673,-0.17803852260112762,-0.6728989481925964,0.0,0.0,0.0,1.0
-0.28706395626068115,0.0942799299955368,-0.9532604813575745,4.137157440185547,-0.5469033718109131,0.8008795380592346,0.2439030259847641,-0.19069033861160278,0.7864420413970947,0.5913571119308472,-0.17834165692329407,-0.6750116944313049,0.0,0.0,0.0,1.0
-0.2866540849208832,0.09568236768245697,-0.9532440900802612,4.126124382019043,-0.5448169708251953,0.8021636605262756,0.2443518340587616,-0.18554992973804474,0.788037896156311,0.5893880128860474,-0.17781411111354828,-0.6736027002334595,0.0,0.0,0.0,1.0
-0.28505969047546387,0.09560095518827438,-0.9537302851676941,4.1292500495910645,-0.5402907729148865,0.8058497309684753,0.24226462841033936,-0.1870897263288498,0.7917239665985107,0.5843515396118164,-0.17806293070316315,-0.6846768260002136,0.0,0.0,0.0,1.0
-0.28515931963920593,0.09609869122505188,-0.9536504745483398,4.132228374481201,-0.5378662943840027,0.8074886798858643,0.24220213294029236,-0.19100865721702576,0.793337345123291,0.5820026397705078,-0.17857466638088226,-0.6858107447624207,0.0,0.0,0.0,1.0
-0.2850343585014343,0.09798033535480499,-0.9534963369369507,4.135969638824463,-0.5256868600845337,0.8158318400382996,0.24098078906536102,-0.1942761093378067,0.8015040159225464,0.5699282884597778,-0.18103311955928802,-0.6933850049972534,0.0,0.0,0.0,1.0
-0.2814047932624817,0.09554970264434814,-0.9548202157020569,4.128393173217773,-0.5200117826461792,0.8210746049880981,0.23542360961437225,-0.18959888815879822,0.8064733743667603,0.5627670288085938,-0.18136735260486603,-0.6974440217018127,0.0,0.0,0.0,1.0
-0.27951720356941223,0.09662819653749466,-0.955265998840332,4.128514766693115,-0.507804274559021,0.8295066952705383,0.23249416053295135,-0.18825088441371918,0.814864993095398,0.5500742793083191,-0.18279317021369934,-0.6961116790771484,0.0,0.0,0.0,1.0
-0.2790306806564331,0.09656770527362823,-0.955414354801178,4.127147197723389,-0.504400908946991,0.8318873643875122,0.23139362037181854,-0.18666349351406097,0.8171423077583313,0.5464777946472168,-0.18341326713562012,-0.6969199776649475,0.0,0.0,0.0,1.0
-0.28570953011512756,0.09622897952795029,-0.9534726142883301,4.152251720428467,-0.5514233708381653,0.7972242832183838,0.24569450318813324,-0.20996785163879395,0.7837744355201721,0.5959643721580505,-0.1747116595506668,-0.6547890305519104,0.0,0.0,0.0,1.0
-0.2836976647377014,0.09800861775875092,-0.9538919925689697,4.145029067993164,-0.549558162689209,0.7985725998878479,0.24549461901187897,-0.20256341993808746,0.7858126163482666,0.5938653945922852,-0.1726917326450348,-0.6574611663818359,0.0,0.0,0.0,1.0
-0.28506535291671753,0.0967109352350235,-0.9536166787147522,4.150968074798584,-0.5503537058830261,0.7980380654335022,0.24545061588287354,-0.20699359476566315,0.7847601175308228,0.5947959423065186,-0.17426779866218567,-0.658065676689148,0.0,0.0,0.0,1.0
-0.2842055857181549,0.09748364984989166,-0.9537945985794067,4.147313594818115,-0.5483267307281494,0.799538254737854,0.2451045960187912,-0.20274807512760162,0.786488950252533,0.5926511287689209,-0.17378035187721252,-0.6578435897827148,0.0,0.0,0.0,1.0
-0.2860969603061676,0.09690994769334793,-0.9532874822616577,4.152054786682129,-0.549976646900177,0.798071026802063,0.2461877018213272,-0.21040324866771698,0.784649133682251,0.594719409942627,-0.1750274896621704,-0.6567867994308472,0.0,0.0,0.0,1.0
-0.2839043140411377,0.09769528359174728,-0.9538626670837402,4.146572113037109,-0.5476689338684082,0.8000373840332031,0.2449466586112976,-0.20137619972229004,0.7870559692382812,0.5919423699378967,-0.17362940311431885,-0.6600850224494934,0.0,0.0,0.0,1.0
-0.28342342376708984,0.09803763777017593,-0.9539705514907837,4.141816139221191,-0.5471651554107666,0.800420880317688,0.24481971561908722,-0.1970149725675583,0.7875794768333435,0.5913671255111694,-0.17321522533893585,-0.6620026230812073,0.0,0.0,0.0,1.0
-0.2842303514480591,0.09761606156826019,-0.9537736773490906,4.144359111785889,-0.54662024974823,0.8007826805114746,0.24485400319099426,-0.19727537035942078,0.7876670360565186,0.5909469127655029,-0.17424780130386353,-0.6658651828765869,0.0,0.0,0.0,1.0
-0.28542742133140564,0.09730660170316696,-0.9534477591514587,4.150388240814209,-0.5475972890853882,0.7998964786529541,0.24556614458560944,-0.20308908820152283,0.7865546941757202,0.5921967029571533,-0.17502754926681519,-0.6624974012374878,0.0,0.0,0.0,1.0
-0.2851733863353729,0.09826340526342392,-0.9534256458282471,4.149453163146973,-0.5459747910499573,0.8009182214736938,0.2458486557006836,-0.20195679366588593,0.7877739071846008,0.5906558632850647,-0.17475122213363647,-0.6619787812232971,0.0,0.0,0.0,1.0
-0.2849001884460449,0.0981128066778183,-0.953522801399231,4.15061092376709,-0.544845461845398,0.8018550276756287,0.24529965221881866,-0.20129236578941345,0.788654088973999,0.5894084572792053,-0.17499233782291412,-0.6655179262161255,0.0,0.0,0.0,1.0
-0.28291019797325134,0.09871082752943039,-0.9540534615516663,4.141660690307617,-0.5510332584381104,0.7974286675453186,0.2459063082933426,-0.20243094861507416,0.7850632071495056,0.5952845811843872,-0.1712077409029007,-0.6607241034507751,0.0,0.0,0.0,1.0
-0.28369349241256714,0.09846340119838715,-0.9538463950157166,4.150031089782715,-0.5503427386283875,0.7978626489639282,0.24604476988315582,-0.2058340162038803,0.7852648496627808,0.5947437882423401,-0.172159805893898,-0.6598313450813293,0.0,0.0,0.0,1.0
-0.28328371047973633,0.09898550808429718,-0.9539141654968262,4.149287223815918,-0.5497857332229614,0.7982295751571655,0.24610021710395813,-0.20219941437244415,0.7858028411865234,0.5941644906997681,-0.17170462012290955,-0.6604489088058472,0.0,0.0,0.0,1.0
-0.28250443935394287,0.09882833063602448,-0.954161524772644,4.147674083709717,-0.5494440793991089,0.7986797094345093,0.24540142714977264,-0.20253238081932068,0.7863221168518066,0.5935854315757751,-0.17132993042469025,-0.6638885736465454,0.0,0.0,0.0,1.0
-0.28193399310112,0.09927314519882202,-0.9542840719223022,4.145698070526123,-0.5488941669464111,0.7990907430648804,0.2452940195798874,-0.19795405864715576,0.7869106531143188,0.592957615852356,-0.17080038785934448,-0.6651971340179443,0.0,0.0,0.0,1.0
-0.2773187458515167,0.09601069986820221,-0.9559687376022339,4.136300086975098,-0.5452052354812622,0.8035520315170288,0.23886266350746155,-0.18725159764289856,0.7911039590835571,0.5874403119087219,-0.17049451172351837,-0.6777644753456116,0.0,0.0,0.0,1.0
-0.277461975812912,0.09591814875602722,-0.9559364914894104,4.1356916427612305,-0.5433121919631958,0.8049509525299072,0.23846550285816193,-0.18557116389274597,0.7923551797866821,0.5855370759963989,-0.1712297797203064,-0.6775911450386047,0.0,0.0,0.0,1.0
-0.2744416296482086,0.09500662237405777,-0.9568989276885986,4.120236396789551,-0.5391359329223633,0.8087901473045349,0.23492740094661713,-0.1711127907037735,0.7962501049041748,0.5803724527359009,-0.17074419558048248,-0.6800659894943237,0.0,0.0,0.0,1.0
-0.2746293842792511,0.09571895748376846,-0.9567740559577942,4.126002311706543,-0.5393633246421814,0.8084155321121216,0.2356937825679779,-0.17624443769454956,0.7960313558578491,0.5807772278785706,-0.1703873723745346,-0.6776394844055176,0.0,0.0,0.0,1.0
-0.27404865622520447,0.09632162749767303,-0.9568800926208496,4.119469165802002,-0.5380289554595947,0.8093430995941162,0.23556067049503326,-0.17290601134300232,0.7971339225769043,0.5793842077255249,-0.16997553408145905,-0.6787628531455994,0.0,0.0,0.0,1.0
-0.27450793981552124,0.09578828513622284,-0.9568019509315491,4.119646072387695,-0.5368993878364563,0.8102120161056519,0.23514999449253082,-0.17168781161308289,0.7977370023727417,0.5782569646835327,-0.17098097503185272,-0.6804339289665222,0.0,0.0,0.0,1.0
-0.2843046188354492,0.10070649534463882,-0.95343017578125,4.158014297485352,-0.5524329543113708,0.7955718636512756,0.24876335263252258,-0.21578702330589294,0.7835743427276611,0.5974307656288147,-0.17055116593837738,-0.6617488861083984,0.0,0.0,0.0,1.0
-0.281866192817688,0.10133744776248932,-0.9540870785713196,4.148698329925537,-0.5523017644882202,0.7959909439086914,0.24771207571029663,-0.21119892597198486,0.7845472097396851,0.5967656970024109,-0.1683940589427948,-0.6625684499740601,0.0,0.0,0.0,1.0
-0.285065233707428,0.10018613934516907,-0.9532578587532043,4.16208028793335,-0.5512193441390991,0.796480655670166,0.24854741990566254,-0.21351264417171478,0.7841523885726929,0.5963063836097717,-0.1718244105577469,-0.6639387011528015,0.0,0.0,0.0,1.0
-0.28112393617630005,0.10068868100643158,-0.9543747305870056,4.147725582122803,-0.5525617003440857,0.7961075305938721,0.24675562977790833,-0.20504069328308105,0.7846304178237915,0.5967198610305786,-0.16816818714141846,-0.6662308573722839,0.0,0.0,0.0,1.0
-0.28442755341529846,0.10039392113685608,-0.9534264802932739,4.157057762145996,-0.5508724451065063,0.796816349029541,0.24824024736881256,-0.2096593827009201,0.7846276760101318,0.5958226919174194,-0.17133228480815887,-0.6686627864837646,0.0,0.0,0.0,1.0
-0.2803662419319153,0.09969650208950043,-0.9547017216682434,4.147327423095703,-0.5516341924667358,0.7972157001495361,0.24524854123592377,-0.20391546189785004,0.7855536937713623,0.5954054594039917,-0.1685163825750351,-0.6698521375656128,0.0,0.0,0.0,1.0
-0.2806354761123657,0.09890143573284149,-0.9547052979469299,4.153160572052002,-0.5509658455848694,0.7978734970092773,0.2446109801530838,-0.2021181881427765,0.785926342010498,0.5946565866470337,-0.1694203019142151,-0.6723247766494751,0.0,0.0,0.0,1.0
-0.2800719141960144,0.09895460307598114,-0.9548652768135071,4.148763656616211,-0.5521189570426941,0.7970956563949585,0.24454684555530548,-0.2027336210012436,0.7853180170059204,0.5956898927688599,-0.1686094105243683,-0.6704246997833252,0.0,0.0,0.0,1.0
-0.2813001871109009,0.09945262223482132,-0.954452395439148,4.1562724113464355,-0.5500364303588867,0.7983057498931885,0.24529136717319489,-0.20565402507781982,0.7863397598266602,0.5939841270446777,-0.16986098885536194,-0.6724966764450073,0.0,0.0,0.0,1.0
-0.27766555547714233,0.09838499128818512,-0.9556266069412231,4.135043144226074,-0.5517096519470215,0.7980152368545532,0.2424623817205429,-0.19231554865837097,0.7864593267440796,0.5945519208908081,-0.16730140149593353,-0.6746229529380798,0.0,0.0,0.0,1.0
-0.27748459577560425,0.09844159334897995,-0.955673336982727,4.134215831756592,-0.5519764423370361,0.7978338599205017,0.24245209991931915,-0.1921587735414505,0.7863359451293945,0.5947859287261963,-0.16704918444156647,-0.6757277846336365,0.0,0.0,0.0,1.0
-0.2832484841346741,0.1022200807929039,-0.9535834193229675,4.153933525085449,-0.5543748736381531,0.7939032316207886,0.24977225065231323,-0.21773257851600647,0.7825846672058105,0.5993903279304504,-0.16820363700389862,-0.6604916453361511,0.0,0.0,0.0,1.0
-0.28562209010124207,0.10142362862825394,-0.9529602527618408,4.162577152252197,-0.5537035465240479,0.7941493988037109,0.2504778802394867,-0.22030749917030334,0.7821972370147705,0.5991994738578796,-0.17066797614097595,-0.6596782207489014,0.0,0.0,0.0,1.0
-0.28367361426353455,0.10278778523206711,-0.9533960223197937,4.156091690063477,-0.5550309419631958,0.7931656837463379,0.25065699219703674,-0.21677783131599426,0.781965434551239,0.600269079208374,-0.16794976592063904,-0.6578618288040161,0.0,0.0,0.0,1.0
-0.28332653641700745,0.10176842659711838,-0.9536085724830627,4.154585838317871,-0.553919792175293,0.7943541407585144,0.24934795498847961,-0.21324782073497772,0.7828786969184875,0.5988695621490479,-0.1686900407075882,-0.6605278253555298,0.0,0.0,0.0,1.0
-0.284739226102829,0.10175036638975143,-0.9531896114349365,4.162049770355225,-0.5533397197723389,0.7945195436477661,0.2501077950000763,-0.21274720132350922,0.7827762365341187,0.5986531376838684,-0.16992834210395813,-0.6613249182701111,0.0,0.0,0.0,1.0
-0.2820308804512024,0.10288982093334198,-0.9538722634315491,4.148593425750732,-0.5542125701904297,0.7940961122512817,0.2495191991329193,-0.210694819688797,0.7831392288208008,0.5990200638771057,-0.16693678498268127,-0.6635528206825256,0.0,0.0,0.0,1.0
-0.28316640853881836,0.10276158154010773,-0.9535496234893799,4.155670642852783,-0.5539712905883789,0.7940868139266968,0.25008416175842285,-0.21225787699222565,0.7829002141952515,0.5990544557571411,-0.16793173551559448,-0.6622015833854675,0.0,0.0,0.0,1.0
-0.2812546491622925,0.10249290615320206,-0.9541441202163696,4.141437530517578,-0.5549390316009521,0.7937989830970764,0.24884912371635437,-0.20482511818408966,0.7829039096832275,0.5994818210601807,-0.1663823276758194,-0.6653943061828613,0.0,0.0,0.0,1.0
-0.2818383276462555,0.10255689918994904,-0.9539650082588196,4.147176265716553,-0.5547426342964172,0.7938159704208374,0.2492324560880661,-0.20764610171318054,0.7828332185745239,0.5994483232498169,-0.16683509945869446,-0.6632628440856934,0.0,0.0,0.0,1.0
-0.28109148144721985,0.10239753872156143,-0.9542024731636047,4.14187479019165,-0.5552290081977844,0.793634295463562,0.2487274408340454,-0.20460179448127747,0.7827569246292114,0.599716067314148,-0.1662297546863556,-0.6646169424057007,0.0,0.0,0.0,1.0
-0.28218621015548706,0.10134045034646988,-0.9539921879768372,4.149624824523926,-0.5537173748016357,0.794847846031189,0.2482217699289322,-0.20881928503513336,0.7834334969520569,0.5982867479324341,-0.16818112134933472,-0.6656432151794434,0.0,0.0,0.0,1.0
-0.2827865481376648,0.10241945087909698,-0.9536991119384766,4.144443035125732,-0.5551682710647583,0.7933355569839478,0.24981369078159332,-0.2136714607477188,0.7821892499923706,0.6001074314117432,-0.1674845963716507,-0.6645019054412842,0.0,0.0,0.0,1.0
-0.2818613350391388,0.10290785133838654,-0.9539204239845276,4.146840572357178,-0.5557376146316528,0.7929567098617554,0.24975082278251648,-0.21724344789981842,0.7821187973022461,0.6005245447158813,-0.16631406545639038,-0.663593053817749,0.0,0.0,0.0,1.0
-0.2831242084503174,0.10142870992422104,-0.953704833984375,4.151660442352295,-0.5554130673408508,0.7933391332626343,0.2492576539516449,-0.2182198315858841,0.781893253326416,0.6002709269523621,-0.16827869415283203,-0.6656997799873352,0.0,0.0,0.0,1.0
-0.28207215666770935,0.10167790949344635,-0.9539899826049805,4.139604091644287,-0.5554243922233582,0.7934761047363281,0.24879585206508636,-0.21209187805652618,0.782265305519104,0.6000477075576782,-0.1673431247472763,-0.6652635931968689,0.0,0.0,0.0,1.0
-0.2809693515300751,0.10049524903297424,-0.9544406533241272,4.13132905960083,-0.5558587908744812,0.7936701774597168,0.24720171093940735,-0.20817601680755615,0.7823537588119507,0.5999903082847595,-0.1671358346939087,-0.664838433265686,0.0,0.0,0.0,1.0
-0.28183186054229736,0.10110996663570404,-0.9541213512420654,4.142687797546387,-0.556106448173523,0.7931485176086426,0.24831615388393402,-0.21576067805290222,0.7818671464920044,0.6005765199661255,-0.16730661690235138,-0.6641833186149597,0.0,0.0,0.0,1.0
-0.2840205430984497,0.10065571963787079,-0.9535201787948608,4.156395435333252,-0.5546092987060547,0.7939779758453369,0.24901294708251953,-0.21859508752822876,0.7821386456489563,0.5995559692382812,-0.16968145966529846,-0.666991114616394,0.0,0.0,0.0,1.0
-0.28105151653289795,0.10208434611558914,-0.954247772693634,4.141839981079102,-0.5560777187347412,0.7930729389190674,0.24862182140350342,-0.21398499608039856,0.7821685075759888,0.6005114316940308,-0.1661275327205658,-0.6651127338409424,0.0,0.0,0.0,1.0
-0.2805197536945343,0.10255517065525055,-0.9543537497520447,4.135665416717529,-0.5560564994812012,0.7930729389190674,0.24866938591003418,-0.21073965728282928,0.7823744416236877,0.6004313230514526,-0.16544614732265472,-0.6629123091697693,0.0,0.0,0.0,1.0
-0.2814469337463379,0.10157705098390579,-0.9541853666305542,4.142324447631836,-0.5566091537475586,0.7927175760269165,0.24856580793857574,-0.2132803499698639,0.7816480994224548,0.6010664701461792,-0.16656920313835144,-0.6652688980102539,0.0,0.0,0.0,1.0
-0.28175339102745056,0.10174369812011719,-0.9540771842002869,4.14552640914917,-0.5561710000038147,0.7929495573043823,0.24880658090114594,-0.21567311882972717,0.7818496227264404,0.600732147693634,-0.16682934761047363,-0.6647475361824036,0.0,0.0,0.0,1.0
-0.2816104590892792,0.102977454662323,-0.9539870023727417,4.138193607330322,-0.5558932423591614,0.7928692698478699,0.24968163669109344,-0.21532496809959412,0.7820985317230225,0.6006279587745667,-0.16603583097457886,-0.6616862416267395,0.0,0.0,0.0,1.0
-0.2819177210330963,0.1032252386212349,-0.9538694620132446,4.139369010925293,-0.5553879141807556,0.79313063621521,0.24997632205486298,-0.21274200081825256,0.7823469638824463,0.6002402901649475,-0.1662675440311432,-0.6626121997833252,0.0,0.0,0.0,1.0
-0.28418153524398804,0.10184802114963531,-0.9533455967903137,4.153782844543457,-0.5552717447280884,0.7931251525878906,0.25025153160095215,-0.22101294994354248,0.7816100120544434,0.6004827618598938,-0.16883818805217743,-0.6654127836227417,0.0,0.0,0.0,1.0
-0.28263548016548157,0.10302624851465225,-0.953678548336029,4.143595218658447,-0.5547788143157959,0.7935055494308472,0.25013887882232666,-0.2149048000574112,0.7825201153755188,0.5997788310050964,-0.16711603105068207,-0.6641319394111633,0.0,0.0,0.0,1.0
-0.28211286664009094,0.10314659774303436,-0.9538202881813049,4.142633438110352,-0.5551871657371521,0.7932659983634949,0.2499927133321762,-0.21790476143360138,0.7824190855026245,0.6000749468803406,-0.16652485728263855,-0.6633234024047852,0.0,0.0,0.0,1.0
-0.2830696403980255,0.10109690576791763,-0.9537562727928162,4.15207052230835,-0.5559521913528442,0.793022632598877,0.2490628957748413,-0.2236250340938568,0.7815299034118652,0.6007449626922607,-0.1682755947113037,-0.663958728313446,0.0,0.0,0.0,1.0
-0.2843797504901886,0.10205542296171188,-0.9532642960548401,4.156858921051025,-0.5555233359336853,0.7928372621536255,0.25060513615608215,-0.2212776392698288,0.7813590168952942,0.6008275747299194,-0.16877268254756927,-0.6644113063812256,0.0,0.0,0.0,1.0
-0.28211215138435364,0.10397964715957642,-0.953730046749115,4.135561466217041,-0.5558820962905884,0.7925138473510742,0.2508324086666107,-0.21125206351280212,0.7819257378578186,0.6009243726730347,-0.16577734053134918,-0.6625527739524841,0.0,0.0,0.0,1.0
-0.28231945633888245,0.10298296809196472,-0.9537768363952637,4.13761568069458,-0.5559719204902649,0.7926648259162903,0.25015562772750854,-0.21284933388233185,0.7817871570587158,0.6008968949317932,-0.16652904450893402,-0.6634639501571655,0.0,0.0,0.0,1.0
-0.2826448976993561,0.1012272760272026,-0.9538683891296387,4.145732879638672,-0.5551756024360657,0.7936698198318481,0.2487330585718155,-0.2155158668756485,0.7822351455688477,0.599867582321167,-0.16812781989574432,-0.666833221912384,0.0,0.0,0.0,1.0
-0.28106480836868286,0.103025883436203,-0.954142689704895,4.135467052459717,-0.5556342005729675,0.7931649684906006,0.24931883811950684,-0.2103220671415329,0.7824788689613342,0.600229024887085,-0.16568607091903687,-0.6665289402008057,0.0,0.0,0.0,1.0
-0.2837889492511749,0.10147237032651901,-0.9535025954246521,4.155669689178467,-0.5555077791213989,0.793121337890625,0.24973911046981812,-0.22343330085277557,0.7815848588943481,0.6005513668060303,-0.1687103509902954,-0.6646299958229065,0.0,0.0,0.0,1.0
-0.28390201926231384,0.1011972427368164,-0.9534981846809387,4.153870105743408,-0.5554354786872864,0.7932261228561401,0.24956688284873962,-0.224056676030159,0.7815951704978943,0.6004592180252075,-0.16898998618125916,-0.664467990398407,0.0,0.0,0.0,1.0
-0.2837262749671936,0.10230879485607147,-0.9534318447113037,4.150224208831787,-0.5560914278030396,0.7924657464027405,0.2505202293395996,-0.22142590582370758,0.7811925411224365,0.6012744903564453,-0.1679503172636032,-0.6612675189971924,0.0,0.0,0.0,1.0
-0.28501859307289124,0.10140259563922882,-0.9531431794166565,4.15744161605835,-0.5569771528244019,0.7917592525482178,0.25078633427619934,-0.22559823095798492,0.7800902128219604,0.6023577451705933,-0.16918715834617615,-0.6631667613983154,0.0,0.0,0.0,1.0
-0.28291234374046326,0.10213903337717056,-0.9536918997764587,4.148613452911377,-0.5566743612289429,0.7922259569168091,0.2499835044145584,-0.22048647701740265,0.7810726165771484,0.6016191244125366,-0.16727234423160553,-0.6630325317382812,0.0,0.0,0.0,1.0
-0.28342264890670776,0.10122419893741608,-0.9536378979682922,4.153980731964111,-0.5566885471343994,0.7923517227172852,0.24955309927463531,-0.2234427034854889,0.7808773517608643,0.6016082763671875,-0.16822007298469543,-0.6633167266845703,0.0,0.0,0.0,1.0
-0.2828933000564575,0.101748988032341,-0.9537392258644104,4.1469950675964355,-0.5561458468437195,0.7927387356758118,0.24953390657901764,-0.21809209883213043,0.7814558744430542,0.6010095477104187,-0.16767318546772003,-0.664085328578949,0.0,0.0,0.0,1.0
-0.2838265001773834,0.10097695142030716,-0.953544020652771,4.154531002044678,-0.556542158126831,0.7924476861953735,0.24957460165023804,-0.22368793189525604,0.7808350324630737,0.6015232801437378,-0.16871972382068634,-0.6640495657920837,0.0,0.0,0.0,1.0
-0.28372541069984436,0.10189902782440186,-0.9534760117530823,4.15651798248291,-0.5565282702445984,0.7922371625900269,0.25027310848236084,-0.22387774288654327,0.7808816432952881,0.6016451716423035,-0.16806812584400177,-0.6630191206932068,0.0,0.0,0.0,1.0
-0.2843639552593231,0.10234533250331879,-0.9532379508018494,4.15902853012085,-0.5563983917236328,0.7920905351638794,0.25102484226226807,-0.22501417994499207,0.7807419300079346,0.6017624735832214,-0.16829721629619598,-0.662139892578125,0.0,0.0,0.0,1.0
-0.28430354595184326,0.1013171523809433,-0.9533658027648926,4.155056953430176,-0.5563996434211731,0.7923719882965088,0.2501319944858551,-0.22330257296562195,0.7807629704475403,0.6015657782554626,-0.16890135407447815,-0.6630960702896118,0.0,0.0,0.0,1.0
-0.2838992178440094,0.10122980922460556,-0.9534955620765686,4.161260604858398,-0.5548663139343262,0.7936551570892334,0.2494691163301468,-0.22385214269161224,0.7820003628730774,0.5998866558074951,-0.16914905607700348,-0.6647306680679321,0.0,0.0,0.0,1.0
-0.28182950615882874,0.10111784189939499,-0.9541212320327759,4.151363372802734,-0.5545861721038818,0.7943124771118164,0.24799564480781555,-0.21866664290428162,0.7829471826553345,0.5990349054336548,-0.16778215765953064,-0.6666273474693298,0.0,0.0,0.0,1.0
-0.2813067138195038,0.09090682119131088,-0.9553022980690002,4.134568691253662,-0.5477170348167419,0.8022100329399109,0.23762406408786774,-0.18431857228279114,0.7879547476768494,0.5900806188583374,-0.17587582767009735,-0.6851336359977722,0.0,0.0,0.0,1.0
-0.28649720549583435,0.09140805155038834,-0.9537106156349182,4.110239028930664,-0.5441917777061462,0.8037471175193787,0.24051155149936676,-0.14452698826789856,0.7885268926620483,0.5879073739051819,-0.18052780628204346,-0.6687513589859009,0.0,0.0,0.0,1.0
-0.291427880525589,0.09214354306459427,-0.9521446228027344,4.1187520027160645,-0.545796275138855,0.8014185428619385,0.24461175501346588,-0.13062646985054016,0.7856056690216064,0.59096360206604,-0.1832641065120697,-0.6532676815986633,0.0,0.0,0.0,1.0
-0.2899974286556244,0.09349009394645691,-0.9524500370025635,4.132810592651367,-0.551436185836792,0.797078549861908,0.24613788723945618,-0.12191794812679291,0.782188892364502,0.5965948104858398,-0.1795969009399414,-0.6365047693252563,0.0,0.0,0.0,1.0
-0.28873494267463684,0.09614188224077225,-0.9525696039199829,4.1340012550354,-0.5540091395378113,0.7946724891662598,0.24813209474086761,-0.1221824660897255,0.7808367013931274,0.5993766784667969,-0.1761862188577652,-0.6330419182777405,0.0,0.0,0.0,1.0
-0.28820106387138367,0.09820648282766342,-0.9525206685066223,4.130370140075684,-0.5561532974243164,0.7925894260406494,0.2499908059835434,-0.12079790234565735,0.7795085310935974,0.6017951369285583,-0.1738072782754898,-0.6326820850372314,0.0,0.0,0.0,1.0
-0.28945282101631165,0.09716174751520157,-0.952248215675354,4.123333930969238,-0.5566139221191406,0.792253851890564,0.2500295639038086,-0.11675518751144409,0.7787156701087952,0.6024063229560852,-0.17523853480815887,-0.6321598887443542,0.0,0.0,0.0,1.0
-0.2852691411972046,0.10079255700111389,-0.9531329274177551,4.076313018798828,-0.5602543354034424,0.7893273830413818,0.251152366399765,-0.09805811196565628,0.7776482105255127,0.6056429147720337,-0.16870124638080597,-0.6431922912597656,0.0,0.0,0.0,1.0
-0.28100335597991943,0.10320205241441727,-0.9541417360305786,4.080524921417236,-0.5611299276351929,0.7888854742050171,0.2505853772163391,-0.10282295197248459,0.7785694599151611,0.6058127880096436,-0.1637696921825409,-0.6437788009643555,0.0,0.0,0.0,1.0
-0.2857978641986847,0.09967358410358429,-0.9530922174453735,4.090731620788574,-0.5614295601844788,0.7885965704917908,0.25082316994667053,-0.18612578511238098,0.7766057252883911,0.6067788004875183,-0.169419527053833,-0.6960838437080383,0.0,0.0,0.0,1.0
-0.28555694222450256,0.09993744641542435,-0.9531368017196655,4.100072860717773,-0.5614618062973022,0.7885514497756958,0.2508927881717682,-0.18951547145843506,0.7766710519790649,0.6067941188812256,-0.16906528174877167,-0.692238450050354,0.0,0.0,0.0,1.0
-0.2863219380378723,0.10122036188840866,-0.9527718424797058,4.078526973724365,-0.5626596212387085,0.7871164679527283,0.25270897150039673,-0.1842985451221466,0.7755217552185059,0.6084423661231995,-0.1684161126613617,-0.6911948919296265,0.0,0.0,0.0,1.0
-0.286393404006958,0.10083284974098206,-0.9527914524078369,4.088541030883789,-0.5626730918884277,0.7871937155723572,0.25243809819221497,-0.18781828880310059,0.7754855155944824,0.6084067225456238,-0.16871115565299988,-0.6862137317657471,0.0,0.0,0.0,1.0
-0.2865585386753082,0.10196701437234879,-0.9526211023330688,4.083266258239746,-0.5639579892158508,0.7858479619026184,0.2537604570388794,-0.18629130721092224,0.774490475654602,0.6099555492401123,-0.167686328291893,-0.6752327680587769,0.0,0.0,0.0,1.0
-0.28757545351982117,0.10285133868455887,-0.9522194862365723,4.087355136871338,-0.5641168355941772,0.7852723598480225,0.2551853358745575,-0.1868312954902649,0.7739977836608887,0.6105480790138245,-0.16780486702919006,-0.6710836887359619,0.0,0.0,0.0,1.0
-0.28658193349838257,0.1017870083451271,-0.9526333212852478,4.090755939483643,-0.5643024444580078,0.7856196165084839,0.253701776266098,-0.192518949508667,0.7742308974266052,0.6102796792984009,-0.1677057147026062,-0.6690980792045593,0.0,0.0,0.0,1.0
-0.28785741329193115,0.10256987065076828,-0.9521646499633789,4.067497730255127,-0.5645409822463989,0.784953236579895,0.25522884726524353,-0.18284383416175842,0.7735835313796997,0.6110055446624756,-0.16804973781108856,-0.6704646944999695,0.0,0.0,0.0,1.0
-0.28687721490859985,0.10319147258996964,-0.9523932933807373,4.0604963302612305,-0.5649954080581665,0.7846351861953735,0.2552012801170349,-0.17674225568771362,0.7736159563064575,0.6113093495368958,-0.16679126024246216,-0.6741316318511963,0.0,0.0,0.0,1.0
-0.2875122129917145,0.10246231406927109,-0.9522805213928223,4.071606159210205,-0.5642497539520264,0.7852849960327148,0.2548522353172302,-0.1798604428768158,0.7739243507385254,0.6105971932411194,-0.16796469688415527,-0.6738163232803345,0.0,0.0,0.0,1.0
-0.2878592014312744,0.10430587828159332,-0.9519755244255066,4.058393955230713,-0.5649300813674927,0.784178614616394,0.2567448019981384,-0.1743289679288864,0.7732987999916077,0.6117059588432312,-0.16680748760700226,-0.6695114970207214,0.0,0.0,0.0,1.0
-0.28274300694465637,0.1001330092549324,-0.953954815864563,4.13021993637085,-0.5592504739761353,0.7907944917678833,0.24876311421394348,-0.20165598392486572,0.7792915105819702,0.6038357019424438,-0.16759216785430908,-0.6885344386100769,0.0,0.0,0.0,1.0
-0.28374168276786804,0.10015524178743362,-0.9536558985710144,4.1259284019470215,-0.5599005818367004,0.790081799030304,0.2495637685060501,-0.20101627707481384,0.7784613370895386,0.6047642230987549,-0.16810214519500732,-0.6885624527931213,0.0,0.0,0.0,1.0
-0.28363555669784546,0.09841042011976242,-0.953869104385376,4.127019882202148,-0.5565244555473328,0.7931682467460632,0.24731498956680298,-0.19778397679328918,0.7809170484542847,0.6009987592697144,-0.17020292580127716,-0.6958197951316833,0.0,0.0,0.0,1.0
-0.28342869877815247,0.0966922789812088,-0.9541062712669373,4.150185585021973,-0.5555379390716553,0.7944110631942749,0.24553745985031128,-0.2032567709684372,0.7816941142082214,0.5996346473693848,-0.1714426577091217,-0.7005257606506348,0.0,0.0,0.0,1.0
-0.28451818227767944,0.09468076378107071,-0.953983724117279,4.1518988609313965,-0.5526002049446106,0.7969588041305542,0.24390506744384766,-0.19787421822547913,0.7833788394927979,0.5965670347213745,-0.17442865669727325,-0.7092018127441406,0.0,0.0,0.0,1.0
-0.2859523892402649,0.09056831151247025,-0.9539542198181152,4.15295934677124,-0.552069902420044,0.7981305718421936,0.24126005172729492,-0.19604653120040894,0.7832305431365967,0.5956382751464844,-0.1782272905111313,-0.7106176018714905,0.0,0.0,0.0,1.0
-0.2854483127593994,0.09463566541671753,-0.9537103176116943,4.1583991050720215,-0.5528831481933594,0.7965732216835022,0.24452267587184906,-0.19479534029960632,0.7828406095504761,0.5970889925956726,-0.1750580072402954,-0.7090022563934326,0.0,0.0,0.0,1.0
-0.28385278582572937,0.0967496857047081,-0.9539743661880493,4.174409866333008,-0.5542224049568176,0.7953203916549683,0.24556691944599152,-0.200089693069458,0.7824738025665283,0.5984188318252563,-0.17213304340839386,-0.7058680057525635,0.0,0.0,0.0,1.0
-0.2842380106449127,0.09716745465993881,-0.9538171887397766,4.1650285720825195,-0.5557607412338257,0.7939572334289551,0.246499165892601,-0.199001744389534,0.781241774559021,0.6001585721969604,-0.17167095839977264,-0.7054689526557922,0.0,0.0,0.0,1.0
-0.28256505727767944,0.09953003376722336,-0.9540706276893616,4.1648030281066895,-0.5588002800941467,0.7913358807563782,0.2480519860982895,-0.19430536031723022,0.7796789407730103,0.603225827217102,-0.1679864376783371,-0.7016374468803406,0.0,0.0,0.0,1.0
-0.28450554609298706,0.10225319117307663,-0.9532055854797363,4.152745723724365,-0.5605555772781372,0.7888641953468323,0.25193414092063904,-0.1886788010597229,0.7777107954025269,0.6060013771057129,-0.1671176254749298,-0.6943696737289429,0.0,0.0,0.0,1.0
-0.2850360870361328,0.10116366297006607,-0.9531633257865906,4.067667007446289,-0.5668436288833618,0.7841017246246338,0.2527305781841278,-0.1791856288909912,0.7729440927505493,0.6123319864273071,-0.16615329682826996,-0.6754857301712036,0.0,0.0,0.0,1.0
-0.28508204221725464,0.10245586186647415,-0.9530115723609924,4.090327739715576,-0.5665017366409302,0.7840195894241333,0.25375017523765564,-0.1880967766046524,0.773177981376648,0.6122222542762756,-0.1654684841632843,-0.6716126203536987,0.0,0.0,0.0,1.0
-0.28283804655075073,0.10086396336555481,-0.9538496136665344,4.103281497955322,-0.5657842755317688,0.785476803779602,0.2508274018764496,-0.1881963163614273,0.7745262384414673,0.6106166839599609,-0.1650954782962799,-0.6850100159645081,0.0,0.0,0.0,1.0
-0.2820655107498169,0.10164162516593933,-0.9539958238601685,4.118439674377441,-0.5653814077377319,0.7857496738433838,0.2508810758590698,-0.1917237639427185,0.7751017808914185,0.6101364493370056,-0.16416659951210022,-0.6786989569664001,0.0,0.0,0.0,1.0
-0.2834986448287964,0.10128792375326157,-0.9536085724830627,4.03035831451416,-0.5720555782318115,0.780239462852478,0.2529400885105133,-0.1595006287097931,0.7696627974510193,0.6172252893447876,-0.163254514336586,-0.6726372241973877,0.0,0.0,0.0,1.0
-0.28507012128829956,0.10373436659574509,-0.9528768062591553,4.070375442504883,-0.5703833103179932,0.7805906534194946,0.2556189298629761,-0.17753815650939941,0.7703232765197754,0.6163743734359741,-0.16335472464561462,-0.6582151651382446,0.0,0.0,0.0,1.0
-0.28475454449653625,0.1040487214922905,-0.9529368877410889,4.062107563018799,-0.5702999830245972,0.7806407809257507,0.25565198063850403,-0.17241404950618744,0.7705016732215881,0.6162579655647278,-0.1629520207643509,-0.6607133746147156,0.0,0.0,0.0,1.0
-0.28674933314323425,0.1094398945569992,-0.9517340660095215,4.067869186401367,-0.572833776473999,0.776703417301178,0.2619030475616455,-0.16790315508842468,0.7678777575492859,0.6202859878540039,-0.160028338432312,-0.6489452719688416,0.0,0.0,0.0,1.0
-0.28862476348876953,0.11001724749803543,-0.9511004090309143,4.07470178604126,-0.5742402076721191,0.7749849557876587,0.2639065682888031,-0.17472872138023376,0.7661226987838745,0.6223300099372864,-0.16050352156162262,-0.642852783203125,0.0,0.0,0.0,1.0
-0.28807196021080017,0.10579706728458405,-0.9517465829849243,4.079801082611084,-0.5701248049736023,0.7795901894569397,0.25922372937202454,-0.18143320083618164,0.7693973779678345,0.6172894239425659,-0.16426052153110504,-0.6490379571914673,0.0,0.0,0.0,1.0
-0.28502902388572693,0.10251737385988235,-0.9530208110809326,4.080772876739502,-0.5708081722259521,0.7805852890014648,0.25468534231185913,-0.17798206210136414,0.7700237035751343,0.6165847778320312,-0.1639717072248459,-0.6566877961158752,0.0,0.0,0.0,1.0
-0.28751930594444275,0.1019580140709877,-0.9523324966430664,4.087671279907227,-0.5628091096878052,0.7865527272224426,0.2541274428367615,-0.1813604086637497,0.7749700546264648,0.6090479493141174,-0.16876618564128876,-0.6742483973503113,0.0,0.0,0.0,1.0
-0.2877197265625,0.10167083144187927,-0.9523026943206787,4.073677062988281,-0.5632209777832031,0.7862633466720581,0.2541102170944214,-0.1778346449136734,0.7745963335037231,0.6094693541526794,-0.1689603328704834,-0.6792424321174622,0.0,0.0,0.0,1.0
-0.2886379659175873,0.10226539522409439,-0.951961100101471,4.052802562713623,-0.5638102889060974,0.7854465246200562,0.25532668828964233,-0.1662266105413437,0.7738256454467773,0.6104224920272827,-0.169051393866539,-0.6829326152801514,0.0,0.0,0.0,1.0
-0.2857605516910553,0.10146450996398926,-0.9529144167900085,4.118067741394043,-0.5617645382881165,0.7878696322441101,0.25235313177108765,-0.1973835527896881,0.7763772010803223,0.607426106929779,-0.1681428849697113,-0.6667936444282532,0.0,0.0,0.0,1.0
-0.2873018980026245,0.10137111693620682,-0.952460765838623,4.08528470993042,-0.5628312826156616,0.7867372632026672,0.25350645184516907,-0.18351536989212036,0.7750345468521118,0.6089075803756714,-0.16897627711296082,-0.6736825108528137,0.0,0.0,0.0,1.0
-0.28689104318618774,0.1006208285689354,-0.9526641368865967,4.078710556030273,-0.5626804828643799,0.7871407270431519,0.25258713960647583,-0.17976079881191254,0.7752963304519653,0.6085104942321777,-0.16920623183250427,-0.6799060702323914,0.0,0.0,0.0,1.0
-0.2883438766002655,0.10174347460269928,-0.9521061182022095,4.082930088043213,-0.5627172589302063,0.786509096622467,0.25446557998657227,-0.1819256842136383,0.7747303247451782,0.609140157699585,-0.16953228414058685,-0.6705633997917175,0.0,0.0,0.0,1.0
-0.2860926389694214,0.10300911962985992,-0.9526489973068237,4.0883965492248535,-0.5642460584640503,0.7854409217834473,0.25437936186790466,-0.18268203735351562,0.7744529247283936,0.610304594039917,-0.16658639907836914,-0.6618127822875977,0.0,0.0,0.0,1.0
-0.2853401005268097,0.10444176942110062,-0.9527187347412109,4.079604148864746,-0.5653817653656006,0.7843204736709595,0.2553134560585022,-0.17871007323265076,0.7739021182060242,0.6115009784698486,-0.16474857926368713,-0.6529974937438965,0.0,0.0,0.0,1.0
-0.28592953085899353,0.10433652251958847,-0.9525535106658936,4.100130081176758,-0.5670421719551086,0.7829081416130066,0.2559646666049957,-0.18379250168800354,0.7724683284759521,0.6133258938789368,-0.16469337046146393,-0.6467519998550415,0.0,0.0,0.0,1.0
-0.2906835377216339,0.10219161212444305,-0.9513463973999023,4.159303188323975,-0.5712780356407166,0.7790722250938416,0.25824007391929626,-0.19801963865756989,0.7675575017929077,0.6185494065284729,-0.16808366775512695,-0.6465085744857788,0.0,0.0,0.0,1.0
-0.28506946563720703,0.10207536816596985,-0.9530561566352844,4.152108192443848,-0.5559993982315063,0.7923259139060974,0.25116607546806335,-0.21615149080753326,0.7807689309120178,0.6014983654022217,-0.16911408305168152,-0.6658428311347961,0.0,0.0,0.0,1.0
-0.2853786051273346,0.10106058418750763,-0.9530717730522156,4.144045829772949,-0.5560570359230042,0.7924859523773193,0.25053292512893677,-0.21115587651729584,0.780614972114563,0.6014590263366699,-0.1699630618095398,-0.6688902974128723,0.0,0.0,0.0,1.0
-0.28382596373558044,0.10156597942113876,-0.9534816145896912,4.149110317230225,-0.5561320185661316,0.7926093339920044,0.2499752938747406,-0.21386751532554626,0.7811273336410522,0.6012110710144043,-0.16847901046276093,-0.6671717166900635,0.0,0.0,0.0,1.0
-0.2837978005409241,0.10100645571947098,-0.9535494446754456,4.1668267250061035,-0.5588473677635193,0.7906646728515625,0.25007814168930054,-0.22057248651981354,0.7791973352432251,0.6038601994514465,-0.16794170439243317,-0.6584445238113403,0.0,0.0,0.0,1.0
-0.28372442722320557,0.09946175664663315,-0.9537336230278015,4.155243396759033,-0.5582423210144043,0.7915517091751099,0.24861881136894226,-0.2157333642244339,0.7796576023101807,0.6029537320137024,-0.16905881464481354,-0.6624297499656677,0.0,0.0,0.0,1.0
-0.28177645802497864,0.09972720593214035,-0.9542832374572754,4.1700615882873535,-0.560285747051239,0.7902922630310059,0.24802803993225098,-0.22100211679935455,0.778897762298584,0.6045597791671753,-0.1668100208044052,-0.6572324633598328,0.0,0.0,0.0,1.0
-0.28194451332092285,0.09492309391498566,-0.9547234773635864,4.177920818328857,-0.5635783672332764,0.7889338731765747,0.24487286806106567,-0.22050437331199646,0.7764577269554138,0.60710209608078,-0.16893896460533142,-0.65557861328125,0.0,0.0,0.0,1.0
-0.2805726230144501,0.09570589661598206,-0.9550493955612183,4.161688327789307,-0.5625826716423035,0.7897847294807434,0.2444191575050354,-0.21091577410697937,0.7776758074760437,0.6058716177940369,-0.16774950921535492,-0.6538805365562439,0.0,0.0,0.0,1.0
-0.2807082533836365,0.0936497375369072,-0.9552133679389954,4.161352634429932,-0.5635169744491577,0.7895538806915283,0.24300892651081085,-0.2105429619550705,0.7769501209259033,0.6064935326576233,-0.16886107623577118,-0.6558274626731873,0.0,0.0,0.0,1.0
-0.28184109926223755,0.0945502445101738,-0.9547910094261169,4.176180362701416,-0.5648033618927002,0.7880910634994507,0.2447645366191864,-0.21726566553115845,0.775604784488678,0.6082537770271301,-0.16871415078639984,-0.6514180302619934,0.0,0.0,0.0,1.0
-0.2808629274368286,0.09156027436256409,-0.9553704857826233,4.1716461181640625,-0.5660808086395264,0.7880459427833557,0.24194258451461792,-0.21120697259902954,0.7750281095504761,0.6087695360183716,-0.1695023775100708,-0.6589138507843018,0.0,0.0,0.0,1.0
-0.28566774725914,0.1006232276558876,-0.9530314207077026,4.131275653839111,-0.5529288053512573,0.7949429750442505,0.2496703416109085,-0.19803135097026825,0.7827283143997192,0.5982812643051147,-0.1714521050453186,-0.6747803092002869,0.0,0.0,0.0,1.0
-0.28716328740119934,0.10193028301000595,-0.9524428844451904,4.152281761169434,-0.5553682446479797,0.7924242615699768,0.25224965810775757,-0.21103112399578094,0.7804508209228516,0.6013933420181274,-0.17094634473323822,-0.670200526714325,0.0,0.0,0.0,1.0
-0.28718680143356323,0.10011452436447144,-0.9526283740997314,4.1501946449279785,-0.5562448501586914,0.7922229170799255,0.2509469985961914,-0.21195055544376373,0.7798174619674683,0.6019633412361145,-0.1718277782201767,-0.6712076663970947,0.0,0.0,0.0,1.0
-0.2864895761013031,0.09896473586559296,-0.9529584050178528,4.1386308670043945,-0.5551525354385376,0.79350745677948,0.24930225312709808,-0.20175506174564362,0.7808517217636108,0.6004596948623657,-0.1723911166191101,-0.6752434968948364,0.0,0.0,0.0,1.0
-0.2870934307575226,0.10145106166601181,-0.9525151252746582,4.140300273895264,-0.5547124147415161,0.7930701971054077,0.2516622543334961,-0.2096402645111084,0.7809427976608276,0.6006225347518921,-0.17140908539295197,-0.6710245013237,0.0,0.0,0.0,1.0
-0.2867298722267151,0.1013341173529625,-0.9526370763778687,4.138658046722412,-0.5542216300964355,0.7935519218444824,0.25122448801994324,-0.20670627057552338,0.7814245820045471,0.6000056266784668,-0.17137348651885986,-0.6710608601570129,0.0,0.0,0.0,1.0
-0.28657546639442444,0.09975170344114304,-0.9528505206108093,4.146880626678467,-0.5573607683181763,0.7915804386138916,0.25049829483032227,-0.21894551813602448,0.7792454957962036,0.6028681397438049,-0.1712498664855957,-0.6672127842903137,0.0,0.0,0.0,1.0
-0.2865593433380127,0.10079752653837204,-0.9527453184127808,4.127738952636719,-0.5529274344444275,0.7947195768356323,0.2503840923309326,-0.20212632417678833,0.7824034094810486,0.5985488891601562,-0.17200060188770294,-0.6725816130638123,0.0,0.0,0.0,1.0
-0.28676167130470276,0.1011170744895935,-0.9526505470275879,4.163275241851807,-0.5573092103004456,0.7912224531173706,0.25174081325531006,-0.22717610001564026,0.7792137861251831,0.6031105518341064,-0.1705387830734253,-0.6646909713745117,0.0,0.0,0.0,1.0
-0.28615397214889526,0.10085707902908325,-0.9528608322143555,4.153049468994141,-0.5551193952560425,0.7931042313575745,0.25065547227859497,-0.22104792296886444,0.7809983491897583,0.6006776094436646,-0.17096221446990967,-0.6719329953193665,0.0,0.0,0.0,1.0
-0.28652340173721313,0.10011246055364609,-0.9528283476829529,4.130414009094238,-0.552646279335022,0.7951215505599976,0.24972772598266602,-0.20926110446453094,0.7826151847839355,0.5981298089027405,-0.17249415814876556,-0.6739954948425293,0.0,0.0,0.0,1.0
-0.2846796214580536,0.10105809569358826,-0.953281044960022,4.127663612365723,-0.5526162981987,0.7952654957771301,0.24933528900146484,-0.20029515027999878,0.7833088636398315,0.5977793335914612,-0.17054952681064606,-0.6799702644348145,0.0,0.0,0.0,1.0
-0.2861190736293793,0.10277055203914642,-0.9526668190956116,4.1405029296875,-0.5547215938568115,0.7929122447967529,0.25213900208473206,-0.2129734605550766,0.7812936902046204,0.6006066799163818,-0.16985827684402466,-0.673080325126648,0.0,0.0,0.0,1.0
-0.28948017954826355,0.1033027395606041,-0.951593279838562,4.11722469329834,-0.54623943567276,0.7985520362854004,0.25285810232162476,-0.20799043774604797,0.786017656326294,0.5929951667785645,-0.17473693192005157,-0.678900957107544,0.0,0.0,0.0,1.0
-0.28620728850364685,0.10455843806266785,-0.9524457454681396,4.127940654754639,-0.5364319086074829,0.8061593174934387,0.2496955841779709,-0.21992169320583344,0.7939308881759644,0.5823870301246643,-0.17464017868041992,-0.6746947765350342,0.0,0.0,0.0,1.0
-0.2837603986263275,0.09963840991258621,-0.9537044763565063,4.075382232666016,-0.5286004543304443,0.8135630488395691,0.242274209856987,-0.2001262605190277,0.8000385761260986,0.5728763937950134,-0.17818807065486908,-0.6821003556251526,0.0,0.0,0.0,1.0
-0.27713361382484436,0.09228450059890747,-0.956389307975769,4.030956745147705,-0.48162394762039185,0.8479554057121277,0.22138194739818573,-0.17520880699157715,0.8314056396484375,0.5219724178314209,-0.1905505210161209,-0.6918383836746216,0.0,0.0,0.0,1.0
-0.2809959352016449,0.09910062700510025,-0.9545786380767822,4.012421607971191,-0.49668049812316895,0.8360728025436401,0.2330038994550705,-0.1685187816619873,0.8211880326271057,0.5395936965942383,-0.18571171164512634,-0.7026938199996948,0.0,0.0,0.0,1.0
-0.28464841842651367,0.11157919466495514,-0.9521162509918213,4.003020286560059,-0.4913819432258606,0.8358166813850403,0.24485543370246887,-0.15364964306354523,0.8231154084205627,0.5375504493713379,-0.18308588862419128,-0.7151808142662048,0.0,0.0,0.0,1.0
-0.2842869460582733,0.11264437437057495,-0.9520988464355469,4.017135143280029,-0.49067211151123047,0.8360663652420044,0.2454260289669037,-0.15626637637615204,0.8236637115478516,0.5369397401809692,-0.1824113130569458,-0.716716468334198,0.0,0.0,0.0,1.0
-0.28524598479270935,0.11275529861450195,-0.9517987966537476,4.013315200805664,-0.49295103549957275,0.8343847990036011,0.24657902121543884,-0.15676572918891907,0.8219695687294006,0.5395258665084839,-0.18242208659648895,-0.715542197227478,0.0,0.0,0.0,1.0
-0.28557607531547546,0.11065848171710968,-0.9519459009170532,4.0172905921936035,-0.4902157783508301,0.8366584777832031,0.24431772530078888,-0.15336808562278748,0.8234894275665283,0.5364302396774292,-0.18468311429023743,-0.7151594161987305,0.0,0.0,0.0,1.0
-0.28258079290390015,0.0944533571600914,-0.9545819163322449,4.113602161407471,-0.5662556290626526,0.7868251800537109,0.2454805076122284,-0.19267818331718445,0.774275541305542,0.609905481338501,-0.16885694861412048,-0.6908506751060486,0.0,0.0,0.0,1.0
-0.2822820544242859,0.095223568379879,-0.9545937776565552,4.0878005027771,-0.5748531818389893,0.7798388004302979,0.24778056144714355,-0.17524127662181854,0.7680237293243408,0.6186953186988831,-0.16539491713047028,-0.6789497137069702,0.0,0.0,0.0,1.0
-0.2827911376953125,0.09864916652441025,-0.9540951251983643,4.051374912261963,-0.5831727385520935,0.7720515727996826,0.25267747044563293,-0.16553524136543274,0.7615370750427246,0.6278572082519531,-0.16079984605312347,-0.6671144962310791,0.0,0.0,0.0,1.0
-0.2827306389808655,0.0981016680598259,-0.954169511795044,4.041194915771484,-0.5877854824066162,0.7683843374252319,0.2531675398349762,-0.16945073008537292,0.7580050230026245,0.6324251890182495,-0.15958304703235626,-0.6533285975456238,0.0,0.0,0.0,1.0
-0.28389111161231995,0.09809599071741104,-0.9538254737854004,3.9999096393585205,-0.5934802293777466,0.7633362412452698,0.25514519214630127,-0.15732604265213013,0.7531182765960693,0.63850998878479,-0.15848635137081146,-0.6559165120124817,0.0,0.0,0.0,1.0
-0.2862107753753662,0.10247241705656052,-0.9526714086532593,3.959806203842163,-0.5973827838897705,0.7582839727401733,0.2610349953174591,-0.13037610054016113,0.7491443157196045,0.6438205242156982,-0.1558137834072113,-0.6580078601837158,0.0,0.0,0.0,1.0
-0.2910720407962799,0.1016150414943695,-0.9512893557548523,3.9942429065704346,-0.611021101474762,0.7453786730766296,0.2665780484676361,-0.13738881051540375,0.7361591458320618,0.6588512659072876,-0.1548699587583542,-0.6428528428077698,0.0,0.0,0.0,1.0
-0.29179027676582336,0.10353709757328033,-0.9508619904518127,3.9864046573638916,-0.6108194589614868,0.7448375821113586,0.2685452699661255,-0.12992194294929504,0.7360421419143677,0.6591639518737793,-0.1540938913822174,-0.6419777274131775,0.0,0.0,0.0,1.0
-0.2902504801750183,0.10529355704784393,-0.9511403441429138,3.9722740650177,-0.6197327375411987,0.7366614937782288,0.2706681787967682,-0.1266898363828659,0.7291680574417114,0.668014407157898,-0.1485624760389328,-0.6394921541213989,0.0,0.0,0.0,1.0
-0.2904437780380249,0.10568743199110031,-0.9510376453399658,3.9690358638763428,-0.6196415424346924,0.736582338809967,0.27109184861183167,-0.1243995800614357,0.7291685342788696,0.6680394411087036,-0.1484474390745163,-0.643832266330719,0.0,0.0,0.0,1.0
-0.2933725118637085,0.10787633806467056,-0.9498922228813171,3.97117280960083,-0.6197013854980469,0.7351267337799072,0.2748797535896301,-0.11385302245616913,0.7279441952705383,0.6692917346954346,-0.1488148719072342,-0.6477775573730469,0.0,0.0,0.0,1.0
-0.28249281644821167,0.09474160522222519,-0.9545794129371643,4.125655651092529,-0.5614178776741028,0.7905557155609131,0.2446051388978958,-0.19486622512340546,0.7778225541114807,0.6050170660018921,-0.1701366901397705,-0.6537482738494873,0.0,0.0,0.0,1.0
-0.2927773594856262,0.10394362360239029,-0.9505141377449036,4.197745323181152,-0.573052167892456,0.7766958475112915,0.2614472508430481,-0.1919965147972107,0.7654361724853516,0.6212401390075684,-0.1678338497877121,-0.6503624320030212,0.0,0.0,0.0,1.0
-0.2953513562679291,0.10856721550226212,-0.9492000341415405,4.259585857391357,-0.5789610147476196,0.7699766159057617,0.2682165205478668,-0.2170100063085556,0.7599813938140869,0.6287679076194763,-0.16455747187137604,-0.6606156229972839,0.0,0.0,0.0,1.0
-0.2929639220237732,0.10925624519586563,-0.9498606324195862,4.249423027038574,-0.5801185965538025,0.7693816423416138,0.2674219012260437,-0.21139878034591675,0.760022759437561,0.6293767690658569,-0.16201946139335632,-0.6588886976242065,0.0,0.0,0.0,1.0
-0.2912055253982544,0.0978441908955574,-0.9516437649726868,4.261529922485352,-0.5946435332298279,0.7607277631759644,0.26017749309539795,-0.22104884684085846,0.7493986487388611,0.6416539549827576,-0.16334572434425354,-0.6684219837188721,0.0,0.0,0.0,1.0
-0.2907465398311615,0.09668496996164322,-0.9519025683403015,4.290593147277832,-0.5959720015525818,0.7600125670433044,0.2592266798019409,-0.22881439328193665,0.7485212087631226,0.6426764726638794,-0.1633494794368744,-0.6772865056991577,0.0,0.0,0.0,1.0
-0.290783554315567,0.09300406277179718,-0.9522579312324524,4.298341751098633,-0.6048064231872559,0.7533330321311951,0.25826066732406616,-0.22126653790473938,0.7413866519927979,0.6510295867919922,-0.1628074198961258,-0.6870021224021912,0.0,0.0,0.0,1.0
-0.2906467616558075,0.09140753746032715,-0.9524542689323425,4.2980875968933105,-0.6061969995498657,0.7525746822357178,0.2572093904018402,-0.21447333693504333,0.7403038740158081,0.6521319150924683,-0.16332241892814636,-0.6916460394859314,0.0,0.0,0.0,1.0
-0.2917773127555847,0.09105652570724487,-0.9521421790122986,4.303284645080566,-0.6069867610931396,0.7517030835151672,0.25789469480514526,-0.21308191120624542,0.7392112016677856,0.6531854867935181,-0.1640598028898239,-0.6892234683036804,0.0,0.0,0.0,1.0
-0.2885190546512604,0.09292829036712646,-0.9529538750648499,4.296042442321777,-0.6020925641059875,0.7562597393989563,0.25603872537612915,-0.2000674307346344,0.744473934173584,0.6476384401321411,-0.16224391758441925,-0.6774197220802307,0.0,0.0,0.0,1.0
-0.2901807129383087,0.09128042310476303,-0.9526085257530212,4.290389537811279,-0.6057690382003784,0.7530962228775024,0.2566903829574585,-0.1917559653520584,0.7408367395401001,0.651547372341156,-0.16323916614055634,-0.6824411153793335,0.0,0.0,0.0,1.0
-0.28511321544647217,0.09803556650876999,-0.953467071056366,4.148005962371826,-0.555610179901123,0.7936737537384033,0.24774852395057678,-0.21364659070968628,0.7810299396514893,0.6003924012184143,-0.17181731760501862,-0.6560266017913818,0.0,0.0,0.0,1.0
-0.28561121225357056,0.09858090430498123,-0.9532617926597595,4.149717807769775,-0.556360125541687,0.7928547263145447,0.24868616461753845,-0.21698565781116486,0.7803138494491577,0.6013843417167664,-0.17160172760486603,-0.6555153727531433,0.0,0.0,0.0,1.0
-0.2850927710533142,0.0974850133061409,-0.9535296559333801,4.143074989318848,-0.5540188550949097,0.7950412631034851,0.24692611396312714,-0.21020503342151642,0.7821669578552246,0.598670244216919,-0.1726519763469696,-0.6513832211494446,0.0,0.0,0.0,1.0
-0.28490206599235535,0.09765049815177917,-0.9535697102546692,4.1634345054626465,-0.5561689138412476,0.7933861613273621,0.24741579592227936,-0.2255312204360962,0.7807092666625977,0.6008350849151611,-0.17172716557979584,-0.6585184931755066,0.0,0.0,0.0,1.0
-0.2858133912086487,0.10062596201896667,-0.9529874920845032,4.194505214691162,-0.5546485185623169,0.7935956120491028,0.25014209747314453,-0.23176775872707367,0.7814574241638184,0.6000670194625854,-0.17100819945335388,-0.6577777862548828,0.0,0.0,0.0,1.0
-0.2854890823364258,0.09751974046230316,-0.9534075260162354,4.164949893951416,-0.5520305633544922,0.7964720726013184,0.24676798284053802,-0.22492754459381104,0.7834271788597107,0.5967596769332886,-0.17355018854141235,-0.6598963737487793,0.0,0.0,0.0,1.0
-0.28675463795661926,0.09639321267604828,-0.9531422257423401,4.166178226470947,-0.5510957837104797,0.7972257733345032,0.24642327427864075,-0.22519464790821075,0.7836230993270874,0.5959357619285583,-0.17548629641532898,-0.6630083322525024,0.0,0.0,0.0,1.0
-0.28704559803009033,0.09755837172269821,-0.9529361128807068,4.193750858306885,-0.5486025214195251,0.7987576127052307,0.24702540040016174,-0.22834984958171844,0.7852643728256226,0.5936906337738037,-0.17575909197330475,-0.6608240604400635,0.0,0.0,0.0,1.0
-0.28652340173721313,0.09236612915992737,-0.9536104202270508,4.123110294342041,-0.5396698713302612,0.8068528771400452,0.24030143022537231,-0.20318567752838135,0.7916190028190613,0.5834868550300598,-0.18133501708507538,-0.6780586242675781,0.0,0.0,0.0,1.0
-0.2870769798755646,0.09513680636882782,-0.95317143201828,4.14953088760376,-0.5352221727371216,0.8093112111091614,0.24197663366794586,-0.21422915160655975,0.7944332361221313,0.579624354839325,-0.18141528964042664,-0.6758407950401306,0.0,0.0,0.0,1.0
-0.28667762875556946,0.09000387787818909,-0.9537899494171143,4.107228755950928,-0.5328617095947266,0.8123879432678223,0.23682111501693726,-0.20326228439807892,0.7961622476577759,0.5761294364929199,-0.1849338412284851,-0.6819367408752441,0.0,0.0,0.0,1.0
-0.2866176962852478,0.09524433314800262,-0.9532989263534546,4.170409679412842,-0.5487253665924072,0.7993453741073608,0.24484190344810486,-0.22014091908931732,0.7853348255157471,0.5932753086090088,-0.176843523979187,-0.6578251719474792,0.0,0.0,0.0,1.0
-0.28617244958877563,0.0948362872004509,-0.9534733295440674,4.1852641105651855,-0.5479587316513062,0.8001145124435425,0.2440451830625534,-0.22439225018024445,0.7860321998596191,0.5923030376434326,-0.1770043522119522,-0.6560105681419373,0.0,0.0,0.0,1.0
-0.28638941049575806,0.09424852579832077,-0.9534664750099182,4.171875953674316,-0.540097177028656,0.8060867190361023,0.24190738797187805,-0.2185695618391037,0.7913760542869568,0.5842442512512207,-0.17995132505893707,-0.6629360914230347,0.0,0.0,0.0,1.0
-0.2856391370296478,0.09434040635824203,-0.9536824226379395,4.1902313232421875,-0.5367412567138672,0.8086689710617065,0.24075570702552795,-0.22468426823616028,0.7939263582229614,0.5806499719619751,-0.180351123213768,-0.6578065156936646,0.0,0.0,0.0,1.0
-0.28676632046699524,0.0985141471028328,-0.9529218673706055,4.160755157470703,-0.5275455117225647,0.8140567541122437,0.2429143339395523,-0.21902555227279663,0.7996630668640137,0.5723692774772644,-0.18147334456443787,-0.6603626012802124,0.0,0.0,0.0,1.0
-0.28522345423698425,0.09842568635940552,-0.9533939361572266,4.177870750427246,-0.5240464210510254,0.8168495297431946,0.2411063313484192,-0.2282031774520874,0.8025103807449341,0.5683917999267578,-0.18140502274036407,-0.6532728672027588,0.0,0.0,0.0,1.0
-0.286842405796051,0.09385226666927338,-0.9533693790435791,4.144719123840332,-0.5113403797149658,0.8265615105628967,0.23521707952022552,-0.228733092546463,0.8100941181182861,0.5549665093421936,-0.189102441072464,-0.6541805267333984,0.0,0.0,0.0,1.0
-0.28547412157058716,0.08717221021652222,-0.9544137120246887,4.0919013023376465,-0.4856208860874176,0.8453876376152039,0.22246800363063812,-0.22949732840061188,0.8262425661087036,0.5269920825958252,-0.199003666639328,-0.6430084109306335,0.0,0.0,0.0,1.0
-0.2825496792793274,0.08899272978305817,-0.9551156759262085,4.087536811828613,-0.4767095148563385,0.8510046005249023,0.2203160971403122,-0.23545387387275696,0.8324143290519714,0.5175630450248718,-0.19802738726139069,-0.6394295692443848,0.0,0.0,0.0,1.0
-0.2811892032623291,0.09108471870422363,-0.9553199410438538,4.064679145812988,-0.469753623008728,0.8550000786781311,0.21978718042373657,-0.2346767634153366,0.8368178606033325,0.5105668306350708,-0.1976293921470642,-0.645156979560852,0.0,0.0,0.0,1.0
-0.2805662453174591,0.09438154846429825,-0.9551830887794495,4.058466911315918,-0.46687859296798706,0.8560738563537598,0.2217249870300293,-0.23410990834236145,0.8386340141296387,0.5081630945205688,-0.19612069427967072,-0.6444306373596191,0.0,0.0,0.0,1.0
-0.2921607494354248,0.09880727529525757,-0.9512513875961304,4.068084239959717,-0.5432369112968445,0.8014650344848633,0.25009486079216003,-0.19496643543243408,0.787105917930603,0.5898227691650391,-0.18048086762428284,-0.7107307314872742,0.0,0.0,0.0,1.0
-0.29128357768058777,0.09618145227432251,-0.951789379119873,3.9824490547180176,-0.5425236225128174,0.8028562664985657,0.24716401100158691,-0.16808298230171204,0.7879226207733154,0.5883630514144897,-0.18167811632156372,-0.7204846739768982,0.0,0.0,0.0,1.0
-0.28886157274246216,0.10101321339607239,-0.9520269632339478,3.9684717655181885,-0.54038405418396,0.803659200668335,0.24923284351825714,-0.16361527144908905,0.7902810573577881,0.5864539742469788,-0.17756034433841705,-0.7199701070785522,0.0,0.0,0.0,1.0
-0.2848120629787445,0.11018456518650055,-0.9522297382354736,3.926706314086914,-0.5314034223556519,0.8086097240447998,0.25250884890556335,-0.14349326491355896,0.7978048324584961,0.5779356360435486,-0.17174935340881348,-0.7273500561714172,0.0,0.0,0.0,1.0
-0.28609201312065125,0.10830828547477722,-0.9520612955093384,3.928745746612549,-0.5263124108314514,0.8125268220901489,0.25059011578559875,-0.14092358946800232,0.8007164001464844,0.5727734565734863,-0.17545343935489655,-0.7410925626754761,0.0,0.0,0.0,1.0
-0.28486722707748413,0.1074393093585968,-0.952526867389679,3.9089291095733643,-0.5182152986526489,0.8187081813812256,0.24732531607151031,-0.14405080676078796,0.8064139485359192,0.5640689134597778,-0.177546426653862,-0.7421138286590576,0.0,0.0,0.0,1.0
-0.28394386172294617,0.10912005603313446,-0.95261150598526,3.902834892272949,-0.5189388990402222,0.8179323673248291,0.24837236106395721,-0.14816409349441528,0.8062742948532104,0.564871072769165,-0.17562025785446167,-0.7399879097938538,0.0,0.0,0.0,1.0
-0.285764217376709,0.10569159686565399,-0.9524537324905396,3.9011473655700684,-0.5176945328712463,0.8193625211715698,0.24624644219875336,-0.1426735371351242,0.8064310550689697,0.5634485483169556,-0.17942854762077332,-0.7472662329673767,0.0,0.0,0.0,1.0
-0.28299665451049805,0.11106587201356888,-0.9526684880256653,3.9215431213378906,-0.5206148624420166,0.8164209127426147,0.24983377754688263,-0.1557384431362152,0.8055265545845032,0.5666755437850952,-0.17322185635566711,-0.7342022657394409,0.0,0.0,0.0,1.0
-0.28291863203048706,0.11093539744615555,-0.9527068734169006,3.909273862838745,-0.5222523212432861,0.8153153657913208,0.25002679228782654,-0.15173198282718658,0.8044933080673218,0.5682905912399292,-0.17273163795471191,-0.7339917421340942,0.0,0.0,0.0,1.0
-0.2830241620540619,0.1087060496211052,-0.9529324769973755,3.8985273838043213,-0.5236262083053589,0.8149070739746094,0.24847953021526337,-0.14483888447284698,0.8035626411437988,0.5693061351776123,-0.17371705174446106,-0.7363331317901611,0.0,0.0,0.0,1.0
-0.2812386751174927,0.09873402863740921,-0.9545451402664185,4.122085094451904,-0.5629339218139648,0.7885971069335938,0.24742689728736877,-0.21382638812065125,0.7771809697151184,0.6069318056106567,-0.16620327532291412,-0.6768970489501953,0.0,0.0,0.0,1.0
-0.2783702313899994,0.09839905053377151,-0.9554201364517212,4.101071357727051,-0.5651653409004211,0.7875176668167114,0.24577268958091736,-0.20955847203731537,0.7765939831733704,0.6083861589431763,-0.16360971331596375,-0.6780087351799011,0.0,0.0,0.0,1.0
-0.28074049949645996,0.0965389683842659,-0.95491623878479,4.110584735870361,-0.5633165836334229,0.788965106010437,0.24537405371665955,-0.21035531163215637,0.7770837545394897,0.6068066358566284,-0.16711245477199554,-0.6799914240837097,0.0,0.0,0.0,1.0
-0.2794593870639801,0.10075807571411133,-0.9548561573028564,4.1165900230407715,-0.5657280087471008,0.7862445116043091,0.24853846430778503,-0.21533085405826569,0.7757927179336548,0.6096453070640564,-0.16272173821926117,-0.6709718704223633,0.0,0.0,0.0,1.0
-0.2802136242389679,0.10366670042276382,-0.9543235898017883,4.131057262420654,-0.5652602314949036,0.7856953144073486,0.2513236403465271,-0.21586886048316956,0.7758615016937256,0.6098654866218567,-0.16156388819217682,-0.6634777784347534,0.0,0.0,0.0,1.0
-0.2880384624004364,0.10637779533863068,-0.9516919851303101,4.166342735290527,-0.5681321620941162,0.7810338735580444,0.25925254821777344,-0.22313889861106873,0.7708824276924133,0.6153614521026611,-0.1645311415195465,-0.6636818051338196,0.0,0.0,0.0,1.0
-0.2955310046672821,0.11264733225107193,-0.9486685395240784,4.272148609161377,-0.569907546043396,0.776185929775238,0.2697049677371979,-0.24274766445159912,0.766724705696106,0.620359480381012,-0.16518844664096832,-0.6614986658096313,0.0,0.0,0.0,1.0
-0.2905520796775818,0.11155562102794647,-0.9503340721130371,4.439640998840332,-0.5855048298835754,0.764811635017395,0.26878833770751953,-0.3471136689186096,0.7568113803863525,0.6345221996307373,-0.1569012552499771,-0.6763643026351929,0.0,0.0,0.0,1.0
-0.28092631697654724,0.11572317779064178,-0.9527269005775452,4.44645357131958,-0.5896714925765991,0.7624143362045288,0.26648062467575073,-0.3447437882423401,0.7572106122970581,0.6366572976112366,-0.14594359695911407,-0.7210906147956848,0.0,0.0,0.0,1.0
-0.28490906953811646,0.11765741556882858,-0.9513062238693237,4.405375003814697,-0.5980127453804016,0.7538015842437744,0.2723304033279419,-0.32857468724250793,0.7491378784179688,0.6464826464653015,-0.14440429210662842,-0.7376725673675537,0.0,0.0,0.0,1.0
-0.28562843799591064,0.11865288764238358,-0.9509668350219727,4.387726783752441,-0.6003852486610413,0.7512819766998291,0.2740672826766968,-0.3165290355682373,0.7469631433486938,0.6492278575897217,-0.1433500498533249,-0.7453227043151855,0.0,0.0,0.0,1.0
-0.2878739833831787,0.09758970141410828,-0.9526829719543457,4.148005962371826,-0.5539153814315796,0.7945390939712524,0.24876759946346283,-0.20711109042167664,0.7812210321426392,0.5993194580078125,-0.17467068135738373,-0.6643118262290955,0.0,0.0,0.0,1.0
-0.2849908173084259,0.09640054404735565,-0.9536703824996948,4.146963596343994,-0.5556123852729797,0.7941200733184814,0.24630944430828094,-0.20863023400306702,0.7810730934143066,0.6000670194625854,-0.17275556921958923,-0.6620537638664246,0.0,0.0,0.0,1.0
-0.28523239493370056,0.09544573724269867,-0.9536941647529602,4.168363094329834,-0.5627655982971191,0.7887716293334961,0.24725313484668732,-0.21068572998046875,0.7758462429046631,0.6072309017181396,-0.17126965522766113,-0.652673065662384,0.0,0.0,0.0,1.0
-0.2832026481628418,0.09625814110040665,-0.9542173147201538,4.161421775817871,-0.5604418516159058,0.7907826900482178,0.24610522389411926,-0.2042226642370224,0.7782681584358215,0.6044809222221375,-0.17000463604927063,-0.6498789191246033,0.0,0.0,0.0,1.0
-0.28341391682624817,0.09556339681148529,-0.9542244076728821,4.167821884155273,-0.5612974762916565,0.7902541160583496,0.24585294723510742,-0.20901992917060852,0.7775743007659912,0.6052818894386292,-0.1703295111656189,-0.6490733027458191,0.0,0.0,0.0,1.0
-0.2814449071884155,0.09534350782632828,-0.9548289775848389,4.152490139007568,-0.5605207085609436,0.791306734085083,0.24423395097255707,-0.2038099616765976,0.7788487076759338,0.6039398312568665,-0.16926723718643188,-0.6563193202018738,0.0,0.0,0.0,1.0
-0.2808777689933777,0.09624640643596649,-0.9549053907394409,4.148996353149414,-0.5581774711608887,0.7929991483688354,0.2441110610961914,-0.19714798033237457,0.7807339429855347,0.6015721559524536,-0.16901324689388275,-0.6542198657989502,0.0,0.0,0.0,1.0
-0.2812666594982147,0.09475932270288467,-0.9549396634101868,4.155771255493164,-0.5601110458374023,0.7918087244033813,0.24354608356952667,-0.20307426154613495,0.7792077660560608,0.603373646736145,-0.1696336418390274,-0.6536579728126526,0.0,0.0,0.0,1.0
-0.28311753273010254,0.09597726166248322,-0.9542708396911621,4.160962104797363,-0.5606126189231873,0.7907394170761108,0.24585500359535217,-0.20558972656726837,0.7781761288642883,0.6045820713043213,-0.17006613314151764,-0.6532881259918213,0.0,0.0,0.0,1.0
-0.2829161584377289,0.09640990197658539,-0.9542869329452515,4.16534948348999,-0.5604750514030457,0.7907750606536865,0.24605387449264526,-0.20662425458431244,0.7783483266830444,0.6044666767120361,-0.1696876883506775,-0.6483290791511536,0.0,0.0,0.0,1.0
-0.283572256565094,0.09545288980007172,-0.9541884064674377,4.163743019104004,-0.5604122877120972,0.7909391522407532,0.24566929042339325,-0.20579028129577637,0.7781548500061035,0.6044038534164429,-0.17079541087150574,-0.650948166847229,0.0,0.0,0.0,1.0
-0.28735291957855225,0.09371639043092728,-0.9532290101051331,4.143612861633301,-0.5506609678268433,0.7981283664703369,0.2444656640291214,-0.19591079652309418,0.7837096452713013,0.5951539278030396,-0.17773857712745667,-0.6781511306762695,0.0,0.0,0.0,1.0
-0.2876514494419098,0.0938081368803978,-0.9531299471855164,4.145556926727295,-0.5525109171867371,0.796638011932373,0.24515198171138763,-0.19995102286338806,0.7822967767715454,0.5971331000328064,-0.17732404172420502,-0.6752760410308838,0.0,0.0,0.0,1.0
-0.289760559797287,0.09407590329647064,-0.9524644613265991,4.1457743644714355,-0.5508811473846436,0.7973968982696533,0.24634981155395508,-0.2027589976787567,0.7826678156852722,0.5960771441459656,-0.1792295128107071,-0.6740803122520447,0.0,0.0,0.0,1.0
-0.2895064353942871,0.09283539652824402,-0.9526634216308594,4.145393371582031,-0.549578070640564,0.7987568974494934,0.24484965205192566,-0.20310857892036438,0.7836772203445435,0.5944485068321228,-0.18022498488426208,-0.6767397522926331,0.0,0.0,0.0,1.0
-0.2878430187702179,0.09254559874534607,-0.9531955122947693,4.147272109985352,-0.5474175214767456,0.8007858991622925,0.24305559694766998,-0.20164789259433746,0.7857992649078369,0.5917577743530273,-0.17983955144882202,-0.676787793636322,0.0,0.0,0.0,1.0
-0.28977644443511963,0.092403843998909,-0.9526233077049255,4.154092788696289,-0.5401340126991272,0.8058919906616211,0.24247321486473083,-0.20853586494922638,0.7901169657707214,0.584807276725769,-0.18361808359622955,-0.6801806688308716,0.0,0.0,0.0,1.0
-0.2898719608783722,0.09103908389806747,-0.9527256488800049,4.15589714050293,-0.538969874382019,0.8070807456970215,0.24110627174377441,-0.2150212824344635,0.7908766269683838,0.5833803415298462,-0.1848827302455902,-0.6780014038085938,0.0,0.0,0.0,1.0
-0.290775328874588,0.0915364995598793,-0.952402651309967,4.1565752029418945,-0.5365332365036011,0.8085788488388062,0.24152086675167084,-0.21443653106689453,0.7922006249427795,0.5812239646911621,-0.18600240349769592,-0.6825771331787109,0.0,0.0,0.0,1.0
-0.29043641686439514,0.0912754163146019,-0.952531099319458,4.158048152923584,-0.5353603363037109,0.8095669150352478,0.24081280827522278,-0.21382871270179749,0.7931179404258728,0.579888105392456,-0.18626248836517334,-0.6801120042800903,0.0,0.0,0.0,1.0
-0.2904420495033264,0.09238200634717941,-0.9524226784706116,4.15224027633667,-0.5338461399078369,0.810390830039978,0.24140216410160065,-0.21167230606079102,0.7941358685493469,0.5785605311393738,-0.1860537976026535,-0.6848848462104797,0.0,0.0,0.0,1.0
-0.2901669144630432,0.09140907227993011,-0.9526004195213318,4.153583526611328,-0.5362648963928223,0.8089208602905273,0.24097095429897308,-0.2146688550710678,0.7926052808761597,0.5807679295539856,-0.1857025921344757,-0.6803873777389526,0.0,0.0,0.0,1.0
-0.28803762793540955,0.09148332476615906,-0.9532392621040344,4.143564224243164,-0.5510068535804749,0.7983037829399109,0.24311020970344543,-0.20151329040527344,0.7832149863243103,0.5952662229537964,-0.17953360080718994,-0.6724461913108826,0.0,0.0,0.0,1.0
-0.28877705335617065,0.0920647457242012,-0.9529595375061035,4.144733428955078,-0.5503377914428711,0.7985199689865112,0.24391430616378784,-0.20122894644737244,0.7834131121635437,0.5948865413665771,-0.1799275279045105,-0.6745718121528625,0.0,0.0,0.0,1.0
-0.28896263241767883,0.0915825292468071,-0.9529497623443604,4.149364471435547,-0.5500783920288086,0.7988041639328003,0.2435685694217682,-0.20465293526649475,0.7835268974304199,0.5945792198181152,-0.18044699728488922,-0.6718711256980896,0.0,0.0,0.0,1.0
-0.2886159420013428,0.09177351742982864,-0.9530364274978638,4.150530815124512,-0.5489622354507446,0.7996680736541748,0.24325157701969147,-0.20574951171875,0.7844369411468506,0.5933873653411865,-0.1804167628288269,-0.6705748438835144,0.0,0.0,0.0,1.0
-0.2894560396671295,0.09215213358402252,-0.9527450799942017,4.156871318817139,-0.5470936894416809,0.8008199334144592,0.24367153644561768,-0.20841707289218903,0.7854321002960205,0.5917730331420898,-0.1813863217830658,-0.6710988283157349,0.0,0.0,0.0,1.0
-0.28995445370674133,0.09111292660236359,-0.9526934623718262,4.152641773223877,-0.5375799536705017,0.8080700635910034,0.24089525640010834,-0.21095265448093414,0.7917916774749756,0.5819975733757019,-0.18532304465770721,-0.6804837584495544,0.0,0.0,0.0,1.0
-0.29066407680511475,0.09404976665973663,-0.9521917104721069,4.141627311706543,-0.5219788551330566,0.8184453248977661,0.24017758667469025,-0.21298794448375702,0.8019055128097534,0.5668349862098694,-0.1888006627559662,-0.6915847659111023,0.0,0.0,0.0,1.0
-0.2893160581588745,0.09313543140888214,-0.9526919722557068,4.137175559997559,-0.5206804275512695,0.8198293447494507,0.23826836049556732,-0.2148323357105255,0.8032360672950745,0.5649828910827637,-0.1886959820985794,-0.6927633881568909,0.0,0.0,0.0,1.0
-0.28981611132621765,0.09536352008581161,-0.9523195028305054,4.141693592071533,-0.5162829160690308,0.8222600817680359,0.23945823311805725,-0.21864309906959534,0.805889904499054,0.5610651969909668,-0.18906967341899872,-0.6907636523246765,0.0,0.0,0.0,1.0
-0.2879176437854767,0.09046927094459534,-0.9533722996711731,4.11583137512207,-0.5079272985458374,0.8295383453369141,0.23211179673671722,-0.2144385278224945,0.8118579387664795,0.551072895526886,-0.19288691878318787,-0.6907626390457153,0.0,0.0,0.0,1.0
-0.292902410030365,0.08861874788999557,-0.9520267248153687,4.08285665512085,-0.5041206479072571,0.8317428827285767,0.2325209677219391,-0.2022741734981537,0.812447190284729,0.548042356967926,-0.19894495606422424,-0.6861536502838135,0.0,0.0,0.0,1.0
-0.2788890302181244,0.09140843152999878,-0.9559630751609802,4.119095802307129,-0.5594987869262695,0.7935919761657715,0.23910866677761078,-0.19018030166625977,0.7805011868476868,0.601544976234436,-0.17018119990825653,-0.6842409372329712,0.0,0.0,0.0,1.0
-0.27808958292007446,0.0912090390920639,-0.956214964389801,4.105628490447998,-0.559751033782959,0.7936011552810669,0.23848669230937958,-0.17770183086395264,0.7806054353713989,0.601563036441803,-0.16963787376880646,-0.690317690372467,0.0,0.0,0.0,1.0
-0.2796107530593872,0.09140998125076294,-0.9557520747184753,4.081990718841553,-0.5603477954864502,0.7927967309951782,0.23975758254528046,-0.16484856605529785,0.7796333432197571,0.6025923490524292,-0.17045313119888306,-0.695177435874939,0.0,0.0,0.0,1.0
-0.28246599435806274,0.08883091807365417,-0.9551554918289185,4.059233665466309,-0.5595622658729553,0.7934971451759338,0.2392745316028595,-0.15064796805381775,0.7791681289672852,0.6020559072494507,-0.1744295060634613,-0.7003894448280334,0.0,0.0,0.0,1.0
-0.28228431940078735,0.08726932853460312,-0.9553531408309937,4.065585136413574,-0.5589872002601624,0.7943659424781799,0.23773105442523956,-0.15502966940402985,0.7796465754508972,0.6011379957199097,-0.17545460164546967,-0.7010172009468079,0.0,0.0,0.0,1.0
-0.281308650970459,0.08820148557424545,-0.9555553197860718,4.075568675994873,-0.5582532286643982,0.7948862314224243,0.23771685361862183,-0.15921646356582642,0.780524730682373,0.6003136038780212,-0.17436960339546204,-0.6984958052635193,0.0,0.0,0.0,1.0
-0.2786703407764435,0.09152043610811234,-0.9560161232948303,4.097708702087402,-0.5597394108772278,0.7934206128120422,0.23911412060260773,-0.17378199100494385,0.7804067730903625,0.601753830909729,-0.16987518966197968,-0.6897751092910767,0.0,0.0,0.0,1.0
-0.2780301570892334,0.09159499406814575,-0.9561953544616699,4.126178741455078,-0.5598005056381226,0.7934781312942505,0.2387797236442566,-0.19282077252864838,0.7805911898612976,0.6016666293144226,-0.16933594644069672,-0.6848289370536804,0.0,0.0,0.0,1.0
-0.27943292260169983,0.09231900423765182,-0.9557167291641235,4.086628437042236,-0.5621538162231445,0.7912035584449768,0.24079038202762604,-0.1680666208267212,0.7783960103988647,0.6045445203781128,-0.16919085383415222,-0.6918123364448547,0.0,0.0,0.0,1.0
-0.2784714698791504,0.09336937218904495,-0.9558953046798706,4.08595609664917,-0.5664605498313904,0.7877650856971741,0.24196816980838776,-0.1692468523979187,0.7756134271621704,0.6088581681251526,-0.16648003458976746,-0.6859568953514099,0.0,0.0,0.0,1.0
-0.2795036733150482,0.09398189187049866,-0.9555339217185974,4.105805397033691,-0.5648163557052612,0.7886931896209717,0.24278691411018372,-0.18297040462493896,0.7764406204223633,0.6075610518455505,-0.1673601269721985,-0.6835799813270569,0.0,0.0,0.0,1.0
-0.2832288444042206,0.09567806124687195,-0.9542678594589233,4.125406265258789,-0.5557494163513184,0.7945486903190613,0.24461178481578827,-0.19250208139419556,0.7816162705421448,0.5996149182319641,-0.17186608910560608,-0.679943859577179,0.0,0.0,0.0,1.0
-0.28251639008522034,0.09569688141345978,-0.9544771313667297,4.132540225982666,-0.5572618246078491,0.7935220003128052,0.2445037066936493,-0.1992737054824829,0.7807968854904175,0.6009699106216431,-0.17085477709770203,-0.675243616104126,0.0,0.0,0.0,1.0
-0.2832995653152466,0.10061632841825485,-0.953738808631897,4.151723384857178,-0.5680701732635498,0.783638060092926,0.25141140818595886,-0.2025679349899292,0.7726821899414062,0.6130152344703674,-0.16484719514846802,-0.6603614687919617,0.0,0.0,0.0,1.0
-0.2835690677165985,0.10499216616153717,-0.9531868696212769,4.15319299697876,-0.5716869831085205,0.7795314788818359,0.2559387683868408,-0.20268085598945618,0.7699107527732849,0.617500901222229,-0.16102835536003113,-0.6618919968605042,0.0,0.0,0.0,1.0
-0.28230953216552734,0.10172431170940399,-0.9539148211479187,4.1481099128723145,-0.5731642246246338,0.7794870138168335,0.25275054574012756,-0.19717536866664886,0.7692750692367554,0.6181038022041321,-0.1617518663406372,-0.6603699922561646,0.0,0.0,0.0,1.0
-0.28451019525527954,0.10554544627666473,-0.9528452754020691,4.162051677703857,-0.5761879682540894,0.7755444049835205,0.257950097322464,-0.19470643997192383,0.7661992907524109,0.6224074363708496,-0.15983626246452332,-0.6630088686943054,0.0,0.0,0.0,1.0
-0.2846085727214813,0.10581529140472412,-0.9527859687805176,4.161868095397949,-0.5759127736091614,0.7756732106208801,0.25817739963531494,-0.19553154706954956,0.766369640827179,0.6222010850906372,-0.15982288122177124,-0.6629087328910828,0.0,0.0,0.0,1.0
-0.2871037423610687,0.10536287724971771,-0.9520872235298157,4.167068004608154,-0.5771254301071167,0.7742568254470825,0.25971654057502747,-0.19656138122081757,0.764524519443512,0.624039351940155,-0.16148443520069122,-0.6695225238800049,0.0,0.0,0.0,1.0
-0.28627341985702515,0.10467343032360077,-0.9524132609367371,4.165622234344482,-0.5793614387512207,0.772800087928772,0.25907599925994873,-0.193838968873024,0.7631434202194214,0.6259580850601196,-0.1605883687734604,-0.6705768704414368,0.0,0.0,0.0,1.0
-0.28786784410476685,0.10031168162822723,-0.9524020552635193,4.178523063659668,-0.5851221084594727,0.7688645124435425,0.25783640146255493,-0.18895429372787476,0.7581321001052856,0.6314942836761475,-0.16263680160045624,-0.6818006634712219,0.0,0.0,0.0,1.0
-0.28998836874961853,0.10071282833814621,-0.9517161846160889,4.201770782470703,-0.5866925716400146,0.7669613361358643,0.2599271237850189,-0.19259347021579742,0.7561075091362,0.6337405443191528,-0.16332240402698517,-0.6845389008522034,0.0,0.0,0.0,1.0
-0.28699642419815063,0.09660877287387848,-0.9530476331710815,4.138846397399902,-0.5566771626472473,0.7928457260131836,0.24800460040569305,-0.19820648431777954,0.7795791625976562,0.6017162799835205,-0.17376399040222168,-0.6738558411598206,0.0,0.0,0.0,1.0
-0.283821702003479,0.09916415065526962,-0.9537356495857239,4.138736248016357,-0.5582824945449829,0.7915785908699036,0.24844297766685486,-0.19596074521541595,0.7795933485031128,0.6029675006866455,-0.16930557787418365,-0.6729509234428406,0.0,0.0,0.0,1.0
-0.2784333825111389,0.1024031788110733,-0.9549808502197266,4.129717826843262,-0.5593791007995605,0.7909717559814453,0.24790848791599274,-0.1901882290840149,0.7807495594024658,0.6032224297523499,-0.16295075416564941,-0.6722192168235779,0.0,0.0,0.0,1.0
-0.27919673919677734,0.10313984751701355,-0.9546786546707153,4.131964683532715,-0.559117317199707,0.7908289432525635,0.24895258247852325,-0.18831466138362885,0.7806644439697266,0.6032841205596924,-0.16312958300113678,-0.6718568205833435,0.0,0.0,0.0,1.0
-0.2771044373512268,0.1033904105424881,-0.9552609920501709,4.136972904205322,-0.5615002512931824,0.789340078830719,0.24831372499465942,-0.18967340886592865,0.7796990871429443,0.6051880717277527,-0.16067591309547424,-0.6682537794113159,0.0,0.0,0.0,1.0
-0.2784876525402069,0.10335400700569153,-0.9548625946044922,4.1528425216674805,-0.5630902051925659,0.787831723690033,0.2495010495185852,-0.19572369754314423,0.7780579328536987,0.6071566939353943,-0.1612037718296051,-0.6612997055053711,0.0,0.0,0.0,1.0
-0.2754693031311035,0.1066172644495964,-0.9553791880607605,4.135094165802002,-0.5613904595375061,0.788914680480957,0.24990887939929962,-0.1837359219789505,0.7803572416305542,0.6051830053329468,-0.15746785700321198,-0.6655967831611633,0.0,0.0,0.0,1.0
-0.2756469249725342,0.10715954005718231,-0.9552673101425171,4.150627613067627,-0.5626178979873657,0.7877827882766724,0.2507176101207733,-0.19080011546611786,0.7794098854064941,0.6065600514411926,-0.15686000883579254,-0.658623456954956,0.0,0.0,0.0,1.0
-0.27267757058143616,0.11221246421337128,-0.9555392861366272,4.1605987548828125,-0.5673101544380188,0.7833905220031738,0.2538869082927704,-0.19374880194664001,0.7770496606826782,0.611316442489624,-0.1499537229537964,-0.6560320854187012,0.0,0.0,0.0,1.0
-0.26824456453323364,0.11599424481391907,-0.9563421010971069,4.156988620758057,-0.5708036422729492,0.7805582284927368,0.25477832555770874,-0.19313284754753113,0.7760335206985474,0.6142264604568481,-0.1431705504655838,-0.6610556244850159,0.0,0.0,0.0,1.0
-0.2675119638442993,0.11667168140411377,-0.9564648866653442,4.159229278564453,-0.5733094215393066,0.7785433530807495,0.2553163170814514,-0.19858938455581665,0.7744375467300415,0.6166505217552185,-0.1413806825876236,-0.6618748307228088,0.0,0.0,0.0,1.0
-0.28980910778045654,0.09678518027067184,-0.9521781802177429,4.1552348136901855,-0.5595539808273315,0.7899966835975647,0.2506083548069,-0.21502158045768738,0.7764728665351868,0.6054237484931946,-0.17479170858860016,-0.6761099100112915,0.0,0.0,0.0,1.0
-0.28803834319114685,0.09751405566930771,-0.9526410102844238,4.144862651824951,-0.557729959487915,0.7915844917297363,0.24966199696063995,-0.2071070373058319,0.7784414291381836,0.603228747844696,-0.17362017929553986,-0.6795942783355713,0.0,0.0,0.0,1.0
-0.28918275237083435,0.09767315536737442,-0.9522779583930969,4.147590637207031,-0.557675838470459,0.7913517951965332,0.25051936507225037,-0.2075669765472412,0.7780559062957764,0.6035082340240479,-0.17437534034252167,-0.6794158220291138,0.0,0.0,0.0,1.0
-0.2888357639312744,0.09888298064470291,-0.9522584080696106,4.14653205871582,-0.5589741468429565,0.7900950908660889,0.2515900135040283,-0.21387837827205658,0.777252733707428,0.6049560904502869,-0.17293469607830048,-0.6778051853179932,0.0,0.0,0.0,1.0
-0.2884543240070343,0.1035141721367836,-0.9518817663192749,4.1499528884887695,-0.5600313544273376,0.7881167531013489,0.25541484355926514,-0.21633979678153992,0.776633083820343,0.6067591905593872,-0.16936452686786652,-0.6759142279624939,0.0,0.0,0.0,1.0
-0.2885766923427582,0.10796193778514862,-0.9513504505157471,4.152433395385742,-0.5594473481178284,0.7873449325561523,0.2590493857860565,-0.22164684534072876,0.7770084142684937,0.6069861054420471,-0.16681037843227386,-0.6675260663032532,0.0,0.0,0.0,1.0
-0.28755253553390503,0.1091412901878357,-0.9515259861946106,4.1542792320251465,-0.559303343296051,0.7873539924621582,0.2593328356742859,-0.22451770305633545,0.7774916887283325,0.6067636013031006,-0.16536253690719604,-0.6658371686935425,0.0,0.0,0.0,1.0
-0.28342294692993164,0.11599244177341461,-0.9519544243812561,4.1612935066223145,-0.5625662803649902,0.7838065028190613,0.26299557089805603,-0.2285558432340622,0.776653528213501,0.610076367855072,-0.15689529478549957,-0.6600362062454224,0.0,0.0,0.0,1.0
-0.2762661874294281,0.12339460849761963,-0.953126847743988,4.19174861907959,-0.5689296722412109,0.7782934904098511,0.26566582918167114,-0.2463521808385849,0.7745940685272217,0.6156566143035889,-0.14481329917907715,-0.6457550525665283,0.0,0.0,0.0,1.0
-0.2755604386329651,0.12448488175868988,-0.9531893730163574,4.197354316711426,-0.5699755549430847,0.7773137092590332,0.2662917971611023,-0.25023964047431946,0.7740764617919922,0.6166740655899048,-0.14324358105659485,-0.6432588696479797,0.0,0.0,0.0,1.0
-0.27395689487457275,0.12430928647518158,-0.9536743760108948,4.191830635070801,-0.5705870389938354,0.7772315740585327,0.2652198076248169,-0.24487578868865967,0.7741951942443848,0.616813063621521,-0.14199867844581604,-0.6438344120979309,0.0,0.0,0.0,1.0
-0.2899448871612549,0.0989987924695015,-0.9519092440605164,4.144903659820557,-0.5564103126525879,0.7918269038200378,0.2518288493156433,-0.20116865634918213,0.7786781191825867,0.6026685833930969,-0.1745022088289261,-0.6746280193328857,0.0,0.0,0.0,1.0
-0.2885535657405853,0.10561253130435944,-0.9516211748123169,4.156450271606445,-0.5553755164146423,0.7911489009857178,0.2562057673931122,-0.21101519465446472,0.7799326181411743,0.6024362444877625,-0.16963423788547516,-0.6657320857048035,0.0,0.0,0.0,1.0
-0.28949466347694397,0.10700173676013947,-0.9511800408363342,4.1569132804870605,-0.5553349852561951,0.790608286857605,0.2579564154148102,-0.2126501500606537,0.7796126008033752,0.6029005646705627,-0.16945508122444153,-0.659583330154419,0.0,0.0,0.0,1.0
-0.28853529691696167,0.10453210771083832,-0.9517459869384766,4.154714107513428,-0.5556229948997498,0.7912518978118896,0.255349725484848,-0.20440608263015747,0.7797631025314331,0.6024894118309021,-0.170223668217659,-0.6683143973350525,0.0,0.0,0.0,1.0
-0.2889227271080017,0.1059960350394249,-0.9514665007591248,4.156200885772705,-0.5561602115631104,0.790361762046814,0.2569323480129242,-0.21084879338741302,0.7792364954948425,0.6034013628959656,-0.16940268874168396,-0.6604950428009033,0.0,0.0,0.0,1.0
-0.28814414143562317,0.10460758954286575,-0.9518561959266663,4.152825832366943,-0.555879533290863,0.7911145687103271,0.25521713495254517,-0.2036307007074356,0.7797249555587769,0.6026567220687866,-0.16980579495429993,-0.6688345670700073,0.0,0.0,0.0,1.0
-0.2871364951133728,0.10597576200962067,-0.9520093202590942,4.155760765075684,-0.5566359162330627,0.7903714179992676,0.2558700740337372,-0.20724241435527802,0.7795569896697998,0.6033922433853149,-0.16795454919338226,-0.665954053401947,0.0,0.0,0.0,1.0
-0.2889392077922821,0.1064353808760643,-0.9514124393463135,4.15544319152832,-0.5558401942253113,0.7904871702194214,0.2572384476661682,-0.20799793303012848,0.7794586420059204,0.6031595468521118,-0.16924168169498444,-0.6616984009742737,0.0,0.0,0.0,1.0
-0.2874527871608734,0.10629593580961227,-0.9518781900405884,4.155670166015625,-0.556148886680603,0.7905963659286499,0.25623416900634766,-0.20946119725704193,0.7797880172729492,0.6030411720275879,-0.16814275085926056,-0.664201557636261,0.0,0.0,0.0,1.0
-0.28886091709136963,0.10815723240375519,-0.9512420296669006,4.158584117889404,-0.5568891167640686,0.7892236709594727,0.2588444650173187,-0.2191021740436554,0.7787386775016785,0.6045063138008118,-0.16774430871009827,-0.655177652835846,0.0,0.0,0.0,1.0
-0.28869450092315674,0.10782110691070557,-0.9513307213783264,4.159610748291016,-0.5571028590202332,0.7891843318939209,0.2585044801235199,-0.21633920073509216,0.7786474227905273,0.6046178936958313,-0.16776570677757263,-0.6563608646392822,0.0,0.0,0.0,1.0
-0.2903732657432556,0.09777354449033737,-0.9519053101539612,4.138779640197754,-0.5541663765907288,0.7937946915626526,0.25057873129844666,-0.19761021435260773,0.7801173329353333,0.6002752780914307,-0.17631395161151886,-0.6738771200180054,0.0,0.0,0.0,1.0
-0.28815945982933044,0.098752461373806,-0.9524767994880676,4.144529819488525,-0.5533125996589661,0.7946398258209229,0.24978548288345337,-0.19357497990131378,0.7815428972244263,0.5989954471588135,-0.17434199154376984,-0.6755519509315491,0.0,0.0,0.0,1.0
-0.28408023715019226,0.10298530757427216,-0.9532536268234253,4.143664836883545,-0.5538104772567749,0.7939673066139221,0.2508184313774109,-0.19034388661384583,0.7826827764511108,0.5991743803024292,-0.16851608455181122,-0.6700571179389954,0.0,0.0,0.0,1.0
-0.2831994295120239,0.10743560642004013,-0.9530245065689087,4.155851364135742,-0.5550450682640076,0.7920204401016235,0.2542218267917633,-0.2025003880262375,0.7821273803710938,0.6009669899940491,-0.16466812789440155,-0.6616917252540588,0.0,0.0,0.0,1.0
-0.2813565135002136,0.10762883722782135,-0.9535483717918396,4.1544647216796875,-0.5561741590499878,0.7914780378341675,0.25344187021255493,-0.20745502412319183,0.7819902896881104,0.6016464233398438,-0.16282714903354645,-0.6570040583610535,0.0,0.0,0.0,1.0
-0.28129860758781433,0.1078382357954979,-0.9535418152809143,4.156835556030273,-0.5556864142417908,0.7918092012405396,0.25347721576690674,-0.2073231190443039,0.7823577523231506,0.6011730432510376,-0.16281059384346008,-0.6556369066238403,0.0,0.0,0.0,1.0
-0.28008735179901123,0.10621733218431473,-0.9540801644325256,4.1398539543151855,-0.5558580160140991,0.7923526763916016,0.2513943612575531,-0.20209042727947235,0.7826704382896423,0.600745439529419,-0.16288621723651886,-0.6627797484397888,0.0,0.0,0.0,1.0
-0.2795294225215912,0.10714586079120636,-0.9541399478912354,4.15062952041626,-0.5555534362792969,0.7924542427062988,0.25174686312675476,-0.2062828689813614,0.7830859422683716,0.6004464626312256,-0.1619890332221985,-0.6569490432739258,0.0,0.0,0.0,1.0
-0.28089064359664917,0.10912330448627472,-0.953515887260437,4.159238815307617,-0.557793378829956,0.7899271249771118,0.2547187805175781,-0.21526390314102173,0.7810038328170776,0.6034129858016968,-0.16101489961147308,-0.6490421295166016,0.0,0.0,0.0,1.0
-0.2808585464954376,0.11084525287151337,-0.9533267021179199,4.165929317474365,-0.5570411682128906,0.7900533080101013,0.25597041845321655,-0.21997618675231934,0.7815520167350769,0.6029337048530579,-0.16014784574508667,-0.6492928266525269,0.0,0.0,0.0,1.0
-0.28073781728744507,0.10808081179857254,-0.953679621219635,4.149033546447754,-0.5568543672561646,0.7909608483314514,0.25356289744377136,-0.21062609553337097,0.7817285060882568,0.6022453308105469,-0.16186735033988953,-0.6561001539230347,0.0,0.0,0.0,1.0
-0.2881723642349243,0.10164766013622284,-0.9521682858467102,4.14562463760376,-0.5536479949951172,0.7936167120933533,0.25228244066238403,-0.21045319736003876,0.7813005447387695,0.5998668670654297,-0.172421395778656,-0.6697101593017578,0.0,0.0,0.0,1.0
-0.28774014115333557,0.10046069324016571,-0.952424943447113,4.145132541656494,-0.5526119470596313,0.7948118448257446,0.2507871687412262,-0.20606108009815216,0.7821928262710571,0.5984829068183899,-0.17318347096443176,-0.6693055629730225,0.0,0.0,0.0,1.0
-0.28703588247299194,0.10102183371782303,-0.952578067779541,4.144728183746338,-0.5512414574623108,0.7958520650863647,0.25050389766693115,-0.20635803043842316,0.7834176421165466,0.5970041155815125,-0.17275068163871765,-0.668432354927063,0.0,0.0,0.0,1.0
-0.28699344396591187,0.09934493154287338,-0.9527671933174133,4.134715557098389,-0.5516607761383057,0.7959808111190796,0.24916861951351166,-0.1987936943769455,0.7831380367279053,0.597114086151123,-0.1736365556716919,-0.6715595126152039,0.0,0.0,0.0,1.0
-0.28538277745246887,0.10136686265468597,-0.9530379772186279,4.134420871734619,-0.5506606698036194,0.7965336441993713,0.24961355328559875,-0.19967633485794067,0.7844293713569641,0.5960359573364258,-0.17149825394153595,-0.6648598909378052,0.0,0.0,0.0,1.0
-0.28442519903182983,0.10049620270729065,-0.9534164071083069,4.125129222869873,-0.5504056215286255,0.7971445322036743,0.24822230637073517,-0.1980040818452835,0.7849559783935547,0.5953664779663086,-0.17141428589820862,-0.6651456356048584,0.0,0.0,0.0,1.0
-0.28547605872154236,0.10431799292564392,-0.9526915550231934,4.136049747467041,-0.5484826564788818,0.7973899841308594,0.25166672468185425,-0.20433373749256134,0.7859200239181519,0.5943795442581177,-0.1704191267490387,-0.6582158207893372,0.0,0.0,0.0,1.0
-0.2856578826904297,0.10793779790401459,-0.9522336721420288,4.163327217102051,-0.5475337505340576,0.79710853099823,0.25460711121559143,-0.21968039870262146,0.7865153551101685,0.5941106081008911,-0.16860075294971466,-0.6486958265304565,0.0,0.0,0.0,1.0
-0.2843290865421295,0.10716480016708374,-0.9527185559272766,4.14779806137085,-0.5476547479629517,0.7974905967712402,0.2531462013721466,-0.21557824313640594,0.7869124412536621,0.5937377214431763,-0.16806045174598694,-0.6527546644210815,0.0,0.0,0.0,1.0
-0.2836833596229553,0.10307488590478897,-0.9533621072769165,4.133707046508789,-0.5492305755615234,0.7975077629089355,0.24965393543243408,-0.1972639262676239,0.7860467433929443,0.5944382548332214,-0.1696278154850006,-0.6614318490028381,0.0,0.0,0.0,1.0
-0.2830725312232971,0.10548993200063705,-0.9532794952392578,4.139931678771973,-0.5480966567993164,0.797851026058197,0.2510453164577484,-0.20403072237968445,0.7870578169822693,0.593553364276886,-0.1680310219526291,-0.6591304540634155,0.0,0.0,0.0,1.0
-0.2884799838066101,0.09874419867992401,-0.9523806571960449,4.134241104125977,-0.5533116459846497,0.7945781946182251,0.24998337030410767,-0.19562293589115143,0.7814253568649292,0.5990784764289856,-0.1745835691690445,-0.6719664335250854,0.0,0.0,0.0,1.0
-0.28921210765838623,0.09695982187986374,-0.9523419141769409,4.126336574554443,-0.5538141131401062,0.7945130467414856,0.24907609820365906,-0.19098281860351562,0.7807984352111816,0.599456250667572,-0.17608508467674255,-0.6757396459579468,0.0,0.0,0.0,1.0
-0.2888021171092987,0.09785959124565125,-0.9523743391036987,4.132753372192383,-0.5523437261581421,0.795486569404602,0.24923396110534668,-0.19692717492580414,0.7819908857345581,0.5980172753334045,-0.1756860613822937,-0.6707755923271179,0.0,0.0,0.0,1.0
-0.2894686162471771,0.09992051124572754,-0.9519578814506531,4.13402795791626,-0.5512239336967468,0.7956668138504028,0.2511303126811981,-0.19915956258773804,0.7825343608856201,0.5974363088607788,-0.17524200677871704,-0.665797770023346,0.0,0.0,0.0,1.0
-0.2889367640018463,0.09870088845491409,-0.9522466659545898,4.131739616394043,-0.5515803098678589,0.7958225011825562,0.24985146522521973,-0.1896549016237259,0.7824798822402954,0.5974317789077759,-0.17550091445446014,-0.6686742901802063,0.0,0.0,0.0,1.0
-0.28930169343948364,0.10217158496379852,-0.9517696499824524,4.139636039733887,-0.5481886863708496,0.7974140644073486,0.25223010778427124,-0.20145748555660248,0.7847251892089844,0.5947199463844299,-0.17468394339084625,-0.6634059548377991,0.0,0.0,0.0,1.0
-0.2885233163833618,0.09855988621711731,-0.9523866176605225,4.129630088806152,-0.5492039918899536,0.7977501153945923,0.24893707036972046,-0.18875528872013092,0.7843017578125,0.5948786735534668,-0.17604002356529236,-0.6697217226028442,0.0,0.0,0.0,1.0
-0.2877011299133301,0.09730266034603119,-0.9527645111083984,4.1256818771362305,-0.5480487942695618,0.799113929271698,0.24710215628147125,-0.18491379916667938,0.7854111194610596,0.5932530164718628,-0.17657938599586487,-0.6700816750526428,0.0,0.0,0.0,1.0
-0.28869524598121643,0.09855736047029495,-0.9523347616195679,4.124236583709717,-0.5466821789741516,0.7996234893798828,0.2484770268201828,-0.18720030784606934,0.785998523235321,0.5923585295677185,-0.17696794867515564,-0.6659937500953674,0.0,0.0,0.0,1.0
-0.28961068391799927,0.09768454730510712,-0.9521467089653015,4.132861137390137,-0.5451557040214539,0.800819993019104,0.24797716736793518,-0.1931667923927307,0.7867215871810913,0.5908851027488708,-0.17867271602153778,-0.6613008379936218,0.0,0.0,0.0,1.0
-0.30056583881378174,0.08765072375535965,-0.9497249722480774,4.104567050933838,-0.5368807911872864,0.8074725270271301,0.24443240463733673,-0.17976945638656616,0.7883015275001526,0.5833570957183838,-0.1956406682729721,-0.6710118651390076,0.0,0.0,0.0,1.0
-0.29062342643737793,0.0901917889714241,-0.9525772929191589,4.142005443572998,-0.5485183000564575,0.8000200986862183,0.2430957555770874,-0.20445679128170013,0.7840062379837036,0.5931553840637207,-0.18303275108337402,-0.6788607239723206,0.0,0.0,0.0,1.0
-0.2973770797252655,0.08539704978466034,-0.9509333372116089,4.127148628234863,-0.5369604825973511,0.8085895776748657,0.24053309857845306,-0.1994435042142868,0.7894555926322937,0.5821427702903748,-0.1946011781692505,-0.6767985820770264,0.0,0.0,0.0,1.0
-0.2996032238006592,0.0843951553106308,-0.9503238201141357,4.1217474937438965,-0.533713161945343,0.8108158111572266,0.2402666211128235,-0.19657887518405914,0.7908148765563965,0.5791849493980408,-0.19788020849227905,-0.6731544137001038,0.0,0.0,0.0,1.0
-0.2980904281139374,0.08453848958015442,-0.9507867097854614,4.12513542175293,-0.5312461256980896,0.8128575682640076,0.2388307899236679,-0.20009702444076538,0.7930445671081543,0.5762949585914612,-0.19739431142807007,-0.6755497455596924,0.0,0.0,0.0,1.0
-0.30047762393951416,0.08140957355499268,-0.9503082036972046,4.103486061096191,-0.5292548537254333,0.8146514892578125,0.23713324964046478,-0.19096563756465912,0.7934749126434326,0.5742084383964539,-0.20169812440872192,-0.6834982633590698,0.0,0.0,0.0,1.0
-0.30081111192703247,0.08375931531190872,-0.9499984383583069,4.106154918670654,-0.5248003005981445,0.8172103762626648,0.23822642862796783,-0.19305090606212616,0.7963022589683533,0.5702207088470459,-0.20186902582645416,-0.673589289188385,0.0,0.0,0.0,1.0
-0.3002666234970093,0.08211880922317505,-0.9503138661384583,4.1053924560546875,-0.525205671787262,0.817427396774292,0.23658278584480286,-0.18956413865089417,0.796240508556366,0.5701481699943542,-0.20231689512729645,-0.6694061160087585,0.0,0.0,0.0,1.0
-0.29907655715942383,0.08244919776916504,-0.9506604671478271,4.102877140045166,-0.5235525965690613,0.8187370300292969,0.23571668565273285,-0.18998181819915771,0.7977755665779114,0.5682181119918823,-0.20169855654239655,-0.6698077321052551,0.0,0.0,0.0,1.0
-0.29961174726486206,0.08403197675943375,-0.9503533244132996,4.107487678527832,-0.521192729473114,0.8199256658554077,0.23681238293647766,-0.18895670771598816,0.7991189360618591,0.5662689805030823,-0.20186251401901245,-0.6564818620681763,0.0,0.0,0.0,1.0
-0.30030855536460876,0.08497317880392075,-0.950049638748169,4.109296798706055,-0.5207362771034241,0.8198906183242798,0.23793520033359528,-0.18825484812259674,0.7991549372673035,0.5661793351173401,-0.20197153091430664,-0.6569715142250061,0.0,0.0,0.0,1.0
-0.29993730783462524,0.08432874083518982,-0.9502243399620056,4.117409706115723,-0.5208790302276611,0.8200163841247559,0.2371881902217865,-0.19212748110294342,0.7992013692855835,0.5660935044288635,-0.20202843844890594,-0.6536752581596375,0.0,0.0,0.0,1.0
-0.28639084100723267,0.09471220523118973,-0.953420102596283,4.151617527008057,-0.5550846457481384,0.7946835160255432,0.24568116664886475,-0.20099659264087677,0.7809362411499023,0.5995896458625793,-0.17501677572727203,-0.6748029589653015,0.0,0.0,0.0,1.0
-0.2859824597835541,0.0934649258852005,-0.9536657333374023,4.148809432983398,-0.5540840029716492,0.7958511710166931,0.24415522813796997,-0.20317649841308594,0.7817959785461426,0.5982351303100586,-0.1758120357990265,-0.678831934928894,0.0,0.0,0.0,1.0
-0.28655990958213806,0.09280731528997421,-0.9535565972328186,4.147105693817139,-0.5541222095489502,0.7958770990371704,0.2439838945865631,-0.19738756120204926,0.7815573215484619,0.598302960395813,-0.17663989961147308,-0.6812498569488525,0.0,0.0,0.0,1.0
-0.28659728169441223,0.09397808462381363,-0.953430712223053,4.147852420806885,-0.5539084672927856,0.7957332730293274,0.24493667483329773,-0.20464856922626495,0.7816951870918274,0.5983116030693054,-0.1759997308254242,-0.67901211977005,0.0,0.0,0.0,1.0
-0.28782010078430176,0.0920543521642685,-0.953249990940094,4.140642166137695,-0.5536432266235352,0.796189546585083,0.24405179917812347,-0.19340789318084717,0.7814337611198425,0.5980033874511719,-0.1781941056251526,-0.685940146446228,0.0,0.0,0.0,1.0
-0.2874770760536194,0.09240291267633438,-0.953319787979126,4.1453704833984375,-0.5540712475776672,0.7958399057388306,0.24422098696231842,-0.1957269161939621,0.7812566161155701,0.5984150171279907,-0.17758792638778687,-0.6819336414337158,0.0,0.0,0.0,1.0
-0.2876747250556946,0.0915086641907692,-0.9533464312553406,4.142819881439209,-0.5536248087882996,0.7963716983795166,0.24349887669086456,-0.19809594750404358,0.7815003395080566,0.597844660282135,-0.17843453586101532,-0.6841803789138794,0.0,0.0,0.0,1.0
-0.2888818383216858,0.09590702503919601,-0.9525487422943115,4.1493940353393555,-0.5501000881195068,0.7976897954940796,0.24714533984661102,-0.20575565099716187,0.7835414409637451,0.5953930020332336,-0.1776796281337738,-0.6750219464302063,0.0,0.0,0.0,1.0
-0.2928647994995117,0.09304036945104599,-0.9516163468360901,4.137726306915283,-0.5437438488006592,0.8024505376815796,0.24579621851444244,-0.19860172271728516,0.7864940166473389,0.5894205570220947,-0.18441936373710632,-0.6737450957298279,0.0,0.0,0.0,1.0
-0.2984772026538849,0.09164437651634216,-0.9500066637992859,4.118468761444092,-0.5305985808372498,0.8114482164382935,0.24498377740383148,-0.1818467378616333,0.793332576751709,0.5771942138671875,-0.19357240200042725,-0.6688671708106995,0.0,0.0,0.0,1.0
-0.30134889483451843,0.09544255584478378,-0.9487252235412598,4.1175127029418945,-0.5195848345756531,0.8178430795669556,0.24731433391571045,-0.18233194947242737,0.7995126843452454,0.5674711465835571,-0.19686558842658997,-0.6629469990730286,0.0,0.0,0.0,1.0
-0.2861025631427765,0.0923173576593399,-0.9537414908409119,4.143957138061523,-0.5513500571250916,0.7982050776481628,0.24265572428703308,-0.20960702002048492,0.7836825847625732,0.5952698588371277,-0.17746932804584503,-0.67433762550354,0.0,0.0,0.0,1.0
-0.28712740540504456,0.09285860508680344,-0.9533808827400208,4.141465663909912,-0.547743558883667,0.8005979061126709,0.2429402470588684,-0.20793847739696503,0.7858338356018066,0.5919630527496338,-0.17901089787483215,-0.674239456653595,0.0,0.0,0.0,1.0
-0.2922278940677643,0.08923033624887466,-0.9521768689155579,4.119636535644531,-0.5409652590751648,0.8056203722953796,0.2415211945772171,-0.19389304518699646,0.788644015789032,0.5856738090515137,-0.18715420365333557,-0.6816557049751282,0.0,0.0,0.0,1.0
-0.2943265438079834,0.09700431674718857,-0.9507691860198975,4.096619606018066,-0.5203672647476196,0.8181725740432739,0.2445642501115799,-0.18742714822292328,0.8016170263290405,0.5667309165000916,-0.19033202528953552,-0.6748256683349609,0.0,0.0,0.0,1.0
-0.2940111458301544,0.09957471489906311,-0.9506010413169861,4.091244697570801,-0.5083537101745605,0.8259329795837402,0.2437444031238556,-0.17794641852378845,0.8094035387039185,0.554905116558075,-0.19221431016921997,-0.6654155254364014,0.0,0.0,0.0,1.0
-0.2887189984321594,0.09546694904565811,-0.9526423215866089,4.047112941741943,-0.4911308288574219,0.8393564224243164,0.23296211659908295,-0.15290582180023193,0.821846604347229,0.535132646560669,-0.19545136392116547,-0.6566461324691772,0.0,0.0,0.0,1.0
-0.2865331768989563,0.0887078195810318,-0.9539547562599182,4.006726264953613,-0.4854784309864044,0.8449608087539673,0.22439251840114594,-0.1488698571920395,0.8259597420692444,0.5274203419685364,-0.19904357194900513,-0.6728964447975159,0.0,0.0,0.0,1.0
-0.2891891598701477,0.0706901103258133,-0.9546583294868469,3.91098690032959,-0.4878544807434082,0.8471611738204956,0.2105131894350052,-0.1305377036333084,0.823630690574646,0.5266125202178955,-0.21050335466861725,-0.688266932964325,0.0,0.0,0.0,1.0
-0.2859618663787842,0.07077623903751373,-0.9556236267089844,3.9000203609466553,-0.49266815185546875,0.8445054292678833,0.2099730670452118,-0.13332945108413696,0.8218904733657837,0.5308496356010437,-0.20662711560726166,-0.6909312605857849,0.0,0.0,0.0,1.0
-0.2838146686553955,0.06826148927211761,-0.9564463496208191,3.886361837387085,-0.4996679425239563,0.8408042788505554,0.20827893912792206,-0.1292475163936615,0.818401575088501,0.5370181798934937,-0.20452451705932617,-0.6939542889595032,0.0,0.0,0.0,1.0
-0.2821095883846283,0.06720290333032608,-0.9570255875587463,3.877525568008423,-0.499859094619751,0.8411506414413452,0.20641331374645233,-0.12094761431217194,0.8188742399215698,0.5366091728210449,-0.20370468497276306,-0.701014518737793,0.0,0.0,0.0,1.0
-0.2827644646167755,0.10198444873094559,-0.9537522792816162,4.141964912414551,-0.5512383580207825,0.796453058719635,0.24859334528446198,-0.21903641521930695,0.7849715948104858,0.5960382223129272,-0.16899089515209198,-0.6632819771766663,0.0,0.0,0.0,1.0
-0.28538623452186584,0.10320771485567093,-0.9528393745422363,4.15660285949707,-0.5479937195777893,0.7980698347091675,0.2505740821361542,-0.22987493872642517,0.7862935662269592,0.5936604142189026,-0.1712009757757187,-0.6554216146469116,0.0,0.0,0.0,1.0
-0.2856452167034149,0.1038997545838356,-0.9526865482330322,4.153315544128418,-0.5473071336746216,0.7983542680740356,0.2511681020259857,-0.23186972737312317,0.7866775989532471,0.593157172203064,-0.17118097841739655,-0.6529678106307983,0.0,0.0,0.0,1.0
-0.28558698296546936,0.1050940752029419,-0.9525730013847351,4.156547546386719,-0.5465596914291382,0.7986135482788086,0.2519700825214386,-0.23660808801651,0.7872182130813599,0.5925973653793335,-0.170633465051651,-0.6506791710853577,0.0,0.0,0.0,1.0
-0.28640690445899963,0.10699055343866348,-0.9521155953407288,4.166932582855225,-0.5448784828186035,0.7992100715637207,0.25371381640434265,-0.24545910954475403,0.7880853414535522,0.5914527177810669,-0.1706024408340454,-0.6468809247016907,0.0,0.0,0.0,1.0
-0.2867850661277771,0.10738512873649597,-0.9519573450088501,4.165043354034424,-0.5458415150642395,0.7983051538467407,0.25449174642562866,-0.24746307730674744,0.7872810363769531,0.5926022529602051,-0.17032672464847565,-0.643596351146698,0.0,0.0,0.0,1.0
-0.28620707988739014,0.10939431935548782,-0.9519025087356567,4.183992385864258,-0.5445356965065002,0.798864483833313,0.2555316388607025,-0.26218897104263306,0.7883948087692261,0.5914798974990845,-0.16907154023647308,-0.6432242393493652,0.0,0.0,0.0,1.0
-0.2866823971271515,0.10818395018577576,-0.9518977999687195,4.176508903503418,-0.5457701683044434,0.7981656789779663,0.2550814151763916,-0.26411938667297363,0.7873678207397461,0.5926448702812195,-0.16977646946907043,-0.6378031373023987,0.0,0.0,0.0,1.0
-0.2866784930229187,0.1092037484049797,-0.9517825245857239,4.177505970001221,-0.545177698135376,0.7983384132385254,0.2558065950870514,-0.2684851586818695,0.7877796292304993,0.5922248363494873,-0.16933099925518036,-0.6330923438072205,0.0,0.0,0.0,1.0
-0.2867286801338196,0.1110316812992096,-0.9515559077262878,4.18934440612793,-0.5452829003334045,0.7977563142776489,0.25739365816116333,-0.2749408483505249,0.7876885533332825,0.5926693677902222,-0.1681959331035614,-0.6301244497299194,0.0,0.0,0.0,1.0
-0.2868829071521759,0.10902322828769684,-0.951741635799408,4.178902626037598,-0.5450456142425537,0.7984449863433838,0.2557556629180908,-0.274127721786499,0.7877966165542603,0.5921145677566528,-0.16963757574558258,-0.6287884712219238,0.0,0.0,0.0,1.0
-0.28468242287635803,0.10622556507587433,-0.9527182579040527,4.154749393463135,-0.5498794317245483,0.7959856986999512,0.2530601918697357,-0.22353887557983398,0.7852315306663513,0.5959219932556152,-0.16819186508655548,-0.6429320573806763,0.0,0.0,0.0,1.0
-0.2850607931613922,0.10585625469684601,-0.9526461958885193,4.1573381423950195,-0.5493911504745483,0.7963778376579285,0.2528865933418274,-0.22603672742843628,0.7854359149932861,0.5954635143280029,-0.168859601020813,-0.6404919028282166,0.0,0.0,0.0,1.0
-0.2859289050102234,0.10611160844564438,-0.9523575901985168,4.152989864349365,-0.5493476390838623,0.7961680293083191,0.2536410987377167,-0.22497598826885223,0.7851508855819702,0.5956987142562866,-0.16935527324676514,-0.6418191194534302,0.0,0.0,0.0,1.0
-0.28695014119148254,0.10738476365804672,-0.9519076347351074,4.181588649749756,-0.5472925305366516,0.7971775531768799,0.25490960478782654,-0.24723172187805176,0.7862128019332886,0.5941182971000671,-0.16997931897640228,-0.6313930749893188,0.0,0.0,0.0,1.0
-0.28716394305229187,0.10721977055072784,-0.9518617391586304,4.170958995819092,-0.5475331544876099,0.7969964742660522,0.254958838224411,-0.237140491604805,0.7859671115875244,0.594390869140625,-0.17016229033470154,-0.6312995553016663,0.0,0.0,0.0,1.0
-0.2859184145927429,0.10661329329013824,-0.9523047208786011,4.165727138519287,-0.5487067699432373,0.7965222597122192,0.25391578674316406,-0.23517216742038727,0.7856026887893677,0.5951353311538696,-0.16924092173576355,-0.6360969543457031,0.0,0.0,0.0,1.0
-0.2870855927467346,0.10598225146532059,-0.952023983001709,4.168597221374512,-0.5470488667488098,0.7977089881896973,0.25376757979393005,-0.2383829653263092,0.7863329648971558,0.593656599521637,-0.17103327810764313,-0.6378296613693237,0.0,0.0,0.0,1.0
-0.2866513729095459,0.10639769583940506,-0.9521084427833557,4.178791046142578,-0.5464810132980347,0.7981138825416565,0.25371795892715454,-0.24322465062141418,0.7868859767913818,0.5930377244949341,-0.1706361323595047,-0.6390659809112549,0.0,0.0,0.0,1.0
-0.2871410846710205,0.10476667433977127,-0.9521417617797852,4.154539585113525,-0.5463492274284363,0.7985487580299377,0.2526310682296753,-0.23155836760997772,0.7867989540100098,0.5927426815032959,-0.17205695807933807,-0.6459233164787292,0.0,0.0,0.0,1.0
