-0.916783988,9.344343185,-1.924159646,-1.739889264,0.010458888,3.099505663
-0.9226449728012085,9.37825870513916,-1.938661813735962,-1.7417054176330566,0.0077321636490523815,3.095524787902832
-0.9162782430648804,9.379615783691406,-1.938851237297058,-1.739906907081604,0.00996753852814436,3.089616060256958
-0.9143170118331909,9.387674331665039,-1.9382742643356323,-1.7405837774276733,0.007069223560392857,3.0901987552642822
-0.9182836413383484,9.371054649353027,-1.9374784231185913,-1.7420941591262817,0.005341802258044481,3.0932953357696533
-0.90475994348526,9.302809715270996,-1.9174784421920776,-1.7341829538345337,0.008353408426046371,3.093477249145508
-0.9150955080986023,9.33813190460205,-1.9241383075714111,-1.7364612817764282,0.0025853514671325684,3.0980224609375
-0.9205268025398254,9.281064987182617,-1.922143816947937,-1.7340383529663086,0.007063616998493671,3.099168539047241
-0.9066199660301208,9.250184059143066,-1.912355899810791,-1.730175495147705,0.007597160525619984,3.0985288619995117
-0.9159594774246216,9.2657470703125,-1.9191429615020752,-1.7306286096572876,0.010152066126465797,3.1014678478240967
-0.9188728928565979,9.29051399230957,-1.941429853439331,-1.727388858795166,0.01349308155477047,3.098623275756836
-0.924447774887085,9.236412048339844,-1.922166347503662,-1.726791501045227,0.014147454872727394,3.10048246383667
-1.1895501613616943,9.106369018554688,-2.1835689544677734,-1.7109743356704712,0.0369509756565094,3.125420093536377
-1.1717711687088013,9.18776798248291,-2.1645030975341797,-1.7265431880950928,0.03312887251377106,3.11647629737854
-1.1684236526489258,9.169891357421875,-2.1598052978515625,-1.7237663269042969,0.03417813777923584,3.117377758026123
-1.166124939918518,9.162135124206543,-2.1648173332214355,-1.7262271642684937,0.03309473767876625,3.1167521476745605
-1.1768237352371216,9.26041030883789,-2.1713778972625732,-1.7270668745040894,0.03643808141350746,3.1145360469818115
-1.1803704500198364,9.308992385864258,-2.172868251800537,-1.7284489870071411,0.03314007446169853,3.1145575046539307
-1.1742368936538696,9.229059219360352,-2.1658761501312256,-1.726838231086731,0.035791464149951935,3.1121199131011963
-1.1632118225097656,9.185892105102539,-2.1571662425994873,-1.7237699031829834,0.037839796394109726,3.1089096069335938
-1.1668846607208252,9.183950424194336,-2.152550458908081,-1.724575400352478,0.036716386675834656,3.1096012592315674
-1.1669467687606812,9.185576438903809,-2.155717611312866,-1.7250877618789673,0.03839780017733574,3.108160972595215
-1.1710426807403564,9.174609184265137,-2.1518754959106445,-1.7258780002593994,0.03632413595914841,3.109776258468628
-1.1235474348068237,8.793902397155762,-2.2215704917907715,-1.7084903717041016,0.06371188908815384,3.135432720184326
-1.1152472496032715,8.787372589111328,-2.2229368686676025,-1.7134313583374023,0.05626309663057327,-3.13875412940979
-1.1174172163009644,8.752877235412598,-2.2200145721435547,-1.7122830152511597,0.055633869022130966,-3.137378215789795
-1.121016502380371,8.782608032226562,-2.227128744125366,-1.7132246494293213,0.05574217438697815,-3.135873794555664
-1.1208293437957764,8.743243217468262,-2.227395534515381,-1.7112494707107544,0.056472133845090866,-3.1356558799743652
-1.1164835691452026,8.780448913574219,-2.23193097114563,-1.7117255926132202,0.05395879969000816,-3.1349408626556396
-1.112016201019287,8.77726936340332,-2.228184461593628,-1.7103475332260132,0.05258287116885185,-3.133233070373535
-1.105417251586914,8.737086296081543,-2.223391532897949,-1.7075001001358032,0.05481438338756561,-3.1336288452148438
-1.1221510171890259,8.772470474243164,-2.222498893737793,-1.7135647535324097,0.050750695168972015,-3.1316299438476562
-1.1042852401733398,8.767772674560547,-2.22322416305542,-1.710599422454834,0.05380872264504433,-3.13413667678833
-1.1104997396469116,8.752386093139648,-2.216806650161743,-1.7103570699691772,0.052124712616205215,-3.1320013999938965
-1.074880599975586,8.44816780090332,-2.2054758071899414,-1.7171440124511719,0.06741531193256378,-3.1225109100341797
-1.0955148935317993,8.50899600982666,-2.2234461307525635,-1.7131640911102295,0.07374150305986404,-3.1269571781158447
-1.0811618566513062,8.546631813049316,-2.227323532104492,-1.7118312120437622,0.0765363872051239,-3.129134178161621
-1.0934231281280518,8.482158660888672,-2.2235195636749268,-1.7088149785995483,0.0778471976518631,-3.126382827758789
-1.0854954719543457,8.54879093170166,-2.2273800373077393,-1.708137035369873,0.07787401229143143,-3.1264827251434326
-1.0823053121566772,8.524590492248535,-2.225407361984253,-1.7052457332611084,0.0838707834482193,-3.128232002258301
-1.0723642110824585,8.531902313232422,-2.2220191955566406,-1.7050303220748901,0.08062435686588287,-3.1277129650115967
-1.076041579246521,8.545084953308105,-2.222529411315918,-1.705772042274475,0.07914554327726364,-3.1279003620147705
-1.0885577201843262,8.527410507202148,-2.2178940773010254,-1.7064478397369385,0.07770880311727524,-3.1258459091186523
-1.0801703929901123,8.534093856811523,-2.216663360595703,-1.7048612833023071,0.07705853134393692,-3.1257729530334473
-1.0784897804260254,8.53641414642334,-2.2146801948547363,-1.7050553560256958,0.07450889050960541,-3.124995470046997
-1.0446947813034058,8.193403244018555,-2.242457628250122,-1.714482307434082,0.07445976883172989,-3.1099932193756104
-1.061807632446289,8.183259010314941,-2.2456867694854736,-1.7254036664962769,0.07379110902547836,-3.112004041671753
-1.0596776008605957,8.148641586303711,-2.237626552581787,-1.719547152519226,0.07660504430532455,-3.1090619564056396
-1.051714301109314,8.192777633666992,-2.2531092166900635,-1.7215453386306763,0.07555413991212845,-3.112272024154663
-1.0626028776168823,8.164481163024902,-2.2461628913879395,-1.7191721200942993,0.07602842152118683,-3.1082003116607666
-1.055481195449829,8.166291236877441,-2.2327072620391846,-1.715338110923767,0.07546697556972504,-3.1067934036254883
-1.0572702884674072,8.203133583068848,-2.2468833923339844,-1.721325397491455,0.07166438549757004,-3.1125693321228027
-1.0645956993103027,8.22242546081543,-2.250929117202759,-1.7228320837020874,0.07053226232528687,-3.1130852699279785
-1.07205331325531,8.17823600769043,-2.2440054416656494,-1.7229970693588257,0.06997176259756088,-3.113109827041626
-1.0697277784347534,8.174832344055176,-2.2465970516204834,-1.7220535278320312,0.07122355699539185,-3.113147735595703
-1.0704015493392944,8.182791709899902,-2.249786138534546,-1.7244179248809814,0.07165632396936417,-3.1154046058654785
-1.0651355981826782,7.885838985443115,-2.182063579559326,-1.7186371088027954,0.07410969585180283,-3.1017441749572754
-1.0504859685897827,7.941159725189209,-2.193660020828247,-1.7167145013809204,0.08042627573013306,-3.1014342308044434
-1.0583902597427368,7.933752059936523,-2.1889429092407227,-1.717132329940796,0.07701656967401505,-3.099748373031616
-1.0530213117599487,7.91797399520874,-2.188589096069336,-1.7155812978744507,0.07857741415500641,-3.100092649459839
-1.0533246994018555,7.913466930389404,-2.183950185775757,-1.7146327495574951,0.07787373661994934,-3.1005921363830566
-1.0572865009307861,7.918865203857422,-2.182772397994995,-1.7149330377578735,0.07731378078460693,-3.0991508960723877
-1.0534641742706299,7.8735785484313965,-2.177546501159668,-1.7114609479904175,0.07860375940799713,-3.1002004146575928
-1.0531861782073975,7.873511791229248,-2.1792402267456055,-1.7121303081512451,0.07832127064466476,-3.101778268814087
-1.0562286376953125,7.888651371002197,-2.1755669116973877,-1.7110518217086792,0.0743718296289444,-3.100797653198242
-1.0522890090942383,7.856067657470703,-2.170001268386841,-1.7088457345962524,0.07933950424194336,-3.1050009727478027
-0.9823599457740784,7.711248397827148,-2.125450372695923,-1.7092304229736328,0.0775807723402977,-3.1023192405700684
-0.9860048294067383,7.763251304626465,-2.1413462162017822,-1.7163915634155273,0.07481809705495834,-3.092735767364502
-0.981417179107666,7.7594685554504395,-2.1398725509643555,-1.7121026515960693,0.07536878436803818,-3.0949954986572266
-0.9844413995742798,7.729400634765625,-2.1326732635498047,-1.709808349609375,0.07691860944032669,-3.0933642387390137
-0.9825064539909363,7.703980922698975,-2.127164602279663,-1.7082711458206177,0.07530254125595093,-3.095791816711426
-0.9778673052787781,7.698878288269043,-2.123138427734375,-1.7044159173965454,0.07943759113550186,-3.099461317062378
-0.9833667278289795,7.690611839294434,-2.121924877166748,-1.7053778171539307,0.07621703296899796,-3.0982234477996826
-0.9834659695625305,7.680883407592773,-2.114750623703003,-1.7031241655349731,0.07464852929115295,-3.099911689758301
-0.9925310015678406,7.68605375289917,-2.1115005016326904,-1.7026020288467407,0.07292114198207855,-3.099534034729004
-0.9899824857711792,7.720687389373779,-2.1139440536499023,-1.7008663415908813,0.07537896186113358,-3.1011974811553955
-0.9948667287826538,7.6760640144348145,-2.103898525238037,-1.6978880167007446,0.07335947453975677,-3.1042473316192627
-0.8986344337463379,7.460231781005859,-1.9373892545700073,-1.6779788732528687,0.07593768835067749,-3.10538911819458
-0.8860213756561279,7.5873188972473145,-1.9862620830535889,-1.6989518404006958,0.07537614554166794,-3.0871002674102783
-0.8832385540008545,7.53896427154541,-1.978733777999878,-1.6891614198684692,0.07862421870231628,-3.090040922164917
-0.8936166167259216,7.556452751159668,-1.9785515069961548,-1.6931649446487427,0.07486272603273392,-3.0896413326263428
-0.8978523015975952,7.555163860321045,-1.9737930297851562,-1.6917104721069336,0.07609406858682632,-3.0910043716430664
-0.8974706530570984,7.541913032531738,-1.9703824520111084,-1.6889601945877075,0.0730978474020958,-3.088848352432251
-0.8990101218223572,7.535918235778809,-1.9680631160736084,-1.6881681680679321,0.07281021773815155,-3.0906646251678467
-0.9036659002304077,7.530293941497803,-1.965836524963379,-1.6881474256515503,0.07288189232349396,-3.0908679962158203
-0.899513840675354,7.544199466705322,-1.9667465686798096,-1.6896945238113403,0.07441289722919464,-3.0921027660369873
-0.903483510017395,7.5280303955078125,-1.9639583826065063,-1.6873761415481567,0.07465306669473648,-3.092172622680664
-0.9075958132743835,7.462690353393555,-1.9568357467651367,-1.6846590042114258,0.0743282288312912,-3.0931618213653564
-0.8640633225440979,7.512006759643555,-1.7533372640609741,-1.650448203086853,0.06794045120477676,-3.08648943901062
-0.8540598750114441,7.6159772872924805,-1.7838318347930908,-1.6629582643508911,0.07315868884325027,-3.0827908515930176
-0.8597767353057861,7.663824081420898,-1.787520170211792,-1.6658480167388916,0.07547548413276672,-3.0840048789978027
-0.8596076965332031,7.668745040893555,-1.7860298156738281,-1.6658999919891357,0.07523590326309204,-3.0829575061798096
-0.8534373641014099,7.5954108238220215,-1.7883074283599854,-1.661071538925171,0.0796317458152771,-3.083787202835083
-0.8558043837547302,7.580096244812012,-1.7896065711975098,-1.661811351776123,0.07710182666778564,-3.0858089923858643
-0.8491348028182983,7.575743675231934,-1.789926528930664,-1.6597813367843628,0.07683359086513519,-3.085793972015381
-0.8450456857681274,7.582179546356201,-1.7828195095062256,-1.6593992710113525,0.07872427254915237,-3.0824551582336426
-0.8488497138023376,7.563815116882324,-1.7832435369491577,-1.6583603620529175,0.07538189738988876,-3.083926200866699
-0.8441267609596252,7.576249122619629,-1.7840641736984253,-1.6589761972427368,0.07379298657178879,-3.0870697498321533
-0.8204406499862671,7.577162265777588,-1.686835527420044,-1.6423166990280151,0.06739725172519684,-3.0833091735839844
-0.8358712196350098,7.567772388458252,-1.685964584350586,-1.637000560760498,0.06878542900085449,-3.0690317153930664
-0.8300826549530029,7.564633369445801,-1.6926034688949585,-1.637068748474121,0.07633586972951889,-3.0751399993896484
-0.8299762010574341,7.578187465667725,-1.694251298904419,-1.638128399848938,0.07290692627429962,-3.0777289867401123
-0.8269997239112854,7.587751865386963,-1.694297194480896,-1.6369988918304443,0.07510848343372345,-3.0744247436523438
-0.8309745192527771,7.584841728210449,-1.697832703590393,-1.6394988298416138,0.07178214192390442,-3.076887607574463
-0.8232744932174683,7.574093341827393,-1.698628544807434,-1.6327552795410156,0.07514631748199463,-3.076098918914795
-0.8252533078193665,7.560041904449463,-1.701200246810913,-1.6367638111114502,0.07495343685150146,-3.0756278038024902
-0.8258523941040039,7.581371784210205,-1.7027746438980103,-1.6387864351272583,0.07515490055084229,-3.079801321029663
-0.8260964155197144,7.590870380401611,-1.70299232006073,-1.6380811929702759,0.07269163429737091,-3.0787737369537354
-0.7765327095985413,7.559624195098877,-1.6458431482315063,-1.6324652433395386,0.07493462413549423,-3.086376667022705
-0.8026772141456604,7.575841903686523,-1.6258240938186646,-1.6346797943115234,0.06830473989248276,-3.085829496383667
-0.8019118309020996,7.609743595123291,-1.6232284307479858,-1.6346282958984375,0.06573635339736938,-3.0852558612823486
-0.8020840287208557,7.589500904083252,-1.6214330196380615,-1.6360633373260498,0.06823033839464188,-3.0863280296325684
-0.8043984770774841,7.638515949249268,-1.6268277168273926,-1.6397647857666016,0.068487748503685,-3.0883898735046387
-0.8029572367668152,7.604571342468262,-1.6280817985534668,-1.638070821762085,0.06767427921295166,-3.085965871810913
-0.8023288249969482,7.548216342926025,-1.6289258003234863,-1.6376855373382568,0.0689375251531601,-3.0827505588531494
-0.794364869594574,7.525484561920166,-1.6315537691116333,-1.63828706741333,0.0659269392490387,-3.0773866176605225
-0.7989411950111389,7.560563087463379,-1.6288267374038696,-1.6366863250732422,0.06711937487125397,-3.0814051628112793
-0.79278165102005,7.609072208404541,-1.6277740001678467,-1.639244794845581,0.06975367665290833,-3.0905351638793945
-0.7530505657196045,7.554115295410156,-1.6112169027328491,-1.6300318241119385,0.07327046990394592,-3.084495782852173
-0.7588421702384949,7.591598033905029,-1.6097065210342407,-1.631528377532959,0.07241877913475037,-3.0861380100250244
-0.7542227506637573,7.6170830726623535,-1.6055623292922974,-1.6321358680725098,0.07237698137760162,-3.0887649059295654
-0.7559494972229004,7.614139080047607,-1.5998417139053345,-1.6339235305786133,0.07305554300546646,-3.0888867378234863
-0.7527577877044678,7.602838039398193,-1.5994806289672852,-1.6352596282958984,0.07587089389562607,-3.09078311920166
-0.7625670433044434,7.531204700469971,-1.592772364616394,-1.6336694955825806,0.07174775749444962,-3.081212282180786
-0.7532714605331421,7.564748764038086,-1.5972650051116943,-1.6368025541305542,0.07751141488552094,-3.0861454010009766
-0.758026123046875,7.578089714050293,-1.5960839986801147,-1.635460376739502,0.07889825850725174,-3.0904104709625244
-0.7538343667984009,7.561076641082764,-1.5968053340911865,-1.633699655532837,0.07998273521661758,-3.086284637451172
-0.7627213001251221,7.5630364418029785,-1.5908443927764893,-1.6318033933639526,0.08200263977050781,-3.090055465698242
-0.7592560052871704,7.597661018371582,-1.588818907737732,-1.6325875520706177,0.08444976061582565,-3.096811056137085
-0.755607545375824,7.534239292144775,-1.536727786064148,-1.6289582252502441,0.08666256815195084,-3.103440523147583
-0.7549819946289062,7.495665550231934,-1.5552256107330322,-1.6266649961471558,0.07474194467067719,-3.086923360824585
-0.7565270066261292,7.543182849884033,-1.5549079179763794,-1.6249397993087769,0.07919548451900482,-3.095856189727783
-0.7582731246948242,7.5043134689331055,-1.5548354387283325,-1.6248342990875244,0.07667508721351624,-3.0909340381622314
-0.7516923546791077,7.486405849456787,-1.5505783557891846,-1.6219604015350342,0.07970652729272842,-3.08937668800354
-0.757743239402771,7.489989757537842,-1.5479422807693481,-1.6210317611694336,0.07854524254798889,-3.089226245880127
-0.7486379146575928,7.473055362701416,-1.5418524742126465,-1.6209983825683594,0.08044267445802689,-3.0898399353027344
-0.7582995295524597,7.472189426422119,-1.5369271039962769,-1.6164624691009521,0.07756806910037994,-3.0881590843200684
-0.7618095278739929,7.453517436981201,-1.5446354150772095,-1.617255449295044,0.07633738219738007,-3.0885965824127197
-0.7650272846221924,7.441803932189941,-1.544013261795044,-1.6177705526351929,0.07559762895107269,-3.0886316299438477
-0.7720783948898315,7.406126976013184,-1.535992980003357,-1.6226900815963745,0.0720595195889473,-3.0822460651397705
-0.7848038673400879,7.319639205932617,-1.4614161252975464,-1.6278924942016602,0.08234108239412308,-3.102309465408325
-0.7513762712478638,7.568204879760742,-1.5157917737960815,-1.6262462139129639,0.09754694998264313,-3.1284091472625732
-0.74214768409729,7.514973163604736,-1.5188738107681274,-1.6276240348815918,0.09700535982847214,-3.1227188110351562
-0.7402251362800598,7.511771202087402,-1.5199164152145386,-1.630218744277954,0.09760112315416336,-3.122926950454712
-0.7365663051605225,7.512996196746826,-1.5265337228775024,-1.629660725593567,0.10059250891208649,-3.124358892440796
-0.7390771508216858,7.441959381103516,-1.531051754951477,-1.623282790184021,0.10184769332408905,-3.117785930633545
-0.7395314574241638,7.4648566246032715,-1.5317209959030151,-1.6255351305007935,0.10067915916442871,-3.1202356815338135
-0.742476761341095,7.41469669342041,-1.5316882133483887,-1.6252191066741943,0.09579437226057053,-3.114337921142578
-0.739051342010498,7.4413676261901855,-1.5349314212799072,-1.6231052875518799,0.09754453599452972,-3.120314598083496
-0.7342920899391174,7.477981090545654,-1.536616563796997,-1.6270283460617065,0.10025697201490402,-3.1265575885772705
-0.7405251264572144,7.447160720825195,-1.534456491470337,-1.6194416284561157,0.09794117510318756,-3.121487617492676
-0.7507588267326355,7.5120530128479,-1.5160260200500488,-1.6214231252670288,0.095809705555439,-3.109468698501587
-0.778784453868866,7.495927333831787,-1.477726697921753,-1.6168125867843628,0.08224864304065704,-3.092454671859741
-0.7876055240631104,7.5412468910217285,-1.4795708656311035,-1.6242754459381104,0.08955477923154831,-3.102003335952759
-0.7834620475769043,7.486869812011719,-1.4739024639129639,-1.618249773979187,0.08532227575778961,-3.094965934753418
-0.7767692804336548,7.504581451416016,-1.469874620437622,-1.6155966520309448,0.08567997068166733,-3.0958750247955322
-0.7829351425170898,7.5287652015686035,-1.4723684787750244,-1.6185227632522583,0.08644815534353256,-3.0978147983551025
-0.7847764492034912,7.532524585723877,-1.4697518348693848,-1.6176671981811523,0.08895011246204376,-3.1013998985290527
-0.7896690964698792,7.4755659103393555,-1.461005449295044,-1.6154937744140625,0.08312416821718216,-3.093275308609009
-0.7963963747024536,7.51472282409668,-1.4546488523483276,-1.6131420135498047,0.08540037274360657,-3.098402261734009
-0.8007963299751282,7.493114948272705,-1.4588943719863892,-1.6149048805236816,0.0834597647190094,-3.095348596572876
-0.7991286516189575,7.427361488342285,-1.4483206272125244,-1.6149578094482422,0.07887914031744003,-3.0900943279266357
-0.6535302400588989,7.064983367919922,-1.4696052074432373,-1.6157476902008057,0.10191760212182999,-3.096229314804077
-0.6353759169578552,7.211947917938232,-1.5035947561264038,-1.6260885000228882,0.10815195739269257,-3.1015303134918213
-0.612855076789856,7.312989711761475,-1.5123542547225952,-1.6306614875793457,0.1113433688879013,-3.1059558391571045
-0.6336957216262817,7.239743232727051,-1.5089846849441528,-1.6248975992202759,0.10923466831445694,-3.1034693717956543
-0.6297160983085632,7.257349014282227,-1.5079443454742432,-1.6233481168746948,0.11419111490249634,-3.1086461544036865
-0.6368005275726318,7.242371559143066,-1.5076749324798584,-1.6219482421875,0.11378459632396698,-3.1070685386657715
-0.64274662733078,7.251255989074707,-1.5058183670043945,-1.624213457107544,0.11449068039655685,-3.1085376739501953
-0.6257273554801941,7.285090446472168,-1.5022099018096924,-1.6260627508163452,0.12147800624370575,-3.1137936115264893
-0.6434421539306641,7.225162506103516,-1.4850941896438599,-1.6256059408187866,0.11186739802360535,-3.105158567428589
-0.6415579319000244,7.240511894226074,-1.4937597513198853,-1.626390814781189,0.11853830516338348,-3.1110968589782715
-0.6985660195350647,7.211012363433838,-1.4189116954803467,-1.6141228675842285,0.10488680005073547,-3.0958352088928223
-0.682610034942627,7.288713455200195,-1.4493341445922852,-1.608124017715454,0.11076931655406952,-3.1030263900756836
-0.6875705718994141,7.2765350341796875,-1.447003960609436,-1.6052265167236328,0.11248759180307388,-3.103903293609619
-0.6903126239776611,7.282873630523682,-1.444329023361206,-1.6021589040756226,0.11429043114185333,-3.1056790351867676
-0.6933760643005371,7.2709059715271,-1.4467558860778809,-1.603826642036438,0.11186166107654572,-3.105452060699463
-0.6900607943534851,7.294355869293213,-1.4505088329315186,-1.6046642065048218,0.12204735726118088,-3.113978624343872
-0.6839476227760315,7.280919075012207,-1.453240156173706,-1.6055740118026733,0.12314081937074661,-3.1136860847473145
-0.6836284399032593,7.283956527709961,-1.4567700624465942,-1.6055629253387451,0.12277621775865555,-3.1147894859313965
-0.6830308437347412,7.2075042724609375,-1.4456919431686401,-1.6044046878814697,0.11208531260490417,-3.1044254302978516
-0.6788213849067688,7.230902194976807,-1.4545562267303467,-1.6042879819869995,0.11554739624261856,-3.107830286026001
-0.6773762702941895,7.2260966300964355,-1.4577473402023315,-1.6049586534500122,0.11852732300758362,-3.109311103820801
-0.7191885113716125,7.203070163726807,-1.4115097522735596,-1.603666067123413,0.1237163245677948,-3.1168601512908936
-0.7279351353645325,7.240146160125732,-1.3896372318267822,-1.6203267574310303,0.10679930448532104,-3.09945011138916
-0.7209180593490601,7.274819374084473,-1.3968383073806763,-1.6172877550125122,0.11507193744182587,-3.1105690002441406
-0.7045928239822388,7.332852363586426,-1.3881756067276,-1.619205117225647,0.11893260478973389,-3.112945556640625
-0.7169170379638672,7.231673717498779,-1.3925668001174927,-1.6211270093917847,0.10952363163232803,-3.104752779006958
-0.710059642791748,7.1983962059021,-1.3970154523849487,-1.6171818971633911,0.11058294773101807,-3.1033718585968018
-0.7088788151741028,7.150969505310059,-1.3943052291870117,-1.6109992265701294,0.10690811276435852,-3.1015307903289795
-0.7048969864845276,7.170888900756836,-1.4002095460891724,-1.611725926399231,0.1118597686290741,-3.104660987854004
-0.6917722225189209,7.221664905548096,-1.4075775146484375,-1.6159999370574951,0.12048669904470444,-3.1155104637145996
-0.703641414642334,7.133621692657471,-1.404498815536499,-1.6116710901260376,0.1122112050652504,-3.106194496154785
-0.6957885026931763,7.170164585113525,-1.4132745265960693,-1.6157526969909668,0.11585022509098053,-3.1093413829803467
-0.6837788224220276,7.013612747192383,-1.4311901330947876,-1.6063512563705444,0.13833287358283997,3.1269290447235107
-0.7218675017356873,6.989030838012695,-1.4065836668014526,-1.6036105155944824,0.12310885637998581,-3.131992816925049
-0.7173509001731873,7.0284013748168945,-1.4084529876708984,-1.6081644296646118,0.12650707364082336,-3.1364731788635254
-0.7031975388526917,7.075350761413574,-1.4199225902557373,-1.6054673194885254,0.13654646277427673,3.134007453918457
-0.7115494012832642,7.011615753173828,-1.4137094020843506,-1.6042536497116089,0.13037888705730438,-3.1402227878570557
-0.7159473896026611,6.987427711486816,-1.4098927974700928,-1.6043689250946045,0.12929809093475342,-3.1385865211486816
-0.7158722281455994,7.008512020111084,-1.4047852754592896,-1.6111942529678345,0.12790685892105103,-3.1364002227783203
-0.7067959308624268,7.066949844360352,-1.4108326435089111,-1.617635726928711,0.13378576934337616,-3.1414780616760254
-0.7122696042060852,7.054847240447998,-1.4120299816131592,-1.6137351989746094,0.13413749635219574,3.1392672061920166
-0.7076488137245178,7.068742275238037,-1.410426378250122,-1.6152533292770386,0.14099116623401642,3.1304872035980225
-0.7163897156715393,7.059083461761475,-1.4124035835266113,-1.615391492843628,0.1364108920097351,3.1355881690979004
-0.5925693511962891,6.779198169708252,-1.3757516145706177,-1.626785397529602,0.156525120139122,3.094118595123291
-0.5941482186317444,6.7967376708984375,-1.3790252208709717,-1.6167564392089844,0.15360112488269806,3.096818685531616
-0.5883908271789551,6.794345855712891,-1.3786437511444092,-1.6140509843826294,0.15790905058383942,3.0929410457611084
-0.5989143252372742,6.744312286376953,-1.3691214323043823,-1.6152042150497437,0.14985081553459167,3.1016929149627686
-0.5954387784004211,6.768152713775635,-1.3695069551467896,-1.6194461584091187,0.1510639190673828,3.1025638580322266
-0.6100949048995972,6.726310729980469,-1.3602702617645264,-1.6161662340164185,0.14763182401657104,3.1047325134277344
-0.6175928711891174,6.726397514343262,-1.3503345251083374,-1.6178380250930786,0.14365696907043457,3.1079466342926025
-0.6277739405632019,6.677864074707031,-1.3571391105651855,-1.612871766090393,0.14601780474185944,3.1023757457733154
-0.6223574280738831,6.699068069458008,-1.359466552734375,-1.6142346858978271,0.14960208535194397,3.100637197494507
-0.6082475781440735,6.7319416999816895,-1.35847806930542,-1.618788242340088,0.14970152080059052,3.101919412612915
-0.591678261756897,6.768978595733643,-1.3577589988708496,-1.622928261756897,0.15232771635055542,3.1028170585632324
-0.6371859312057495,6.5238871574401855,-1.3260098695755005,-1.6364054679870605,0.15568970143795013,3.0934529304504395
-0.6076239943504333,6.59466028213501,-1.3518505096435547,-1.6303846836090088,0.16522130370140076,3.0816290378570557
-0.5974795818328857,6.61509370803833,-1.3542571067810059,-1.6306251287460327,0.1689291149377823,3.079697608947754
-0.5872822999954224,6.633674621582031,-1.3559041023254395,-1.6330687999725342,0.1718376874923706,3.077272891998291
-0.6169518232345581,6.556744575500488,-1.3442223072052002,-1.6313011646270752,0.16008947789669037,3.088850975036621
-0.6117108464241028,6.5853142738342285,-1.347944736480713,-1.6314383745193481,0.1628229022026062,3.085813522338867
-0.6069902777671814,6.598527908325195,-1.3486555814743042,-1.6330384016036987,0.16460074484348297,3.0851738452911377
-0.5804686546325684,6.650964736938477,-1.356886625289917,-1.6362841129302979,0.1702585518360138,3.0808260440826416
-0.6131581664085388,6.585625648498535,-1.3473514318466187,-1.6307939291000366,0.16399970650672913,3.0856540203094482
-0.5801671147346497,6.649890422821045,-1.354688286781311,-1.6349126100540161,0.17104732990264893,3.081210136413574
-0.6125678420066833,6.59820032119751,-1.3483585119247437,-1.6328617334365845,0.16371333599090576,3.0878043174743652
-0.6050293445587158,6.490962028503418,-1.3331358432769775,-1.644881010055542,0.17443349957466125,3.0675079822540283
-0.6321191787719727,6.442994594573975,-1.3305764198303223,-1.6393283605575562,0.16707564890384674,3.0684585571289062
-0.6477521657943726,6.370437145233154,-1.3276004791259766,-1.6430463790893555,0.15445607900619507,3.077507257461548
-0.6264221668243408,6.459709167480469,-1.3332648277282715,-1.6407876014709473,0.1681925654411316,3.0669567584991455
-0.6544176340103149,6.380138397216797,-1.3233848810195923,-1.6345808506011963,0.1614123284816742,3.070162773132324
-0.634884238243103,6.471257209777832,-1.3309993743896484,-1.639776349067688,0.16978126764297485,3.0687522888183594
-0.6547300815582275,6.446195602416992,-1.3302353620529175,-1.640097975730896,0.16847318410873413,3.073147773742676
-0.6631877422332764,6.426982879638672,-1.3252345323562622,-1.6403974294662476,0.17331181466579437,3.071895122528076
-0.6869416832923889,6.360546588897705,-1.326183795928955,-1.6412824392318726,0.162167027592659,3.0809171199798584
-0.6899127960205078,6.3843488693237305,-1.3272819519042969,-1.6380535364151,0.16618986427783966,3.0770761966705322
-0.6579223871231079,6.413086891174316,-1.3195072412490845,-1.6495507955551147,0.18478547036647797,3.058924674987793
-0.6123655438423157,6.4262166023254395,-1.328313946723938,-1.6455352306365967,0.17566119134426117,3.053401231765747
-0.6163349747657776,6.453557968139648,-1.333164930343628,-1.6500672101974487,0.18090061843395233,3.054978847503662
-0.6267800331115723,6.435729026794434,-1.3288772106170654,-1.6490848064422607,0.17941774427890778,3.0548107624053955
-0.6328599452972412,6.423264503479004,-1.3231905698776245,-1.6502318382263184,0.1810642033815384,3.0558691024780273
-0.628867506980896,6.457015037536621,-1.3206596374511719,-1.6524794101715088,0.18027682602405548,3.059971570968628
-0.6198565363883972,6.490687370300293,-1.3160183429718018,-1.6497523784637451,0.18581721186637878,3.0547866821289062
-0.6130359768867493,6.539740562438965,-1.3174492120742798,-1.6517634391784668,0.189298614859581,3.0533132553100586
-0.643903911113739,6.435193061828613,-1.30174720287323,-1.65509831905365,0.18108762800693512,3.062593698501587
-0.6134512424468994,6.552648544311523,-1.3167855739593506,-1.651976227760315,0.1945778727531433,3.050083875656128
-0.6347194910049438,6.499324798583984,-1.3051502704620361,-1.6536628007888794,0.1869858354330063,3.059818744659424
-0.7091349363327026,6.458205223083496,-1.367180585861206,-1.6504708528518677,0.20601429045200348,3.0545332431793213
-0.7067742347717285,6.3499436378479,-1.3783742189407349,-1.6443361043930054,0.18594461679458618,3.055450201034546
-0.7039556503295898,6.3553547859191895,-1.3771942853927612,-1.6455265283584595,0.1916273981332779,3.0521433353424072
-0.7209796905517578,6.306428909301758,-1.3696222305297852,-1.6508190631866455,0.18096695840358734,3.058762788772583
-0.7057558298110962,6.346722602844238,-1.374305009841919,-1.649060845375061,0.18828879296779633,3.0567095279693604
-0.7158037424087524,6.327964782714844,-1.3743278980255127,-1.6508692502975464,0.18806520104408264,3.0562777519226074
-0.7416238784790039,6.273898124694824,-1.3665597438812256,-1.6548649072647095,0.1777677834033966,3.0658814907073975
-0.7180544137954712,6.325275897979736,-1.3729074001312256,-1.6531455516815186,0.1872149407863617,3.0599405765533447
-0.7227415442466736,6.325096607208252,-1.3754485845565796,-1.6584224700927734,0.18357591331005096,3.061755895614624
-0.7062993049621582,6.32670783996582,-1.3841180801391602,-1.6601643562316895,0.1899179220199585,3.056067943572998
-0.726510226726532,6.334992408752441,-1.3724194765090942,-1.6604182720184326,0.18404124677181244,3.062199831008911
-0.8037559390068054,6.245765686035156,-1.4203227758407593,-1.662267804145813,0.20715413987636566,3.066605567932129
-0.7853360772132874,6.319420337677002,-1.40336275100708,-1.651252031326294,0.20444363355636597,3.068809986114502
-0.787948727607727,6.270349025726318,-1.411402940750122,-1.6531604528427124,0.20585891604423523,3.0597357749938965
-0.787785530090332,6.254735469818115,-1.4211602210998535,-1.6517118215560913,0.2013874650001526,3.0601630210876465
-0.8035529851913452,6.197137832641602,-1.4173921346664429,-1.653456211090088,0.1952306032180786,3.0623018741607666
-0.769239604473114,6.272095680236816,-1.4336953163146973,-1.6553051471710205,0.2034914791584015,3.0575506687164307
-0.7761507630348206,6.274471282958984,-1.432353138923645,-1.6498029232025146,0.20480471849441528,3.0557477474212646
-0.7816240787506104,6.232170581817627,-1.42745840549469,-1.6527265310287476,0.20051708817481995,3.0615289211273193
-0.7681260704994202,6.2251996994018555,-1.4300121068954468,-1.6518598794937134,0.20555122196674347,3.053830146789551
-0.7610393166542053,6.24840784072876,-1.4282358884811401,-1.649453043937683,0.20882950723171234,3.0527217388153076
-0.8514918684959412,5.961599826812744,-1.445891261100769,-1.6639068126678467,0.20427726209163666,3.049536943435669
-0.8260470628738403,6.119536399841309,-1.451913595199585,-1.6550686359405518,0.221008762717247,3.041429042816162
-0.8343672156333923,6.061656475067139,-1.4483516216278076,-1.6566176414489746,0.21112778782844543,3.0426738262176514
-0.8460047245025635,5.985631942749023,-1.4369333982467651,-1.6548807621002197,0.20446139574050903,3.04818058013916
-0.8841985464096069,5.84423828125,-1.424621343612671,-1.6535240411758423,0.18847742676734924,3.059532880783081
-0.8822124004364014,5.816237449645996,-1.445460319519043,-1.6551655530929565,0.18836723268032074,3.0625901222229004
-0.9071660041809082,5.7600483894348145,-1.467334508895874,-1.659608006477356,0.1695340871810913,3.087646007537842
-0.8806830644607544,5.767524719238281,-1.4755498170852661,-1.6670472621917725,0.19111602008342743,3.066399574279785
-0.8774524927139282,5.750619888305664,-1.484660267829895,-1.6727865934371948,0.19323281943798065,3.065673589706421
-0.8699420094490051,5.779392242431641,-1.4911043643951416,-1.6726844310760498,0.20027107000350952,3.0601134300231934
-0.8416844606399536,5.766931056976318,-1.4859888553619385,-1.6691261529922485,0.18956883251667023,3.0810818672180176
-0.8424776196479797,6.03432559967041,-1.4301350116729736,-1.6526752710342407,0.200578510761261,3.062751531600952
-0.8351652026176453,6.077159881591797,-1.4376364946365356,-1.6532325744628906,0.202354297041893,3.0643579959869385
-0.833589494228363,6.065537929534912,-1.436749815940857,-1.657296061515808,0.20079663395881653,3.064338445663452
-0.8333336710929871,6.026208400726318,-1.4345307350158691,-1.658854365348816,0.19648012518882751,3.065263271331787
-0.8245295286178589,6.054430961608887,-1.4449539184570312,-1.6564534902572632,0.19688351452350616,3.065070629119873
-0.8595196604728699,6.018021583557129,-1.4324414730072021,-1.6599904298782349,0.18588271737098694,3.0819830894470215
-0.860774576663971,5.923107624053955,-1.4340465068817139,-1.656653881072998,0.18296901881694794,3.0839390754699707
-0.8672897219657898,5.883965015411377,-1.4343440532684326,-1.6521412134170532,0.18243354558944702,3.0848841667175293
-0.8469671010971069,5.9101104736328125,-1.4440765380859375,-1.6573742628097534,0.18464602530002594,3.0889885425567627
-0.8364766240119934,5.95103120803833,-1.4428226947784424,-1.6573190689086914,0.19056309759616852,3.084380865097046
-0.7897692918777466,5.4144415855407715,-1.5130469799041748,-1.666955590248108,0.17751465737819672,3.124497890472412
-0.7915592789649963,5.547338962554932,-1.4778223037719727,-1.6692094802856445,0.1869889497756958,3.1085104942321777
-0.7930583357810974,5.539218425750732,-1.4808510541915894,-1.668180227279663,0.1839781552553177,3.10563325881958
-0.7921980619430542,5.5319132804870605,-1.491875410079956,-1.6702766418457031,0.18543533980846405,3.104203462600708
-0.7903143763542175,5.523095607757568,-1.4942631721496582,-1.6727027893066406,0.1843259185552597,3.1046531200408936
-0.7912812232971191,5.499070644378662,-1.496842384338379,-1.6710127592086792,0.18276485800743103,3.1016812324523926
-0.7861430644989014,5.502320766448975,-1.5009496212005615,-1.6702560186386108,0.18552424013614655,3.1004021167755127
-0.7909945845603943,5.488605499267578,-1.499300479888916,-1.668038010597229,0.1843002885580063,3.0972695350646973
-0.7853716611862183,5.486722946166992,-1.5011001825332642,-1.6702572107315063,0.1863926202058792,3.097871780395508
-0.7793534994125366,5.481922149658203,-1.5030478239059448,-1.6722537279129028,0.1877143830060959,3.1002037525177
-0.7788254022598267,5.477645397186279,-1.50719153881073,-1.674809217453003,0.1894715130329132,3.101238965988159
-0.7563608884811401,5.15909481048584,-1.5375971794128418,-1.6718025207519531,0.17870956659317017,3.1331257820129395
-0.7662290930747986,5.217483043670654,-1.5057713985443115,-1.6639131307601929,0.18036046624183655,3.1320865154266357
-0.768031120300293,5.2116193771362305,-1.5029345750808716,-1.6623347997665405,0.17792430520057678,3.1317780017852783
-0.7705736756324768,5.1814422607421875,-1.5015987157821655,-1.6655117273330688,0.17708784341812134,3.1364798545837402
-0.7782837748527527,5.1884989738464355,-1.4941569566726685,-1.6619768142700195,0.1752675622701645,3.141455888748169
-0.7791182994842529,5.178042411804199,-1.4936500787734985,-1.663443684577942,0.17711414396762848,-3.1414811611175537
-0.7892493605613708,5.182178497314453,-1.4907282590866089,-1.6622822284698486,0.17070525884628296,-3.136643171310425
-0.8100695013999939,5.1490983963012695,-1.4948725700378418,-1.6584064960479736,0.17134889960289001,-3.138451099395752
-0.8100391626358032,5.172240257263184,-1.500934362411499,-1.6654613018035889,0.16805683076381683,-3.1326112747192383
-0.7937405109405518,5.130840301513672,-1.504096269607544,-1.6663997173309326,0.17060068249702454,-3.1377153396606445
-0.7911309003829956,5.1033430099487305,-1.5043429136276245,-1.6646761894226074,0.17341957986354828,-3.1406137943267822
-0.8121994137763977,4.891505718231201,-1.5229421854019165,-1.6670349836349487,0.17047058045864105,-3.128113269805908
-0.773880124092102,5.065634727478027,-1.521143913269043,-1.6726919412612915,0.17747020721435547,-3.135739803314209
-0.7778681516647339,5.0572357177734375,-1.5235129594802856,-1.6706130504608154,0.17857161164283752,-3.140913486480713
-0.7832379937171936,5.052814483642578,-1.5228147506713867,-1.6720472574234009,0.17859528958797455,-3.136060953140259
-0.789132297039032,5.041875839233398,-1.5288513898849487,-1.6720337867736816,0.1801644265651703,-3.1402781009674072
-0.7943571209907532,5.033047676086426,-1.5266411304473877,-1.6703121662139893,0.18347768485546112,-3.1399075984954834
-0.809411883354187,5.002765655517578,-1.5286540985107422,-1.6646575927734375,0.18491961061954498,3.1342737674713135
-0.8070095181465149,5.009480953216553,-1.524254322052002,-1.6708238124847412,0.1917826235294342,3.13720440864563
-0.8128354549407959,4.9701056480407715,-1.52601158618927,-1.6698417663574219,0.1898627132177353,3.1361351013183594
-0.8170102834701538,4.954587936401367,-1.524756669998169,-1.6687296628952026,0.1872292011976242,3.1373047828674316
-0.8099091649055481,4.9687628746032715,-1.521462321281433,-1.67210054397583,0.18400838971138,3.140740394592285
-0.8691052794456482,4.623375415802002,-1.4817525148391724,-1.6675206422805786,0.18207627534866333,-3.1325631141662598
-0.8404185771942139,4.7265448570251465,-1.4829227924346924,-1.6608084440231323,0.16787336766719818,-3.1301984786987305
-0.8445776700973511,4.7040486335754395,-1.4943512678146362,-1.6693840026855469,0.16314314305782318,-3.1188900470733643
-0.8429192900657654,4.698358058929443,-1.4960620403289795,-1.6720551252365112,0.16914376616477966,-3.117365598678589
-0.8492642641067505,4.667821884155273,-1.499049186706543,-1.6714376211166382,0.168695867061615,-3.11478328704834
-0.8519636392593384,4.672122001647949,-1.4963650703430176,-1.6771045923233032,0.17178000509738922,-3.106966018676758
-0.8549574613571167,4.679497718811035,-1.4991949796676636,-1.6796513795852661,0.17023546993732452,-3.100027084350586
-0.8578699827194214,4.70687198638916,-1.4964473247528076,-1.6857130527496338,0.16578872501850128,-3.0887277126312256
-0.8523807525634766,4.69158935546875,-1.495980143547058,-1.685280442237854,0.17064569890499115,-3.0978105068206787
-0.8534991145133972,4.678241729736328,-1.4980226755142212,-1.6816909313201904,0.1692369133234024,-3.096895456314087
-0.8947534561157227,4.616659164428711,-1.4583115577697754,-1.685425877571106,0.1778666079044342,-3.101900339126587
-0.8805695176124573,4.681952476501465,-1.428020715713501,-1.659502625465393,0.17675548791885376,-3.1360461711883545
-0.8935520648956299,4.648809909820557,-1.4185043573379517,-1.6508452892303467,0.17612895369529724,3.134680986404419
-0.8980960249900818,4.648163795471191,-1.4028661251068115,-1.6496433019638062,0.1813843995332718,3.1290090084075928
-0.9176679849624634,4.6248345375061035,-1.3973369598388672,-1.6447687149047852,0.18123874068260193,3.1217973232269287
-0.9373449683189392,4.6273698806762695,-1.3895328044891357,-1.6453654766082764,0.18260014057159424,3.125298261642456
-0.9721827507019043,4.65801477432251,-1.3840073347091675,-1.6572867631912231,0.17508943378925323,-3.1349618434906006
-0.9841943979263306,4.658565044403076,-1.3855918645858765,-1.6640193462371826,0.16861695051193237,-3.115891456604004
-0.9746726155281067,4.643589496612549,-1.386256217956543,-1.6669775247573853,0.17252059280872345,-3.11525297164917
-0.9761863946914673,4.580516338348389,-1.3984401226043701,-1.6713666915893555,0.15681663155555725,-3.1044180393218994
-1.019880771636963,4.535464286804199,-1.420174241065979,-1.6833419799804688,0.15525639057159424,-3.096003770828247
-0.9109909534454346,4.564613342285156,-1.4834816455841064,-1.687264323234558,0.17494167387485504,-3.107654333114624
-0.9059371948242188,4.560552597045898,-1.4896607398986816,-1.6869940757751465,0.16795749962329865,-3.1049413681030273
-0.9074731469154358,4.565632343292236,-1.4848597049713135,-1.6847814321517944,0.16566202044487,-3.1055803298950195
-0.9148969054222107,4.5603346824646,-1.4835695028305054,-1.6805678606033325,0.1642027199268341,-3.1093831062316895
-0.9126638174057007,4.542824745178223,-1.4826812744140625,-1.6785238981246948,0.16628310084342957,-3.110832452774048
-0.9090937376022339,4.514296531677246,-1.4917240142822266,-1.6860092878341675,0.17016464471817017,-3.1058385372161865
-0.9102602005004883,4.561870574951172,-1.4857134819030762,-1.6848362684249878,0.16808736324310303,-3.1038639545440674
-0.9137052297592163,4.60196590423584,-1.4775762557983398,-1.6783008575439453,0.17006035149097443,-3.1099259853363037
-0.90802001953125,4.580112934112549,-1.480082392692566,-1.6833181381225586,0.17476078867912292,-3.1078944206237793
-0.9034442901611328,4.590345859527588,-1.479801058769226,-1.683288812637329,0.17833420634269714,-3.1109113693237305
-1.0225632190704346,4.262193202972412,-1.4640558958053589,-1.6901918649673462,0.1594773530960083,-3.117823839187622
-1.0350347757339478,4.280486106872559,-1.464767575263977,-1.693522334098816,0.15248842537403107,-3.1123197078704834
-1.0360883474349976,4.305129528045654,-1.4584039449691772,-1.6879613399505615,0.14818158745765686,-3.1129136085510254
-1.0397359132766724,4.303050994873047,-1.4659589529037476,-1.691986322402954,0.14843213558197021,-3.1075875759124756
-1.036703109741211,4.289583683013916,-1.468065857887268,-1.6922346353530884,0.1503773182630539,-3.1087353229522705
-1.0360240936279297,4.308923721313477,-1.4683367013931274,-1.6931495666503906,0.14864064753055573,-3.108079433441162
-1.0372852087020874,4.338246822357178,-1.4617974758148193,-1.6961193084716797,0.15035632252693176,-3.105231285095215
-1.024872064590454,4.336815357208252,-1.457568645477295,-1.6945216655731201,0.15395590662956238,-3.109940528869629
-1.007591724395752,4.372475624084473,-1.4655481576919556,-1.6992665529251099,0.15910151600837708,-3.107591390609741
-0.9994931221008301,4.38950252532959,-1.4653010368347168,-1.6946734189987183,0.15791228413581848,-3.1127405166625977
-0.9988951683044434,4.407843112945557,-1.4582382440567017,-1.6950442790985107,0.15602903068065643,-3.110165596008301
-0.998051106929779,4.413403034210205,-1.4959784746170044,-1.6936603784561157,0.15525129437446594,-3.1242823600769043
-1.0347118377685547,4.229398727416992,-1.494547724723816,-1.701491117477417,0.15802763402462006,-3.120086908340454
-1.0340232849121094,4.223522186279297,-1.499968409538269,-1.703378677368164,0.15902268886566162,-3.119480609893799
-1.0400304794311523,4.226508617401123,-1.500417947769165,-1.6989936828613281,0.16235224902629852,-3.124868869781494
-1.0397921800613403,4.266730785369873,-1.4928556680679321,-1.6959114074707031,0.16103105247020721,-3.1268060207366943
-1.040494680404663,4.289079189300537,-1.4872214794158936,-1.6934840679168701,0.16529585421085358,-3.1253788471221924
-1.0433566570281982,4.301977157592773,-1.4809800386428833,-1.6947687864303589,0.16431306302547455,-3.124861478805542
-1.0372886657714844,4.279519081115723,-1.480102300643921,-1.6980364322662354,0.16709959506988525,-3.1247549057006836
-1.0398924350738525,4.29695463180542,-1.4810899496078491,-1.6965440511703491,0.1681196242570877,-3.128835678100586
-1.0431379079818726,4.296682357788086,-1.4827256202697754,-1.6963247060775757,0.16542883217334747,-3.126519203186035
-1.0365749597549438,4.299444198608398,-1.4819138050079346,-1.6946433782577515,0.16576075553894043,-3.1275434494018555
-1.0217125415802002,4.591399192810059,-1.4735732078552246,-1.671765923500061,0.15869751572608948,-3.100907802581787
-1.0166572332382202,4.564067840576172,-1.4724901914596558,-1.6737823486328125,0.1506803184747696,-3.1010985374450684
-1.0258289575576782,4.573513507843018,-1.470650315284729,-1.670793056488037,0.15165607631206512,-3.1023290157318115
-1.0236477851867676,4.57134485244751,-1.4635043144226074,-1.6727339029312134,0.15445180237293243,-3.1017966270446777
-1.03416109085083,4.577723026275635,-1.4593312740325928,-1.6719964742660522,0.1531473994255066,-3.103930950164795
-1.030563235282898,4.5701117515563965,-1.4620888233184814,-1.6750510931015015,0.1527210921049118,-3.102489709854126
-1.0392348766326904,4.569952487945557,-1.4630008935928345,-1.6708117723464966,0.15210476517677307,-3.1062846183776855
-1.043392539024353,4.554633617401123,-1.466613531112671,-1.6762434244155884,0.15044304728507996,-3.098125696182251
-1.0416103601455688,4.559494495391846,-1.4602057933807373,-1.6722877025604248,0.15319888293743134,-3.107149124145508
-1.039570689201355,4.571404933929443,-1.452346682548523,-1.6782026290893555,0.15669462084770203,-3.10711407661438
-1.0730769634246826,4.720362186431885,-1.427869200706482,-1.6695938110351562,0.15568190813064575,-3.0974292755126953
-1.0523473024368286,4.619142055511475,-1.4725542068481445,-1.6626288890838623,0.153537318110466,-3.0964629650115967
-1.055708885192871,4.571837425231934,-1.476301908493042,-1.6665775775909424,0.14484839141368866,-3.084543228149414
-1.0449206829071045,4.498441696166992,-1.4925270080566406,-1.6726125478744507,0.144614115357399,-3.0770792961120605
-1.0456888675689697,4.4767303466796875,-1.4922521114349365,-1.6690120697021484,0.14204759895801544,-3.0793137550354004
-1.0522218942642212,4.464331150054932,-1.4972615242004395,-1.6737180948257446,0.13373161852359772,-3.070542812347412
-1.0312927961349487,4.4610819816589355,-1.4995930194854736,-1.6703956127166748,0.12900720536708832,-3.075566530227661
-1.0101763010025024,4.462453842163086,-1.4841755628585815,-1.6639134883880615,0.13785088062286377,-3.0883092880249023
-0.9910818338394165,4.471532344818115,-1.4725842475891113,-1.6619131565093994,0.14590682089328766,-3.0920774936676025
-0.9546226263046265,4.410817623138428,-1.4786418676376343,-1.6489129066467285,0.15266862511634827,-3.129770040512085
-0.9898030161857605,4.390700340270996,-1.476336121559143,-1.652966022491455,0.14147835969924927,-3.119072914123535
-1.06329345703125,4.510782718658447,-1.4131187200546265,-1.6535379886627197,0.13368374109268188,-3.1112120151519775
-1.0955073833465576,4.777740478515625,-1.4322515726089478,-1.6606327295303345,0.148605078458786,-3.0853629112243652
-1.087052583694458,4.756040573120117,-1.4281738996505737,-1.6560032367706299,0.14715264737606049,-3.0797672271728516
-1.0895321369171143,4.743305206298828,-1.4442704916000366,-1.6597498655319214,0.14490090310573578,-3.074261426925659
-1.0777819156646729,4.743044376373291,-1.4368374347686768,-1.6557122468948364,0.14831356704235077,-3.0832550525665283
-1.0832515954971313,4.725305557250977,-1.4386916160583496,-1.6593445539474487,0.15703369677066803,-3.086444616317749
-1.0742666721343994,4.731255531311035,-1.4366008043289185,-1.6579780578613281,0.1524624228477478,-3.085057497024536
-1.0864912271499634,4.735380172729492,-1.4366556406021118,-1.6602271795272827,0.15391670167446136,-3.0822486877441406
-1.0897194147109985,4.720788478851318,-1.4415837526321411,-1.6610300540924072,0.15339268743991852,-3.07867169380188
-1.0799522399902344,4.665185451507568,-1.4276195764541626,-1.6500928401947021,0.15151596069335938,-3.0934321880340576
-1.0822688341140747,4.721264362335205,-1.4412156343460083,-1.6580181121826172,0.1527709811925888,-3.0776915550231934
-0.9781309366226196,4.191133499145508,-1.4407700300216675,-1.6672290563583374,0.14381253719329834,-3.1326279640197754
-0.9952976107597351,4.2633562088012695,-1.4215728044509888,-1.6696609258651733,0.14372998476028442,-3.136904239654541
-0.9950166940689087,4.277574062347412,-1.4237316846847534,-1.674200177192688,0.14461487531661987,-3.136159896850586
-0.9924317598342896,4.255173206329346,-1.4272634983062744,-1.6698294878005981,0.15119569003582,-3.140714406967163
-0.9880630373954773,4.279179096221924,-1.4321035146713257,-1.667890191078186,0.14789898693561554,-3.1387715339660645
-0.991569995880127,4.236807823181152,-1.4337424039840698,-1.670801043510437,0.15499164164066315,3.1414971351623535
-0.9638939499855042,4.118436336517334,-1.4385020732879639,-1.6617488861083984,0.15104345977306366,3.121615409851074
-0.9272657632827759,4.1927690505981445,-1.4510626792907715,-1.6667613983154297,0.15082195401191711,3.1315689086914062
-0.9156476259231567,4.150894641876221,-1.4507248401641846,-1.6653637886047363,0.15148578584194183,3.1178321838378906
-0.9081166982650757,4.144811153411865,-1.4453567266464233,-1.6615216732025146,0.14755043387413025,3.112755537033081
-0.9086370468139648,4.093470573425293,-1.4369672536849976,-1.6541885137557983,0.14802750945091248,3.097615957260132
-0.917861819267273,3.8555819988250732,-1.4648195505142212,-1.6673401594161987,0.15355442464351654,3.0800774097442627
-0.9990100860595703,3.993492603302002,-1.4554270505905151,-1.6838724613189697,0.1561942845582962,3.1262106895446777
-1.0026090145111084,3.9803574085235596,-1.452576756477356,-1.6836025714874268,0.15358060598373413,3.125396251678467
-0.995934784412384,4.0310845375061035,-1.4599863290786743,-1.6882754564285278,0.15345169603824615,3.133848190307617
-1.0022324323654175,4.003889560699463,-1.4591318368911743,-1.68605637550354,0.15732669830322266,3.1288251876831055
-1.0235564708709717,3.9977736473083496,-1.473575472831726,-1.6834725141525269,0.15640974044799805,3.135218381881714
-1.0609458684921265,3.948791742324829,-1.4878119230270386,-1.6878674030303955,0.17216525971889496,-3.1397409439086914
-1.1547292470932007,3.9215493202209473,-1.5489966869354248,-1.6780303716659546,0.1854589730501175,-3.1292600631713867
-1.1653310060501099,3.9380335807800293,-1.5487562417984009,-1.6805676221847534,0.17847387492656708,-3.1161839962005615
-1.1890751123428345,3.93292236328125,-1.5426926612854004,-1.6744792461395264,0.17555558681488037,-3.110114097595215
-1.2019561529159546,3.979386568069458,-1.5507688522338867,-1.675171971321106,0.16875839233398438,-3.1069540977478027
-1.1363859176635742,3.706441640853882,-1.4284484386444092,-1.6426973342895508,0.1890876442193985,3.1128225326538086
-0.9851542711257935,3.8455753326416016,-1.3636596202850342,-1.6607334613800049,0.1696666181087494,3.113070487976074
-1.0144741535186768,3.7663016319274902,-1.3736062049865723,-1.6545506715774536,0.1780041754245758,3.1122841835021973
-1.0314706563949585,3.7973272800445557,-1.3648935556411743,-1.654064655303955,0.17442943155765533,3.118220329284668
-1.0450353622436523,3.651585102081299,-1.3693370819091797,-1.6465638875961304,0.16490526497364044,3.123548984527588
-1.008541226387024,3.914031744003296,-1.3622431755065918,-1.6560618877410889,0.17043536901474,3.1385297775268555
-0.9958765506744385,3.878671884536743,-1.356337070465088,-1.646770715713501,0.1787806749343872,3.1270956993103027
-1.0212525129318237,3.7066550254821777,-1.359944462776184,-1.6439011096954346,0.17706041038036346,3.132251739501953
-1.0236380100250244,3.7368054389953613,-1.357682228088379,-1.6348090171813965,0.18018805980682373,3.1075081825256348
-1.0568901300430298,3.623410940170288,-1.3831361532211304,-1.6314237117767334,0.15360012650489807,3.095735788345337
-1.0335595607757568,3.6706881523132324,-1.3641595840454102,-1.63550865650177,0.1707039475440979,3.101390838623047
-1.2071866989135742,3.5196478366851807,-1.5701055526733398,-1.646838903427124,0.20035579800605774,3.1023008823394775
-1.1470924615859985,3.669382333755493,-1.5922201871871948,-1.668647050857544,0.19198398292064667,3.0993154048919678
-1.151830792427063,3.6789822578430176,-1.5909650325775146,-1.6779087781906128,0.18805907666683197,3.1048595905303955
-1.1582657098770142,3.6090235710144043,-1.5983531475067139,-1.6652896404266357,0.19640834629535675,3.0945374965667725
-1.1211683750152588,3.735727071762085,-1.5935163497924805,-1.6608153581619263,0.19862650334835052,3.096708059310913
-1.1538933515548706,3.5522546768188477,-1.6176612377166748,-1.668320894241333,0.19290079176425934,3.08499813079834
-1.1501017808914185,3.5345547199249268,-1.6185041666030884,-1.6691755056381226,0.19643454253673553,3.079561233520508
-1.1500085592269897,3.540330171585083,-1.6215206384658813,-1.6742643117904663,0.1967378705739975,3.07896089553833
-1.1209967136383057,3.5370612144470215,-1.609429955482483,-1.6662431955337524,0.20738980174064636,3.0742712020874023
-1.1168076992034912,3.5394644737243652,-1.6064282655715942,-1.660353422164917,0.20892783999443054,3.0712971687316895
-1.1275262832641602,3.464076519012451,-1.614537000656128,-1.6634618043899536,0.21017824113368988,3.0872743129730225
-1.1867969036102295,3.27158260345459,-1.8080354928970337,-1.6340548992156982,0.21628344058990479,3.064687728881836
-1.2117215394973755,3.3629908561706543,-1.7908194065093994,-1.6375553607940674,0.20723646879196167,3.085082769393921
-1.2090983390808105,3.3535163402557373,-1.7850350141525269,-1.63916015625,0.2046491950750351,3.0841453075408936
-1.1960797309875488,3.4132306575775146,-1.7892662286758423,-1.634276270866394,0.20408470928668976,3.0827395915985107
-1.185948133468628,3.4444336891174316,-1.7835108041763306,-1.6332584619522095,0.202626034617424,3.0764830112457275
-1.198756217956543,3.3946032524108887,-1.783403992652893,-1.636806845664978,0.20541179180145264,3.077218532562256
-1.204418420791626,3.360743761062622,-1.7880088090896606,-1.637967824935913,0.20605126023292542,3.073575496673584
-1.1925662755966187,3.3887240886688232,-1.7842808961868286,-1.6368297338485718,0.2048947811126709,3.073788642883301
-1.1841981410980225,3.3330605030059814,-1.787278652191162,-1.6429082155227661,0.20487335324287415,3.0744335651397705
-1.1762202978134155,3.3105244636535645,-1.781215786933899,-1.6432923078536987,0.20447523891925812,3.073124408721924
-1.1624265909194946,3.2934935092926025,-1.7721914052963257,-1.6463261842727661,0.20505744218826294,3.0738158226013184
-1.0574742555618286,3.1253273487091064,-1.7126052379608154,-1.6146893501281738,0.2515529990196228,3.0249905586242676
-1.0877550840377808,3.2181477546691895,-1.7420461177825928,-1.603118896484375,0.25095078349113464,3.0319602489471436
-1.062888503074646,3.261298179626465,-1.7463942766189575,-1.603597640991211,0.24819689989089966,3.0274062156677246
-1.067064642906189,3.2451541423797607,-1.73722505569458,-1.6064846515655518,0.24181945621967316,3.0238513946533203
-1.0773606300354004,3.212400436401367,-1.7318462133407593,-1.6061564683914185,0.24034370481967926,3.024158000946045
-1.0746206045150757,3.2120554447174072,-1.7312713861465454,-1.6054959297180176,0.23921434581279755,3.0262386798858643
-1.0504812002182007,3.2432548999786377,-1.7217638492584229,-1.6069998741149902,0.23936070501804352,3.03073787689209
-1.078371286392212,3.1900391578674316,-1.7139828205108643,-1.6052541732788086,0.24108070135116577,3.030308246612549
-1.090865969657898,3.16188907623291,-1.7146995067596436,-1.606044888496399,0.24297645688056946,3.0330750942230225
-1.0901577472686768,3.14603328704834,-1.7294186353683472,-1.6060681343078613,0.24976475536823273,3.0313925743103027
-1.1014055013656616,3.108116865158081,-1.7249993085861206,-1.6049991846084595,0.24836620688438416,3.0330066680908203
-1.1453043222427368,2.7964069843292236,-1.5977108478546143,-1.5945565700531006,0.28501230478286743,2.9989817142486572
-1.1790560483932495,2.8310728073120117,-1.5753165483474731,-1.5909069776535034,0.2788565158843994,3.0107054710388184
-1.1752915382385254,2.85951566696167,-1.5737637281417847,-1.5923373699188232,0.27989909052848816,3.020608901977539
-1.184250831604004,2.81860089302063,-1.5651155710220337,-1.5920947790145874,0.28060975670814514,3.018883466720581
-1.1807490587234497,2.8077874183654785,-1.5669004917144775,-1.5913416147232056,0.2810394763946533,3.0129988193511963
-1.1801670789718628,2.8038861751556396,-1.5666224956512451,-1.5912196636199951,0.2815644443035126,3.0112404823303223
-1.1772133111953735,2.80002760887146,-1.5644093751907349,-1.5916836261749268,0.2814444899559021,3.0110971927642822
-1.1739164590835571,2.8181533813476562,-1.5641968250274658,-1.5910768508911133,0.28045782446861267,3.0092971324920654
-1.1806631088256836,2.7739665508270264,-1.5629966259002686,-1.5915449857711792,0.2810010015964508,3.01054310798645
-1.1782320737838745,2.818838119506836,-1.563723087310791,-1.5907291173934937,0.27955907583236694,3.010551929473877
-1.1758676767349243,2.8305041790008545,-1.5665160417556763,-1.5904297828674316,0.2808849811553955,3.010331869125366
-1.2923575639724731,2.466398000717163,-1.4530432224273682,-1.5874677896499634,0.3078053891658783,2.98361873626709
-1.2548182010650635,2.5321853160858154,-1.4629242420196533,-1.5801143646240234,0.30494847893714905,2.9790422916412354
-1.270444631576538,2.4985294342041016,-1.4596750736236572,-1.5812366008758545,0.30681389570236206,2.978487968444824
-1.2617709636688232,2.519087553024292,-1.4611973762512207,-1.5805349349975586,0.3065888583660126,2.976799726486206
-1.2707738876342773,2.5139548778533936,-1.4607418775558472,-1.5835694074630737,0.30503541231155396,2.982208728790283
-1.264960527420044,2.5158557891845703,-1.4584605693817139,-1.582823634147644,0.3054742217063904,2.981555461883545
-1.277894377708435,2.4981906414031982,-1.4605408906936646,-1.5842697620391846,0.30464982986450195,2.9808645248413086
-1.2710407972335815,2.507594347000122,-1.4582237005233765,-1.582863688468933,0.30421575903892517,2.9821925163269043
-1.2713570594787598,2.502927541732788,-1.4608451128005981,-1.5843793153762817,0.3063913583755493,2.979733943939209
-1.266310214996338,2.51448655128479,-1.4599226713180542,-1.583194375038147,0.3056751787662506,2.9789767265319824
-1.2836185693740845,2.4684865474700928,-1.4616687297821045,-1.5859043598175049,0.30745354294776917,2.9797940254211426
-1.3410221338272095,2.3084826469421387,-1.4141278266906738,-1.5720566511154175,0.3340221345424652,3.0097718238830566
-1.3154610395431519,2.3476295471191406,-1.418066382408142,-1.5702645778656006,0.3316447138786316,3.0098717212677
-1.333308219909668,2.3288605213165283,-1.4157832860946655,-1.5747572183609009,0.3300648331642151,3.0157158374786377
-1.3191436529159546,2.359818696975708,-1.4197518825531006,-1.5752743482589722,0.32651928067207336,3.0197341442108154
-1.329429030418396,2.343125581741333,-1.4155405759811401,-1.5784567594528198,0.32457926869392395,3.024791955947876
-1.3430792093276978,2.316383123397827,-1.4100031852722168,-1.5775861740112305,0.3281528353691101,3.025333881378174
-1.3546509742736816,2.291102647781372,-1.4089351892471313,-1.5781768560409546,0.32786470651626587,3.027850389480591
-1.328597068786621,2.341658115386963,-1.4172947406768799,-1.5784519910812378,0.3260861337184906,3.0226805210113525
-1.3383022546768188,2.3242673873901367,-1.4135652780532837,-1.5784608125686646,0.32761290669441223,3.0232725143432617
-1.3097317218780518,2.3793258666992188,-1.4239139556884766,-1.5770812034606934,0.32438555359840393,3.02146053314209
-1.3392257690429688,2.3289597034454346,-1.4151078462600708,-1.578843355178833,0.32440975308418274,3.025218963623047
-1.3637065887451172,2.3136274814605713,-1.3938919305801392,-1.573769211769104,0.32772377133369446,3.0540578365325928
-1.3704851865768433,2.303133726119995,-1.4031730890274048,-1.5643837451934814,0.3368145227432251,3.0394277572631836
-1.3753118515014648,2.2979166507720947,-1.4000481367111206,-1.5653923749923706,0.335336297750473,3.0431735515594482
-1.3748035430908203,2.3035738468170166,-1.4010547399520874,-1.5652360916137695,0.33462634682655334,3.0437753200531006
-1.3950655460357666,2.2726378440856934,-1.3962411880493164,-1.5675584077835083,0.33207449316978455,3.048621654510498
-1.3697723150253296,2.31514048576355,-1.4034841060638428,-1.565748691558838,0.33427226543426514,3.0442159175872803
-1.3979158401489258,2.2653849124908447,-1.3953206539154053,-1.5685621500015259,0.33290764689445496,3.0479865074157715
-1.3697376251220703,2.3185219764709473,-1.40308678150177,-1.565667986869812,0.3344103991985321,3.0426154136657715
-1.3636151552200317,2.334045886993408,-1.4038479328155518,-1.5649532079696655,0.3334828019142151,3.0436899662017822
-1.3995314836502075,2.259935140609741,-1.3952486515045166,-1.5701719522476196,0.3322868347167969,3.051574468612671
-1.3600006103515625,2.3285324573516846,-1.402919054031372,-1.5645511150360107,0.3350679278373718,3.041557788848877
-1.3688321113586426,2.1821770668029785,-1.3949236869812012,-1.5746407508850098,0.33908337354660034,3.0897462368011475
-1.3321459293365479,2.2259349822998047,-1.4030516147613525,-1.570006012916565,0.3438698947429657,3.0844690799713135
-1.347095012664795,2.1775476932525635,-1.3960304260253906,-1.573691964149475,0.3454138934612274,3.079151153564453
-1.325784683227539,2.206601619720459,-1.3985742330551147,-1.5727068185806274,0.35001707077026367,3.0732250213623047
-1.2971702814102173,2.2680366039276123,-1.391518473625183,-1.5715129375457764,0.351164847612381,3.0704452991485596
-1.2853195667266846,2.2619237899780273,-1.387353777885437,-1.5840688943862915,0.35514262318611145,3.0865232944488525
-1.2934619188308716,2.2468221187591553,-1.3898628950119019,-1.5879324674606323,0.35564887523651123,3.0942838191986084
-1.2905560731887817,2.2546579837799072,-1.3849116563796997,-1.5937498807907104,0.3561302423477173,3.1044793128967285
-1.279740571975708,2.281322717666626,-1.373789668083191,-1.5916353464126587,0.35302820801734924,3.1077804565429688
-1.2837916612625122,2.27791166305542,-1.3731341361999512,-1.5909568071365356,0.35126250982284546,3.109457015991211
-1.3053499460220337,2.214169979095459,-1.3586424589157104,-1.5897892713546753,0.3513111472129822,3.139401912689209
-1.3550740480422974,2.1585004329681396,-1.3639366626739502,-1.5672481060028076,0.33859413862228394,3.1156179904937744
-1.357208490371704,2.139317512512207,-1.3617137670516968,-1.5692172050476074,0.3367673456668854,3.1153719425201416
-1.3413312435150146,2.1106677055358887,-1.3578373193740845,-1.569177269935608,0.3387371599674225,3.11503529548645
-1.324663758277893,2.097151756286621,-1.346903681755066,-1.5721205472946167,0.33490118384361267,3.113218069076538
-1.3286683559417725,2.1095356941223145,-1.3485316038131714,-1.5705792903900146,0.33111435174942017,3.1171340942382812
-1.3268932104110718,2.0987725257873535,-1.3484394550323486,-1.5716239213943481,0.3335023522377014,3.1171793937683105
-1.3318413496017456,2.0788090229034424,-1.343572974205017,-1.5728117227554321,0.33279216289520264,3.1181299686431885
-1.3295867443084717,2.086071491241455,-1.3461374044418335,-1.572527289390564,0.3342944085597992,3.1167783737182617
-1.3243745565414429,2.0887327194213867,-1.3480020761489868,-1.572629451751709,0.33766233921051025,3.1159002780914307
-1.3204612731933594,2.1246957778930664,-1.3515870571136475,-1.5704734325408936,0.3348556160926819,3.1119160652160645
-1.2884706258773804,2.2364907264709473,-1.2998565435409546,-1.5885716676712036,0.3579394221305847,-3.126828670501709
-1.3441581726074219,2.261462688446045,-1.3181169033050537,-1.5869719982147217,0.3609931170940399,-3.115525960922241
-1.3480145931243896,2.2775211334228516,-1.321943998336792,-1.5857504606246948,0.3563956618309021,-3.117297649383545
-1.3508710861206055,2.253502130508423,-1.317822813987732,-1.5874706506729126,0.35840654373168945,-3.1179308891296387
-1.346097707748413,2.2747349739074707,-1.3146615028381348,-1.5863254070281982,0.35229989886283875,-3.1114768981933594
-1.3463166952133179,2.247469663619995,-1.310648798942566,-1.588908314704895,0.3525097966194153,-3.1114273071289062
-1.3465787172317505,2.25443959236145,-1.3092353343963623,-1.5899375677108765,0.3485284447669983,-3.10697078704834
-1.3564598560333252,2.219426393508911,-1.3064141273498535,-1.5888512134552002,0.3477955162525177,-3.10099196434021
-1.3661739826202393,2.2536587715148926,-1.3084696531295776,-1.5860999822616577,0.33800792694091797,-3.0975468158721924
-1.3665506839752197,2.259559392929077,-1.309667944908142,-1.5857385396957397,0.3362591862678528,-3.0952911376953125
-1.368779182434082,2.2755284309387207,-1.325514316558838,-1.5836098194122314,0.3405519425868988,-3.1016228199005127
-1.2656062841415405,2.4101431369781494,-1.311397910118103,-1.5724164247512817,0.3329721689224243,-3.08774733543396
-1.3514286279678345,2.226475954055786,-1.2685346603393555,-1.5849738121032715,0.37146568298339844,-3.110511302947998
-1.375797986984253,2.156599998474121,-1.2744356393814087,-1.6000590324401855,0.3721717596054077,-3.1009106636047363
-1.4080359935760498,2.129805088043213,-1.2610363960266113,-1.603113055229187,0.3613673448562622,-3.0640389919281006
-1.4100773334503174,2.101417303085327,-1.304620623588562,-1.5895509719848633,0.34346169233322144,-3.040236234664917
-1.3978160619735718,2.1192164421081543,-1.3136887550354004,-1.5905060768127441,0.335196852684021,-3.0397684574127197
-1.3668185472488403,2.1720690727233887,-1.3124488592147827,-1.5900547504425049,0.32961368560791016,-3.0356740951538086
-1.3508765697479248,2.172442674636841,-1.3167320489883423,-1.5851532220840454,0.328248530626297,-3.0357542037963867
-1.267741322517395,2.203281879425049,-1.3072867393493652,-1.5887123346328735,0.32703086733818054,-3.0343594551086426
-1.1898548603057861,2.1825690269470215,-1.3510839939117432,-1.5893476009368896,0.3295188248157501,-3.023115396499634
-1.131908655166626,2.170691967010498,-1.3761411905288696,-1.598886251449585,0.33446308970451355,-3.0211780071258545
-1.134598970413208,2.189703941345215,-1.5571256875991821,-1.5838594436645508,0.333391934633255,-2.9892539978027344
-1.3096312284469604,2.202805280685425,-1.4698889255523682,-1.5769274234771729,0.3574463129043579,-3.0686819553375244
-1.3194464445114136,2.2208166122436523,-1.4688448905944824,-1.5733263492584229,0.35778459906578064,-3.0723700523376465
-1.3050503730773926,2.2651236057281494,-1.4542739391326904,-1.5731585025787354,0.3544275760650635,-3.0704023838043213
-1.3340787887573242,2.237370252609253,-1.4742298126220703,-1.5744585990905762,0.35269802808761597,-3.0756776332855225
-1.3047441244125366,2.294041633605957,-1.4649657011032104,-1.5744562149047852,0.35192179679870605,-3.068028688430786
-1.3226944208145142,2.274122476577759,-1.4665133953094482,-1.572297215461731,0.3516741096973419,-3.0727765560150146
-1.3293938636779785,2.269857168197632,-1.467268943786621,-1.572957992553711,0.3505735695362091,-3.070841073989868
-1.3313980102539062,2.266761302947998,-1.4624443054199219,-1.569852590560913,0.3490263819694519,-3.07336163520813
-1.3482897281646729,2.249659776687622,-1.4710757732391357,-1.5710487365722656,0.34940412640571594,-3.074618101119995
-1.307875156402588,2.2936301231384277,-1.4498661756515503,-1.5662846565246582,0.351157009601593,-3.0656962394714355
-0.9212296009063721,1.9428638219833374,-1.8532752990722656,-1.5538811683654785,0.3059520423412323,-3.0176446437835693
-0.9152346253395081,1.8728688955307007,-1.8596582412719727,-1.5592167377471924,0.3079889118671417,-3.021092414855957
-0.9300527572631836,1.8478505611419678,-1.8556777238845825,-1.5457367897033691,0.3139429986476898,-3.018615245819092
-0.9054757952690125,1.8644040822982788,-1.859771490097046,-1.542603611946106,0.3122517168521881,-3.0214927196502686
-0.8467943668365479,1.9175301790237427,-1.8366948366165161,-1.5469019412994385,0.31323951482772827,-3.0137779712677
-0.8436481952667236,1.8997344970703125,-1.84334397315979,-1.5552574396133423,0.3111844062805176,-3.0298900604248047
-0.8448909521102905,1.8851484060287476,-1.8619234561920166,-1.5590096712112427,0.31609949469566345,-3.0426228046417236
-0.8265494108200073,1.9015312194824219,-1.838226079940796,-1.550612211227417,0.31498241424560547,-3.0288727283477783
-0.8157746195793152,1.9151296615600586,-1.8442366123199463,-1.5481042861938477,0.3183116614818573,-3.0310745239257812
-0.8167272210121155,1.9111825227737427,-1.8361469507217407,-1.5465638637542725,0.3189554810523987,-3.029700517654419
-0.8197981119155884,1.9223933219909668,-1.8519703149795532,-1.5501441955566406,0.3194117844104767,-3.0379703044891357
-0.616363525390625,1.6583436727523804,-2.1299428939819336,-1.5377991199493408,0.31369921565055847,-3.033238410949707
-0.7168654799461365,1.6200989484786987,-2.1765809059143066,-1.5465786457061768,0.30713093280792236,-3.028491258621216
-0.704367458820343,1.6437146663665771,-2.1669702529907227,-1.5485666990280151,0.3046645522117615,-3.025090217590332
-0.7049213647842407,1.634699821472168,-2.176356077194214,-1.5520431995391846,0.30324840545654297,-3.0234482288360596
-0.7198808789253235,1.6231489181518555,-2.1898746490478516,-1.5562286376953125,0.30404263734817505,-3.0195956230163574
-0.682768702507019,1.6367429494857788,-2.1699843406677246,-1.5579826831817627,0.3039249777793884,-3.020216703414917
-0.700925886631012,1.610206127166748,-2.1777396202087402,-1.5642181634902954,0.30404284596443176,-3.021407127380371
-0.7351347208023071,1.5979313850402832,-2.184526205062866,-1.568996548652649,0.30171874165534973,-3.0172314643859863
-0.6862550973892212,1.611689567565918,-2.169586420059204,-1.56890070438385,0.29964175820350647,-3.011127471923828
-0.7120003700256348,1.5914289951324463,-2.1792824268341064,-1.5746580362319946,0.302308052778244,-3.0099189281463623
-0.7412400245666504,1.5809645652770996,-2.18365216255188,-1.574445128440857,0.3012903332710266,-3.009791851043701
-0.9685373902320862,1.8745555877685547,-2.2194128036499023,-1.53677499294281,0.3036162853240967,-3.0490214824676514
-0.9328613877296448,1.9310030937194824,-2.1981353759765625,-1.512374997138977,0.3055892884731293,-3.0662450790405273
-0.9303772449493408,1.9190219640731812,-2.19838547706604,-1.5130263566970825,0.3050249218940735,-3.0617926120758057
-0.9223617315292358,1.9108376502990723,-2.190127372741699,-1.5162549018859863,0.3060953915119171,-3.050917148590088
-0.9005324244499207,1.9202320575714111,-2.185743808746338,-1.5121254920959473,0.3033466339111328,-3.0565977096557617
-0.8855679035186768,1.926443338394165,-2.1814167499542236,-1.5134919881820679,0.3025493621826172,-3.0582315921783447
-0.8545854687690735,1.964510202407837,-2.1621203422546387,-1.5069029331207275,0.30515801906585693,-3.0578525066375732
-0.8802856206893921,1.9441611766815186,-2.181856632232666,-1.510534405708313,0.30610522627830505,-3.069456100463867
-0.8875718116760254,1.9424642324447632,-2.1827566623687744,-1.517343521118164,0.30971860885620117,-3.0691089630126953
-0.8479297161102295,1.914951205253601,-2.151503562927246,-1.4973098039627075,0.3128550350666046,-3.075605869293213
-0.8570449948310852,1.9051400423049927,-2.1720261573791504,-1.5012668371200562,0.3094542920589447,-3.077035427093506
-0.9401947259902954,1.5355488061904907,-2.1530585289001465,-1.5551245212554932,0.30406495928764343,-3.054669141769409
-0.8561309576034546,1.7363123893737793,-2.089604616165161,-1.5262889862060547,0.2918582856655121,-3.037828207015991
-0.8227936625480652,1.781923532485962,-2.077877998352051,-1.5207700729370117,0.2959781289100647,-3.039533853530884
-0.8017343282699585,1.8515177965164185,-2.046764850616455,-1.5145444869995117,0.29699283838272095,-3.0343081951141357
-0.8070342540740967,1.81753671169281,-2.051999092102051,-1.5186017751693726,0.2980618476867676,-3.03607439994812
-0.8044471740722656,1.8261401653289795,-2.051032543182373,-1.5212948322296143,0.29788175225257874,-3.0385243892669678
-0.8017559051513672,1.8216843605041504,-2.0519888401031494,-1.5184954404830933,0.29773905873298645,-3.035109043121338
-0.7918438911437988,1.8530540466308594,-2.042180299758911,-1.5115376710891724,0.2993975877761841,-3.042893409729004
-0.7955577373504639,1.8320703506469727,-2.0452544689178467,-1.5159306526184082,0.299185574054718,-3.0410685539245605
-0.7921154499053955,1.8358122110366821,-2.040158748626709,-1.5137556791305542,0.29829302430152893,-3.042945384979248
-0.7964735627174377,1.8162997961044312,-2.046335458755493,-1.5170882940292358,0.2980315089225769,-3.0415573120117188
-1.0652236938476562,2.059281826019287,-1.9047077894210815,-1.5238527059555054,0.3299565017223358,-3.09269118309021
-1.216234803199768,1.8642133474349976,-1.9676605463027954,-1.5393028259277344,0.3293963372707367,-3.0768814086914062
-1.2036925554275513,1.8786150217056274,-1.9691787958145142,-1.5384451150894165,0.3285115361213684,-3.079129695892334
-1.2027859687805176,1.870821237564087,-1.9702059030532837,-1.5391323566436768,0.32634449005126953,-3.080702781677246
-1.209707260131836,1.8503903150558472,-1.9720802307128906,-1.5411266088485718,0.3283211588859558,-3.0825796127319336
-1.2060089111328125,1.8520373106002808,-1.9741722345352173,-1.5399199724197388,0.3277423679828644,-3.081939220428467
-1.1532008647918701,1.8935378789901733,-1.985505223274231,-1.5421857833862305,0.32359257340431213,-3.083116054534912
-1.1276843547821045,1.9218809604644775,-2.0076303482055664,-1.5423177480697632,0.3223077952861786,-3.0899813175201416
-1.130361795425415,1.916301965713501,-2.0088951587677,-1.5451204776763916,0.3213091790676117,-3.0893380641937256
-1.1427068710327148,1.8788872957229614,-2.013951301574707,-1.547448992729187,0.3202613592147827,-3.0883429050445557
-1.1665875911712646,1.8707213401794434,-2.006742238998413,-1.5583784580230713,0.31724947690963745,-3.0840797424316406
-1.32957124710083,2.00046968460083,-1.9441492557525635,-1.5708359479904175,0.34674298763275146,-3.1224780082702637
-1.3225524425506592,2.1589221954345703,-1.906583309173584,-1.5414021015167236,0.35343942046165466,-3.117138147354126
-1.4063537120819092,2.0548622608184814,-1.8955583572387695,-1.5557036399841309,0.35603225231170654,-3.102688789367676
-1.4146223068237305,2.073012590408325,-1.8790581226348877,-1.5550332069396973,0.35618478059768677,-3.1002705097198486
-1.440334677696228,2.0450916290283203,-1.8747903108596802,-1.5539076328277588,0.35489746928215027,-3.1017274856567383
-1.4588245153427124,1.9825937747955322,-1.8980424404144287,-1.55954110622406,0.35498085618019104,-3.0960636138916016
-1.4521119594573975,2.005687713623047,-1.891417384147644,-1.5575605630874634,0.35266363620758057,-3.0974254608154297
-1.447677731513977,2.0406222343444824,-1.8768140077590942,-1.551976203918457,0.35188916325569153,-3.0981264114379883
-1.460571050643921,2.0158815383911133,-1.8843308687210083,-1.5531373023986816,0.35187074542045593,-3.098680019378662
-1.4606597423553467,2.001495361328125,-1.8889325857162476,-1.5570068359375,0.35145291686058044,-3.098764419555664
-1.4572101831436157,1.9909749031066895,-1.9055713415145874,-1.560252070426941,0.35129496455192566,-3.0949058532714844
-1.585736870765686,1.721824049949646,-1.8760327100753784,-1.6076960563659668,0.3661332130432129,-3.076824426651001
-1.506558895111084,1.7169106006622314,-1.9009840488433838,-1.6109960079193115,0.36913082003593445,-3.0878102779388428
-1.501578450202942,1.7413181066513062,-1.8903412818908691,-1.6086552143096924,0.3696245551109314,-3.081719160079956
-1.533760666847229,1.691760778427124,-1.8919806480407715,-1.6148041486740112,0.3710220456123352,-3.076747179031372
-1.5399589538574219,1.6854647397994995,-1.8930234909057617,-1.6174430847167969,0.37063926458358765,-3.0759363174438477
-1.5437729358673096,1.687119960784912,-1.8945107460021973,-1.6159307956695557,0.3698952794075012,-3.0741734504699707
-1.512794852256775,1.7316210269927979,-1.893946647644043,-1.6164560317993164,0.37004250288009644,-3.0710315704345703
-1.5399205684661865,1.6996333599090576,-1.89346444606781,-1.6113287210464478,0.37140244245529175,-3.076416015625
-1.5584700107574463,1.6399794816970825,-1.9055562019348145,-1.6157081127166748,0.3732474744319916,-3.0691683292388916
-1.5237376689910889,1.716086983680725,-1.890255093574524,-1.6140908002853394,0.37127044796943665,-3.072740077972412
-1.5155525207519531,1.7325903177261353,-1.8900887966156006,-1.6101783514022827,0.3702733814716339,-3.0754003524780273
-1.4525922536849976,1.3716325759887695,-2.0410938262939453,-1.6304800510406494,0.3820570111274719,-3.03434681892395
-1.3947069644927979,1.4311060905456543,-2.042630910873413,-1.6212432384490967,0.38393574953079224,-3.05232310295105
-1.3565324544906616,1.4644733667373657,-2.0297281742095947,-1.6172505617141724,0.38324350118637085,-3.053361177444458
-1.3852406740188599,1.4414376020431519,-2.0378994941711426,-1.6196893453598022,0.38414764404296875,-3.052260160446167
-1.3734636306762695,1.451489806175232,-2.040151596069336,-1.6215230226516724,0.3831060826778412,-3.0524187088012695
-1.3883329629898071,1.4343544244766235,-2.0430080890655518,-1.6267043352127075,0.38318106532096863,-3.052370071411133
-1.3897854089736938,1.4318161010742188,-2.0471301078796387,-1.6254866123199463,0.38294699788093567,-3.052804946899414
-1.3858554363250732,1.43037748336792,-2.048722505569458,-1.6281466484069824,0.3827420771121979,-3.0498740673065186
-1.3820525407791138,1.422737956047058,-2.0499813556671143,-1.6306625604629517,0.38259994983673096,-3.0480384826660156
-1.3978917598724365,1.4083642959594727,-2.0588290691375732,-1.6353203058242798,0.38260358572006226,-3.0471742153167725
-1.4126280546188354,1.3961567878723145,-2.0741922855377197,-1.645342230796814,0.3812839984893799,-3.0401318073272705
-1.4258499145507812,1.1627131700515747,-2.1188642978668213,-1.6480385065078735,0.38845035433769226,-3.000681161880493
-1.4198029041290283,1.206875205039978,-2.117487668991089,-1.628531813621521,0.388840913772583,-3.003887414932251
-1.4212830066680908,1.203224539756775,-2.120424270629883,-1.6332474946975708,0.38736727833747864,-3.0031230449676514
-1.4208424091339111,1.1932122707366943,-2.120115280151367,-1.6377657651901245,0.38869112730026245,-3.0017879009246826
-1.425828218460083,1.1978521347045898,-2.1242520809173584,-1.6380038261413574,0.3868859112262726,-3.004321813583374
-1.4311224222183228,1.1923649311065674,-2.1224093437194824,-1.6421966552734375,0.3861735165119171,-3.0051097869873047
-1.453080654144287,1.1725139617919922,-2.1386520862579346,-1.652940273284912,0.38459059596061707,-2.999929189682007
-1.4481463432312012,1.1759370565414429,-2.1263773441314697,-1.6472368240356445,0.3841518461704254,-3.002002000808716
-1.4668899774551392,1.1583614349365234,-2.1359450817108154,-1.656766653060913,0.38321709632873535,-2.99328875541687
-1.4843063354492188,1.1249943971633911,-2.143808603286743,-1.6683396100997925,0.38544580340385437,-2.9907708168029785
-1.4891163110733032,1.1226270198822021,-2.148435354232788,-1.6723158359527588,0.38603004813194275,-2.9923830032348633
-1.4923815727233887,0.9747998714447021,-2.070094108581543,-1.6829757690429688,0.39507603645324707,-2.957035779953003
-1.4227770566940308,1.0455834865570068,-2.0593295097351074,-1.6485967636108398,0.3968665599822998,-2.9637725353240967
-1.4304299354553223,1.0403964519500732,-2.066819667816162,-1.6546647548675537,0.3936576247215271,-2.9646713733673096
-1.4422471523284912,1.0283560752868652,-2.073991060256958,-1.6642727851867676,0.3909803330898285,-2.9609363079071045
-1.4451677799224854,1.0227833986282349,-2.076209545135498,-1.6680026054382324,0.3907226324081421,-2.9613075256347656
-1.4546376466751099,1.004648208618164,-2.083164691925049,-1.6747885942459106,0.3901355266571045,-2.960613965988159
-1.4577370882034302,0.9990972876548767,-2.0913350582122803,-1.6810998916625977,0.39350026845932007,-2.95997953414917
-1.4591639041900635,0.9980310797691345,-2.088078022003174,-1.6784642934799194,0.39237257838249207,-2.9611332416534424
-1.4702523946762085,0.9844709038734436,-2.0952157974243164,-1.6842079162597656,0.3984234035015106,-2.9617841243743896
-1.4691860675811768,0.9810746312141418,-2.087940216064453,-1.6797462701797485,0.39742428064346313,-2.9628684520721436
-1.4747589826583862,0.9715743064880371,-2.087721824645996,-1.684270977973938,0.3971700668334961,-2.961982011795044
-1.5322136878967285,0.6100191473960876,-1.9843180179595947,-1.70147705078125,0.39119693636894226,-2.925713062286377
-1.4680918455123901,0.6834654211997986,-1.9594751596450806,-1.6668885946273804,0.3956873416900635,-2.9321579933166504
-1.482502818107605,0.6732794046401978,-1.9580894708633423,-1.6681276559829712,0.3962971270084381,-2.931466579437256
-1.4753884077072144,0.684373676776886,-1.960809588432312,-1.6695706844329834,0.39388835430145264,-2.934270143508911
-1.46811842918396,0.6862030625343323,-1.9619412422180176,-1.672355055809021,0.39304789900779724,-2.931654453277588
-1.4761054515838623,0.6815633177757263,-1.9619648456573486,-1.6700851917266846,0.39455753564834595,-2.929680585861206
-1.4613028764724731,0.6912631988525391,-1.9621543884277344,-1.6713203191757202,0.39277341961860657,-2.929119825363159
-1.476584553718567,0.6805271506309509,-1.9613429307937622,-1.6725142002105713,0.3929785192012787,-2.928603410720825
-1.4831244945526123,0.6773900985717773,-1.9591765403747559,-1.6716573238372803,0.3963729441165924,-2.9249982833862305
-1.4863760471343994,0.6773532629013062,-1.9585360288619995,-1.672839879989624,0.3948048949241638,-2.9248523712158203
-1.4943102598190308,0.6527186632156372,-1.957604169845581,-1.6803970336914062,0.3972168564796448,-2.9251787662506104
-1.6414729356765747,0.3103075921535492,-1.771148920059204,-1.6888365745544434,0.36191806197166443,-2.8937649726867676
-1.6265063285827637,0.32294678688049316,-1.7725419998168945,-1.6771169900894165,0.36577945947647095,-2.896728515625
-1.6295360326766968,0.32591715455055237,-1.7724940776824951,-1.6792829036712646,0.3646521270275116,-2.8928821086883545
-1.6355202198028564,0.3237912654876709,-1.7716100215911865,-1.6797019243240356,0.36566227674484253,-2.892444610595703
-1.629305362701416,0.33023470640182495,-1.7686371803283691,-1.6791818141937256,0.36401277780532837,-2.895326614379883
-1.6411106586456299,0.3159036934375763,-1.7617971897125244,-1.6785252094268799,0.3675040602684021,-2.899108648300171
-1.6398729085922241,0.3206239640712738,-1.7550150156021118,-1.6805214881896973,0.3653353750705719,-2.8959498405456543
-1.652746558189392,0.3033541440963745,-1.7575777769088745,-1.6832472085952759,0.3684459328651428,-2.8954696655273438
-1.6578723192214966,0.29736605286598206,-1.7543115615844727,-1.6872981786727905,0.36833831667900085,-2.892692804336548
-1.6670845746994019,0.27804988622665405,-1.7579047679901123,-1.691046118736267,0.3715115487575531,-2.8939425945281982
-1.6645739078521729,0.2770111560821533,-1.7562073469161987,-1.6948214769363403,0.3685760498046875,-2.890742540359497
-1.7831217050552368,0.02756211720407009,-1.6977931261062622,-1.6963974237442017,0.36353635787963867,-2.850396156311035
-1.7401788234710693,0.07457557320594788,-1.7160320281982422,-1.682790756225586,0.36309322714805603,-2.8539257049560547
-1.7475892305374146,0.06895377486944199,-1.7156473398208618,-1.6854747533798218,0.3625447750091553,-2.8486673831939697
-1.7467981576919556,0.06137914955615997,-1.71497642993927,-1.6886948347091675,0.364104688167572,-2.8494198322296143
-1.7289860248565674,0.09775839745998383,-1.7240110635757446,-1.6935815811157227,0.35936373472213745,-2.845229387283325
-1.7435728311538696,0.043744806200265884,-1.7123713493347168,-1.696678876876831,0.3659346401691437,-2.848452568054199
-1.7395801544189453,0.06782351434230804,-1.7129089832305908,-1.6956002712249756,0.36375802755355835,-2.84624981880188
-1.7457119226455688,0.04928814619779587,-1.7092692852020264,-1.698563814163208,0.36358675360679626,-2.8465254306793213
-1.7650481462478638,-0.048646751791238785,-1.6983726024627686,-1.7016499042510986,0.38141903281211853,-2.8398571014404297
-1.7616721391677856,-0.01675191894173622,-1.7002273797988892,-1.6997867822647095,0.37293222546577454,-2.839893341064453
-1.7744855880737305,-0.056202273815870285,-1.6981335878372192,-1.7013689279556274,0.3800360858440399,-2.8367176055908203
-1.8653191328048706,-0.2144898772239685,-1.631354808807373,-1.719841480255127,0.38176971673965454,-2.7889633178710938
-1.798403024673462,-0.07431314885616302,-1.6546398401260376,-1.7047971487045288,0.36307916045188904,-2.802807331085205
-1.8143153190612793,-0.10382457822561264,-1.6439242362976074,-1.7033876180648804,0.3681730628013611,-2.8019495010375977
-1.8130605220794678,-0.1046871617436409,-1.6448842287063599,-1.7043174505233765,0.3678794801235199,-2.801719903945923
-1.8084255456924438,-0.08219894766807556,-1.6549466848373413,-1.706427812576294,0.3633342981338501,-2.799798011779785
-1.7900402545928955,-0.04796621948480606,-1.6624915599822998,-1.7095646858215332,0.35996711254119873,-2.7957658767700195
-1.8076424598693848,-0.07662801444530487,-1.6542431116104126,-1.7089482545852661,0.36192163825035095,-2.7953908443450928
-1.812821388244629,-0.09500108659267426,-1.6473677158355713,-1.7096754312515259,0.36595356464385986,-2.795687675476074
-1.8116976022720337,-0.09246610105037689,-1.6484344005584717,-1.7096771001815796,0.36470746994018555,-2.794046401977539
-1.8117564916610718,-0.08785399794578552,-1.6477982997894287,-1.7108771800994873,0.3629031181335449,-2.792848825454712
-1.8068376779556274,-0.07150815427303314,-1.6520845890045166,-1.7106772661209106,0.35999801754951477,-2.7929787635803223
-1.9118168354034424,-0.24681678414344788,-1.5630934238433838,-1.7306238412857056,0.38555729389190674,-2.732640266418457
-1.9029334783554077,-0.24392423033714294,-1.5646145343780518,-1.7218166589736938,0.3875769376754761,-2.7429542541503906
-1.9165382385253906,-0.2702971398830414,-1.5509589910507202,-1.7223106622695923,0.3938368260860443,-2.744947910308838
-1.926908016204834,-0.26839521527290344,-1.5448720455169678,-1.7233595848083496,0.38856828212738037,-2.7417850494384766
-1.9322854280471802,-0.27510368824005127,-1.545410394668579,-1.7246904373168945,0.3864298164844513,-2.7437336444854736
-1.9437230825424194,-0.28350770473480225,-1.5422956943511963,-1.7256718873977661,0.38643231987953186,-2.742539882659912
-1.9303901195526123,-0.26311150193214417,-1.5480775833129883,-1.7304930686950684,0.37542033195495605,-2.7382993698120117
-1.9532251358032227,-0.2972175180912018,-1.5376394987106323,-1.7280926704406738,0.38139045238494873,-2.7394495010375977
-1.9477483034133911,-0.2953278720378876,-1.5376428365707397,-1.7299604415893555,0.3768354058265686,-2.7363460063934326
-1.97152841091156,-0.3228284418582916,-1.5320111513137817,-1.7289695739746094,0.3792886734008789,-2.739919900894165
-1.9571185111999512,-0.30965670943260193,-1.5308120250701904,-1.729470133781433,0.3754541873931885,-2.7365567684173584
-1.985854983329773,-0.35604971647262573,-1.516438603401184,-1.7609975337982178,0.37415051460266113,-2.684415340423584
-1.946264386177063,-0.28840914368629456,-1.557773470878601,-1.752978801727295,0.39021843671798706,-2.692631244659424
-1.9548407793045044,-0.2987717390060425,-1.5474225282669067,-1.7548277378082275,0.3901103436946869,-2.688007116317749
-1.9514522552490234,-0.2953226566314697,-1.5472080707550049,-1.7563588619232178,0.3891379237174988,-2.6852903366088867
-1.940841555595398,-0.2851119935512543,-1.538004994392395,-1.7566323280334473,0.3869660198688507,-2.6778295040130615
-1.9604640007019043,-0.31823113560676575,-1.5208241939544678,-1.753594994544983,0.3880097270011902,-2.6730363368988037
-1.9425015449523926,-0.2939872741699219,-1.5246775150299072,-1.7602760791778564,0.38326239585876465,-2.6637582778930664
-1.9707523584365845,-0.3565536439418793,-1.5091484785079956,-1.7586348056793213,0.39283064007759094,-2.6590235233306885
-1.9946863651275635,-0.40794551372528076,-1.4973907470703125,-1.7523261308670044,0.40124061703681946,-2.652873992919922
-1.9925358295440674,-0.39121803641319275,-1.497804045677185,-1.7579752206802368,0.39715975522994995,-2.6525795459747314
-2.0068187713623047,-0.4104717969894409,-1.4853205680847168,-1.7571570873260498,0.397931307554245,-2.648716449737549
-2.1963772773742676,-0.8294392228126526,-1.3199654817581177,-1.7589656114578247,0.4142513573169708,-2.642773389816284
-2.106873035430908,-0.6168819069862366,-1.389040231704712,-1.7586966753005981,0.3894275426864624,-2.695211887359619
-2.107210397720337,-0.6125041842460632,-1.389123797416687,-1.7604235410690308,0.38688844442367554,-2.6957409381866455
-2.137260913848877,-0.665075957775116,-1.3756471872329712,-1.763574481010437,0.39152002334594727,-2.6868748664855957
-2.1369776725769043,-0.6619924902915955,-1.375797152519226,-1.7643898725509644,0.38990962505340576,-2.685403823852539
-2.1495962142944336,-0.6816831827163696,-1.3739511966705322,-1.766454815864563,0.38985809683799744,-2.6834983825683594
-2.1492857933044434,-0.6777796745300293,-1.3732951879501343,-1.7685809135437012,0.38868579268455505,-2.682185173034668
-2.1628806591033936,-0.6989246010780334,-1.3693991899490356,-1.7707711458206177,0.38830435276031494,-2.6844797134399414
-2.1727981567382812,-0.7139878869056702,-1.365773320198059,-1.7724758386611938,0.38823193311691284,-2.689150810241699
-2.163355588912964,-0.7068841457366943,-1.3705947399139404,-1.7743803262710571,0.38643017411231995,-2.690668821334839
-2.1782774925231934,-0.724064826965332,-1.3645455837249756,-1.771546483039856,0.3868909180164337,-2.6876118183135986
-2.242706537246704,-0.9088244438171387,-1.2971757650375366,-1.7744108438491821,0.41116341948509216,-2.6148223876953125
-2.165930986404419,-0.8167496919631958,-1.3143185377120972,-1.7561161518096924,0.41504722833633423,-2.6255743503570557
-2.1798832416534424,-0.8312327265739441,-1.3050373792648315,-1.7588660717010498,0.41515374183654785,-2.6168272495269775
-2.1671128273010254,-0.8211550116539001,-1.3090217113494873,-1.7574397325515747,0.4131428003311157,-2.6176350116729736
-2.1937429904937744,-0.8442738652229309,-1.3012948036193848,-1.7593824863433838,0.41577309370040894,-2.614220142364502
-2.1641132831573486,-0.8141857981681824,-1.3108490705490112,-1.757279872894287,0.4123048186302185,-2.619169235229492
-2.165621519088745,-0.8178293704986572,-1.3126990795135498,-1.7598055601119995,0.4147578179836273,-2.6203038692474365
-2.160632371902466,-0.8105961680412292,-1.3173779249191284,-1.7568308115005493,0.413168340921402,-2.6232335567474365
-2.177272319793701,-0.8251359462738037,-1.3130532503128052,-1.7592897415161133,0.4155290722846985,-2.6228983402252197
-2.1480913162231445,-0.784813642501831,-1.3233948945999146,-1.7587898969650269,0.41324731707572937,-2.627939462661743
-2.162008762359619,-0.8117977380752563,-1.316291093826294,-1.7616338729858398,0.41502487659454346,-2.6234517097473145
-2.195406913757324,-0.811015248298645,-1.2675243616104126,-1.7643976211547852,0.41324684023857117,-2.6214256286621094
-2.2355339527130127,-0.8764631748199463,-1.2474770545959473,-1.7607378959655762,0.4172498881816864,-2.604853868484497
-2.2459120750427246,-0.8911551237106323,-1.2419570684432983,-1.7627806663513184,0.41979122161865234,-2.6045355796813965
-2.2641680240631104,-0.9311809539794922,-1.237308144569397,-1.7646540403366089,0.43082016706466675,-2.593214273452759
-2.2286009788513184,-0.8788772225379944,-1.2695260047912598,-1.7570505142211914,0.42646336555480957,-2.5864338874816895
-2.220313787460327,-0.8588634729385376,-1.2857725620269775,-1.7510290145874023,0.4257594347000122,-2.5896260738372803
-2.2150752544403076,-0.8707213401794434,-1.2887122631072998,-1.749974250793457,0.432155579328537,-2.5798747539520264
-2.1958718299865723,-0.8441827893257141,-1.303503394126892,-1.747253179550171,0.4278196692466736,-2.5820744037628174
-2.188997507095337,-0.8459831476211548,-1.309450387954712,-1.7496767044067383,0.43075644969940186,-2.581120729446411
-2.187318801879883,-0.8395158052444458,-1.3161686658859253,-1.7459620237350464,0.4272879362106323,-2.5875437259674072
-2.1899445056915283,-0.838992714881897,-1.3233146667480469,-1.7458736896514893,0.4246648848056793,-2.589733123779297
-2.1507232189178467,-0.7330570220947266,-1.2980369329452515,-1.7500501871109009,0.4253777861595154,-2.605379819869995
-2.1874568462371826,-0.7367434501647949,-1.2387771606445312,-1.764528751373291,0.4168888032436371,-2.626326322555542
-2.17476749420166,-0.7207793593406677,-1.262063980102539,-1.760075330734253,0.4125469923019409,-2.631272554397583
-2.137441396713257,-0.6488962173461914,-1.2999014854431152,-1.7568141222000122,0.4144156873226166,-2.652029037475586
-2.150540590286255,-0.6620713472366333,-1.2979868650436401,-1.755406141281128,0.4141153395175934,-2.652531147003174
-2.148545026779175,-0.6544707417488098,-1.3050950765609741,-1.754007339477539,0.4126931130886078,-2.656763792037964
-2.148838758468628,-0.6532329320907593,-1.3013319969177246,-1.7559653520584106,0.41244667768478394,-2.657102346420288
-2.1649560928344727,-0.6779402494430542,-1.3022584915161133,-1.754538655281067,0.4112401604652405,-2.6594910621643066
-2.1514768600463867,-0.6353235244750977,-1.325322151184082,-1.7522906064987183,0.4061397910118103,-2.669691562652588
-2.1434364318847656,-0.6259440183639526,-1.3430404663085938,-1.7502089738845825,0.3998342752456665,-2.6746134757995605
-2.140105724334717,-0.6148236989974976,-1.3553568124771118,-1.7468087673187256,0.3976163864135742,-2.673485040664673
-2.1421709060668945,-0.6293497681617737,-1.4012764692306519,-1.7250064611434937,0.4149494171142578,-2.667593479156494
-2.152538537979126,-0.688418447971344,-1.3099141120910645,-1.7422504425048828,0.4264427125453949,-2.6171133518218994
-2.1431565284729004,-0.6729122400283813,-1.314090609550476,-1.7410976886749268,0.426419734954834,-2.619022846221924
-2.1462721824645996,-0.6820755004882812,-1.3090014457702637,-1.7421191930770874,0.42615407705307007,-2.620884656906128
-2.1458771228790283,-0.6856123208999634,-1.3087903261184692,-1.7404391765594482,0.4282131493091583,-2.6186554431915283
-2.1460065841674805,-0.6787039637565613,-1.3112448453903198,-1.7396608591079712,0.42876067757606506,-2.6210813522338867
-2.141367197036743,-0.6813967227935791,-1.3127086162567139,-1.7365009784698486,0.4299781024456024,-2.6292426586151123
-2.145296573638916,-0.6989797353744507,-1.3144810199737549,-1.7385594844818115,0.4323141574859619,-2.6310904026031494
-2.14406681060791,-0.7085285186767578,-1.3129521608352661,-1.73861825466156,0.4318635165691376,-2.633845567703247
-2.1404366493225098,-0.7243745923042297,-1.3107576370239258,-1.7360014915466309,0.4325101375579834,-2.631943941116333
-2.1052346229553223,-0.6509634852409363,-1.30874764919281,-1.7341198921203613,0.43163609504699707,-2.6419434547424316
-2.0897014141082764,-0.5023565292358398,-1.3799183368682861,-1.6944822072982788,0.4226026237010956,-2.7032525539398193
-2.1652822494506836,-0.575613260269165,-1.3811323642730713,-1.707233190536499,0.4232417345046997,-2.680297374725342
-2.172652006149292,-0.5908463001251221,-1.3768073320388794,-1.7059744596481323,0.42352259159088135,-2.6762537956237793
-2.1589202880859375,-0.5630444884300232,-1.381335735321045,-1.7044053077697754,0.42076966166496277,-2.6791670322418213
-2.134901523590088,-0.5460647940635681,-1.38445246219635,-1.704603672027588,0.4182690382003784,-2.6756832599639893
-2.1333999633789062,-0.5540621280670166,-1.3852368593215942,-1.710646152496338,0.41707491874694824,-2.675384998321533
-2.1208503246307373,-0.551552414894104,-1.3932253122329712,-1.7179667949676514,0.4126123785972595,-2.678128957748413
-2.133301019668579,-0.5740051865577698,-1.3874690532684326,-1.7189422845840454,0.4160307049751282,-2.678102970123291
-2.124037265777588,-0.570561945438385,-1.3900325298309326,-1.7255951166152954,0.41307270526885986,-2.6745493412017822
-2.1144492626190186,-0.5621558427810669,-1.393693208694458,-1.721454381942749,0.4135650098323822,-2.6817924976348877
-2.112729072570801,-0.5606735348701477,-1.3961434364318848,-1.7283939123153687,0.4125897288322449,-2.6870110034942627
-2.0339670181274414,-0.44851014018058777,-1.4329791069030762,-1.7227933406829834,0.4177699387073517,-2.7237722873687744
-2.0771474838256836,-0.4409809112548828,-1.434857726097107,-1.704966425895691,0.4229797422885895,-2.7149784564971924
-2.079373598098755,-0.45086389780044556,-1.4329586029052734,-1.7042964696884155,0.42448335886001587,-2.7148962020874023
-2.0789260864257812,-0.4530291259288788,-1.4331095218658447,-1.7044217586517334,0.42404794692993164,-2.716179609298706
-2.06815505027771,-0.4269848167896271,-1.438714623451233,-1.7047688961029053,0.4207095801830292,-2.7151260375976562
-2.0499632358551025,-0.3975227475166321,-1.4444215297698975,-1.7059760093688965,0.41567668318748474,-2.714179754257202
-2.0589985847473145,-0.4130299389362335,-1.4404642581939697,-1.704723596572876,0.4177067279815674,-2.7144620418548584
-2.0256378650665283,-0.3659489154815674,-1.4466848373413086,-1.7077206373214722,0.41339728236198425,-2.7178401947021484
-2.0346148014068604,-0.3853403627872467,-1.441122055053711,-1.7081900835037231,0.4142284393310547,-2.7180285453796387
-1.9681892395019531,-0.30020856857299805,-1.4384009838104248,-1.714597225189209,0.4064103662967682,-2.7177555561065674
-1.9447174072265625,-0.2877950072288513,-1.4304653406143188,-1.7123547792434692,0.40952664613723755,-2.7179291248321533
-1.9029330015182495,-0.23910531401634216,-1.5176154375076294,-1.7287569046020508,0.4048462212085724,-2.7040765285491943
-2.016781806945801,-0.3622058033943176,-1.520874261856079,-1.721740484237671,0.4188149869441986,-2.6945040225982666
-1.9874298572540283,-0.3234265446662903,-1.5231609344482422,-1.721646785736084,0.41439521312713623,-2.6920976638793945
-1.9890673160552979,-0.33950939774513245,-1.5242407321929932,-1.7243701219558716,0.4213191568851471,-2.6935060024261475
-1.9618990421295166,-0.3113422989845276,-1.5228369235992432,-1.7205849885940552,0.4150119423866272,-2.687887668609619
-1.9658331871032715,-0.31354451179504395,-1.527113437652588,-1.723065733909607,0.4147663712501526,-2.6867990493774414
-1.9630560874938965,-0.31705981492996216,-1.5279662609100342,-1.724137544631958,0.41586434841156006,-2.6848838329315186
-1.9717916250228882,-0.3260676860809326,-1.5276628732681274,-1.7227451801300049,0.4180769920349121,-2.686206102371216
-1.9537453651428223,-0.30672410130500793,-1.5296326875686646,-1.7215427160263062,0.41593241691589355,-2.6854822635650635
-1.9517712593078613,-0.31164342164993286,-1.5337893962860107,-1.722062349319458,0.4171045422554016,-2.6855969429016113
-1.9567722082138062,-0.31459125876426697,-1.5284346342086792,-1.7212637662887573,0.4171130061149597,-2.692781686782837
-1.8223334550857544,-0.14338095486164093,-1.5968097448349,-1.7412077188491821,0.4056040644645691,-2.662736415863037
-1.9321969747543335,-0.23469962179660797,-1.5784448385238647,-1.7388919591903687,0.40727582573890686,-2.6712472438812256
-1.912169098854065,-0.23125970363616943,-1.5863103866577148,-1.738098382949829,0.41158753633499146,-2.667790174484253
-1.9079316854476929,-0.24015183746814728,-1.5870040655136108,-1.7371759414672852,0.41168442368507385,-2.666078567504883
-1.9184622764587402,-0.26498711109161377,-1.5842676162719727,-1.7383055686950684,0.4124002754688263,-2.6651229858398438
-1.9281175136566162,-0.27691519260406494,-1.5868024826049805,-1.7391383647918701,0.41502976417541504,-2.664665937423706
-1.9257696866989136,-0.2877487242221832,-1.588960886001587,-1.7384498119354248,0.4159076511859894,-2.6666224002838135
-1.890419363975525,-0.2317953109741211,-1.5946792364120483,-1.7392371892929077,0.411618709564209,-2.6625452041625977
-1.9178764820098877,-0.28336259722709656,-1.5929676294326782,-1.7394837141036987,0.41634371876716614,-2.665789842605591
-1.9380556344985962,-0.31458619236946106,-1.5903685092926025,-1.7371206283569336,0.4169203042984009,-2.661600112915039
-1.806345820426941,-0.14902174472808838,-1.6468369960784912,-1.7401206493377686,0.41588541865348816,-2.671020030975342
-1.8012632131576538,-0.09027177095413208,-1.6346662044525146,-1.742400884628296,0.4094254970550537,-2.6894028186798096
-1.7866617441177368,-0.07260941714048386,-1.6344329118728638,-1.7423276901245117,0.4086594879627228,-2.6857805252075195
-1.7914135456085205,-0.11490656435489655,-1.6386173963546753,-1.742490530014038,0.41637787222862244,-2.683307409286499
-1.7911224365234375,-0.09374435245990753,-1.6337707042694092,-1.7411385774612427,0.41124966740608215,-2.691293239593506
-1.7912877798080444,-0.11633827537298203,-1.6375701427459717,-1.7424079179763794,0.41562122106552124,-2.6798462867736816
-1.7862114906311035,-0.09529902040958405,-1.635141134262085,-1.740979790687561,0.4158855378627777,-2.68633770942688
-1.7910652160644531,-0.12853233516216278,-1.635079264640808,-1.741439700126648,0.4197954535484314,-2.680027484893799
-1.7844011783599854,-0.09452556818723679,-1.6329597234725952,-1.7392549514770508,0.41584017872810364,-2.684479236602783
-1.7832605838775635,-0.09509189426898956,-1.6324570178985596,-1.7402193546295166,0.4136894643306732,-2.683906078338623
-1.7936487197875977,-0.1420370638370514,-1.6361992359161377,-1.7397150993347168,0.4188547134399414,-2.677981376647949
-1.6880346536636353,-0.11333509534597397,-1.7083698511123657,-1.740031123161316,0.4261693060398102,-2.690739393234253
-1.6967607736587524,-0.050264179706573486,-1.686616063117981,-1.7323081493377686,0.4221162796020508,-2.6913726329803467
-1.7050633430480957,-0.04766516014933586,-1.6931475400924683,-1.7387890815734863,0.4217942953109741,-2.694701671600342
-1.6960116624832153,-0.04193522036075592,-1.6975114345550537,-1.7389047145843506,0.4219125807285309,-2.6952767372131348
-1.6926062107086182,-0.03156324103474617,-1.696838140487671,-1.7371675968170166,0.4198283553123474,-2.691002130508423
-1.6874786615371704,-0.03474295884370804,-1.6980611085891724,-1.7361335754394531,0.4211008846759796,-2.6897711753845215
-1.6873124837875366,-0.030155014246702194,-1.6977354288101196,-1.736628532409668,0.41908779740333557,-2.686124324798584
-1.685782790184021,-0.00931069627404213,-1.6994062662124634,-1.7374035120010376,0.41414669156074524,-2.690009593963623
-1.6857188940048218,-0.011557377874851227,-1.697513461112976,-1.7365026473999023,0.4143856465816498,-2.68703556060791
-1.6761094331741333,-0.013437997549772263,-1.6998270750045776,-1.7335889339447021,0.41808515787124634,-2.6836986541748047
-1.6846060752868652,-0.00874745100736618,-1.6956466436386108,-1.7356535196304321,0.4134445786476135,-2.6884796619415283
-1.5827237367630005,0.08499139547348022,-1.6450891494750977,-1.7163664102554321,0.4190172851085663,-2.7091214656829834
-1.571620225906372,0.07472352683544159,-1.6299479007720947,-1.7096301317214966,0.42677783966064453,-2.7208499908447266
-1.587870717048645,0.06347937881946564,-1.641213059425354,-1.7143021821975708,0.426687628030777,-2.719947576522827
-1.5776783227920532,0.07730039954185486,-1.639029622077942,-1.7120975255966187,0.4280804395675659,-2.7190520763397217
-1.5820848941802979,0.0709402784705162,-1.6341159343719482,-1.712465763092041,0.42521172761917114,-2.7235984802246094
-1.5733760595321655,0.07738034427165985,-1.6311482191085815,-1.7103749513626099,0.42585691809654236,-2.7203004360198975
-1.590781807899475,0.06222601234912872,-1.6373203992843628,-1.7154916524887085,0.4245653748512268,-2.7167766094207764
-1.5837461948394775,0.06866469234228134,-1.6327537298202515,-1.7150952816009521,0.42255687713623047,-2.722125291824341
-1.5795657634735107,0.07065651565790176,-1.6241483688354492,-1.7111928462982178,0.4231053590774536,-2.7240960597991943
-1.5912915468215942,0.050666723400354385,-1.6407374143600464,-1.7186579704284668,0.42382609844207764,-2.717655658721924
-1.5961599349975586,0.047865130007267,-1.6374834775924683,-1.7191343307495117,0.4235134422779083,-2.7169625759124756
-1.550872564315796,0.12307235598564148,-1.6385825872421265,-1.6982791423797607,0.4055555462837219,-2.724114179611206
-1.5490241050720215,0.13075140118598938,-1.6439969539642334,-1.6954333782196045,0.4054447114467621,-2.7282493114471436
-1.545042634010315,0.12794478237628937,-1.6550238132476807,-1.6964399814605713,0.41305601596832275,-2.7228126525878906
-1.54899263381958,0.13063357770442963,-1.6524776220321655,-1.6948974132537842,0.4102907180786133,-2.720613956451416
-1.5475707054138184,0.12758293747901917,-1.6536632776260376,-1.6950725317001343,0.4101202189922333,-2.7169721126556396
-1.5438570976257324,0.1328774094581604,-1.6560287475585938,-1.6930643320083618,0.40860888361930847,-2.71992564201355
-1.5369477272033691,0.14492931962013245,-1.6573398113250732,-1.693397879600525,0.4082138240337372,-2.726471185684204
-1.5427747964859009,0.1270817518234253,-1.6672686338424683,-1.6962673664093018,0.4153757393360138,-2.729506015777588
-1.5356696844100952,0.12652328610420227,-1.6557503938674927,-1.6858712434768677,0.4157446622848511,-2.7185115814208984
-1.5307689905166626,0.11092377454042435,-1.6643410921096802,-1.6901752948760986,0.42121627926826477,-2.71875
-1.5099984407424927,0.15360082685947418,-1.6509920358657837,-1.684444546699524,0.41124463081359863,-2.722750663757324
-1.4937440156936646,0.16907604038715363,-1.6213725805282593,-1.6860575675964355,0.40177425742149353,-2.7422895431518555
-1.5258289575576782,0.15722233057022095,-1.6104942560195923,-1.6968462467193604,0.3971937894821167,-2.739307403564453
-1.5274271965026855,0.15324528515338898,-1.6160423755645752,-1.698968529701233,0.39487117528915405,-2.740030527114868
-1.524704933166504,0.17327773571014404,-1.6138043403625488,-1.6981244087219238,0.39267051219940186,-2.746603012084961
-1.5206488370895386,0.17284603416919708,-1.6147499084472656,-1.697593331336975,0.39197322726249695,-2.739675998687744
-1.5116714239120483,0.21777024865150452,-1.607835292816162,-1.6943464279174805,0.3846725821495056,-2.7419323921203613
-1.5057622194290161,0.226892352104187,-1.6217044591903687,-1.6912471055984497,0.38591477274894714,-2.739713668823242
-1.5075709819793701,0.22955864667892456,-1.6177728176116943,-1.687767744064331,0.38343942165374756,-2.7362656593322754
-1.5172230005264282,0.21558620035648346,-1.6242250204086304,-1.6953362226486206,0.387344628572464,-2.7464683055877686
-1.5060783624649048,0.22373396158218384,-1.6240235567092896,-1.6947869062423706,0.38846123218536377,-2.749638557434082
-1.5015113353729248,0.20436091721057892,-1.6201279163360596,-1.6864967346191406,0.3927348852157593,-2.737830638885498
-1.4235501289367676,0.41138216853141785,-1.5673952102661133,-1.6638035774230957,0.36972180008888245,-2.7709898948669434
-1.469361424446106,0.3505201041698456,-1.5713787078857422,-1.6752716302871704,0.3730944097042084,-2.7798426151275635
-1.4740790128707886,0.3385668098926544,-1.5675894021987915,-1.6743414402008057,0.3746960759162903,-2.78092360496521
-1.4518457651138306,0.3908970355987549,-1.5644465684890747,-1.67229425907135,0.36837881803512573,-2.7821927070617676
-1.4666982889175415,0.3225889205932617,-1.5934407711029053,-1.6767010688781738,0.38123273849487305,-2.779365062713623
-1.4753657579421997,0.33866843581199646,-1.5811392068862915,-1.6788122653961182,0.373494029045105,-2.78263521194458
-1.4651169776916504,0.3499317467212677,-1.5919742584228516,-1.6773394346237183,0.37395721673965454,-2.7730016708374023
-1.4634816646575928,0.35022518038749695,-1.5908360481262207,-1.677376627922058,0.3747999668121338,-2.7634053230285645
-1.458040475845337,0.3455362915992737,-1.59718918800354,-1.6785225868225098,0.37451645731925964,-2.768885850906372
-1.4327175617218018,0.4437335133552551,-1.5720731019973755,-1.6675978899002075,0.36068251729011536,-2.7713723182678223
-1.484268069267273,0.35867366194725037,-1.5780411958694458,-1.6768240928649902,0.3662760257720947,-2.7681987285614014
-1.3594697713851929,0.5425658226013184,-1.6889561414718628,-1.6507859230041504,0.33491194248199463,-2.7731006145477295
-1.3921170234680176,0.4494272470474243,-1.6795320510864258,-1.662711501121521,0.34243497252464294,-2.76006817817688
-1.407531499862671,0.4529838263988495,-1.6821218729019165,-1.6614577770233154,0.34218862652778625,-2.769869089126587
-1.3704012632369995,0.498186320066452,-1.6638944149017334,-1.6562204360961914,0.341225266456604,-2.764512300491333
-1.3529800176620483,0.5404248237609863,-1.6706116199493408,-1.656146764755249,0.340251624584198,-2.766873836517334
-1.3626757860183716,0.5203304290771484,-1.6641112565994263,-1.6566523313522339,0.33873361349105835,-2.769801616668701
-1.3340356349945068,0.5510939359664917,-1.6565210819244385,-1.6543203592300415,0.33844321966171265,-2.770122766494751
-1.31393563747406,0.5921071171760559,-1.657318353652954,-1.6524895429611206,0.33792784810066223,-2.765944004058838
-1.3897197246551514,0.4838094711303711,-1.6768704652786255,-1.659406304359436,0.3413235545158386,-2.763648509979248
-1.370432734489441,0.5181063413619995,-1.6621228456497192,-1.655409336090088,0.34229376912117004,-2.763721466064453
-1.3102985620498657,0.5903304815292358,-1.659767985343933,-1.6514365673065186,0.3406188488006592,-2.766359567642212
-1.312564730644226,0.6241078972816467,-1.7439336776733398,-1.6230297088623047,0.32217806577682495,-2.7688050270080566
-1.320680022239685,0.5949504971504211,-1.7572985887527466,-1.6251815557479858,0.31696105003356934,-2.7679498195648193
-1.2798042297363281,0.6692992448806763,-1.7415902614593506,-1.625481128692627,0.3110434114933014,-2.776344060897827
-1.3240913152694702,0.5577775239944458,-1.7887388467788696,-1.6311250925064087,0.3191748857498169,-2.7766740322113037
-1.2614666223526,0.66605144739151,-1.7279877662658691,-1.6260241270065308,0.3133317530155182,-2.771723508834839
-1.307052493095398,0.6309425830841064,-1.7503420114517212,-1.625885009765625,0.3107506334781647,-2.776787757873535
-1.2569289207458496,0.678236722946167,-1.7314260005950928,-1.6228721141815186,0.3136952519416809,-2.775954008102417
-1.3157366514205933,0.5904731750488281,-1.7689076662063599,-1.6258002519607544,0.32417386770248413,-2.772266387939453
-1.300228476524353,0.6331878900527954,-1.7577418088912964,-1.6221604347229004,0.32305198907852173,-2.7687504291534424
-1.3104867935180664,0.6123248934745789,-1.7688462734222412,-1.6232489347457886,0.326887309551239,-2.7782931327819824
-1.28233003616333,0.6326947808265686,-1.7350436449050903,-1.6191442012786865,0.32027962803840637,-2.7793209552764893
-1.2495133876800537,0.7105330228805542,-1.8091591596603394,-1.5935834646224976,0.3033513128757477,-2.792057752609253
-1.2862201929092407,0.6883004903793335,-1.8146392107009888,-1.5968482494354248,0.2996945381164551,-2.780503749847412
-1.2772767543792725,0.6910715699195862,-1.826511263847351,-1.599409580230713,0.29950782656669617,-2.7812018394470215
-1.2899484634399414,0.6671532392501831,-1.8264800310134888,-1.595606803894043,0.30707699060440063,-2.7755510807037354
-1.2693665027618408,0.6569181084632874,-1.8418346643447876,-1.6059163808822632,0.3084157407283783,-2.785465955734253
-1.2642064094543457,0.6803340315818787,-1.8351125717163086,-1.5978586673736572,0.3140811026096344,-2.7789764404296875
-1.2516398429870605,0.7181893587112427,-1.8161470890045166,-1.5918153524398804,0.30694344639778137,-2.7771389484405518
-1.2477370500564575,0.6946069598197937,-1.8331652879714966,-1.5948084592819214,0.3169037401676178,-2.775758743286133
-1.2517235279083252,0.7211803793907166,-1.821927785873413,-1.5928517580032349,0.3072817623615265,-2.783191680908203
-1.2489475011825562,0.7148657441139221,-1.820775032043457,-1.5932358503341675,0.3083806335926056,-2.7827303409576416
-1.2255216836929321,0.7615036964416504,-1.8138519525527954,-1.5944820642471313,0.3034856915473938,-2.786529541015625
-1.2007436752319336,0.8268620371818542,-1.851036548614502,-1.5714001655578613,0.30825281143188477,-2.805812120437622
-1.2491012811660767,0.7418473362922668,-1.8660773038864136,-1.5874183177947998,0.2998972237110138,-2.8143153190612793
-1.2400093078613281,0.7826201319694519,-1.8535374402999878,-1.5794720649719238,0.3010517954826355,-2.8170323371887207
-1.233860731124878,0.7844144701957703,-1.8508416414260864,-1.5782002210617065,0.30245840549468994,-2.812739610671997
-1.2329729795455933,0.7751309871673584,-1.8651200532913208,-1.583504319190979,0.30164873600006104,-2.811100721359253
-1.2165696620941162,0.8009953498840332,-1.8490002155303955,-1.5769296884536743,0.30796369910240173,-2.805607557296753
-1.215865969657898,0.8132650852203369,-1.8607673645019531,-1.5809119939804077,0.307993084192276,-2.8018875122070312
-1.2212131023406982,0.8038020730018616,-1.867167353630066,-1.5823090076446533,0.30775365233421326,-2.8017380237579346
-1.201898455619812,0.841923177242279,-1.8652302026748657,-1.580612301826477,0.3102334141731262,-2.8014349937438965
-1.1816643476486206,0.8440531492233276,-1.862587571144104,-1.580264925956726,0.301108181476593,-2.8078184127807617
-1.1863572597503662,0.827203631401062,-1.8732088804244995,-1.5839333534240723,0.2995927333831787,-2.810464859008789
-1.1199134588241577,1.139471173286438,-1.8104974031448364,-1.5475314855575562,0.29867032170295715,-2.8463215827941895
-1.1730931997299194,1.0857042074203491,-1.7968038320541382,-1.5433564186096191,0.30245447158813477,-2.8381989002227783
-1.174501895904541,1.0837891101837158,-1.7933456897735596,-1.5421382188796997,0.3034985661506653,-2.8361053466796875
-1.1784272193908691,1.0705478191375732,-1.7863810062408447,-1.5421398878097534,0.30225035548210144,-2.8344027996063232
-1.1870994567871094,1.0535327196121216,-1.7879376411437988,-1.5406664609909058,0.3052400052547455,-2.8346266746520996
-1.1822288036346436,1.0740317106246948,-1.7732280492782593,-1.5394525527954102,0.30275923013687134,-2.8305892944335938
-1.1848924160003662,1.0785428285598755,-1.7705672979354858,-1.5387438535690308,0.3031688630580902,-2.8295092582702637
-1.1926448345184326,1.0621157884597778,-1.7717410326004028,-1.538159966468811,0.3045770525932312,-2.835026502609253
-1.1966753005981445,1.0588998794555664,-1.7700047492980957,-1.5367366075515747,0.30384790897369385,-2.834249496459961
-1.1931936740875244,1.082322359085083,-1.7700141668319702,-1.5374901294708252,0.3014885485172272,-2.8351502418518066
-1.1996710300445557,1.0492902994155884,-1.7788987159729004,-1.5381847620010376,0.3049895465373993,-2.8369174003601074
-1.1181049346923828,1.4373459815979004,-1.778041958808899,-1.5396140813827515,0.2974218726158142,-2.876138925552368
-1.0919227600097656,1.4440621137619019,-1.773930311203003,-1.5408955812454224,0.30346226692199707,-2.879053831100464
-1.0686334371566772,1.5072678327560425,-1.775477409362793,-1.5392940044403076,0.2999897003173828,-2.8777847290039062
-1.0560797452926636,1.5154356956481934,-1.7757306098937988,-1.5292779207229614,0.30022260546684265,-2.8853535652160645
-1.0439649820327759,1.53621244430542,-1.7748048305511475,-1.5296571254730225,0.3003450334072113,-2.881194829940796
-1.0572866201400757,1.49406099319458,-1.7797099351882935,-1.5312223434448242,0.30008965730667114,-2.8831145763397217
-1.0521438121795654,1.5120490789413452,-1.7831077575683594,-1.5322089195251465,0.3010425269603729,-2.885338306427002
-1.04860258102417,1.5169416666030884,-1.7776391506195068,-1.5328823328018188,0.30097496509552,-2.8843297958374023
-1.0649807453155518,1.490268349647522,-1.7797762155532837,-1.537734866142273,0.30300283432006836,-2.882236957550049
-1.0527613162994385,1.5341860055923462,-1.770315170288086,-1.5358449220657349,0.3036726415157318,-2.8854947090148926
-1.0607372522354126,1.518195390701294,-1.7714697122573853,-1.5372793674468994,0.30504196882247925,-2.886263132095337
-1.0442484617233276,1.4185631275177002,-1.7567062377929688,-1.539989709854126,0.30808112025260925,-2.8787648677825928
-1.0664949417114258,1.359004020690918,-1.759320616722107,-1.5453441143035889,0.30616870522499084,-2.8700621128082275
-1.0505017042160034,1.3903290033340454,-1.7548000812530518,-1.5431139469146729,0.30622586607933044,-2.8731164932250977
-1.0421621799468994,1.4298640489578247,-1.7516263723373413,-1.5421305894851685,0.30850210785865784,-2.8717596530914307
-1.046595811843872,1.3863592147827148,-1.7515426874160767,-1.5408825874328613,0.31011560559272766,-2.872593402862549
-1.037804365158081,1.4182417392730713,-1.748486042022705,-1.5384316444396973,0.3139629662036896,-2.874150037765503
-1.0368821620941162,1.4351615905761719,-1.7513066530227661,-1.5361223220825195,0.3123852014541626,-2.8775529861450195
-1.0453811883926392,1.3889580965042114,-1.760711908340454,-1.5415462255477905,0.31426990032196045,-2.87321400642395
-1.0350743532180786,1.4458673000335693,-1.75849449634552,-1.539171814918518,0.31483110785484314,-2.875849962234497
-1.0365008115768433,1.4292629957199097,-1.7584937810897827,-1.538979172706604,0.3141047954559326,-2.8757777214050293
-1.0428986549377441,1.3951648473739624,-1.7579177618026733,-1.539540410041809,0.3149055242538452,-2.8763012886047363
-1.0762383937835693,1.7566487789154053,-1.852939248085022,-1.5599949359893799,0.30259969830513,-2.908173084259033
-1.0988861322402954,1.7645381689071655,-1.840409278869629,-1.5635898113250732,0.29248398542404175,-2.904792308807373
-1.1042076349258423,1.7526497840881348,-1.8479305505752563,-1.5625512599945068,0.2909262478351593,-2.901200771331787
-1.107977271080017,1.715172290802002,-1.8465633392333984,-1.5633715391159058,0.2889600992202759,-2.897303581237793
-1.1021841764450073,1.719851016998291,-1.8425899744033813,-1.5608277320861816,0.28854814171791077,-2.8971705436706543
-1.0981125831604004,1.7282910346984863,-1.845643401145935,-1.5619020462036133,0.28627821803092957,-2.8944356441497803
-1.1175873279571533,1.676227331161499,-1.8414156436920166,-1.561188817024231,0.2879912555217743,-2.8963706493377686
-1.0914314985275269,1.7472864389419556,-1.8394145965576172,-1.5598738193511963,0.28687310218811035,-2.8930819034576416
-1.11920166015625,1.6990411281585693,-1.833735466003418,-1.5575600862503052,0.28841474652290344,-2.89628267288208
-1.1082301139831543,1.7153886556625366,-1.8311071395874023,-1.5589044094085693,0.2890678644180298,-2.899264097213745
-1.0974807739257812,1.7436875104904175,-1.8172398805618286,-1.5563108921051025,0.2887153625488281,-2.9032838344573975
-1.0745906829833984,2.0177805423736572,-1.9480576515197754,-1.5715372562408447,0.28119930624961853,-2.9345405101776123
-1.0387318134307861,2.1465628147125244,-1.963748574256897,-1.574082612991333,0.2844090461730957,-2.9430532455444336
-1.036649465560913,2.1456921100616455,-1.962338924407959,-1.5750839710235596,0.284835547208786,-2.942291259765625
-1.0224140882492065,2.1654884815216064,-1.9624258279800415,-1.5753490924835205,0.28635185956954956,-2.944106340408325
-1.0493978261947632,2.095339059829712,-1.9818098545074463,-1.5822004079818726,0.2712394595146179,-2.928501605987549
-1.050601601600647,2.11224102973938,-1.978474736213684,-1.5828204154968262,0.2683313190937042,-2.925218343734741
-1.0510845184326172,2.0865962505340576,-1.9655399322509766,-1.583686113357544,0.2636434733867645,-2.9215521812438965
-1.0488622188568115,2.099954843521118,-1.9613538980484009,-1.5830440521240234,0.26382604241371155,-2.9210050106048584
-1.0503787994384766,2.0932276248931885,-1.9658923149108887,-1.5822384357452393,0.26351702213287354,-2.9210729598999023
-1.043054223060608,2.0786800384521484,-1.951349139213562,-1.5766704082489014,0.26464956998825073,-2.921812057495117
-1.0374354124069214,2.0280425548553467,-1.9423712491989136,-1.5747032165527344,0.2655906677246094,-2.913839817047119
-1.0203229188919067,2.0349843502044678,-1.9923033714294434,-1.5683553218841553,0.2489330768585205,-2.942559242248535
-1.0400930643081665,2.071319341659546,-2.0055887699127197,-1.587015151977539,0.24768102169036865,-2.941856622695923
-0.9958153367042542,2.0629630088806152,-2.000858783721924,-1.5923840999603271,0.24204768240451813,-2.936408758163452
-0.944827139377594,2.0543875694274902,-1.9842479228973389,-1.595137357711792,0.2374643087387085,-2.919158458709717
-0.9301027059555054,2.029026746749878,-1.9817585945129395,-1.594068169593811,0.2409036010503769,-2.9137372970581055
-0.928250789642334,2.0076096057891846,-1.9912705421447754,-1.5937862396240234,0.2408819943666458,-2.913100481033325
-0.9303491115570068,1.978027105331421,-1.9976725578308105,-1.5875294208526611,0.2472059726715088,-2.9250848293304443
-0.948546826839447,1.971567153930664,-1.9935816526412964,-1.583691120147705,0.24622240662574768,-2.920578718185425
-0.9344972372055054,1.9670491218566895,-2.0029213428497314,-1.5834561586380005,0.24978213012218475,-2.918217420578003
-0.9686956405639648,1.9845964908599854,-1.9979045391082764,-1.5742355585098267,0.2454337626695633,-2.9070985317230225
-0.9493651986122131,1.968173861503601,-2.005232810974121,-1.577402949333191,0.24693454802036285,-2.9035305976867676
-0.6467881202697754,1.6535269021987915,-1.7489784955978394,-1.5859651565551758,0.24029594659805298,-2.8676347732543945
-0.6896628737449646,1.7310818433761597,-1.7896040678024292,-1.5962309837341309,0.2541523277759552,-2.9212841987609863
-0.6885564923286438,1.735783338546753,-1.7908345460891724,-1.5960586071014404,0.25366079807281494,-2.920499086380005
-0.6969935297966003,1.734426498413086,-1.7907167673110962,-1.5951508283615112,0.25243398547172546,-2.92071795463562
-0.6919918060302734,1.7451436519622803,-1.7844043970108032,-1.5947277545928955,0.25178226828575134,-2.919666290283203
-0.6899333596229553,1.7505440711975098,-1.7808811664581299,-1.595799446105957,0.25139373540878296,-2.913198232650757
-0.6859167218208313,1.749587059020996,-1.777404546737671,-1.5969278812408447,0.25233525037765503,-2.905776262283325
-0.6874303221702576,1.7654709815979004,-1.7755978107452393,-1.5960869789123535,0.2516796886920929,-2.905900478363037
-0.6844274401664734,1.7592662572860718,-1.7755553722381592,-1.595610499382019,0.25117501616477966,-2.906127691268921
-0.6853018999099731,1.7631144523620605,-1.7744357585906982,-1.5932048559188843,0.25615009665489197,-2.896028757095337
-0.6788908839225769,1.7681163549423218,-1.7752206325531006,-1.5926438570022583,0.25702470541000366,-2.897550582885742
-0.6873462796211243,1.7585370540618896,-1.7752020359039307,-1.5919384956359863,0.2580472230911255,-2.8947677612304688
-0.7127698063850403,1.7837408781051636,-1.7625346183776855,-1.593471884727478,0.2505429685115814,-2.916544198989868
-0.7144337296485901,1.7667595148086548,-1.7695133686065674,-1.5914337635040283,0.2517360746860504,-2.918358087539673
-0.715512216091156,1.7764010429382324,-1.7638401985168457,-1.5912195444107056,0.25101950764656067,-2.919853448867798
-0.7188326716423035,1.780880331993103,-1.7595510482788086,-1.5925886631011963,0.25028085708618164,-2.921248435974121
-0.7181410789489746,1.7875598669052124,-1.7573442459106445,-1.592117190361023,0.2511577606201172,-2.922121286392212
-0.7180908918380737,1.7922056913375854,-1.7542598247528076,-1.5942107439041138,0.2505306601524353,-2.9233851432800293
-0.7141264081001282,1.7835239171981812,-1.7609760761260986,-1.593727469444275,0.25180530548095703,-2.922889471054077
-0.7245479822158813,1.786510705947876,-1.7491824626922607,-1.591341257095337,0.25174954533576965,-2.92391300201416
-0.7326316237449646,1.7761468887329102,-1.740124225616455,-1.5903186798095703,0.25048547983169556,-2.9279544353485107
-0.7366368770599365,1.8026080131530762,-1.7218568325042725,-1.5934714078903198,0.25098472833633423,-2.931600570678711
-0.7438908815383911,1.8205840587615967,-1.6958664655685425,-1.588870644569397,0.24903921782970428,-2.932704210281372
-0.7142394185066223,1.7898677587509155,-1.764075756072998,-1.5902866125106812,0.24890875816345215,-2.917292833328247
-0.7129437327384949,1.7859668731689453,-1.7631269693374634,-1.5900447368621826,0.24955585598945618,-2.9180147647857666
-0.7178893089294434,1.7867141962051392,-1.7627074718475342,-1.589829921722412,0.24825498461723328,-2.917219400405884
-0.717953622341156,1.7878578901290894,-1.7597707509994507,-1.5896680355072021,0.24796201288700104,-2.9165992736816406
-0.7173036336898804,1.7967597246170044,-1.7539504766464233,-1.5916634798049927,0.2505456209182739,-2.917473316192627
-0.7176529169082642,1.8046482801437378,-1.741006851196289,-1.5972379446029663,0.25139594078063965,-2.9191970825195312
-0.7285407781600952,1.8122007846832275,-1.7333595752716064,-1.6007444858551025,0.24973896145820618,-2.9172511100769043
-0.7308391332626343,1.8259024620056152,-1.7249553203582764,-1.604383111000061,0.25122541189193726,-2.916032552719116
-0.7207688689231873,1.8448448181152344,-1.706276774406433,-1.6115227937698364,0.25594931840896606,-2.917834758758545
-0.7131372094154358,1.8396594524383545,-1.7064402103424072,-1.6117165088653564,0.25619423389434814,-2.915349245071411
-0.6408262252807617,1.5844532251358032,-1.341650128364563,-1.6317884922027588,0.2356661558151245,-2.9074580669403076
-0.6664095520973206,1.4992218017578125,-1.392613172531128,-1.6083799600601196,0.22656409442424774,-2.908463716506958
-0.6682980060577393,1.4926683902740479,-1.3889048099517822,-1.6080260276794434,0.22569844126701355,-2.9084622859954834
-0.6673421263694763,1.4968349933624268,-1.3878562450408936,-1.609867811203003,0.22650615870952606,-2.9089267253875732
-0.670071542263031,1.4928646087646484,-1.3885117769241333,-1.6153944730758667,0.22053618729114532,-2.911210060119629
-0.6716040968894958,1.4905002117156982,-1.3912057876586914,-1.610024333000183,0.21801365911960602,-2.9059524536132812
-0.68898606300354,1.46963369846344,-1.391433835029602,-1.6118922233581543,0.20835459232330322,-2.912461280822754
-0.690505862236023,1.4641364812850952,-1.3972253799438477,-1.6148159503936768,0.19963404536247253,-2.9135239124298096
-0.7001808285713196,1.4367480278015137,-1.401086449623108,-1.6125189065933228,0.19162128865718842,-2.9138870239257812
-0.710372269153595,1.4012937545776367,-1.4114418029785156,-1.6132590770721436,0.18786822259426117,-2.910820960998535
-0.7165656089782715,1.392767310142517,-1.417413353919983,-1.6158570051193237,0.18211375176906586,-2.908949375152588
-0.6976585388183594,1.5879640579223633,-1.2946504354476929,-1.655124306678772,0.193332239985466,-2.888084650039673
-0.6393201351165771,1.7208236455917358,-1.2817373275756836,-1.6558917760849,0.24686875939369202,-2.877196788787842
-0.6464042663574219,1.7193238735198975,-1.2773587703704834,-1.6578649282455444,0.2453671544790268,-2.8765830993652344
-0.6464905738830566,1.7152538299560547,-1.2836079597473145,-1.6553404331207275,0.24274224042892456,-2.878220319747925
-0.6373546719551086,1.7278335094451904,-1.28484046459198,-1.6529618501663208,0.242800772190094,-2.879197120666504
-0.6241364479064941,1.7424837350845337,-1.2877612113952637,-1.651426076889038,0.2439938634634018,-2.8808441162109375
-0.623574435710907,1.7431751489639282,-1.2855464220046997,-1.649665355682373,0.24054306745529175,-2.88315749168396
-0.623500406742096,1.748865008354187,-1.2881227731704712,-1.6503424644470215,0.2397569715976715,-2.882829427719116
-0.5975647568702698,1.7623869180679321,-1.2915836572647095,-1.6469104290008545,0.2377038300037384,-2.8859734535217285
-0.5939581990242004,1.7659400701522827,-1.2922930717468262,-1.648360252380371,0.23999859392642975,-2.8873908519744873
-0.5963747501373291,1.7615362405776978,-1.294707179069519,-1.6463358402252197,0.23590296506881714,-2.888751745223999
-0.6473494172096252,1.644538402557373,-1.3197518587112427,-1.642594814300537,0.19192859530448914,-2.8826889991760254
-0.6950943470001221,1.614077091217041,-1.293199062347412,-1.6567620038986206,0.20870889723300934,-2.8754959106445312
-0.6950526833534241,1.6065845489501953,-1.2904926538467407,-1.6543375253677368,0.2095508873462677,-2.8764514923095703
-0.6954177021980286,1.6034785509109497,-1.2933260202407837,-1.653927206993103,0.20895583927631378,-2.876980781555176
-0.6937505006790161,1.6030049324035645,-1.294345736503601,-1.6517322063446045,0.20623883605003357,-2.8761484622955322
-0.695739209651947,1.6049984693527222,-1.293139934539795,-1.6511222124099731,0.2063371241092682,-2.877986431121826
-0.6879348158836365,1.5950552225112915,-1.3021501302719116,-1.647964596748352,0.20426151156425476,-2.8791661262512207
-0.6905888319015503,1.6032928228378296,-1.3000885248184204,-1.6490930318832397,0.2019624561071396,-2.879021406173706
-0.6885040998458862,1.6070938110351562,-1.3016598224639893,-1.6453514099121094,0.2004534900188446,-2.878843069076538
-0.6800007820129395,1.613572120666504,-1.3045240640640259,-1.6469383239746094,0.20447903871536255,-2.882234811782837
-0.6751975417137146,1.609234094619751,-1.3046222925186157,-1.6451127529144287,0.20266880095005035,-2.8807637691497803
-0.6363255977630615,1.6603899002075195,-1.323207139968872,-1.6357836723327637,0.18498186767101288,-2.8942670822143555
-0.6605187654495239,1.6483962535858154,-1.304400086402893,-1.6419072151184082,0.18495090305805206,-2.88588809967041
-0.6576484441757202,1.6533654928207397,-1.305971622467041,-1.642378568649292,0.18377728760242462,-2.8880324363708496
-0.6544061303138733,1.661879539489746,-1.3165380954742432,-1.6423275470733643,0.18510876595973969,-2.8885390758514404
-0.6451274156570435,1.6554583311080933,-1.316809892654419,-1.6403923034667969,0.18499013781547546,-2.8884122371673584
-0.645525336265564,1.6611578464508057,-1.3161784410476685,-1.6410961151123047,0.18422603607177734,-2.8905282020568848
-0.6379433870315552,1.673750877380371,-1.3225101232528687,-1.641494631767273,0.18694576621055603,-2.892638921737671
-0.640408992767334,1.6759716272354126,-1.3228967189788818,-1.640744924545288,0.18553361296653748,-2.8941216468811035
-0.6142343282699585,1.6951117515563965,-1.3288843631744385,-1.641080379486084,0.18536904454231262,-2.8936312198638916
-0.6312539577484131,1.6837599277496338,-1.327426791191101,-1.6402759552001953,0.18517395853996277,-2.8965883255004883
-0.6120619773864746,1.7004200220108032,-1.3336994647979736,-1.6425644159317017,0.1849629431962967,-2.8974790573120117
-0.6000304222106934,1.69461989402771,-1.352893352508545,-1.6382744312286377,0.16768337786197662,-2.9246325492858887
-0.646733820438385,1.6520003080368042,-1.3295300006866455,-1.63911771774292,0.16977491974830627,-2.9118845462799072
-0.6329260468482971,1.6658414602279663,-1.3325698375701904,-1.6404086351394653,0.17179937660694122,-2.9186792373657227
-0.6314049959182739,1.6641346216201782,-1.3338086605072021,-1.6405813694000244,0.17124111950397491,-2.9188315868377686
-0.6163158416748047,1.6684602499008179,-1.3358973264694214,-1.6408523321151733,0.17082937061786652,-2.9196314811706543
-0.6173507571220398,1.6696525812149048,-1.3449302911758423,-1.637406826019287,0.16827347874641418,-2.9235503673553467
-0.6164504885673523,1.671606421470642,-1.348166823387146,-1.6388578414916992,0.16939426958560944,-2.9286670684814453
-0.6059682965278625,1.6773440837860107,-1.3544795513153076,-1.6377934217453003,0.16927742958068848,-2.93319034576416
-0.6027636528015137,1.6728169918060303,-1.3600382804870605,-1.633642554283142,0.1698872447013855,-2.939666986465454
-0.5907447934150696,1.682136058807373,-1.3702197074890137,-1.6354938745498657,0.16677334904670715,-2.9399547576904297
-0.5834402441978455,1.6671383380889893,-1.3751604557037354,-1.6292067766189575,0.1692870408296585,-2.941040277481079
-0.5358056426048279,1.6522942781448364,-1.4371243715286255,-1.6175962686538696,0.18135951459407806,-2.96663236618042
-0.5692054629325867,1.6310515403747559,-1.3965750932693481,-1.6235805749893188,0.18985019624233246,-2.959113836288452
-0.5622588396072388,1.6305341720581055,-1.4022560119628906,-1.6210371255874634,0.1891026794910431,-2.9663352966308594
-0.5577612519264221,1.618402361869812,-1.4072277545928955,-1.6160097122192383,0.19142381846904755,-2.9816198348999023
-0.5985098481178284,1.628108263015747,-1.4119223356246948,-1.6166175603866577,0.18495765328407288,-2.9703094959259033
-0.5871290564537048,1.6452949047088623,-1.4119694232940674,-1.6140048503875732,0.18436837196350098,-2.9735939502716064
-0.5875846743583679,1.6371005773544312,-1.4068163633346558,-1.6169646978378296,0.18841084837913513,-2.971856117248535
-0.5873659253120422,1.6511050462722778,-1.406604290008545,-1.6160370111465454,0.18583960831165314,-2.96677565574646
-0.5817477703094482,1.646450400352478,-1.412570834159851,-1.6169391870498657,0.18654459714889526,-2.970426321029663
-0.5813642144203186,1.6390007734298706,-1.4100197553634644,-1.6171478033065796,0.18871207535266876,-2.971435546875
-0.5815161466598511,1.6360681056976318,-1.4088088274002075,-1.6196397542953491,0.18739961087703705,-2.9678304195404053
-0.5281438231468201,1.663465142250061,-1.4901918172836304,-1.609816074371338,0.18924807012081146,-2.9939677715301514
-0.5336494445800781,1.6355905532836914,-1.4682807922363281,-1.6147847175598145,0.18494728207588196,-2.977663278579712
-0.5324878692626953,1.6398870944976807,-1.468242883682251,-1.6151202917099,0.18264617025852203,-2.9767849445343018
-0.5306724309921265,1.6383329629898071,-1.4685667753219604,-1.6144917011260986,0.18414945900440216,-2.9780893325805664
-0.5319958329200745,1.6360307931900024,-1.4674468040466309,-1.6148093938827515,0.18365438282489777,-2.978498697280884
-0.5263679027557373,1.6239571571350098,-1.470394492149353,-1.6156425476074219,0.188537135720253,-2.9823086261749268
-0.5119953751564026,1.6098394393920898,-1.4727551937103271,-1.6153370141983032,0.19414378702640533,-2.984370708465576
-0.5177674293518066,1.6160285472869873,-1.466333031654358,-1.6157575845718384,0.19105061888694763,-2.981861114501953
-0.5211119651794434,1.6136974096298218,-1.4633146524429321,-1.6143925189971924,0.18816769123077393,-2.980445623397827
-0.5213103294372559,1.6198015213012695,-1.4643031358718872,-1.6149892807006836,0.18990641832351685,-2.980905055999756
-0.5327196717262268,1.6199768781661987,-1.460015058517456,-1.6138904094696045,0.18602915108203888,-2.9769785404205322
-0.5221295356750488,1.6310166120529175,-1.4952751398086548,-1.6094008684158325,0.19807036221027374,-2.996903657913208
-0.5289216041564941,1.6429634094238281,-1.4935147762298584,-1.611783504486084,0.19558259844779968,-2.9945173263549805
-0.5202149152755737,1.6420176029205322,-1.4954817295074463,-1.610208511352539,0.201188325881958,-3.00016188621521
-0.5249603390693665,1.6395341157913208,-1.4979947805404663,-1.6101880073547363,0.19885431230068207,-2.9982128143310547
-0.5226751565933228,1.6464874744415283,-1.4843173027038574,-1.6099047660827637,0.1991090178489685,-2.996485710144043
-0.5193955302238464,1.6426905393600464,-1.4904894828796387,-1.6086169481277466,0.19971910119056702,-2.9988887310028076
-0.5078018307685852,1.6319851875305176,-1.4974696636199951,-1.6089962720870972,0.20191644132137299,-3.0030946731567383
-0.4990764260292053,1.617477536201477,-1.5000325441360474,-1.6071926355361938,0.20549142360687256,-3.0088050365448
-0.5070308446884155,1.6146903038024902,-1.4999961853027344,-1.6070736646652222,0.20626868307590485,-3.0062661170959473
-0.49796509742736816,1.6143001317977905,-1.5002192258834839,-1.6072722673416138,0.2066642791032791,-3.0078749656677246
-0.5017677545547485,1.6165293455123901,-1.4995996952056885,-1.6085714101791382,0.20625682175159454,-3.0056819915771484
-0.49463969469070435,1.5897667407989502,-1.5120972394943237,-1.6046960353851318,0.21482594311237335,-2.9995594024658203
-0.5202459096908569,1.6117501258850098,-1.5073541402816772,-1.6089308261871338,0.21024183928966522,-2.9888603687286377
-0.5256687998771667,1.613695740699768,-1.5018463134765625,-1.6081551313400269,0.2097264528274536,-2.9874916076660156
-0.5163586139678955,1.6122528314590454,-1.5049140453338623,-1.6083061695098877,0.21073414385318756,-2.988536834716797
-0.5202265977859497,1.6138370037078857,-1.5018093585968018,-1.6075042486190796,0.2105991095304489,-2.989042043685913
-0.5091344714164734,1.6171718835830688,-1.5054718255996704,-1.6077394485473633,0.21070140600204468,-2.992382287979126
-0.5116071701049805,1.6131494045257568,-1.5021305084228516,-1.6083508729934692,0.2120838463306427,-2.9902007579803467
-0.5106852054595947,1.6104053258895874,-1.5019042491912842,-1.6082862615585327,0.21139922738075256,-2.9903907775878906
-0.5182876586914062,1.6125617027282715,-1.5011577606201172,-1.607251763343811,0.2105681598186493,-2.988516092300415
-0.5249446034431458,1.6131082773208618,-1.5014512538909912,-1.6078732013702393,0.20990455150604248,-2.9860284328460693
-0.5170856714248657,1.6089953184127808,-1.5018651485443115,-1.6068856716156006,0.2112066149711609,-2.9900524616241455
-0.4886593520641327,1.5688016414642334,-1.5586997270584106,-1.6192659139633179,0.2268245816230774,-2.977397918701172
-0.5038552284240723,1.5670634508132935,-1.562690258026123,-1.6226303577423096,0.22642722725868225,-2.973881483078003
-0.5037491321563721,1.5647258758544922,-1.5647494792938232,-1.6237305402755737,0.2269190102815628,-2.976069688796997
-0.5109202861785889,1.5659208297729492,-1.5644508600234985,-1.6237238645553589,0.2262466847896576,-2.9732279777526855
-0.4999597668647766,1.5640652179718018,-1.563114047050476,-1.6226158142089844,0.22761467099189758,-2.9753916263580322
-0.5139650702476501,1.560762643814087,-1.5620501041412354,-1.6233491897583008,0.22537431120872498,-2.9715535640716553
-0.5147333145141602,1.5619843006134033,-1.5620301961898804,-1.6243679523468018,0.22560524940490723,-2.9707632064819336
-0.5138803720474243,1.5620089769363403,-1.5644140243530273,-1.6238888502120972,0.2247234433889389,-2.9708359241485596
-0.5062479972839355,1.5550986528396606,-1.5584568977355957,-1.6228595972061157,0.22552752494812012,-2.972679853439331
-0.520008385181427,1.5514309406280518,-1.5620731115341187,-1.6245197057724,0.22421351075172424,-2.970574378967285
-0.5220851898193359,1.5498701333999634,-1.5590322017669678,-1.6239606142044067,0.22433458268642426,-2.971940517425537
-0.5125538110733032,1.5331753492355347,-1.5957146883010864,-1.6358897686004639,0.23377759754657745,-2.946488857269287
-0.4970640540122986,1.5546739101409912,-1.6016359329223633,-1.631873369216919,0.23644116520881653,-2.948218584060669
-0.48938560485839844,1.5453687906265259,-1.602938175201416,-1.6318981647491455,0.23655986785888672,-2.9520177841186523
-0.4847036898136139,1.5258020162582397,-1.6109613180160522,-1.6345778703689575,0.23394152522087097,-2.958294153213501
-0.47160592675209045,1.514269471168518,-1.635762333869934,-1.6261311769485474,0.22848840057849884,-2.969924211502075
-0.4775192439556122,1.533782958984375,-1.6504912376403809,-1.627798080444336,0.22268129885196686,-2.977482318878174
-0.47729459404945374,1.5345882177352905,-1.6489108800888062,-1.6275099515914917,0.22350114583969116,-2.979001522064209
-0.4886939227581024,1.5360292196273804,-1.6408520936965942,-1.6259336471557617,0.22193355858325958,-2.9772896766662598
-0.474447101354599,1.504094123840332,-1.632612943649292,-1.6310832500457764,0.2282741665840149,-2.9624056816101074
-0.49796515703201294,1.480860710144043,-1.615410327911377,-1.6299633979797363,0.2297910749912262,-2.9579718112945557
-0.50755375623703,1.4798284769058228,-1.615181565284729,-1.630903959274292,0.2280484288930893,-2.9549973011016846
-0.5210761427879333,1.4464879035949707,-1.6096599102020264,-1.6295231580734253,0.23582430183887482,-2.9385664463043213
-0.5283459424972534,1.510071873664856,-1.5804376602172852,-1.6324249505996704,0.24260260164737701,-2.9299862384796143
-0.5319355726242065,1.5075654983520508,-1.5811412334442139,-1.631479263305664,0.24221934378147125,-2.9348859786987305
-0.5159080028533936,1.5158628225326538,-1.5967059135437012,-1.632837176322937,0.23529066145420074,-2.937925100326538
-0.5364373326301575,1.5115095376968384,-1.5902522802352905,-1.6341156959533691,0.2382049560546875,-2.9388926029205322
-0.5282730460166931,1.5079916715621948,-1.5920498371124268,-1.6346321105957031,0.23630236089229584,-2.9398539066314697
-0.5294346213340759,1.5106520652770996,-1.5963799953460693,-1.635276436805725,0.23493263125419617,-2.9409139156341553
-0.531454861164093,1.505662441253662,-1.5943197011947632,-1.634959101676941,0.23514816164970398,-2.942124366760254
-0.5348783135414124,1.5117733478546143,-1.5975791215896606,-1.6341053247451782,0.23192036151885986,-2.9417829513549805
-0.5349558591842651,1.5289742946624756,-1.6013123989105225,-1.632866382598877,0.22890275716781616,-2.940544366836548
-0.5395550727844238,1.5171984434127808,-1.6018422842025757,-1.6326355934143066,0.23005016148090363,-2.9422566890716553
-0.541878342628479,1.448044776916504,-1.7498390674591064,-1.6528023481369019,0.22699865698814392,-2.924591302871704
-0.5464890003204346,1.4271190166473389,-1.7283339500427246,-1.6507725715637207,0.23942582309246063,-2.9203007221221924
-0.5457252264022827,1.4179060459136963,-1.7307531833648682,-1.6503432989120483,0.24106979370117188,-2.9220848083496094
-0.5425143241882324,1.419528841972351,-1.733323097229004,-1.6500146389007568,0.24190084636211395,-2.9221489429473877
-0.5391222238540649,1.4226360321044922,-1.7367078065872192,-1.6500273942947388,0.2418135702610016,-2.9222514629364014
-0.5359818935394287,1.4168381690979004,-1.7346845865249634,-1.651881456375122,0.2427777349948883,-2.9229815006256104
-0.5395027995109558,1.4236016273498535,-1.7374801635742188,-1.6498630046844482,0.24175997078418732,-2.9224348068237305
-0.5426915287971497,1.4219964742660522,-1.7362579107284546,-1.6499266624450684,0.24176736176013947,-2.9230499267578125
-0.5439652800559998,1.4193021059036255,-1.7355581521987915,-1.649474024772644,0.2411148101091385,-2.922673463821411
-0.5387588739395142,1.4162194728851318,-1.73582923412323,-1.650288462638855,0.24257445335388184,-2.923353433609009
-0.547601580619812,1.4181300401687622,-1.7375800609588623,-1.6491178274154663,0.24182145297527313,-2.923633575439453
-0.5642058253288269,1.3994234800338745,-1.8419790267944336,-1.6615554094314575,0.23940277099609375,-2.921546220779419
-0.5626338124275208,1.385638952255249,-1.8421670198440552,-1.6594607830047607,0.2416917234659195,-2.92253041267395
-0.5694160461425781,1.3878705501556396,-1.841385006904602,-1.6592822074890137,0.2406700700521469,-2.922044515609741
-0.5605723857879639,1.3734995126724243,-1.8442370891571045,-1.6600191593170166,0.24182549118995667,-2.92368221282959
-0.5675577521324158,1.3824495077133179,-1.8422232866287231,-1.658811330795288,0.24178388714790344,-2.923166513442993
-0.5659845471382141,1.3818625211715698,-1.8428325653076172,-1.659986138343811,0.241617813706398,-2.9235665798187256
-0.5671808123588562,1.387502670288086,-1.841295599937439,-1.6599853038787842,0.24056535959243774,-2.922349452972412
-0.5575950741767883,1.3886913061141968,-1.8488264083862305,-1.658209204673767,0.2419276386499405,-2.9240989685058594
-0.5578522682189941,1.38547945022583,-1.8472119569778442,-1.6576240062713623,0.24199455976486206,-2.9240739345550537
-0.5537776947021484,1.3866074085235596,-1.850860357284546,-1.6587672233581543,0.2420855313539505,-2.924290895462036
-0.55633544921875,1.387780785560608,-1.8497018814086914,-1.6581493616104126,0.24237202107906342,-2.9247355461120605
-0.5826318264007568,1.357956886291504,-1.8974170684814453,-1.6812233924865723,0.2495383620262146,-2.9076311588287354
-0.5933292508125305,1.3578048944473267,-1.8856096267700195,-1.684073567390442,0.2466421127319336,-2.9041075706481934
-0.5864452123641968,1.3536242246627808,-1.8862411975860596,-1.6845283508300781,0.24794593453407288,-2.9054946899414062
-0.5863749384880066,1.3531134128570557,-1.8824458122253418,-1.6869568824768066,0.24645540118217468,-2.9043467044830322
-0.5935206413269043,1.351706624031067,-1.8839643001556396,-1.6837900876998901,0.24710862338542938,-2.904466390609741
-0.5907607078552246,1.3568614721298218,-1.8840361833572388,-1.6848539113998413,0.24666793644428253,-2.9042820930480957
-0.5832834243774414,1.351124882698059,-1.8838638067245483,-1.6831344366073608,0.24799644947052002,-2.9041247367858887
-0.5876848101615906,1.3542958498001099,-1.884379506111145,-1.6829718351364136,0.24708160758018494,-2.9030892848968506
-0.5916150212287903,1.3536204099655151,-1.882078766822815,-1.6835530996322632,0.24667002260684967,-2.902819871902466
-0.5895394086837769,1.3492928743362427,-1.8805115222930908,-1.6828724145889282,0.2461012303829193,-2.9026997089385986
-0.5880734920501709,1.3476877212524414,-1.8801286220550537,-1.683536171913147,0.2461644411087036,-2.902399778366089
-0.5915001630783081,1.352501630783081,-1.8793996572494507,-1.6836141347885132,0.24567696452140808,-2.9022629261016846
-0.5848261117935181,1.3593748807907104,-1.8907055854797363,-1.6837592124938965,0.248914897441864,-2.904557466506958
-0.5900327563285828,1.3584519624710083,-1.8880181312561035,-1.6846652030944824,0.248562291264534,-2.905374765396118
-0.5865838527679443,1.3607624769210815,-1.8922317028045654,-1.6835787296295166,0.24929238855838776,-2.9058094024658203
-0.5809829235076904,1.3602014780044556,-1.893805980682373,-1.6841808557510376,0.2485939860343933,-2.9058871269226074
-0.5888546109199524,1.368314504623413,-1.8933203220367432,-1.6842811107635498,0.24775035679340363,-2.90673828125
-0.5882705450057983,1.3622077703475952,-1.8906384706497192,-1.6841069459915161,0.2486574798822403,-2.9050204753875732
-0.5851060748100281,1.3558430671691895,-1.890410304069519,-1.6846429109573364,0.24848726391792297,-2.905062198638916
-0.5894203782081604,1.3625601530075073,-1.8905131816864014,-1.6840120553970337,0.2487115114927292,-2.904484987258911
-0.5891608595848083,1.3603732585906982,-1.8847596645355225,-1.6842584609985352,0.24797633290290833,-2.9035634994506836
-0.5869641900062561,1.3559443950653076,-1.881234049797058,-1.684032917022705,0.2482738345861435,-2.9036195278167725
-0.5891098380088806,1.3598816394805908,-1.8802565336227417,-1.684935212135315,0.2481207400560379,-2.904005289077759
-0.5936136245727539,1.365473985671997,-1.8857816457748413,-1.684197187423706,0.2472018301486969,-2.9022445678710938
-0.5892642140388489,1.356525182723999,-1.88064444065094,-1.6838099956512451,0.24783502519130707,-2.9023406505584717
-0.5791031122207642,1.3601315021514893,-1.8860515356063843,-1.6853996515274048,0.2479948103427887,-2.9026455879211426
-0.5968175530433655,1.3625158071517944,-1.8798576593399048,-1.6836042404174805,0.24705857038497925,-2.9003536701202393
-0.586701512336731,1.356844186782837,-1.8800705671310425,-1.684922695159912,0.24816137552261353,-2.9012205600738525
-0.5919356942176819,1.3561301231384277,-1.8812426328659058,-1.6846065521240234,0.2474043071269989,-2.900770664215088
-0.5936460494995117,1.3512475490570068,-1.8810902833938599,-1.6833295822143555,0.2477656602859497,-2.9012372493743896
-0.5975764393806458,1.3514142036437988,-1.8778878450393677,-1.6841095685958862,0.24678805470466614,-2.900608777999878
-0.6039599180221558,1.3493282794952393,-1.876556158065796,-1.6849132776260376,0.24619624018669128,-2.9014101028442383
-0.6035882830619812,1.3397995233535767,-1.8816263675689697,-1.683952808380127,0.24617506563663483,-2.9035136699676514
-0.6039004325866699,1.3391519784927368,-1.8814356327056885,-1.6859347820281982,0.24546445906162262,-2.902940034866333
-0.5989411473274231,1.3726732730865479,-1.8873183727264404,-1.687640905380249,0.2444559931755066,-2.901935338973999
-0.589406430721283,1.3656278848648071,-1.8901946544647217,-1.6876311302185059,0.2467891424894333,-2.903898239135742
-0.5980268120765686,1.366385817527771,-1.8877636194229126,-1.6880927085876465,0.245435431599617,-2.9041316509246826
-0.5977356433868408,1.3643122911453247,-1.8885928392410278,-1.687271237373352,0.24672278761863708,-2.904658317565918
-0.5960342884063721,1.3674403429031372,-1.8888200521469116,-1.6871932744979858,0.24577409029006958,-2.904906988143921
-0.5959495306015015,1.3649410009384155,-1.8893165588378906,-1.6869442462921143,0.2462802231311798,-2.90470290184021
-0.5975345373153687,1.369659185409546,-1.8890084028244019,-1.6869295835494995,0.2460864633321762,-2.9040231704711914
-0.5940878987312317,1.3667351007461548,-1.8884785175323486,-1.6866642236709595,0.24671772122383118,-2.904428005218506
-0.6055170297622681,1.371296763420105,-1.8885501623153687,-1.687414288520813,0.24293915927410126,-2.905545234680176
-0.5971111059188843,1.3660045862197876,-1.8895206451416016,-1.687634825706482,0.2453465610742569,-2.9039618968963623
-0.6386206746101379,1.317022442817688,-1.874955177307129,-1.7129830121994019,0.2339763343334198,-2.885054111480713
-0.6381567120552063,1.3185352087020874,-1.8657050132751465,-1.7105611562728882,0.23544840514659882,-2.8833372592926025
-0.6345205903053284,1.3216969966888428,-1.8674814701080322,-1.7111257314682007,0.23557166755199432,-2.884300708770752
-0.6333490610122681,1.3176151514053345,-1.8661558628082275,-1.7103416919708252,0.23557522892951965,-2.884305953979492
-0.6310451030731201,1.3235900402069092,-1.872532844543457,-1.7114391326904297,0.23627705872058868,-2.8861050605773926
-0.6343169212341309,1.3229931592941284,-1.8733375072479248,-1.711248755455017,0.23649676144123077,-2.8871774673461914
-0.6389303803443909,1.3235516548156738,-1.8749483823776245,-1.7110180854797363,0.2354458123445511,-2.8874032497406006
-0.6262661218643188,1.335557222366333,-1.881223440170288,-1.7110204696655273,0.23597979545593262,-2.887300968170166
-0.6205234527587891,1.3387008905410767,-1.8841758966445923,-1.7112278938293457,0.2356405258178711,-2.8888022899627686
-0.6207332015037537,1.3402174711227417,-1.8865994215011597,-1.7097994089126587,0.23597410321235657,-2.8890864849090576
-0.595990002155304,1.3411258459091187,-1.8892560005187988,-1.7108663320541382,0.2384767085313797,-2.893756866455078
-0.5966177582740784,1.363932490348816,-1.8858755826950073,-1.708991527557373,0.23705297708511353,-2.8915183544158936
-0.5983986854553223,1.312373399734497,-1.8734015226364136,-1.704818844795227,0.23900103569030762,-2.8921940326690674
-0.5623341798782349,1.324945330619812,-1.9016180038452148,-1.7069402933120728,0.24372918903827667,-2.896912097930908
-0.5601561665534973,1.3378000259399414,-1.895737886428833,-1.7053256034851074,0.24551355838775635,-2.8927435874938965
-0.5482922196388245,1.3339102268218994,-1.907210350036621,-1.7045972347259521,0.24956077337265015,-2.896670341491699
-0.5448533892631531,1.3266313076019287,-1.9178133010864258,-1.7053492069244385,0.2513331174850464,-2.898507595062256
-0.5495883822441101,1.3384392261505127,-1.9095569849014282,-1.7023159265518188,0.25066524744033813,-2.8974194526672363
-0.552971363067627,1.3223673105239868,-1.905036211013794,-1.6999536752700806,0.2504678964614868,-2.90415620803833
-0.5522883534431458,1.3140933513641357,-1.91396164894104,-1.703700065612793,0.2518507242202759,-2.905585289001465
-0.5709878206253052,1.3108972311019897,-1.8956774473190308,-1.6982921361923218,0.2474498599767685,-2.9101195335388184
-0.5684918165206909,1.3074331283569336,-1.8935860395431519,-1.6991175413131714,0.24746224284172058,-2.9123103618621826
-0.5798631906509399,1.3101907968521118,-1.8875161409378052,-1.7011687755584717,0.24604834616184235,-2.9139816761016846
-0.5907464623451233,1.3174786567687988,-1.8832846879959106,-1.7094709873199463,0.2340514063835144,-2.8868114948272705
-0.5927846431732178,1.3152074813842773,-1.8778738975524902,-1.7073967456817627,0.23518110811710358,-2.8884828090667725
-0.5999730825424194,1.3285490274429321,-1.8711791038513184,-1.7075510025024414,0.23621581494808197,-2.893991470336914
-0.6070486903190613,1.3194215297698975,-1.866860032081604,-1.7077651023864746,0.2369193285703659,-2.8975670337677
-0.6018854379653931,1.3312782049179077,-1.8518424034118652,-1.7088550329208374,0.236977219581604,-2.90140700340271
-0.6012181639671326,1.344560146331787,-1.8519294261932373,-1.7087488174438477,0.23454387485980988,-2.903980016708374
-0.6062708497047424,1.349230408668518,-1.8577296733856201,-1.707680106163025,0.23386821150779724,-2.9075424671173096
-0.6062232851982117,1.3498671054840088,-1.8578962087631226,-1.7075024843215942,0.23313185572624207,-2.9104814529418945
-0.6062151789665222,1.3363778591156006,-1.8563677072525024,-1.7073891162872314,0.2350161075592041,-2.9120187759399414
-0.6058022379875183,1.34755277633667,-1.853394865989685,-1.7086256742477417,0.2331661880016327,-2.9125735759735107
-0.6037343740463257,1.3359980583190918,-1.853121280670166,-1.7078702449798584,0.23585370182991028,-2.9112496376037598
-0.6395320892333984,1.3218365907669067,-1.8561530113220215,-1.7082407474517822,0.23298320174217224,-2.8798630237579346
-0.6240569949150085,1.3264840841293335,-1.8640847206115723,-1.7048301696777344,0.23186834156513214,-2.880979299545288
-0.6181123852729797,1.3185077905654907,-1.867921233177185,-1.7030731439590454,0.23356015980243683,-2.881409168243408
-0.6288812160491943,1.3112162351608276,-1.8625149726867676,-1.702948808670044,0.23170559108257294,-2.884591817855835
-0.6193516850471497,1.3176554441452026,-1.8737865686416626,-1.7014387845993042,0.2305944263935089,-2.8869011402130127
-0.6258066296577454,1.3048059940338135,-1.8769029378890991,-1.7023781538009644,0.22549618780612946,-2.889302968978882
-0.6016652584075928,1.3080350160598755,-1.8920077085494995,-1.7014602422714233,0.22486309707164764,-2.887932538986206
-0.6076274514198303,1.283159613609314,-1.8889687061309814,-1.6994527578353882,0.2232722043991089,-2.8880410194396973
-0.593163788318634,1.2826285362243652,-1.8924872875213623,-1.702053427696228,0.22305114567279816,-2.888021469116211
-0.5877425074577332,1.261074185371399,-1.8929508924484253,-1.7051092386245728,0.2242094725370407,-2.885589838027954
-0.5725724101066589,1.2683438062667847,-1.763950228691101,-1.676464557647705,0.22504079341888428,-2.946253538131714
-0.6291311979293823,1.3549469709396362,-1.7509981393814087,-1.6837079524993896,0.23551443219184875,-2.946397542953491
-0.6293047070503235,1.3531447649002075,-1.763262391090393,-1.6837151050567627,0.23299279808998108,-2.9508168697357178
-0.6287710666656494,1.3453937768936157,-1.7741665840148926,-1.6819769144058228,0.23104414343833923,-2.959073066711426
-0.629647433757782,1.3402174711227417,-1.7758287191390991,-1.6793394088745117,0.23253992199897766,-2.960406541824341
-0.6350054740905762,1.342991590499878,-1.772728681564331,-1.676928162574768,0.2316264659166336,-2.9618868827819824
-0.6250916719436646,1.3378666639328003,-1.7707953453063965,-1.676647424697876,0.23248542845249176,-2.9624476432800293
-0.6420491337776184,1.3318380117416382,-1.7768094539642334,-1.6736119985580444,0.23271210491657257,-2.96647047996521
-0.6371792554855347,1.3290417194366455,-1.7788740396499634,-1.6729130744934082,0.23312978446483612,-2.9679412841796875
-0.6249822378158569,1.3078842163085938,-1.780426025390625,-1.6769163608551025,0.2325783669948578,-2.975574493408203
-0.5968236923217773,1.322847843170166,-1.776654601097107,-1.6773459911346436,0.22870281338691711,-2.979616403579712
-0.587993860244751,1.340414047241211,-1.7776745557785034,-1.6826509237289429,0.22471867501735687,-2.9811112880706787
-0.605614185333252,1.3627194166183472,-1.7449030876159668,-1.6709020137786865,0.23762187361717224,-2.9582221508026123
-0.6097418069839478,1.3642581701278687,-1.7463173866271973,-1.6678690910339355,0.23982569575309753,-2.964667558670044
-0.60581374168396,1.3618930578231812,-1.7494572401046753,-1.6688052415847778,0.23879237473011017,-2.965374708175659
-0.6044344305992126,1.3622651100158691,-1.7499767541885376,-1.6693695783615112,0.24039225280284882,-2.9684431552886963
-0.6022139191627502,1.3600014448165894,-1.750577449798584,-1.668527603149414,0.241365447640419,-2.9719767570495605
-0.5878738760948181,1.42482328414917,-1.741989016532898,-1.6702048778533936,0.24379901587963104,-2.9869883060455322
-0.5822775959968567,1.4227527379989624,-1.7402180433273315,-1.671492338180542,0.24295195937156677,-2.9857356548309326
-0.5776689052581787,1.4212185144424438,-1.7385172843933105,-1.6740621328353882,0.242695152759552,-2.985077142715454
-0.5687717795372009,1.4462966918945312,-1.739138126373291,-1.6756172180175781,0.24448269605636597,-2.989044427871704
-0.5717072486877441,1.4303293228149414,-1.7470353841781616,-1.6756304502487183,0.2432270050048828,-2.987466812133789
-0.48625046014785767,1.5334134101867676,-2.0469911098480225,-1.6505298614501953,0.20995336771011353,-3.005089282989502
-0.5253686308860779,1.4924397468566895,-2.035083055496216,-1.6488080024719238,0.20713219046592712,-2.9743151664733887
-0.5114097595214844,1.4946010112762451,-2.037281036376953,-1.6499392986297607,0.20704393088817596,-2.9745981693267822
-0.5174787640571594,1.496659755706787,-2.037531852722168,-1.650855541229248,0.2082143872976303,-2.9797637462615967
-0.4747314751148224,1.544351577758789,-2.0515151023864746,-1.6558560132980347,0.20873908698558807,-2.981471300125122
-0.46218082308769226,1.5763932466506958,-2.0607106685638428,-1.6566468477249146,0.20931386947631836,-2.9848246574401855
-0.4577963948249817,1.6093485355377197,-2.0545666217803955,-1.653198003768921,0.21266025304794312,-2.9867711067199707
-0.4571763277053833,1.6317555904388428,-2.0555338859558105,-1.655673623085022,0.21190352737903595,-2.989746570587158
-0.4499126672744751,1.6391431093215942,-2.0515120029449463,-1.6547698974609375,0.21205279231071472,-2.9910755157470703
-0.41719910502433777,1.651572823524475,-2.0672683715820312,-1.6492620706558228,0.21531115472316742,-2.9984593391418457
-0.4251086711883545,1.6670703887939453,-2.0682077407836914,-1.6478040218353271,0.21236959099769592,-2.999323606491089
-0.40209028124809265,1.721566081047058,-2.074085235595703,-1.660136342048645,0.20940379798412323,-3.0224995613098145
-0.49528050422668457,1.5221105813980103,-2.042208194732666,-1.6686296463012695,0.20125602185726166,-2.985589027404785
-0.4832298159599304,1.5074812173843384,-2.0517654418945312,-1.6662999391555786,0.20628245174884796,-2.9852781295776367
-0.48845207691192627,1.5518962144851685,-2.0411057472229004,-1.6652239561080933,0.19845838844776154,-2.98533034324646
-0.47470298409461975,1.5784552097320557,-2.041872262954712,-1.6666531562805176,0.1984155923128128,-2.983377456665039
-0.472775399684906,1.5575530529022217,-2.0493221282958984,-1.6694332361221313,0.20112961530685425,-2.9859349727630615
-0.4347125291824341,1.5588551759719849,-2.0711188316345215,-1.6668778657913208,0.20691350102424622,-2.9965171813964844
-0.4438016414642334,1.5993716716766357,-2.0609772205352783,-1.6706351041793823,0.20313283801078796,-2.9826531410217285
-0.44230982661247253,1.5996673107147217,-2.061082124710083,-1.670052170753479,0.20375342667102814,-2.984241008758545
-0.4431546926498413,1.6094584465026855,-2.05245304107666,-1.6684354543685913,0.20247040688991547,-2.98334002494812
-0.4364567697048187,1.6011687517166138,-2.059107542037964,-1.6684101819992065,0.20485521852970123,-2.9850986003875732
-0.3454567790031433,1.761919379234314,-2.0402331352233887,-1.6837995052337646,0.20235680043697357,-3.004333019256592
-0.40147167444229126,1.6610255241394043,-2.0276834964752197,-1.676591157913208,0.20206941664218903,-3.001124143600464
-0.39378821849823,1.6699215173721313,-2.0335452556610107,-1.6776394844055176,0.20215389132499695,-3.001424551010132
-0.40029990673065186,1.6636658906936646,-2.0465545654296875,-1.6750589609146118,0.20541319251060486,-3.0041797161102295
-0.40340879559516907,1.6711676120758057,-2.0177841186523438,-1.677435040473938,0.2004740983247757,-2.9994709491729736
-0.40462034940719604,1.6711024045944214,-2.015678644180298,-1.6765962839126587,0.20003893971443176,-2.998448371887207
-0.4019257426261902,1.6566698551177979,-2.0231149196624756,-1.6754390001296997,0.20255212485790253,-3.001338005065918
-0.3889698088169098,1.6552115678787231,-2.0364770889282227,-1.6754250526428223,0.2044527232646942,-3.003091335296631
-0.4024215638637543,1.6443971395492554,-2.02756667137146,-1.6726539134979248,0.2046317309141159,-3.0032708644866943
-0.3926717936992645,1.6518220901489258,-2.0164637565612793,-1.675039529800415,0.2033701092004776,-3.001392364501953
-0.39500144124031067,1.6612294912338257,-2.0239601135253906,-1.675702452659607,0.20310841500759125,-3.0023229122161865
-0.33634069561958313,1.8258196115493774,-2.040919542312622,-1.6552654504776,0.2066652476787567,-3.016221284866333
-0.3358581066131592,1.800114631652832,-2.0480690002441406,-1.6571940183639526,0.2057165950536728,-3.0147037506103516
-0.3359552025794983,1.8037633895874023,-2.0427727699279785,-1.6570276021957397,0.2064736932516098,-3.015526056289673
-0.33265841007232666,1.8178712129592896,-2.04494309425354,-1.6605560779571533,0.20465324819087982,-3.0151407718658447
-0.3362875282764435,1.8164665699005127,-2.0455451011657715,-1.6590148210525513,0.2043837010860443,-3.0165903568267822
-0.3444288969039917,1.8292524814605713,-2.0417063236236572,-1.6604479551315308,0.20458835363388062,-3.0169055461883545
-0.34204337000846863,1.8308098316192627,-2.04174542427063,-1.6608073711395264,0.20465044677257538,-3.0177502632141113
-0.3337657153606415,1.8235468864440918,-2.0540575981140137,-1.6607251167297363,0.20514066517353058,-3.0191400051116943
-0.3345133662223816,1.8345979452133179,-2.0369722843170166,-1.6615382432937622,0.20447464287281036,-3.0174617767333984
-0.3374967575073242,1.8210532665252686,-2.0371601581573486,-1.6588140726089478,0.20404505729675293,-3.0170819759368896
-0.3391261100769043,1.8261140584945679,-2.0326931476593018,-1.65945303440094,0.20435456931591034,-3.0178909301757812
-0.3167346715927124,1.8796182870864868,-2.048902988433838,-1.658253788948059,0.2180415242910385,-3.022150993347168
-0.3152396082878113,1.8657190799713135,-2.0424716472625732,-1.6587153673171997,0.21625210344791412,-3.018679141998291
-0.32029157876968384,1.854538083076477,-2.045978546142578,-1.6551982164382935,0.21824179589748383,-3.019080877304077
-0.31823626160621643,1.8404541015625,-2.047186851501465,-1.6537086963653564,0.21933048963546753,-3.0174498558044434
-0.31807735562324524,1.8356298208236694,-2.0388827323913574,-1.6557176113128662,0.21635012328624725,-3.0201761722564697
-0.30082640051841736,1.7553960084915161,-2.0698235034942627,-1.6463491916656494,0.22208157181739807,-3.024162769317627
-0.3174414336681366,1.7482123374938965,-2.0624196529388428,-1.6438961029052734,0.22234097123146057,-3.023723840713501
-0.331592321395874,1.7187390327453613,-2.05759859085083,-1.6436516046524048,0.22199350595474243,-3.0223007202148438
-0.3480033278465271,1.665846586227417,-2.071286916732788,-1.6437493562698364,0.21837541460990906,-3.019804000854492
-0.3638642430305481,1.6889870166778564,-2.062631845474243,-1.6466315984725952,0.21528621017932892,-3.017631769180298
-0.3710281252861023,1.6896511316299438,-2.061326742172241,-1.6460663080215454,0.21383164823055267,-3.018249750137329
-0.33883896470069885,1.721790075302124,-2.118701219558716,-1.626984715461731,0.22380676865577698,-2.9957985877990723
-0.30510228872299194,1.9082157611846924,-2.1128833293914795,-1.6446493864059448,0.22837890684604645,-2.995690107345581
-0.30110040307044983,1.9151813983917236,-2.11198353767395,-1.6512932777404785,0.22509706020355225,-2.996706008911133
-0.3004755675792694,1.91632878780365,-2.111224889755249,-1.6506500244140625,0.22490441799163818,-2.996835708618164
-0.30030807852745056,1.8994396924972534,-2.1097300052642822,-1.6448215246200562,0.22729861736297607,-2.9976041316986084
-0.30479586124420166,1.9011685848236084,-2.1121199131011963,-1.6465040445327759,0.22699479758739471,-2.997994899749756
-0.3078628182411194,1.9003825187683105,-2.114940643310547,-1.6482294797897339,0.22616279125213623,-2.9971957206726074
-0.30763334035873413,1.9106653928756714,-2.107919216156006,-1.647927165031433,0.2270868718624115,-2.9996702671051025
-0.30395716428756714,1.9373071193695068,-2.101036787033081,-1.6500163078308105,0.2255794256925583,-2.9990234375
-0.3091892600059509,1.9143707752227783,-2.1047909259796143,-1.6447490453720093,0.22906185686588287,-3.000821828842163
-0.31415271759033203,1.9153339862823486,-2.0986783504486084,-1.6427754163742065,0.22777163982391357,-2.9981486797332764
-0.360958993434906,1.7526885271072388,-1.996170163154602,-1.5943602323532104,0.22298067808151245,-3.0290849208831787
-0.3540205657482147,1.7373993396759033,-2.023545980453491,-1.5960595607757568,0.22508591413497925,-3.025359630584717
-0.3571661710739136,1.7353700399398804,-2.0129239559173584,-1.5999451875686646,0.2243099808692932,-3.0227675437927246
-0.36224299669265747,1.7430349588394165,-2.0088565349578857,-1.6029428243637085,0.22434429824352264,-3.021590232849121
-0.3516663908958435,1.7279928922653198,-2.019263744354248,-1.5943344831466675,0.2261427491903305,-3.0279297828674316
-0.359133780002594,1.7416483163833618,-2.0133261680603027,-1.6027140617370605,0.22362826764583588,-3.0232303142547607
-0.3622857928276062,1.7307124137878418,-2.0108590126037598,-1.5968079566955566,0.22731921076774597,-3.0247693061828613
-0.3643060326576233,1.7279058694839478,-2.0103704929351807,-1.5979654788970947,0.22604209184646606,-3.023106575012207
-0.3585394024848938,1.7315012216567993,-2.0085318088531494,-1.599231243133545,0.22337296605110168,-3.0228958129882812
-0.35918644070625305,1.7344402074813843,-2.007779121398926,-1.5990996360778809,0.22522710263729095,-3.0235581398010254
-0.356275737285614,1.7449817657470703,-2.007999897003174,-1.6045715808868408,0.222089022397995,-3.0240728855133057
-0.3754684329032898,1.7238322496414185,-2.044976234436035,-1.596357822418213,0.22145932912826538,-3.0194661617279053
-0.38335785269737244,1.7203317880630493,-2.0482919216156006,-1.5946059226989746,0.22437074780464172,-3.0159595012664795
-0.3778390884399414,1.7122613191604614,-2.055196523666382,-1.5913848876953125,0.22429335117340088,-3.0192675590515137
-0.38503843545913696,1.7146680355072021,-2.0505146980285645,-1.5895755290985107,0.2250455915927887,-3.020282506942749
-0.3802430331707001,1.7301028966903687,-2.047017812728882,-1.597603440284729,0.22236843407154083,-3.015683650970459
-0.3889865577220917,1.7116938829421997,-2.040571689605713,-1.5896706581115723,0.22531019151210785,-3.018216133117676
-0.3850122392177582,1.708748459815979,-2.0450258255004883,-1.5908972024917603,0.22327971458435059,-3.0179829597473145
-0.38362762331962585,1.7106984853744507,-2.041685104370117,-1.5890415906906128,0.222809836268425,-3.0182435512542725
-0.3855823278427124,1.710047721862793,-2.0445306301116943,-1.586793065071106,0.22251206636428833,-3.021632194519043
-0.392378032207489,1.7077733278274536,-2.038059711456299,-1.587546706199646,0.22226443886756897,-3.020153760910034
-0.3815288245677948,1.6979674100875854,-2.0524070262908936,-1.581664800643921,0.22103431820869446,-3.026142120361328
-0.4107297360897064,1.7246865034103394,-2.018069267272949,-1.584165096282959,0.21894295513629913,-3.0399088859558105
-0.3951009213924408,1.721384882926941,-2.041943073272705,-1.5894370079040527,0.22159123420715332,-3.03916335105896
-0.39793387055397034,1.7205395698547363,-2.0349035263061523,-1.590590238571167,0.22189657390117645,-3.036672830581665
-0.4014061689376831,1.718389630317688,-2.0380380153656006,-1.5880001783370972,0.2227112054824829,-3.039686918258667
-0.39890292286872864,1.7178643941879272,-2.0380842685699463,-1.5899735689163208,0.22210027277469635,-3.038156747817993
-0.3982568383216858,1.720607876777649,-2.037099599838257,-1.587776780128479,0.22271445393562317,-3.040512800216675
-0.39862579107284546,1.7190725803375244,-2.0369694232940674,-1.5896590948104858,0.22201120853424072,-3.038707971572876
-0.3992575705051422,1.716041088104248,-2.0370450019836426,-1.587050199508667,0.2224082052707672,-3.0407354831695557
-0.3978801369667053,1.710789680480957,-2.03918719291687,-1.5852583646774292,0.22255723178386688,-3.041569948196411
-0.39986956119537354,1.7147564888000488,-2.0311055183410645,-1.5880300998687744,0.2222696989774704,-3.0388457775115967
-0.4003172516822815,1.7183070182800293,-2.037100315093994,-1.5872111320495605,0.2237490862607956,-3.0415804386138916
-0.4335702657699585,1.6655938625335693,-2.051422595977783,-1.5782893896102905,0.22146664559841156,-3.0302176475524902
-0.4264809191226959,1.672957181930542,-2.060436487197876,-1.5813523530960083,0.22371064126491547,-3.0304346084594727
-0.43001335859298706,1.6823363304138184,-2.0554683208465576,-1.584349513053894,0.22288264334201813,-3.0277352333068848
-0.4232422113418579,1.677353858947754,-2.0558788776397705,-1.58375883102417,0.22216543555259705,-3.0279927253723145
-0.4267546534538269,1.6785386800765991,-2.058130979537964,-1.5835375785827637,0.22232499718666077,-3.0288047790527344
-0.42180803418159485,1.6828560829162598,-2.0581588745117188,-1.5840502977371216,0.22171954810619354,-3.0284135341644287
-0.42374706268310547,1.6786519289016724,-2.0587687492370605,-1.5829874277114868,0.22256338596343994,-3.0293078422546387
-0.42827945947647095,1.6803390979766846,-2.0537893772125244,-1.5804955959320068,0.22309613227844238,-3.0306901931762695
-0.4257798492908478,1.6740729808807373,-2.063499689102173,-1.5775567293167114,0.2243354469537735,-3.034294366836548
-0.4273124039173126,1.6744428873062134,-2.054060935974121,-1.5778440237045288,0.2244945466518402,-3.0325894355773926
-0.4259069859981537,1.6722173690795898,-2.055856943130493,-1.5780805349349976,0.2238391935825348,-3.0327377319335938
-0.45642805099487305,1.625933051109314,-2.0429000854492188,-1.5751208066940308,0.2237829864025116,-3.0387918949127197
-0.4558899998664856,1.633065938949585,-2.049712896347046,-1.579045295715332,0.22306714951992035,-3.036794424057007
-0.45623779296875,1.6328816413879395,-2.046358346939087,-1.578673005104065,0.22158384323120117,-3.0369272232055664
-0.45751312375068665,1.6285905838012695,-2.05267596244812,-1.5733152627944946,0.22507800161838531,-3.040503978729248
-0.45776817202568054,1.6251879930496216,-2.047333240509033,-1.5741069316864014,0.22386403381824493,-3.040534496307373
-0.45995402336120605,1.626732349395752,-2.0451955795288086,-1.5774292945861816,0.22249574959278107,-3.036797523498535
-0.4544934034347534,1.621602177619934,-2.0465922355651855,-1.574484944343567,0.2238306999206543,-3.0396316051483154
-0.45072638988494873,1.626362919807434,-2.0444884300231934,-1.573320746421814,0.22444018721580505,-3.0407633781433105
-0.45230698585510254,1.6238901615142822,-2.044933795928955,-1.5711994171142578,0.22386962175369263,-3.041907787322998
-0.45688799023628235,1.641348958015442,-2.042600393295288,-1.575667142868042,0.2214338332414627,-3.0390207767486572
-0.45746028423309326,1.6359258890151978,-2.0416946411132812,-1.5750890970230103,0.222324937582016,-3.0388946533203125
-0.4785100519657135,1.590954303741455,-2.0202906131744385,-1.5681967735290527,0.22462794184684753,-3.0492098331451416
-0.47837498784065247,1.5896461009979248,-2.027606964111328,-1.5748144388198853,0.22264239192008972,-3.0461575984954834
-0.4788839817047119,1.583387851715088,-2.028346061706543,-1.573721170425415,0.2243223786354065,-3.0458593368530273
-0.4736737310886383,1.601686954498291,-2.0273191928863525,-1.5768576860427856,0.22128179669380188,-3.046840190887451
-0.4724956154823303,1.5789227485656738,-2.0385091304779053,-1.5713289976119995,0.2249591201543808,-3.0516505241394043
-0.47687315940856934,1.576436161994934,-2.033230781555176,-1.572214961051941,0.2240872085094452,-3.0493578910827637
-0.4770538806915283,1.5824201107025146,-2.0351169109344482,-1.5722192525863647,0.2251392900943756,-3.0497758388519287
-0.47965341806411743,1.5850622653961182,-2.031538486480713,-1.572806715965271,0.22398164868354797,-3.049121379852295
-0.47948405146598816,1.580997109413147,-2.0279111862182617,-1.5711824893951416,0.22495098412036896,-3.048264741897583
-0.47707709670066833,1.586521863937378,-2.0217809677124023,-1.5720614194869995,0.22325140237808228,-3.0472311973571777
-0.4775524437427521,1.578564167022705,-2.0281758308410645,-1.567827582359314,0.225508913397789,-3.051631450653076
-0.4939631223678589,1.5426770448684692,-2.013857126235962,-1.5624154806137085,0.23017360270023346,-3.068329334259033
-0.49678757786750793,1.5502349138259888,-2.012495517730713,-1.5666531324386597,0.228927344083786,-3.063486099243164
-0.49377885460853577,1.5552645921707153,-2.015310049057007,-1.5681864023208618,0.22761602699756622,-3.063732385635376
-0.4968635141849518,1.5511517524719238,-2.0183064937591553,-1.567439079284668,0.2272547334432602,-3.065223217010498
-0.4979323148727417,1.559112548828125,-2.0154640674591064,-1.5679985284805298,0.22748421132564545,-3.0647566318511963
-0.4965084195137024,1.546740174293518,-2.0169448852539062,-1.563534140586853,0.2306942641735077,-3.0685596466064453
-0.48983117938041687,1.5470938682556152,-2.0179014205932617,-1.5627623796463013,0.22957003116607666,-3.069514751434326
-0.4834183156490326,1.5729471445083618,-2.0132527351379395,-1.5667246580123901,0.2266039252281189,-3.0653789043426514
-0.4793243408203125,1.5802363157272339,-2.010293960571289,-1.5670267343521118,0.22527359426021576,-3.0654730796813965
-0.4659133553504944,1.5666884183883667,-2.017378330230713,-1.5634182691574097,0.2257593721151352,-3.0682966709136963
-0.4573565721511841,1.5956436395645142,-2.0108463764190674,-1.5649842023849487,0.22432145476341248,-3.067436933517456
-0.46718451380729675,1.5880752801895142,-1.9737143516540527,-1.560577630996704,0.2253250926733017,-3.098853588104248
-0.48244309425354004,1.527274250984192,-1.9733128547668457,-1.5642327070236206,0.22995038330554962,-3.092038631439209
-0.45244574546813965,1.5740036964416504,-1.9886095523834229,-1.5663409233093262,0.2276969701051712,-3.092428684234619
-0.45324090123176575,1.5739401578903198,-1.9909696578979492,-1.5689716339111328,0.2236529290676117,-3.091392993927002
-0.449966162443161,1.5687304735183716,-2.0202410221099854,-1.5594794750213623,0.22684554755687714,-3.1034772396087646
-0.44997113943099976,1.562603235244751,-1.9978106021881104,-1.5681495666503906,0.22217920422554016,-3.0943117141723633
-0.4518648684024811,1.5642668008804321,-1.9994124174118042,-1.5650110244750977,0.22186240553855896,-3.0963785648345947
-0.45140430331230164,1.5672751665115356,-2.0068154335021973,-1.5671253204345703,0.22292664647102356,-3.0961954593658447
-0.44989514350891113,1.5780357122421265,-1.993156909942627,-1.5732624530792236,0.22211702167987823,-3.0890491008758545
-0.4527873992919922,1.5733363628387451,-2.0157768726348877,-1.5629067420959473,0.22687895596027374,-3.101367473602295
-0.45179080963134766,1.5882705450057983,-1.995283603668213,-1.5746076107025146,0.2225048691034317,-3.092975616455078
-0.41753530502319336,1.6734569072723389,-2.070868968963623,-1.592490553855896,0.22982871532440186,-3.074385404586792
-0.4658302366733551,1.6255854368209839,-2.024898052215576,-1.5855482816696167,0.23800478875637054,-3.0714492797851562
-0.465685099363327,1.6309747695922852,-2.023174285888672,-1.5878320932388306,0.23908080160617828,-3.065621852874756
-0.46648839116096497,1.6168688535690308,-2.0288379192352295,-1.5868136882781982,0.23728547990322113,-3.068892002105713
-0.4603496789932251,1.618270993232727,-2.0304949283599854,-1.5888227224349976,0.2381579577922821,-3.0625736713409424
-0.4649604260921478,1.6066577434539795,-2.032458782196045,-1.5922707319259644,0.23693214356899261,-3.060823678970337
-0.46090495586395264,1.608224630355835,-2.0346436500549316,-1.591732382774353,0.2394016981124878,-3.058223247528076
-0.45789381861686707,1.605502963066101,-2.0392496585845947,-1.5953320264816284,0.23879776895046234,-3.0589118003845215
-0.45729976892471313,1.6081771850585938,-2.0339925289154053,-1.5983206033706665,0.23784120380878448,-3.0551536083221436
-0.45128801465034485,1.6086337566375732,-2.0324854850769043,-1.597465991973877,0.23849917948246002,-3.0548760890960693
-0.45333799719810486,1.5866285562515259,-2.041691541671753,-1.589835524559021,0.24299588799476624,-3.059093713760376
-0.4767524302005768,1.8062074184417725,-2.0305604934692383,-1.5669667720794678,0.21240675449371338,-3.0951499938964844
-0.47196075320243835,1.8223578929901123,-2.0147907733917236,-1.564455509185791,0.20909608900547028,-3.1048107147216797
-0.49943211674690247,1.7768099308013916,-2.01619553565979,-1.554762840270996,0.2115965336561203,-3.0974788665771484
-0.508482038974762,1.779344081878662,-2.0109658241271973,-1.5548654794692993,0.20891086757183075,-3.0939061641693115
-0.5088270306587219,1.788549780845642,-2.004870891571045,-1.558321237564087,0.20579984784126282,-3.09333872795105
-0.5081362128257751,1.7865458726882935,-2.003390073776245,-1.5574393272399902,0.20758549869060516,-3.0925447940826416
-0.5136914253234863,1.7749600410461426,-2.0085055828094482,-1.5529251098632812,0.2091159075498581,-3.0942306518554688
-0.5105093717575073,1.776180386543274,-2.0159175395965576,-1.5511366128921509,0.20908953249454498,-3.094459295272827
-0.5115035176277161,1.7734105587005615,-2.0103280544281006,-1.5516542196273804,0.20584014058113098,-3.09367036819458
-0.512278139591217,1.7649998664855957,-2.0105032920837402,-1.5535575151443481,0.20720288157463074,-3.0955233573913574
-0.5048224329948425,1.7450381517410278,-2.0099706649780273,-1.561322569847107,0.20558391511440277,-3.098231554031372
-0.5044711828231812,1.5340036153793335,-2.022643566131592,-1.581984281539917,0.22481121122837067,-3.0668599605560303
-0.4826985001564026,1.6442047357559204,-2.0225930213928223,-1.591995358467102,0.22459612786769867,-3.0718438625335693
-0.4918573498725891,1.6270508766174316,-2.018944025039673,-1.5937937498092651,0.22282099723815918,-3.068355083465576
-0.49790361523628235,1.6309221982955933,-2.0119807720184326,-1.5928077697753906,0.22152328491210938,-3.068336248397827
-0.4975092113018036,1.6350734233856201,-2.01436185836792,-1.594550609588623,0.2206750214099884,-3.0670971870422363
-0.49957358837127686,1.6264206171035767,-2.0207674503326416,-1.5912364721298218,0.2217625379562378,-3.0720648765563965
-0.5031574964523315,1.6413612365722656,-2.015761613845825,-1.5927388668060303,0.22085556387901306,-3.0699357986450195
-0.5048897862434387,1.643635869026184,-2.0147953033447266,-1.5919286012649536,0.2206794023513794,-3.0684361457824707
-0.4983674883842468,1.647635579109192,-2.016173839569092,-1.5947810411453247,0.22018559277057648,-3.066373825073242
-0.5088405013084412,1.6409674882888794,-2.0151920318603516,-1.5920425653457642,0.21933643519878387,-3.066875457763672
-0.5009908080101013,1.645309329032898,-2.011592149734497,-1.5926406383514404,0.21753211319446564,-3.066519021987915
-0.5501177310943604,1.4926462173461914,-1.9233373403549194,-1.5882840156555176,0.221828430891037,-3.0623295307159424
-0.5220788717269897,1.502394437789917,-1.9550050497055054,-1.5850728750228882,0.22652281820774078,-3.0788931846618652
-0.5201959013938904,1.5009164810180664,-1.9547995328903198,-1.5853468179702759,0.2277122437953949,-3.078824996948242
-0.5245813727378845,1.5022026300430298,-1.946912169456482,-1.58485746383667,0.2275087684392929,-3.077253580093384
-0.521886944770813,1.5088388919830322,-1.9445220232009888,-1.588528037071228,0.22754278779029846,-3.0725324153900146
-0.5231269598007202,1.4959335327148438,-1.9500765800476074,-1.58529794216156,0.22866137325763702,-3.077895402908325
-0.5243728756904602,1.4996373653411865,-1.942156195640564,-1.5840026140213013,0.22724054753780365,-3.0770788192749023
-0.5267550349235535,1.5057731866836548,-1.9381083250045776,-1.5846892595291138,0.2271045744419098,-3.0747735500335693
-0.5290020108222961,1.4929320812225342,-1.9411412477493286,-1.5813673734664917,0.22682835161685944,-3.078552007675171
-0.5280254483222961,1.494638442993164,-1.9491549730300903,-1.5811716318130493,0.2282254993915558,-3.0799221992492676
-0.5301987528800964,1.4976903200149536,-1.9452687501907349,-1.581627607345581,0.2289549708366394,-3.078279733657837
-0.5720481276512146,1.4558680057525635,-1.9935169219970703,-1.5997974872589111,0.2097567617893219,-3.05021595954895
-0.5634518265724182,1.4645854234695435,-1.99471116065979,-1.6085773706436157,0.20715992152690887,-3.043884515762329
-0.5732350945472717,1.4388247728347778,-1.9978444576263428,-1.6045182943344116,0.20868079364299774,-3.0496294498443604
-0.5712677836418152,1.4434565305709839,-1.994325041770935,-1.6062006950378418,0.20694875717163086,-3.046389579772949
-0.5708094835281372,1.4465051889419556,-1.9920976161956787,-1.6061221361160278,0.20696686208248138,-3.047389268875122
-0.5755484104156494,1.4397953748703003,-1.9900983572006226,-1.6050457954406738,0.20592394471168518,-3.046299934387207
-0.5778030157089233,1.4252095222473145,-1.9933257102966309,-1.6011617183685303,0.20694075524806976,-3.047813892364502
-0.5794103145599365,1.425721526145935,-1.983557105064392,-1.6026290655136108,0.20445343852043152,-3.0436010360717773
-0.5850528478622437,1.4167555570602417,-1.9772241115570068,-1.5989652872085571,0.20278522372245789,-3.0427749156951904
-0.5848550796508789,1.4150869846343994,-1.9776544570922852,-1.5973856449127197,0.20214927196502686,-3.0420455932617188
-0.5709911584854126,1.4161686897277832,-1.9836288690567017,-1.5908067226409912,0.20236797630786896,-3.045109748840332
-0.5963876843452454,1.380149483680725,-2.0023398399353027,-1.5783789157867432,0.2072582244873047,-3.041367769241333
-0.5894373655319214,1.411608099937439,-2.001296043395996,-1.5866153240203857,0.21190814673900604,-3.0471293926239014
-0.5883358120918274,1.390885829925537,-1.984519124031067,-1.58561372756958,0.20839089155197144,-3.0436043739318848
-0.5882401466369629,1.3972147703170776,-1.9917956590652466,-1.5748990774154663,0.20910575985908508,-3.0397777557373047
-0.5792917013168335,1.413519263267517,-2.006361722946167,-1.5733776092529297,0.20966491103172302,-3.039511203765869
-0.5932157039642334,1.4076454639434814,-1.9987657070159912,-1.5715750455856323,0.20471209287643433,-3.0317599773406982
-0.5755361914634705,1.4282538890838623,-2.0318987369537354,-1.5615144968032837,0.20234094560146332,-3.0396928787231445
-0.5764917731285095,1.4262698888778687,-2.033550500869751,-1.560555338859558,0.20145398378372192,-3.041055202484131
-0.5755540728569031,1.4226248264312744,-2.0540177822113037,-1.5636299848556519,0.20309694111347198,-3.0479798316955566
-0.5785660147666931,1.3793156147003174,-2.092750072479248,-1.5679806470870972,0.19758360087871552,-3.053058385848999
-0.5816777348518372,1.3638073205947876,-2.098090887069702,-1.5684242248535156,0.19090068340301514,-3.044468402862549
-0.6057509183883667,1.2295492887496948,-2.0146546363830566,-1.5247571468353271,0.160564586520195,-3.0655157566070557
-0.612341046333313,1.4338643550872803,-1.8932783603668213,-1.5416548252105713,0.188917338848114,-3.094924211502075
-0.6154468059539795,1.4587311744689941,-1.8859894275665283,-1.533659815788269,0.187101811170578,-3.0935089588165283
-0.5958539843559265,1.4640493392944336,-1.8820053339004517,-1.5164096355438232,0.18125806748867035,-3.08919358253479
-0.5888164043426514,1.4588639736175537,-1.8814979791641235,-1.5161622762680054,0.18238426744937897,-3.0866191387176514
-0.5874606966972351,1.4480844736099243,-1.8808265924453735,-1.5142579078674316,0.18375645577907562,-3.0870141983032227
-0.579118549823761,1.3542306423187256,-1.9100391864776611,-1.5176762342453003,0.16946947574615479,-3.059121608734131
-0.573358952999115,1.3572940826416016,-1.914520263671875,-1.517301082611084,0.17332571744918823,-3.053130865097046
-0.5717632174491882,1.3605051040649414,-1.9078782796859741,-1.515654444694519,0.17492642998695374,-3.0550856590270996
-0.5716021656990051,1.3636595010757446,-1.906343698501587,-1.5147629976272583,0.17507410049438477,-3.0548996925354004
-0.5664355158805847,1.3626089096069336,-1.9086370468139648,-1.5149813890457153,0.17622685432434082,-3.0561652183532715
-0.5600661635398865,1.3780617713928223,-1.9083558320999146,-1.5199627876281738,0.17614005506038666,-3.046938896179199
-0.5916152000427246,1.36616051197052,-1.9083918333053589,-1.5618088245391846,0.1848295032978058,-3.0714941024780273
-0.5896162390708923,1.3735853433609009,-1.9079344272613525,-1.5603041648864746,0.1840284764766693,-3.072112798690796
-0.5899443626403809,1.3770190477371216,-1.9093433618545532,-1.561173915863037,0.184700608253479,-3.0725765228271484
-0.596198320388794,1.3717812299728394,-1.911949872970581,-1.5605008602142334,0.18415763974189758,-3.0742931365966797
-0.5998855829238892,1.3728678226470947,-1.9110774993896484,-1.566536545753479,0.18633165955543518,-3.064849376678467
-0.5988033413887024,1.3581277132034302,-1.9109195470809937,-1.5658503770828247,0.18505790829658508,-3.065490484237671
-0.6030830144882202,1.3499739170074463,-1.9145818948745728,-1.5649598836898804,0.18579444289207458,-3.069495677947998
-0.604101836681366,1.3553341627120972,-1.9127436876296997,-1.571886420249939,0.1866154968738556,-3.058223009109497
-0.6001875400543213,1.3479857444763184,-1.9127272367477417,-1.564635157585144,0.18634924292564392,-3.068056344985962
-0.6058472394943237,1.3171368837356567,-1.910061001777649,-1.5640279054641724,0.19141267240047455,-3.0847091674804688
-0.5991241931915283,1.334277629852295,-1.907871961593628,-1.5577760934829712,0.19425782561302185,-3.105971336364746
-0.6021296381950378,1.3997007608413696,-1.917880654335022,-1.568164587020874,0.19836385548114777,-3.044222831726074
-0.6111205220222473,1.3879507780075073,-1.922851324081421,-1.5705071687698364,0.20031383633613586,-3.0427229404449463
-0.6083724498748779,1.3774162530899048,-1.930519938468933,-1.5733541250228882,0.19643831253051758,-3.050504684448242
-0.5968788862228394,1.3674169778823853,-1.9340503215789795,-1.5737260580062866,0.1956222802400589,-3.0558407306671143
-0.6108910441398621,1.3615717887878418,-1.9351598024368286,-1.5728152990341187,0.19720713794231415,-3.0466113090515137
-0.5965371131896973,1.3593637943267822,-1.922505497932434,-1.5686676502227783,0.19819772243499756,-3.0526230335235596
-0.6088758111000061,1.3393611907958984,-1.9297676086425781,-1.5509059429168701,0.195047989487648,-3.0909690856933594
-0.6265424489974976,1.3023930788040161,-1.9117039442062378,-1.5442193746566772,0.18721693754196167,-3.095860004425049
-0.6294267773628235,1.299147367477417,-1.8994660377502441,-1.539290428161621,0.18511781096458435,-3.1051554679870605
-0.6109074950218201,1.3324123620986938,-1.9118272066116333,-1.5342358350753784,0.19574317336082458,-3.1183581352233887
-0.6145456433296204,1.3091015815734863,-1.9172461032867432,-1.547080159187317,0.19379469752311707,-3.1008028984069824
-0.5998042225837708,1.3715646266937256,-1.9413883686065674,-1.5664199590682983,0.1995890587568283,-3.0507090091705322
-0.6022383570671082,1.369256615638733,-1.9386357069015503,-1.5720003843307495,0.2064136564731598,-3.0424396991729736
-0.6015806198120117,1.3572906255722046,-1.9354338645935059,-1.574106216430664,0.2082194834947586,-3.03334641456604
-0.6052062511444092,1.3602086305618286,-1.9365581274032593,-1.5731602907180786,0.20736528933048248,-3.0321245193481445
-0.6020578742027283,1.364264726638794,-1.9370975494384766,-1.5700708627700806,0.20513668656349182,-3.0425779819488525
-0.6054872274398804,1.3660386800765991,-1.9427298307418823,-1.5712133646011353,0.20279233157634735,-3.046079158782959
-0.6000490188598633,1.372175931930542,-1.9443882703781128,-1.5687706470489502,0.2016885131597519,-3.0548794269561768
-0.596755862236023,1.375600814819336,-1.9419280290603638,-1.5676212310791016,0.19929160177707672,-3.0580644607543945
-0.5998982787132263,1.376608967781067,-1.9410501718521118,-1.5665189027786255,0.19768358767032623,-3.061108350753784
-0.5985334515571594,1.375878095626831,-1.941044807434082,-1.5656300783157349,0.19745421409606934,-3.0644235610961914
-0.3138194680213928,1.609601616859436,-2.146104335784912,-1.5824373960494995,0.18057477474212646,-3.0784075260162354
-0.3046051263809204,1.6198738813400269,-2.1121108531951904,-1.5728384256362915,0.1739790439605713,-3.096498489379883
-0.3030059337615967,1.6210471391677856,-2.1105971336364746,-1.57014799118042,0.17304471135139465,-3.1022088527679443
-0.30083566904067993,1.6237691640853882,-2.1094858646392822,-1.571429967880249,0.17160670459270477,-3.1017792224884033
-0.2990122139453888,1.626265525817871,-2.1084210872650146,-1.5694496631622314,0.1717284619808197,-3.109614133834839
-0.29617905616760254,1.6242070198059082,-2.1062724590301514,-1.565784215927124,0.16820348799228668,-3.121198892593384
-0.2725684344768524,1.6370329856872559,-2.106431245803833,-1.5601431131362915,0.16286398470401764,3.1239449977874756
-0.27348870038986206,1.6386524438858032,-2.1083474159240723,-1.5606385469436646,0.16208681464195251,3.1180341243743896
-0.27223581075668335,1.6402368545532227,-2.1078591346740723,-1.559001088142395,0.16269399225711823,3.109745979309082
-0.2697526812553406,1.6397491693496704,-2.1079843044281006,-1.5590839385986328,0.1627500057220459,3.1059932708740234
-0.275014191865921,1.6425220966339111,-2.1095056533813477,-1.5588977336883545,0.16143834590911865,3.1141037940979004
-0.24330127239227295,1.7197381258010864,-2.1792843341827393,-1.5451676845550537,0.15079881250858307,3.1376283168792725
-0.27538108825683594,1.6946296691894531,-2.186732053756714,-1.5609561204910278,0.16351409256458282,-3.0658528804779053
-0.2718581259250641,1.6799075603485107,-2.190086841583252,-1.5662866830825806,0.16750939190387726,-3.057359457015991
-0.2892184853553772,1.6342703104019165,-2.196002244949341,-1.5705633163452148,0.16564807295799255,-3.0412538051605225
-0.28673553466796875,1.6098750829696655,-2.17155122756958,-1.5476847887039185,0.16078005731105804,-3.076371908187866
-0.2934318780899048,1.6433660984039307,-2.109971284866333,-1.534551739692688,0.14507104456424713,-3.1040022373199463
-0.2876216769218445,1.6796905994415283,-2.0964572429656982,-1.534459114074707,0.14248435199260712,-3.1103081703186035
-0.2847338914871216,1.6813355684280396,-2.1012730598449707,-1.5320671796798706,0.14284399151802063,-3.1115975379943848
-0.28120216727256775,1.6829328536987305,-2.1049349308013916,-1.5325050354003906,0.14324384927749634,-3.1127870082855225
-0.28257936239242554,1.6807035207748413,-2.105954885482788,-1.5339710712432861,0.1439807265996933,-3.109800100326538
-0.2682919502258301,1.7108403444290161,-2.096419095993042,-1.5311856269836426,0.14141270518302917,-3.1286847591400146
-0.28832778334617615,1.703238844871521,-2.122915506362915,-1.535584807395935,0.11026914417743683,3.08103609085083
-0.2749496102333069,1.6816259622573853,-2.2033629417419434,-1.5592213869094849,0.13264526426792145,3.141371250152588
-0.2742308974266052,1.6834415197372437,-2.2053816318511963,-1.5595852136611938,0.13210387527942657,-3.139338254928589
-0.27727293968200684,1.6895389556884766,-2.206843852996826,-1.5585483312606812,0.13264600932598114,3.140995502471924
-0.2711150050163269,1.6962369680404663,-2.2040460109710693,-1.556182861328125,0.13214433193206787,3.1381678581237793
-0.2768095135688782,1.686220407485962,-2.20356822013855,-1.5577032566070557,0.13298670947551727,3.138193130493164
-0.27168717980384827,1.693894624710083,-2.2025108337402344,-1.5561442375183105,0.1327476054430008,3.1329808235168457
-0.26733410358428955,1.6951501369476318,-2.20400333404541,-1.5550707578659058,0.13202154636383057,3.1323344707489014
-0.2692260146141052,1.694309115409851,-2.202023506164551,-1.554768443107605,0.13126753270626068,3.1318697929382324
-0.2713373303413391,1.6929408311843872,-2.198739528656006,-1.553912878036499,0.13118913769721985,3.128129243850708
-0.27490174770355225,1.6864928007125854,-2.195540428161621,-1.555643916130066,0.13236448168754578,3.131216049194336
-0.21154198050498962,1.734865427017212,-2.0674173831939697,-1.5129424333572388,0.09546250104904175,3.04909610748291
-0.2258303165435791,1.7136280536651611,-2.071255683898926,-1.521793246269226,0.09949934482574463,3.068666934967041
-0.224989652633667,1.7235034704208374,-2.071518898010254,-1.5205798149108887,0.09890666604042053,3.067610263824463
-0.2238043248653412,1.7320811748504639,-2.070222854614258,-1.5205413103103638,0.09938329458236694,3.067744016647339
-0.22516649961471558,1.7098057270050049,-2.0714259147644043,-1.5218502283096313,0.09925474971532822,3.067996025085449
-0.22568099200725555,1.7368460893630981,-2.0677778720855713,-1.5211846828460693,0.09957434982061386,3.06669282913208
-0.2215777337551117,1.7448267936706543,-2.068375825881958,-1.5181634426116943,0.09681553393602371,3.063225269317627
-0.2193138748407364,1.745757818222046,-2.067204713821411,-1.5166922807693481,0.09557713568210602,3.0589888095855713
-0.2148207575082779,1.750706672668457,-2.067234754562378,-1.5140554904937744,0.09446070343255997,3.053501605987549
-0.2187741994857788,1.7522234916687012,-2.0645203590393066,-1.5138593912124634,0.09405908733606339,3.0489566326141357
-0.2178170084953308,1.7512452602386475,-2.0598838329315186,-1.511942982673645,0.09406353533267975,3.045259475708008
-0.18658116459846497,1.8605518341064453,-2.046173334121704,-1.4761887788772583,0.06536050885915756,3.0425057411193848
-0.19003677368164062,1.836327314376831,-2.053145170211792,-1.4845554828643799,0.07106981426477432,3.0698838233947754
-0.1901625692844391,1.8381928205490112,-2.053128242492676,-1.4847667217254639,0.07043253630399704,3.0698604583740234
-0.19831854104995728,1.887934923171997,-2.042524814605713,-1.4829860925674438,0.06278295069932938,3.0535566806793213
-0.17568884789943695,2.022550344467163,-2.0015664100646973,-1.4655321836471558,0.05782277137041092,2.9941489696502686
-0.1661577671766281,2.027810573577881,-1.997416377067566,-1.460000991821289,0.057891495525836945,2.985142707824707
-0.16338278353214264,2.030137777328491,-1.9875339269638062,-1.4567393064498901,0.059170160442590714,2.9749510288238525
-0.16299286484718323,2.032130241394043,-1.9788968563079834,-1.456498146057129,0.05736654996871948,2.9732232093811035
-0.15691567957401276,2.024494171142578,-1.9753037691116333,-1.4561792612075806,0.05904507637023926,2.973325490951538
-0.15594324469566345,2.020432710647583,-1.9770941734313965,-1.456211805343628,0.056184880435466766,2.9710299968719482
-0.15459980070590973,2.022528886795044,-1.9810479879379272,-1.4552490711212158,0.057079240679740906,2.9665024280548096
0.017244655638933182,2.1529672145843506,-1.9267767667770386,-1.4567115306854248,0.029308712109923363,2.961920976638794
-0.029207956045866013,1.9548593759536743,-1.9983705282211304,-1.4917864799499512,0.036442141979932785,3.0771427154541016
-0.03515823557972908,1.9518617391586304,-1.9996083974838257,-1.4918867349624634,0.035930387675762177,3.0718421936035156
-0.03345309942960739,1.957598328590393,-1.9991047382354736,-1.4913029670715332,0.03635009750723839,3.066744089126587
-0.03308280184864998,1.9569388628005981,-1.9988083839416504,-1.4932198524475098,0.03619031980633736,3.0637729167938232
-0.034652963280677795,1.9495645761489868,-2.002570152282715,-1.4941647052764893,0.03574324771761894,3.0640244483947754
-0.02919856831431389,1.947774052619934,-1.9867007732391357,-1.4967156648635864,0.03568295016884804,3.0642824172973633
-0.034291863441467285,1.9531548023223877,-1.996309518814087,-1.4951403141021729,0.03447684645652771,3.0584492683410645
-0.030652645975351334,1.9527124166488647,-2.002774238586426,-1.4934953451156616,0.03337382897734642,3.054532766342163
-0.030434776097536087,1.9463139772415161,-1.9897575378417969,-1.4955114126205444,0.03467267379164696,3.0644352436065674
-0.031971726566553116,1.9562791585922241,-2.004843235015869,-1.4919205904006958,0.03312847763299942,3.0544447898864746
0.15127280354499817,1.8737733364105225,-1.8384203910827637,-1.4350154399871826,-0.00315704639069736,2.9642114639282227
0.14982667565345764,1.855833649635315,-1.8611621856689453,-1.431511640548706,-0.000766594021115452,2.9885029792785645
0.14534656703472137,1.8515914678573608,-1.840723991394043,-1.4346803426742554,-0.0008041272521950305,2.991178274154663
0.14622263610363007,1.8485954999923706,-1.8367239236831665,-1.4352282285690308,0.00038381805643439293,2.990384340286255
0.14586545526981354,1.8453906774520874,-1.8426592350006104,-1.4364850521087646,-0.0009879000717774034,2.990422487258911
0.14344008266925812,1.8650223016738892,-1.862882137298584,-1.4306728839874268,-0.0022811242379248142,2.984776020050049
0.15190677344799042,1.875242829322815,-1.873862624168396,-1.4288334846496582,-0.0034180551301687956,2.9825198650360107
0.14710980653762817,1.8679509162902832,-1.8737684488296509,-1.4329298734664917,-0.0057838307693600655,2.9843039512634277
0.1547631025314331,1.862941861152649,-1.8834971189498901,-1.4312511682510376,-0.005291258450597525,2.9819555282592773
0.1703278124332428,1.8728766441345215,-1.8891867399215698,-1.435430884361267,-0.004101394210010767,2.9765307903289795
0.18893475830554962,1.746650218963623,-1.9114843606948853,-1.4404925107955933,0.005607541184872389,2.9986915588378906
0.18643885850906372,1.7361783981323242,-1.8587915897369385,-1.4473103284835815,-0.029166603460907936,2.9983906745910645
0.17784997820854187,1.7863965034484863,-1.824049711227417,-1.4428832530975342,-0.0290642362087965,2.994638681411743
0.16297410428524017,1.6610901355743408,-1.868645429611206,-1.4586533308029175,-0.04330325871706009,3.0051844120025635
0.17994743585586548,1.6820200681686401,-1.8554095029830933,-1.4563913345336914,-0.039825439453125,3.0009732246398926
0.13117963075637817,1.6082735061645508,-1.897203803062439,-1.4710496664047241,-0.04521215334534645,3.0014326572418213
0.1455266773700714,1.6340668201446533,-1.8996424674987793,-1.469770908355713,-0.042853351682424545,2.99330997467041
-0.003081902861595154,1.6883728504180908,-1.9797440767288208,-1.4590468406677246,-0.04129607602953911,3.034898281097412
0.04636232554912567,1.6669893264770508,-1.9738606214523315,-1.4593849182128906,-0.035847339779138565,3.014829397201538
0.08284984529018402,1.644992709159851,-1.9543817043304443,-1.4628721475601196,-0.031462661921978,3.002664804458618
0.1039130687713623,1.7653769254684448,-1.9275943040847778,-1.4672389030456543,-0.016180505976080894,3.009688138961792
0.04304433614015579,1.796935796737671,-1.8103405237197876,-1.4327138662338257,0.06501001119613647,2.9107933044433594
0.015097565948963165,1.8665512800216675,-1.8624374866485596,-1.4625593423843384,0.05596540495753288,2.9140830039978027
0.10249964892864227,1.862367033958435,-1.9103766679763794,-1.4647830724716187,-0.047337550669908524,2.991729497909546
0.10061094164848328,1.8562535047531128,-1.9155353307724,-1.4648607969284058,-0.04664858058094978,2.9924843311309814
0.0989384576678276,1.8645564317703247,-1.9163931608200073,-1.4655181169509888,-0.0457833968102932,2.9925248622894287
0.0821898877620697,1.849086046218872,-1.927848219871521,-1.4673388004302979,-0.04695293679833412,2.9888243675231934
0.060196083039045334,1.807194471359253,-1.927323341369629,-1.4733742475509644,-0.05548783764243126,2.9945614337921143
0.0447019562125206,1.7495040893554688,-1.952310562133789,-1.4695734977722168,-0.07044186443090439,3.0255320072174072
0.025723375380039215,1.7291808128356934,-1.9654778242111206,-1.46988046169281,-0.09593715518712997,3.080766201019287
0.03987304866313934,1.7707408666610718,-2.020134925842285,-1.4520686864852905,-0.06618834286928177,3.1273956298828125
0.0894019603729248,1.6966047286987305,-1.9834010601043701,-1.4850406646728516,-0.06546540558338165,3.0731444358825684
0.001860193908214569,1.6648857593536377,-1.828179121017456,-1.483507513999939,-0.060224298387765884,2.9773566722869873
-0.4803128242492676,1.620094656944275,-2.198686122894287,-1.418656349182129,0.04404856264591217,2.8615925312042236
-0.23496899008750916,1.9681955575942993,-2.2317683696746826,-1.455485463142395,0.030960101634263992,2.8908097743988037
-0.19293752312660217,1.8632534742355347,-2.2293496131896973,-1.4821854829788208,-0.015103892423212528,3.017528772354126
-0.16295471787452698,1.9543272256851196,-2.233642816543579,-1.4798721075057983,-0.016979336738586426,2.9803946018218994
-0.0939437597990036,1.9711830615997314,-2.211357831954956,-1.4694128036499023,-0.02472434937953949,2.9840691089630127
-0.13422735035419464,2.002609968185425,-2.2436187267303467,-1.4629682302474976,-0.04759867861866951,3.0053327083587646
-0.12150277197360992,2.0012285709381104,-2.2114882469177246,-1.4675675630569458,-0.05747298151254654,3.0365166664123535
-0.10237489640712738,2.0163724422454834,-2.189565420150757,-1.4629408121109009,-0.04847564175724983,3.050859212875366
-0.1006690263748169,2.018043279647827,-2.1932055950164795,-1.4547994136810303,-0.051185425370931625,3.0067520141601562
-0.11259369552135468,1.9801535606384277,-2.2099180221557617,-1.4735760688781738,-0.052530836313962936,3.0035858154296875
-0.10401882231235504,1.9595904350280762,-2.223658800125122,-1.4793610572814941,-0.032362811267375946,2.9978883266448975
-0.3012269139289856,1.6237521171569824,-2.1700387001037598,-1.4595727920532227,-0.028902359306812286,2.9313695430755615
-0.4730675220489502,1.580960988998413,-2.1171631813049316,-1.4173171520233154,0.039077211171388626,2.8330655097961426
-0.47174960374832153,1.589637041091919,-2.1093783378601074,-1.4191457033157349,0.04089072346687317,2.8405404090881348
-0.472756952047348,1.573152780532837,-2.1133947372436523,-1.4180819988250732,0.03977261483669281,2.837045431137085
-0.47566917538642883,1.5728859901428223,-2.1057629585266113,-1.4179273843765259,0.0387209877371788,2.8359639644622803
-0.47598227858543396,1.6048699617385864,-2.1100940704345703,-1.4123103618621826,0.040251970291137695,2.8335490226745605
-0.47857940196990967,1.6041353940963745,-2.1108269691467285,-1.4128957986831665,0.03995101898908615,2.8354439735412598
-0.478756844997406,1.6013908386230469,-2.1058390140533447,-1.4166078567504883,0.04032064601778984,2.837068796157837
-0.4733961820602417,1.595751404762268,-2.1112351417541504,-1.414021372795105,0.042718686163425446,2.8353993892669678
-0.45375388860702515,1.6245207786560059,-2.119102716445923,-1.4039392471313477,0.05214546620845795,2.84452223777771
-0.4370885193347931,1.630326509475708,-2.122713804244995,-1.4028655290603638,0.055173393338918686,2.838200807571411
-0.2632490396499634,1.8105779886245728,-2.0265324115753174,-1.4670777320861816,-0.03669847548007965,2.9595236778259277
-0.2945463955402374,1.7711145877838135,-1.9963726997375488,-1.481160283088684,-0.056801967322826385,2.949688196182251
-0.2982340157032013,1.7463942766189575,-1.9823487997055054,-1.4817901849746704,-0.05734795704483986,2.9500715732574463
-0.2933111786842346,1.7413759231567383,-1.987263798713684,-1.476982831954956,-0.06060571223497391,2.937603712081909
-0.29865068197250366,1.748685598373413,-1.9835524559020996,-1.4732507467269897,-0.06157005950808525,2.9315567016601562
-0.29733169078826904,1.7708522081375122,-1.9828897714614868,-1.4640491008758545,-0.05992436781525612,2.920569896697998
-0.29609358310699463,1.7284409999847412,-1.9791982173919678,-1.4657115936279297,-0.0627530962228775,2.9204013347625732
-0.30232706665992737,1.7225098609924316,-1.980643391609192,-1.465508222579956,-0.06525015830993652,2.915501117706299
-0.3140052556991577,1.6739883422851562,-1.9746981859207153,-1.4609694480895996,-0.0686708465218544,2.8951988220214844
-0.2957970201969147,1.6647831201553345,-1.984356164932251,-1.4610905647277832,-0.06836001574993134,2.8946855068206787
-0.31084856390953064,1.7133493423461914,-1.974049687385559,-1.4634517431259155,-0.0638245940208435,2.905778169631958
-0.26389992237091064,1.8463859558105469,-1.975728154182434,-1.4628310203552246,-0.08081196248531342,2.9371635913848877
-0.2607557475566864,1.7976590394973755,-1.984338641166687,-1.4797481298446655,-0.07145144045352936,2.9655466079711914
-0.2737453281879425,1.7562146186828613,-1.9710736274719238,-1.4837225675582886,-0.06312792003154755,2.9941017627716064
-0.26396292448043823,1.7356390953063965,-1.9744421243667603,-1.4837819337844849,-0.06662076711654663,2.9728050231933594
-0.24623700976371765,1.7605080604553223,-1.9811056852340698,-1.480324149131775,-0.07429055124521255,2.966398000717163
-0.26828059554100037,1.7538403272628784,-1.954795241355896,-1.4711064100265503,-0.07504194974899292,2.9527945518493652
-0.2877468466758728,1.6784477233886719,-1.9593710899353027,-1.4768354892730713,-0.07369382679462433,2.974349021911621
-0.2837093770503998,1.7078198194503784,-1.9353430271148682,-1.4746291637420654,-0.0734642818570137,2.9561586380004883
-0.31816956400871277,1.683345079421997,-1.9279636144638062,-1.474527359008789,-0.08450763672590256,2.962726593017578
-0.29835405945777893,1.6881422996520996,-1.934098482131958,-1.4717603921890259,-0.07769313454627991,2.945582389831543
-0.33716392517089844,1.643434762954712,-1.9044978618621826,-1.4643999338150024,-0.08168566226959229,2.9287242889404297
-0.3648648262023926,1.6441327333450317,-1.8879510164260864,-1.4570398330688477,-0.1320430189371109,2.9153976440429688
-0.29582956433296204,1.7897135019302368,-1.9530712366104126,-1.4715726375579834,-0.11346983909606934,2.9352610111236572
-0.31677162647247314,1.776349663734436,-1.9176570177078247,-1.4743919372558594,-0.11778713017702103,2.9244000911712646
-0.3135196268558502,1.7644023895263672,-1.9112578630447388,-1.4716837406158447,-0.11919060349464417,2.9168241024017334
-0.31603363156318665,1.780164361000061,-1.9172589778900146,-1.4670436382293701,-0.12334945797920227,2.9129767417907715
-0.3222872018814087,1.7655396461486816,-1.897193193435669,-1.472377896308899,-0.12222778052091599,2.9177286624908447
-0.319071501493454,1.790778636932373,-1.909144639968872,-1.4680992364883423,-0.11949596554040909,2.909463405609131
-0.3132225573062897,1.759214997291565,-1.9068390130996704,-1.468900203704834,-0.11630398035049438,2.919374465942383
-0.3157770037651062,1.7831542491912842,-1.9139972925186157,-1.465701937675476,-0.11884410679340363,2.915928602218628
-0.3203090727329254,1.7883790731430054,-1.8920506238937378,-1.4639002084732056,-0.1207650750875473,2.8995823860168457
-0.3227929472923279,1.751793622970581,-1.8875842094421387,-1.4704793691635132,-0.12326954305171967,2.913240671157837
-0.47594037652015686,1.600662350654602,-1.8479132652282715,-1.4773470163345337,-0.17269806563854218,2.8546743392944336
-0.4369569420814514,1.6522061824798584,-1.9361761808395386,-1.4761558771133423,-0.15835119783878326,2.903184175491333
-0.4241032004356384,1.6409276723861694,-1.9597798585891724,-1.4851740598678589,-0.15607929229736328,2.9129562377929688
-0.4212682843208313,1.650350570678711,-1.9722925424575806,-1.4998046159744263,-0.1518474519252777,2.961992025375366
-0.43257156014442444,1.6436406373977661,-1.9899884462356567,-1.4968206882476807,-0.1528131365776062,2.9666450023651123
-0.4374019205570221,1.591280221939087,-1.963216781616211,-1.49875807762146,-0.16361473500728607,2.9948906898498535
-0.4318399727344513,1.6014717817306519,-1.9625221490859985,-1.5022763013839722,-0.16246527433395386,3.0008368492126465
-0.4293346405029297,1.6392605304718018,-1.9486991167068481,-1.501244306564331,-0.15402135252952576,2.9929938316345215
-0.4308794140815735,1.6383872032165527,-1.9522982835769653,-1.503359079360962,-0.15298952162265778,2.99865460395813
-0.4330275356769562,1.6782511472702026,-1.9502182006835938,-1.5007882118225098,-0.1452341228723526,2.9693603515625
-0.437480092048645,1.7121256589889526,-1.948302984237671,-1.4987846612930298,-0.14226627349853516,2.966893196105957
-0.47676998376846313,1.517991065979004,-1.9418386220932007,-1.5239931344985962,-0.17232057452201843,2.9361464977264404
-0.4753226041793823,1.457705020904541,-1.9045144319534302,-1.5026800632476807,-0.198881596326828,2.8770411014556885
-0.47749242186546326,1.4656962156295776,-1.9134150743484497,-1.5010074377059937,-0.19445082545280457,2.8810110092163086
-0.46372655034065247,1.4696803092956543,-1.9249374866485596,-1.5013508796691895,-0.19375762343406677,2.8874125480651855
-0.4731441140174866,1.439237117767334,-1.9172732830047607,-1.502336025238037,-0.2048264741897583,2.8929407596588135
-0.46164193749427795,1.4670987129211426,-1.9184658527374268,-1.5102251768112183,-0.20607075095176697,2.901365280151367
-0.4575428366661072,1.4398528337478638,-1.9126518964767456,-1.5110588073730469,-0.2168152779340744,2.9075915813446045
-0.4670551121234894,1.418504238128662,-1.895483374595642,-1.5197255611419678,-0.2269093543291092,2.93290376663208
-0.4607510566711426,1.4378585815429688,-1.8931069374084473,-1.5179316997528076,-0.22355522215366364,2.9154913425445557
-0.4599512815475464,1.4243998527526855,-1.8894777297973633,-1.5168246030807495,-0.2263171374797821,2.9145312309265137
-0.45513013005256653,1.420644998550415,-1.887089729309082,-1.5214734077453613,-0.23645636439323425,2.930201292037964
-0.41446685791015625,1.5909063816070557,-1.8999544382095337,-1.5647517442703247,-0.2555285692214966,2.983687400817871
-0.4350000321865082,1.6577215194702148,-1.9372390508651733,-1.5403661727905273,-0.2046080380678177,2.9087204933166504
-0.43510276079177856,1.6710684299468994,-1.9438955783843994,-1.538710117340088,-0.20143237709999084,2.9100561141967773
-0.37513670325279236,1.6255546808242798,-1.9328842163085938,-1.544881820678711,-0.2190750539302826,2.9210476875305176
-0.36907681822776794,1.6181445121765137,-1.9397021532058716,-1.5525904893875122,-0.2530876100063324,2.9612085819244385
-0.30499356985092163,1.6227203607559204,-1.9490222930908203,-1.5569769144058228,-0.2607709467411041,2.968541145324707
-0.2884468138217926,1.6398632526397705,-1.9550819396972656,-1.5572892427444458,-0.2527056336402893,2.958481788635254
-0.3089844882488251,1.632707118988037,-1.974587321281433,-1.5706580877304077,-0.2496470957994461,2.972744941711426
-0.3666214346885681,1.5890306234359741,-1.9947547912597656,-1.5898996591567993,-0.2764112055301666,2.9886138439178467
-0.3955928385257721,1.5805268287658691,-2.0214641094207764,-1.5815471410751343,-0.2811426520347595,2.9932353496551514
-0.4179689288139343,1.5545209646224976,-2.021888494491577,-1.5949498414993286,-0.3142690658569336,3.0465500354766846
-0.27805373072624207,1.7988877296447754,-1.8560080528259277,-1.6321641206741333,-0.3850773870944977,3.1008412837982178
-0.30546101927757263,1.8615559339523315,-1.7812312841415405,-1.5943342447280884,-0.31486645340919495,2.975346088409424
-0.30495089292526245,1.8814630508422852,-1.7850497961044312,-1.594591498374939,-0.3108910024166107,2.9688658714294434
-0.3077518343925476,1.8664957284927368,-1.7819639444351196,-1.593848705291748,-0.3176875114440918,2.9696552753448486
-0.299885630607605,1.8865183591842651,-1.781175136566162,-1.5960712432861328,-0.310818076133728,2.9604153633117676
-0.3059733808040619,1.8522422313690186,-1.7838964462280273,-1.5911407470703125,-0.32207101583480835,2.977214813232422
-0.30977141857147217,1.8148643970489502,-1.7860816717147827,-1.5906356573104858,-0.3358374536037445,2.995614528656006
-0.30768054723739624,1.8312115669250488,-1.8000726699829102,-1.589348554611206,-0.3327427804470062,2.986281394958496
-0.3072478175163269,1.8278001546859741,-1.811311960220337,-1.5880249738693237,-0.3390807509422302,2.9937338829040527
-0.31300124526023865,1.8018707036972046,-1.8296962976455688,-1.5834277868270874,-0.35791391134262085,3.008772373199463
-0.31543195247650146,1.8114099502563477,-1.8338141441345215,-1.5870760679244995,-0.3584572374820709,3.009580612182617
-0.24312050640583038,1.8905192613601685,-1.9860622882843018,-1.6239031553268433,-0.46913179755210876,3.1305980682373047
-0.23524586856365204,1.9893540143966675,-1.9048066139221191,-1.6346752643585205,-0.4031495153903961,3.0783252716064453
-0.23797261714935303,1.987545371055603,-1.9075156450271606,-1.6349449157714844,-0.4045655131340027,3.0767829418182373
-0.24503768980503082,1.9597777128219604,-1.9076896905899048,-1.6298061609268188,-0.41771191358566284,3.090977668762207
-0.24911025166511536,1.9704245328903198,-1.911610722541809,-1.6298259496688843,-0.4187849760055542,3.0900888442993164
-0.24460335075855255,1.9593981504440308,-1.9134488105773926,-1.6308602094650269,-0.4187929332256317,3.0917375087738037
-0.2460235357284546,1.965234637260437,-1.9273093938827515,-1.6382957696914673,-0.42208629846572876,3.0933239459991455
-0.24769067764282227,1.9640212059020996,-1.9363869428634644,-1.64263117313385,-0.4241239130496979,3.0944530963897705
-0.2424013912677765,1.9499759674072266,-1.9296876192092896,-1.6403875350952148,-0.42738378047943115,3.1009914875030518
-0.24587152898311615,1.9398401975631714,-1.9196172952651978,-1.6309592723846436,-0.4226962924003601,3.1075990200042725
-0.245939239859581,1.9282816648483276,-1.9223483800888062,-1.6282026767730713,-0.42069917917251587,3.111407995223999
-0.23155544698238373,1.8220783472061157,-2.000382423400879,-1.6045753955841064,-0.5098751783370972,-3.129444122314453
-0.2198871672153473,1.9097504615783691,-1.997450828552246,-1.6261860132217407,-0.49438047409057617,3.1050591468811035
-0.25412529706954956,1.950180172920227,-1.997763991355896,-1.6261199712753296,-0.4931788146495819,3.1004703044891357
-0.2529490888118744,1.9557186365127563,-1.9978102445602417,-1.6244871616363525,-0.4907205104827881,3.100613594055176
-0.2678990066051483,1.9805290699005127,-1.9931752681732178,-1.628517508506775,-0.4858606159687042,3.0983049869537354
-0.270491361618042,1.9845013618469238,-1.9889192581176758,-1.6267743110656738,-0.4803246259689331,3.0927326679229736
-0.25969451665878296,1.9821337461471558,-1.9858908653259277,-1.628080129623413,-0.4804967939853668,3.0819778442382812
-0.25938284397125244,1.977643370628357,-1.9933761358261108,-1.6303653717041016,-0.4838334023952484,3.0827953815460205
-0.2616635859012604,1.9807748794555664,-1.9740548133850098,-1.6323755979537964,-0.46738967299461365,3.0792393684387207
-0.29661911725997925,1.9877488613128662,-1.9982585906982422,-1.6342003345489502,-0.47241902351379395,3.093611240386963
-0.30271273851394653,1.9990813732147217,-1.9932173490524292,-1.6327850818634033,-0.4789026081562042,3.10246205329895
-0.22605055570602417,1.8031787872314453,-2.100522756576538,-1.6293234825134277,-0.4685139060020447,3.1239795684814453
-0.12458563596010208,1.6833568811416626,-2.104412794113159,-1.6167166233062744,-0.4815632998943329,3.1262459754943848
-0.13959385454654694,1.705782175064087,-2.100817918777466,-1.6176269054412842,-0.4798758924007416,3.121995449066162
-0.1252165287733078,1.693180799484253,-2.1069436073303223,-1.6158326864242554,-0.4815133213996887,3.125478744506836
-0.12826353311538696,1.7033241987228394,-2.1009600162506104,-1.6180245876312256,-0.4807242155075073,3.1256678104400635
-0.1326477974653244,1.7129813432693481,-2.099529981613159,-1.6190687417984009,-0.48018673062324524,3.1262803077697754
-0.13412900269031525,1.7169954776763916,-2.0985090732574463,-1.6200975179672241,-0.48112621903419495,3.1248576641082764
-0.14320290088653564,1.7301836013793945,-2.0957398414611816,-1.6216381788253784,-0.4809580445289612,3.126286745071411
-0.14233142137527466,1.7242991924285889,-2.090806007385254,-1.621498465538025,-0.4807223081588745,3.1288352012634277
-0.14216378331184387,1.7049939632415771,-2.0789501667022705,-1.6220154762268066,-0.4855668246746063,3.124013900756836
-0.15238381922245026,1.7317888736724854,-2.0762574672698975,-1.6237843036651611,-0.4848288893699646,3.1273090839385986
-0.14986079931259155,1.7166298627853394,-2.1316781044006348,-1.6143313646316528,-0.4708561599254608,3.1224727630615234
-0.15731075406074524,1.7220734357833862,-2.16201114654541,-1.605936884880066,-0.4673246145248413,3.129633665084839
-0.14222700893878937,1.6989412307739258,-2.1567084789276123,-1.6046333312988281,-0.469224750995636,3.1269147396087646
-0.17510657012462616,1.7486226558685303,-2.149198293685913,-1.6065611839294434,-0.4653851389884949,3.1236002445220947
-0.15558093786239624,1.7348088026046753,-2.147928237915039,-1.6065006256103516,-0.4698903560638428,3.1211016178131104
-0.1541881263256073,1.748375654220581,-2.1452622413635254,-1.6062030792236328,-0.469972163438797,3.120441436767578
-0.14409875869750977,1.7358243465423584,-2.1410348415374756,-1.6059207916259766,-0.47030436992645264,3.1177868843078613
-0.13609912991523743,1.7270091772079468,-2.14235258102417,-1.6067951917648315,-0.46967199444770813,3.1170475482940674
-0.12002768367528915,1.7123609781265259,-2.139540910720825,-1.6137778759002686,-0.4748154580593109,3.1111929416656494
-0.13557448983192444,1.7751473188400269,-2.152268409729004,-1.6113511323928833,-0.46577581763267517,3.1057379245758057
-0.11089014261960983,1.747093915939331,-2.1482081413269043,-1.614719033241272,-0.47161200642585754,3.097930908203125
-0.03205408155918121,1.6273808479309082,-2.128883123397827,-1.5983518362045288,-0.48902618885040283,3.090291976928711
-0.1069033294916153,1.6679738759994507,-2.1392157077789307,-1.6049234867095947,-0.48946091532707214,3.1235499382019043
-0.10399721562862396,1.6678550243377686,-2.1298534870147705,-1.6235991716384888,-0.49850860238075256,3.1092822551727295
-0.10742822289466858,1.6835206747055054,-2.1071536540985107,-1.627306342124939,-0.5005884170532227,3.1021370887756348
-0.10954192280769348,1.6729854345321655,-2.0907094478607178,-1.6290452480316162,-0.49080270528793335,3.091888666152954
-0.10489733517169952,1.6463323831558228,-2.056239604949951,-1.6362504959106445,-0.4755307137966156,3.10046124458313
-0.09085115790367126,1.6126024723052979,-2.0535600185394287,-1.6324201822280884,-0.45894762873649597,3.1025147438049316
-0.09678266197443008,1.617652416229248,-2.0580756664276123,-1.6271601915359497,-0.45738065242767334,3.098748207092285
-0.13510675728321075,1.668350338935852,-2.069277763366699,-1.6133240461349487,-0.4598708748817444,3.091993570327759
-0.1526469588279724,1.7091548442840576,-2.0761499404907227,-1.603844165802002,-0.4467773139476776,3.0844576358795166
-0.15381720662117004,1.7104371786117554,-2.0731239318847656,-1.6018701791763306,-0.4436686635017395,3.0826406478881836
-0.03141370788216591,1.591943383216858,-1.9120228290557861,-1.5934836864471436,-0.4878911077976227,3.02612566947937
0.010792728513479233,1.5402904748916626,-1.970542550086975,-1.5747169256210327,-0.5134569406509399,3.088498830795288
0.009793348610401154,1.5319730043411255,-1.9682585000991821,-1.573017954826355,-0.5153191685676575,3.0921807289123535
0.011221218854188919,1.5199044942855835,-1.9692587852478027,-1.5756924152374268,-0.5134681463241577,3.090557098388672
0.013724097982048988,1.4921648502349854,-1.9590320587158203,-1.5714694261550903,-0.5259535312652588,3.1128904819488525
0.0028609149158000946,1.5184075832366943,-1.9531521797180176,-1.5669646263122559,-0.5192522406578064,3.119532585144043
-0.03664882108569145,1.5928153991699219,-1.9154645204544067,-1.576984167098999,-0.5069137215614319,-3.1407840251922607
-0.014740224927663803,1.526456594467163,-1.9361498355865479,-1.5651620626449585,-0.5149450898170471,-3.134540319442749
0.03264685347676277,1.4111204147338867,-1.9686050415039062,-1.5650081634521484,-0.5344929695129395,-3.1345772743225098
-0.006658904254436493,1.5100579261779785,-1.946707844734192,-1.567275881767273,-0.516291618347168,-3.134840250015259
-0.015739411115646362,1.5119597911834717,-1.9485386610031128,-1.5764411687850952,-0.5180528163909912,-3.1342036724090576
-0.07128847390413284,1.5869050025939941,-1.8657132387161255,-1.598705530166626,-0.5155261754989624,3.0930874347686768
0.001253605354577303,1.4983222484588623,-1.8668349981307983,-1.598413109779358,-0.5023539066314697,3.0152480602264404
-0.007925589568912983,1.498043179512024,-1.8672760725021362,-1.5990965366363525,-0.5008348226547241,3.0151243209838867
0.004375273361802101,1.465903639793396,-1.85275137424469,-1.5990583896636963,-0.503011167049408,3.0190069675445557
-0.0014754481380805373,1.4839271306991577,-1.8661025762557983,-1.5956556797027588,-0.5029971599578857,3.0202560424804688
-0.004317604936659336,1.4724541902542114,-1.8448209762573242,-1.6015688180923462,-0.5050009489059448,3.0321176052093506
0.011689734645187855,1.4176912307739258,-1.84702467918396,-1.6049381494522095,-0.5135599970817566,3.0273282527923584
0.011866499669849873,1.3809902667999268,-1.8488876819610596,-1.6082673072814941,-0.5163671970367432,3.0225045680999756
0.007720234803855419,1.4171884059906006,-1.8545560836791992,-1.601216197013855,-0.5115219950675964,3.024709939956665
0.013342411257326603,1.414995789527893,-1.8683196306228638,-1.599029302597046,-0.5047163963317871,3.028245210647583
0.04143373668193817,1.360987901687622,-1.864781141281128,-1.599379539489746,-0.5050016641616821,3.0221686363220215
0.025375816971063614,1.3895834684371948,-2.0834996700286865,-1.5685447454452515,-0.5222308039665222,3.1251184940338135
-0.002684467239305377,1.4911856651306152,-2.1305274963378906,-1.5630483627319336,-0.5312258005142212,3.115400552749634
0.03187660872936249,1.4614622592926025,-2.1400539875030518,-1.5611374378204346,-0.5296099781990051,3.1162567138671875
0.05246296152472496,1.4162787199020386,-2.1375768184661865,-1.5606688261032104,-0.5265381336212158,3.114830732345581
0.03999831900000572,1.409616470336914,-2.1378471851348877,-1.5649259090423584,-0.5231056809425354,3.114487648010254
0.09001120924949646,1.3832367658615112,-2.1371850967407227,-1.5696510076522827,-0.524653971195221,3.111330270767212
0.06248615309596062,1.3985673189163208,-2.1193103790283203,-1.5723639726638794,-0.5266029834747314,3.105825185775757
0.05005602911114693,1.4069139957427979,-2.119133472442627,-1.5682815313339233,-0.5315918326377869,3.1041555404663086
0.12746365368366241,1.347649097442627,-2.126539468765259,-1.5675995349884033,-0.5297955274581909,3.102003335952759
0.1314283013343811,1.3302667140960693,-2.1147520542144775,-1.5708109140396118,-0.528809130191803,3.099792003631592
0.12870174646377563,1.3390965461730957,-2.1341705322265625,-1.5694153308868408,-0.5294536352157593,3.099433422088623
0.2447248101234436,1.254132866859436,-2.204402446746826,-1.5406659841537476,-0.5396350026130676,3.1370632648468018
0.09674486517906189,1.3859572410583496,-2.141624689102173,-1.5458141565322876,-0.5427589416503906,-3.1359026432037354
0.1165565550327301,1.3910675048828125,-2.1515767574310303,-1.5358439683914185,-0.5448869466781616,-3.135946035385132
0.11727520078420639,1.4042061567306519,-2.163015127182007,-1.5421228408813477,-0.5488290190696716,3.135193109512329
0.12326159328222275,1.3927853107452393,-2.160705327987671,-1.5444862842559814,-0.5532968044281006,3.133061647415161
0.1271560788154602,1.4334577322006226,-2.186750888824463,-1.5530906915664673,-0.5588498115539551,3.1220083236694336
0.1992012858390808,1.3766307830810547,-2.1792633533477783,-1.5491161346435547,-0.5609734058380127,3.1253273487091064
0.15364548563957214,1.423040509223938,-2.188607931137085,-1.5516045093536377,-0.5589337348937988,3.129422426223755
0.13294567167758942,1.4363040924072266,-2.2117161750793457,-1.5480306148529053,-0.5589644908905029,3.131377696990967
0.14522655308246613,1.4189435243606567,-2.197672128677368,-1.5486315488815308,-0.5595988035202026,3.128279685974121
0.07949214428663254,1.4689074754714966,-2.1391403675079346,-1.546397089958191,-0.5430217981338501,3.1385068893432617
0.2684262692928314,1.3685157299041748,-2.0548315048217773,-1.5578984022140503,-0.5612906217575073,-3.134192705154419
0.29096290469169617,1.3231910467147827,-2.0652124881744385,-1.5462216138839722,-0.5643365979194641,-3.113377809524536
0.2734479308128357,1.306309700012207,-2.052913188934326,-1.5710071325302124,-0.5671958327293396,3.1411490440368652
0.2708134949207306,1.3404170274734497,-2.045609712600708,-1.5504913330078125,-0.561612069606781,-3.118758201599121
0.2923632562160492,1.3416236639022827,-2.0391886234283447,-1.5493773221969604,-0.5647640228271484,-3.1202263832092285
0.30883386731147766,1.3262932300567627,-2.043856382369995,-1.5439574718475342,-0.5645859241485596,-3.119457960128784
0.2978294789791107,1.300301432609558,-2.0507874488830566,-1.54910147190094,-0.5614766478538513,-3.128891944885254
0.31881266832351685,1.2537717819213867,-2.055363178253174,-1.550081729888916,-0.5591844320297241,-3.1318249702453613
0.32091471552848816,1.2494566440582275,-2.0773613452911377,-1.5436415672302246,-0.5524906516075134,-3.1273837089538574
0.3304499387741089,1.2317687273025513,-2.104471445083618,-1.5388761758804321,-0.5412268042564392,3.140000581741333
0.36076241731643677,1.1784114837646484,-2.128741979598999,-1.5385113954544067,-0.5563672780990601,-3.1394054889678955
0.3542907238006592,1.1519291400909424,-2.0897488594055176,-1.5367438793182373,-0.588107705116272,-3.1233274936676025
0.27401846647262573,1.2843389511108398,-2.018468141555786,-1.5474637746810913,-0.5832503437995911,-3.1062989234924316
0.24526187777519226,1.3097721338272095,-2.0205256938934326,-1.5465012788772583,-0.5834234952926636,-3.1050045490264893
0.26561033725738525,1.2901959419250488,-2.01827335357666,-1.5477125644683838,-0.5835475921630859,-3.1061346530914307
0.2993236482143402,1.2806470394134521,-2.028438091278076,-1.5424811840057373,-0.5841091275215149,-3.1074018478393555
0.2750075161457062,1.2910866737365723,-2.0210273265838623,-1.543891191482544,-0.5823936462402344,-3.106363296508789
0.29084935784339905,1.2670694589614868,-2.0238993167877197,-1.547797441482544,-0.583263635635376,-3.1105971336364746
0.29199063777923584,1.2791011333465576,-2.024852752685547,-1.546557903289795,-0.5823046565055847,-3.1081490516662598
0.33864274621009827,1.243438482284546,-2.030973196029663,-1.5436677932739258,-0.5851648449897766,-3.1080665588378906
0.3295455276966095,1.225474238395691,-2.0305793285369873,-1.5485787391662598,-0.5815301537513733,-3.112250804901123
0.3750019371509552,1.1874405145645142,-2.055067777633667,-1.5473735332489014,-0.5884721279144287,-3.1105332374572754
0.5025527477264404,1.0197303295135498,-2.114422082901001,-1.5263766050338745,-0.5774203538894653,-3.1401000022888184
0.4185711145401001,1.1489994525909424,-2.087643623352051,-1.527894377708435,-0.5821717977523804,-3.1293561458587646
0.44477030634880066,1.1332242488861084,-2.087433099746704,-1.5235040187835693,-0.5778141021728516,-3.1268503665924072
0.46360504627227783,1.0946836471557617,-2.0970892906188965,-1.5208579301834106,-0.5802316665649414,-3.12723970413208
0.47754332423210144,1.073244333267212,-2.1044814586639404,-1.5188674926757812,-0.5816246867179871,-3.123114585876465
0.5340321660041809,1.0006636381149292,-2.1214051246643066,-1.5159664154052734,-0.5881627202033997,-3.1063804626464844
0.5267722606658936,1.0004082918167114,-2.1126091480255127,-1.5188250541687012,-0.587117075920105,-3.1120920181274414
0.49618881940841675,1.0226831436157227,-2.101778268814087,-1.5206098556518555,-0.5853564739227295,-3.1190216541290283
0.5638478994369507,0.9413529634475708,-2.141188144683838,-1.522475242614746,-0.5941655039787292,-3.0954692363739014
0.5733641386032104,0.9350708723068237,-2.1399552822113037,-1.5262714624404907,-0.594986081123352,-3.0918264389038086
0.5553728938102722,0.9442111253738403,-2.123833656311035,-1.5229413509368896,-0.5907423496246338,-3.101135492324829
0.7581332921981812,0.8597903251647949,-2.103184461593628,-1.5100476741790771,-0.6100713014602661,-3.1218297481536865
0.5504273772239685,1.1068882942199707,-2.0225000381469727,-1.5101677179336548,-0.5986717343330383,3.1165964603424072
0.5932915806770325,1.082735300064087,-2.0285511016845703,-1.51254141330719,-0.5984628200531006,3.1179709434509277
0.5499557256698608,1.1125504970550537,-2.0223145484924316,-1.5132875442504883,-0.5992083549499512,3.116633892059326
0.5534693002700806,1.134588599205017,-2.0206282138824463,-1.525476098060608,-0.6028891801834106,3.1156766414642334
0.5270483493804932,1.1464905738830566,-2.017667055130005,-1.5299451351165771,-0.6063107252120972,3.112682819366455
0.5409241914749146,1.1392874717712402,-2.023847818374634,-1.531123161315918,-0.6068280339241028,3.109701156616211
0.5603172779083252,1.1320949792861938,-2.0318500995635986,-1.532991886138916,-0.6068102121353149,3.1168100833892822
0.5587218999862671,1.1399563550949097,-2.0347654819488525,-1.525416612625122,-0.6050453186035156,3.1160824298858643
0.5871904492378235,1.101467490196228,-2.029346466064453,-1.5215801000595093,-0.6008333563804626,3.1212611198425293
0.5866569876670837,1.0953965187072754,-2.029104232788086,-1.520293116569519,-0.6004088521003723,3.1165695190429688
0.798835039138794,0.8578470945358276,-2.025214433670044,-1.5272917747497559,-0.6291016936302185,3.1393284797668457
0.7372621297836304,0.9139108657836914,-2.018775701522827,-1.5144754648208618,-0.6306706070899963,3.1332881450653076
0.7422047257423401,0.9013767838478088,-2.0208520889282227,-1.5166633129119873,-0.631386935710907,3.1362292766571045
0.7406799793243408,0.9031547904014587,-2.01967453956604,-1.5153167247772217,-0.6307957768440247,3.1342828273773193
0.7376132607460022,0.9121177196502686,-2.021829843521118,-1.5148156881332397,-0.6308093070983887,3.1321120262145996
0.7485896944999695,0.8972374200820923,-2.0219531059265137,-1.515697717666626,-0.6308408975601196,3.1365599632263184
0.7481081485748291,0.9003020524978638,-2.0228629112243652,-1.5176681280136108,-0.6298266649246216,3.1352033615112305
0.751602292060852,0.8924871683120728,-2.0208640098571777,-1.5185339450836182,-0.6288031935691833,3.1338536739349365
0.742318868637085,0.898893415927887,-2.0198593139648438,-1.5201162099838257,-0.6290236711502075,3.1310083866119385
0.7457641363143921,0.8881036043167114,-2.0161590576171875,-1.5192573070526123,-0.6329028606414795,3.132080554962158
0.7443860769271851,0.8950983881950378,-2.0229859352111816,-1.5185221433639526,-0.6300562620162964,3.130826950073242
0.7765451073646545,0.8597980737686157,-2.0417611598968506,-1.5119377374649048,-0.6454129219055176,3.107771158218384
0.7955204844474792,0.8563569188117981,-2.046285390853882,-1.510817527770996,-0.6476698517799377,3.1130998134613037
0.7971228361129761,0.8512657880783081,-2.048116683959961,-1.5129719972610474,-0.6485223770141602,3.1137421131134033
0.8018110990524292,0.8527902364730835,-2.0527613162994385,-1.510021448135376,-0.6486930847167969,3.116774797439575
0.798247218132019,0.855559229850769,-2.050774097442627,-1.5121097564697266,-0.6474360823631287,3.115131378173828
0.8224464058876038,0.8407014608383179,-2.054039716720581,-1.5100107192993164,-0.6448308825492859,3.1167967319488525
0.7912613153457642,0.864972710609436,-2.0503220558166504,-1.5117028951644897,-0.6481544971466064,3.116208553314209
0.8086566925048828,0.8467696309089661,-2.0487489700317383,-1.513228178024292,-0.6475562453269958,3.1158320903778076
0.8178871870040894,0.8479336500167847,-2.0526723861694336,-1.50752592086792,-0.6466810703277588,3.119450330734253
0.8149095773696899,0.8487640023231506,-2.051664113998413,-1.5093274116516113,-0.6471698880195618,3.1184513568878174
0.8153862953186035,0.849291205406189,-2.054232120513916,-1.5098142623901367,-0.6468116641044617,3.1176230907440186
0.7636201977729797,0.8467913269996643,-2.059375286102295,-1.503749132156372,-0.6578512787818909,3.097764730453491
0.7497925162315369,0.8506767153739929,-2.045600414276123,-1.5052390098571777,-0.6561031341552734,3.0925893783569336
0.7353675365447998,0.8622269630432129,-2.0404317378997803,-1.5083668231964111,-0.6578050851821899,3.087390422821045
0.764428973197937,0.8438689708709717,-2.053844451904297,-1.5011067390441895,-0.6555030941963196,3.098161220550537
0.7764742970466614,0.8400399088859558,-2.0532896518707275,-1.5006076097488403,-0.6523758769035339,3.0990419387817383
0.7754412293434143,0.8428775668144226,-2.0505003929138184,-1.5002292394638062,-0.6527525782585144,3.100688934326172
0.7789974212646484,0.8400915861129761,-2.052903175354004,-1.501528263092041,-0.6527873277664185,3.099947452545166
0.7615767121315002,0.8514741659164429,-2.0490071773529053,-1.4981215000152588,-0.6537370085716248,3.100055456161499
0.7575098276138306,0.852085292339325,-2.051870584487915,-1.501098394393921,-0.6556054353713989,3.096240282058716
0.747459352016449,0.8519753813743591,-2.0483813285827637,-1.5039993524551392,-0.6568352580070496,3.0944714546203613
0.7714890837669373,0.8236624002456665,-2.0825960636138916,-1.5010918378829956,-0.6669329404830933,3.090301990509033
0.7486050724983215,0.8585519194602966,-2.076509952545166,-1.4974323511123657,-0.666558563709259,3.084214687347412
0.7370609045028687,0.861649215221405,-2.073659896850586,-1.4991103410720825,-0.6668421030044556,3.07975435256958
0.7259023785591125,0.8711484670639038,-2.0676074028015137,-1.5019782781600952,-0.6666593551635742,3.0714974403381348
0.7409505248069763,0.8562391996383667,-2.0819313526153564,-1.5020508766174316,-0.6634992957115173,3.079587936401367
0.7318300008773804,0.87251877784729,-2.079627752304077,-1.5033442974090576,-0.6638097763061523,3.072859525680542
0.7487189769744873,0.8554561138153076,-2.087728500366211,-1.4984753131866455,-0.6628559827804565,3.084942579269409
0.7401463985443115,0.867169976234436,-2.087240695953369,-1.4982658624649048,-0.6625024080276489,3.0811054706573486
0.7524963617324829,0.8562843799591064,-2.089754343032837,-1.497867226600647,-0.6631861925125122,3.0855307579040527
0.7586883902549744,0.843551754951477,-2.0872573852539062,-1.499538779258728,-0.6625838875770569,3.0844311714172363
0.8053174614906311,0.7963526248931885,-2.105903148651123,-1.4949852228164673,-0.6710469722747803,3.0866589546203613
0.7861512303352356,0.8301859498023987,-2.099621534347534,-1.4938838481903076,-0.6762440800666809,3.085191011428833
0.7829137444496155,0.8259023427963257,-2.0955398082733154,-1.4978975057601929,-0.6777703762054443,3.0822794437408447
0.7599992752075195,0.8425396084785461,-2.0776517391204834,-1.4997907876968384,-0.6810762882232666,3.0699775218963623
0.7593255043029785,0.8465778827667236,-2.0694501399993896,-1.5041465759277344,-0.6826444864273071,3.065136194229126
0.7795478701591492,0.8351151943206787,-2.0760788917541504,-1.5167112350463867,-0.6809154152870178,3.0689897537231445
0.7935211062431335,0.8234063386917114,-2.071263313293457,-1.522802472114563,-0.6799825429916382,3.0756659507751465
0.807793378829956,0.8039141297340393,-2.0727853775024414,-1.5318663120269775,-0.6826536059379578,3.076960802078247
0.8135420083999634,0.7838788032531738,-2.070765495300293,-1.5350061655044556,-0.684483528137207,3.072918176651001
0.8167076110839844,0.7830418944358826,-2.073718309402466,-1.535081386566162,-0.6836416125297546,3.072857141494751
0.8282008171081543,0.7784608006477356,-2.0812039375305176,-1.5572041273117065,-0.681969165802002,3.075399160385132
0.8638470768928528,0.7735925316810608,-2.09619402885437,-1.5626029968261719,-0.6887956857681274,3.081270217895508
0.8273755311965942,0.8038303852081299,-2.110618829727173,-1.4963802099227905,-0.6841030716896057,3.087999105453491
0.8451870083808899,0.7663998007774353,-2.099926710128784,-1.5290066003799438,-0.6894638538360596,3.0722010135650635
0.8566105365753174,0.7542537450790405,-2.1018106937408447,-1.5350372791290283,-0.6903287172317505,3.0714075565338135
0.8659713268280029,0.737835168838501,-2.1059024333953857,-1.543009638786316,-0.6910830736160278,3.0696582794189453
0.8582809567451477,0.7387497425079346,-2.1036713123321533,-1.5443257093429565,-0.6908382773399353,3.063783645629883
0.8578072786331177,0.7347493767738342,-2.1007370948791504,-1.5462982654571533,-0.6911652088165283,3.059807777404785
0.8599324822425842,0.7372226715087891,-2.10046648979187,-1.553478717803955,-0.6902575492858887,3.0516061782836914
0.863955020904541,0.7476887106895447,-2.108302354812622,-1.55466628074646,-0.6913992166519165,3.058161735534668
0.8826698064804077,0.8056032657623291,-2.0971367359161377,-1.5453317165374756,-0.6825984716415405,3.077704668045044
0.9173597097396851,0.7963988780975342,-2.101569890975952,-1.533873438835144,-0.6780030131340027,3.085157871246338
1.0744200944900513,0.6932832598686218,-2.127211332321167,-1.6127947568893433,-0.6881147623062134,3.0726847648620605
0.9471181631088257,0.6350266933441162,-2.1005911827087402,-1.5840317010879517,-0.7010514736175537,3.084378719329834
0.9459375143051147,0.6290680170059204,-2.0997798442840576,-1.5862998962402344,-0.7014197111129761,3.085566997528076
0.9500097036361694,0.6295072436332703,-2.1057419776916504,-1.5882493257522583,-0.7032157182693481,3.0872907638549805
0.9475011229515076,0.6301761865615845,-2.104536294937134,-1.5818792581558228,-0.702475905418396,3.0923502445220947
0.9455553889274597,0.6353971362113953,-2.1050453186035156,-1.5787330865859985,-0.6991384625434875,3.0907108783721924
0.9375588297843933,0.6429193019866943,-2.1117959022521973,-1.57645583152771,-0.6982967257499695,3.097140312194824
0.934489905834198,0.6395494937896729,-2.1077942848205566,-1.5755537748336792,-0.6986244916915894,3.0962603092193604
0.9409133195877075,0.6338292956352234,-2.107787847518921,-1.5765568017959595,-0.6982166767120361,3.0954818725585938
0.9391176700592041,0.6295205354690552,-2.105048179626465,-1.5781421661376953,-0.6982049345970154,3.0967137813568115
0.9445242285728455,0.6196239590644836,-2.1053719520568848,-1.5781865119934082,-0.699880063533783,3.0975699424743652
0.9395405650138855,0.6245104074478149,-2.108259916305542,-1.5787097215652466,-0.6986738443374634,3.0966074466705322
0.9354187250137329,0.6445615887641907,-2.105738878250122,-1.5749555826187134,-0.7017853260040283,3.090132236480713
0.9375397562980652,0.6695205569267273,-2.1146419048309326,-1.5658215284347534,-0.6981556415557861,3.1006674766540527
0.9383070468902588,0.6514919400215149,-2.126631259918213,-1.5486925840377808,-0.7055245637893677,3.1183316707611084
0.9663006663322449,0.6122187376022339,-2.1248772144317627,-1.5438848733901978,-0.7075845003128052,3.1137208938598633
0.9458823800086975,0.6194559931755066,-2.1428425312042236,-1.537023663520813,-0.7141276597976685,3.112058639526367
0.9362066984176636,0.562637448310852,-2.1386609077453613,-1.5273985862731934,-0.7260720729827881,3.123169183731079
0.937865138053894,0.5056787133216858,-2.130505323410034,-1.5158323049545288,-0.7347790002822876,3.138395071029663
0.920157253742218,0.4445701539516449,-2.121502161026001,-1.4994056224822998,-0.7458881735801697,-3.1216280460357666
0.9164584875106812,0.4331521689891815,-2.119011163711548,-1.5040212869644165,-0.7448797225952148,-3.124850034713745
0.9243023991584778,0.40689361095428467,-2.126833438873291,-1.5064289569854736,-0.7452722787857056,-3.1179471015930176
0.9331515431404114,0.4254200756549835,-2.131040334701538,-1.5095678567886353,-0.743280291557312,-3.1214141845703125
0.9137002825737,0.6938542723655701,-2.1340253353118896,-1.5867356061935425,-0.6968620419502258,3.077782392501831
0.9368581175804138,0.6651235222816467,-2.136293649673462,-1.585507869720459,-0.6982764005661011,3.089540958404541
0.9278609752655029,0.7018482089042664,-2.1209163665771484,-1.577447533607483,-0.6981894969940186,3.0913169384002686
0.9384259581565857,0.6949577927589417,-2.1252856254577637,-1.5730206966400146,-0.6987249255180359,3.094789743423462
0.9357597231864929,0.703113317489624,-2.122058153152466,-1.5718744993209839,-0.6999531388282776,3.0933778285980225
0.9336059093475342,0.6971457004547119,-2.121479034423828,-1.5746643543243408,-0.6994246244430542,3.092060089111328
0.9350458383560181,0.7002710103988647,-2.1159234046936035,-1.574711561203003,-0.7003435492515564,3.092275857925415
0.9321953654289246,0.7027413249015808,-2.1236155033111572,-1.5729511976242065,-0.6991666555404663,3.0938560962677
0.9382252097129822,0.6935029625892639,-2.121265172958374,-1.5736420154571533,-0.698726236820221,3.095024585723877
0.9380418062210083,0.6932266354560852,-2.118870735168457,-1.5759879350662231,-0.6994277238845825,3.093064785003662
1.0169007778167725,0.566676914691925,-1.970694661140442,-1.522626519203186,-0.7675732374191284,-3.108474016189575
1.0016249418258667,0.5541768074035645,-1.9772142171859741,-1.5368329286575317,-0.7640594840049744,-3.125626802444458
1.010041356086731,0.5641070008277893,-1.9711765050888062,-1.5441334247589111,-0.7664105892181396,-3.133147954940796
1.0124002695083618,0.5734776258468628,-1.9651364088058472,-1.548047661781311,-0.7667056322097778,-3.136827230453491
1.0222057104110718,0.5883663296699524,-1.9602586030960083,-1.5542588233947754,-0.766059398651123,3.1354994773864746
1.0144717693328857,0.6043492555618286,-1.9624953269958496,-1.5556858777999878,-0.7651607990264893,3.1275885105133057
1.0220057964324951,0.5982951521873474,-1.9497559070587158,-1.5584925413131714,-0.7638917565345764,3.117342472076416
1.0197197198867798,0.6012349128723145,-1.9439849853515625,-1.5588699579238892,-0.7670360803604126,3.1078197956085205
1.0388909578323364,0.5709577798843384,-1.9438483715057373,-1.5706557035446167,-0.7725024223327637,3.0952823162078857
1.0483465194702148,0.5689042806625366,-1.9480513334274292,-1.5721232891082764,-0.7694369554519653,3.094480037689209
1.060570478439331,0.5728116035461426,-1.9573014974594116,-1.5751615762710571,-0.7692059874534607,3.1021175384521484
1.1865370273590088,0.44809770584106445,-1.941530704498291,-1.573744297027588,-0.7796407341957092,3.080655097961426
1.0812921524047852,0.3934231102466583,-1.9065322875976562,-1.5504060983657837,-0.7951053977012634,-3.133485794067383
1.0884490013122559,0.3852182626724243,-1.9066730737686157,-1.5466043949127197,-0.7969288229942322,-3.1342756748199463
1.10635507106781,0.37781086564064026,-1.896708607673645,-1.5526124238967896,-0.7990707159042358,-3.136608362197876
1.134226679801941,0.3527330756187439,-1.9045770168304443,-1.5546681880950928,-0.8044480085372925,-3.1369283199310303
1.1490449905395508,0.3318954110145569,-1.9123388528823853,-1.5448185205459595,-0.8066708445549011,-3.133470296859741
1.1329185962677002,0.36784085631370544,-1.9042744636535645,-1.5501528978347778,-0.805762767791748,-3.1359119415283203
1.1185226440429688,0.3782159686088562,-1.9019712209701538,-1.551670789718628,-0.8050196766853333,-3.133549928665161
1.105064034461975,0.38382309675216675,-1.905478596687317,-1.5513683557510376,-0.8111627697944641,-3.129558563232422
1.1074039936065674,0.3739798069000244,-1.908596396446228,-1.551010251045227,-0.8145346641540527,-3.1255836486816406
1.1047046184539795,0.36699041724205017,-1.9045298099517822,-1.5549159049987793,-0.8193811178207397,-3.1259453296661377
1.1166476011276245,0.3552061915397644,-1.8958303928375244,-1.5551798343658447,-0.8331494331359863,-3.1245992183685303
1.0765734910964966,0.4190049171447754,-1.9242396354675293,-1.5533453226089478,-0.7989491820335388,-3.1359074115753174
1.109302043914795,0.3926403224468231,-1.9205214977264404,-1.540025234222412,-0.8136114478111267,-3.1298935413360596
1.1128123998641968,0.381681352853775,-1.9177875518798828,-1.5381208658218384,-0.8204576969146729,-3.1298158168792725
1.122635006904602,0.37217968702316284,-1.915755271911621,-1.539280652999878,-0.8236345648765564,-3.1349680423736572
1.1319606304168701,0.3596140146255493,-1.9089962244033813,-1.5386805534362793,-0.8352766036987305,3.136591911315918
1.1564418077468872,0.33305689692497253,-1.923628807067871,-1.5330754518508911,-0.8393323421478271,3.1400442123413086
1.1624835729599,0.317358136177063,-1.9309117794036865,-1.5301790237426758,-0.8427778482437134,-3.134002447128296
1.1742970943450928,0.3057940602302551,-1.9364513158798218,-1.529723048210144,-0.842742919921875,-3.1370623111724854
1.1649537086486816,0.3159700036048889,-1.930227279663086,-1.5304980278015137,-0.8427319526672363,-3.137017250061035
1.1556155681610107,0.32974061369895935,-1.9285355806350708,-1.528311848640442,-0.840459406375885,-3.137831926345825
1.155814290046692,0.32943195104599,-1.9299118518829346,-1.527823805809021,-0.8410472273826599,-3.13734769821167
1.1085245609283447,0.39806631207466125,-1.9497514963150024,-1.5483936071395874,-0.8060205578804016,-3.13216495513916
1.1005973815917969,0.40107762813568115,-1.9489184617996216,-1.5507066249847412,-0.8046607375144958,-3.132396697998047
1.104377031326294,0.39737364649772644,-1.9503000974655151,-1.548600673675537,-0.8056210279464722,-3.1290969848632812
1.112404465675354,0.39090970158576965,-1.9505561590194702,-1.5508124828338623,-0.8057511448860168,-3.131887435913086
1.0963572263717651,0.40025579929351807,-1.9505021572113037,-1.5524426698684692,-0.8044261336326599,-3.1339149475097656
1.1303200721740723,0.3747917413711548,-1.9475895166397095,-1.5480629205703735,-0.8106058835983276,-3.1306278705596924
1.141465425491333,0.3654973804950714,-1.9480795860290527,-1.549829125404358,-0.811157763004303,-3.1318604946136475
1.15585196018219,0.36069455742836,-1.9508589506149292,-1.5486963987350464,-0.811608076095581,-3.1330513954162598
1.167284607887268,0.3411555886268616,-1.9572407007217407,-1.5478812456130981,-0.8109990954399109,-3.128795862197876
1.1745964288711548,0.3369594216346741,-1.956466794013977,-1.5444273948669434,-0.812038242816925,-3.1269705295562744
1.178421139717102,0.33685067296028137,-1.959017038345337,-1.5453330278396606,-0.8118327260017395,-3.1293327808380127
1.1082109212875366,0.4053274691104889,-1.9358280897140503,-1.5550248622894287,-0.8051214814186096,-3.13155460357666
1.11751127243042,0.3946942687034607,-1.9364122152328491,-1.5565861463546753,-0.8052744269371033,-3.130979061126709
1.1129720211029053,0.39288294315338135,-1.9339476823806763,-1.557715892791748,-0.8081878423690796,-3.129267692565918
1.1191949844360352,0.39099040627479553,-1.9340773820877075,-1.558308482170105,-0.8070234060287476,-3.1292855739593506
1.1161565780639648,0.402728408575058,-1.930426001548767,-1.557365894317627,-0.8091561198234558,-3.1274003982543945
1.1269582509994507,0.4049936532974243,-1.9274139404296875,-1.5562046766281128,-0.8114773631095886,-3.1258132457733154
1.1392123699188232,0.40369707345962524,-1.9293832778930664,-1.5556708574295044,-0.8100403547286987,-3.127685308456421
1.1822036504745483,0.4052627384662628,-1.9301079511642456,-1.555442214012146,-0.8062465190887451,-3.1346993446350098
1.1831104755401611,0.42440998554229736,-1.9297114610671997,-1.557735562324524,-0.8076088428497314,-3.1402547359466553
1.2149797677993774,0.4112245738506317,-1.945684790611267,-1.5659815073013306,-0.8111125826835632,3.129908561706543
1.2221102714538574,0.4047184884548187,-1.957342505455017,-1.5703428983688354,-0.8153936266899109,3.1268997192382812
1.130359172821045,0.41062018275260925,-1.923639178276062,-1.5629955530166626,-0.8007668256759644,-3.1363942623138428
1.1029860973358154,0.3911689221858978,-1.928762435913086,-1.572867512702942,-0.8059717416763306,-3.1281542778015137
1.1206399202346802,0.39457616209983826,-1.92837393283844,-1.5706645250320435,-0.8068238496780396,-3.1312623023986816
1.1334999799728394,0.3877254128456116,-1.9293707609176636,-1.5677541494369507,-0.809607982635498,-3.1304562091827393
1.120773434638977,0.40137162804603577,-1.939245343208313,-1.5639078617095947,-0.8171542286872864,-3.128727674484253
1.1400997638702393,0.3976753354072571,-1.9465917348861694,-1.5604537725448608,-0.8180303573608398,-3.131457805633545
1.1093283891677856,0.4007825255393982,-1.9603396654129028,-1.5706005096435547,-0.825981855392456,-3.1330840587615967
1.1450748443603516,0.3799441456794739,-1.9760534763336182,-1.5667942762374878,-0.8272910714149475,-3.1319189071655273
1.1371169090270996,0.3870467245578766,-1.9901096820831299,-1.5789026021957397,-0.8393775820732117,-3.124894380569458
1.1473088264465332,0.3707396388053894,-2.0032565593719482,-1.584800362586975,-0.84160315990448,-3.1178982257843018
1.1806191205978394,0.3850460946559906,-2.010434627532959,-1.5928046703338623,-0.8396388292312622,-3.1253416538238525
1.1010584831237793,0.4213373064994812,-1.9395197629928589,-1.5550562143325806,-0.7981438040733337,3.1331748962402344
1.1017228364944458,0.419515460729599,-1.9415143728256226,-1.5555689334869385,-0.7980804443359375,3.1320767402648926
1.122589111328125,0.41410714387893677,-1.9445396661758423,-1.5568026304244995,-0.7975869178771973,3.1271791458129883
1.1213985681533813,0.4163497984409332,-1.9424653053283691,-1.5583757162094116,-0.7986146211624146,3.1261160373687744
1.0983818769454956,0.4238199293613434,-1.9425489902496338,-1.5571752786636353,-0.8008488416671753,3.1342263221740723
1.1281874179840088,0.4147041440010071,-1.9440720081329346,-1.5572426319122314,-0.7979440093040466,3.127758026123047
1.1294375658035278,0.41004738211631775,-1.9441921710968018,-1.5574489831924438,-0.7972618937492371,3.123837471008301
1.097293734550476,0.41794243454933167,-1.9350134134292603,-1.553261637687683,-0.7913092970848083,3.115453004837036
1.1240763664245605,0.4127211272716522,-1.933754801750183,-1.5575002431869507,-0.7812628149986267,3.0883378982543945
1.0603830814361572,0.46221622824668884,-1.9007331132888794,-1.5650473833084106,-0.7718175053596497,3.0872385501861572
1.0643301010131836,0.45776861906051636,-1.8909902572631836,-1.5654627084732056,-0.7723132371902466,3.068462610244751
1.0981831550598145,0.4606228470802307,-1.915383219718933,-1.5615750551223755,-0.7854418754577637,-3.1407134532928467
1.0566257238388062,0.5041767954826355,-1.885402798652649,-1.557395339012146,-0.7710548639297485,-3.141418933868408
1.1289634704589844,0.4824031591415405,-1.9071425199508667,-1.5480287075042725,-0.7823583483695984,3.1293210983276367
1.102748155593872,0.4949113726615906,-1.8978317975997925,-1.547958254814148,-0.7820450663566589,3.131572961807251
1.029191017150879,0.5232425332069397,-1.8880559206008911,-1.5441685914993286,-0.7718698978424072,-3.1239395141601562
1.0082855224609375,0.5330237150192261,-1.8711190223693848,-1.541039228439331,-0.76669842004776,-3.1130099296569824
0.9603030681610107,0.5442396998405457,-1.8130537271499634,-1.5202362537384033,-0.7592086791992188,-3.0883877277374268
0.9509612321853638,0.5565551519393921,-1.768622875213623,-1.5123132467269897,-0.7386935949325562,-3.04105544090271
0.9235368967056274,0.5653122663497925,-1.7807645797729492,-1.5154483318328857,-0.7411283850669861,-3.013256788253784
0.8074460029602051,0.4990539252758026,-1.8189114332199097,-1.5148289203643799,-0.7431378364562988,-2.9751062393188477
0.7746332883834839,0.47105786204338074,-1.8445594310760498,-1.5171228647232056,-0.7428941130638123,-2.9463534355163574
1.0561803579330444,0.4217359125614166,-1.955544352531433,-1.5603035688400269,-0.7874574661254883,3.1406943798065186
1.0226459503173828,0.45848920941352844,-1.9609079360961914,-1.5567666292190552,-0.7782083749771118,3.1377012729644775
1.013008713722229,0.46126019954681396,-1.9583194255828857,-1.546229362487793,-0.7782189846038818,3.136760711669922
1.0171947479248047,0.45436781644821167,-1.9595240354537964,-1.5433385372161865,-0.7820471525192261,3.133556842803955
1.0121198892593384,0.46161848306655884,-1.952856421470642,-1.5331271886825562,-0.7891481518745422,3.1371448040008545
1.0256019830703735,0.38227710127830505,-1.9343029260635376,-1.497125267982483,-0.8023855686187744,-3.116028308868408
1.0352451801300049,0.3371180295944214,-1.914563775062561,-1.476335048675537,-0.8120887875556946,-3.095475912094116
1.0483242273330688,0.2827887237071991,-1.9047486782073975,-1.4560295343399048,-0.8172722458839417,-3.0831148624420166
1.0550543069839478,0.2872166037559509,-1.903784155845642,-1.4568184614181519,-0.8171762824058533,-3.0837106704711914
1.0470761060714722,0.3039681017398834,-1.9059255123138428,-1.463705062866211,-0.8163630366325378,-3.0871975421905518
1.0466740131378174,0.3146211504936218,-1.9149854183197021,-1.4659873247146606,-0.8155109286308289,-3.090216636657715
1.0776493549346924,0.4178030788898468,-1.9190789461135864,-1.554421067237854,-0.8032073974609375,-3.1371796131134033
1.0764249563217163,0.4176952838897705,-1.9180428981781006,-1.5540741682052612,-0.8031519651412964,-3.1367087364196777
1.0885529518127441,0.4052457809448242,-1.9201960563659668,-1.5519049167633057,-0.8040526509284973,-3.132131814956665
1.0793018341064453,0.41389480233192444,-1.917460560798645,-1.551719307899475,-0.8034612536430359,-3.1351325511932373
1.0771650075912476,0.4167232811450958,-1.916888952255249,-1.552850365638733,-0.8050278425216675,-3.137582778930664
1.0848851203918457,0.41032448410987854,-1.9212491512298584,-1.550869107246399,-0.8047965168952942,-3.133781671524048
1.0842455625534058,0.4165760576725006,-1.921493649482727,-1.5570465326309204,-0.8027529120445251,-3.133948802947998
1.0753600597381592,0.4315791428089142,-1.919438362121582,-1.5627682209014893,-0.7990509867668152,-3.1395115852355957
1.0859432220458984,0.42735928297042847,-1.918399691581726,-1.5643408298492432,-0.7997350692749023,-3.1400389671325684
1.0756878852844238,0.43706709146499634,-1.915489673614502,-1.5658143758773804,-0.797774612903595,3.1409456729888916
1.0057655572891235,0.4373636841773987,-1.604458212852478,-1.5060175657272339,-0.8469181060791016,-3.1256861686706543
0.9601625800132751,0.4555412530899048,-1.601830005645752,-1.5002758502960205,-0.8416913747787476,-3.1203184127807617
0.9559516310691833,0.46222037076950073,-1.6000069379806519,-1.5035783052444458,-0.8405160903930664,-3.1214005947113037
0.9729747772216797,0.43873414397239685,-1.6045260429382324,-1.4969111680984497,-0.8453592658042908,-3.113924026489258
0.9617971181869507,0.4497455656528473,-1.6036441326141357,-1.5004734992980957,-0.8435474038124084,-3.1188950538635254
0.9544658064842224,0.4618009924888611,-1.6014784574508667,-1.5018242597579956,-0.8415772318840027,-3.1142683029174805
0.9619687795639038,0.4488295912742615,-1.6053054332733154,-1.5003395080566406,-0.844010591506958,-3.1148946285247803
0.9765334725379944,0.4354605972766876,-1.6056485176086426,-1.49651300907135,-0.8462438583374023,-3.1117944717407227
0.9537670016288757,0.4586700201034546,-1.6030454635620117,-1.5008467435836792,-0.8427891135215759,-3.114485740661621
0.9635741710662842,0.4465470612049103,-1.6049555540084839,-1.497050166130066,-0.8455778956413269,-3.114142894744873
0.9637827277183533,0.44206365942955017,-1.6038986444473267,-1.496284008026123,-0.8460949063301086,-3.1137499809265137
1.1219276189804077,0.3325139284133911,-1.5751382112503052,-1.5389823913574219,-0.8788537383079529,3.132807731628418
1.1093465089797974,0.3459208607673645,-1.5712167024612427,-1.5380964279174805,-0.8793873190879822,3.120480537414551
1.1185686588287354,0.33566513657569885,-1.5732451677322388,-1.5376383066177368,-0.8805986046791077,3.12510085105896
1.1262110471725464,0.3285650312900543,-1.5732383728027344,-1.5327004194259644,-0.8818139433860779,3.1307249069213867
1.116261601448059,0.3364153802394867,-1.5763397216796875,-1.5351661443710327,-0.8814477324485779,3.1304798126220703
1.111501693725586,0.3384360373020172,-1.578330397605896,-1.534601092338562,-0.8813191056251526,3.1313254833221436
1.1084153652191162,0.34145551919937134,-1.5765228271484375,-1.5365771055221558,-0.8807410001754761,3.128392457962036
1.1384292840957642,0.32267266511917114,-1.5794727802276611,-1.5282517671585083,-0.8815089464187622,3.1369874477386475
1.1317681074142456,0.328758180141449,-1.5827665328979492,-1.5296236276626587,-0.8802154064178467,3.134878396987915
1.1484806537628174,0.30722832679748535,-1.5927925109863281,-1.5251230001449585,-0.8835738301277161,3.1400206089019775
1.1436104774475098,0.30485689640045166,-1.5976659059524536,-1.51982581615448,-0.8860276937484741,-3.1358633041381836
1.4243595600128174,0.22683079540729523,-1.5590325593948364,-1.5478323698043823,-0.92014080286026,-3.1325089931488037
1.3858972787857056,0.2893518805503845,-1.5340852737426758,-1.564992904663086,-0.9147668480873108,3.115797996520996
1.3934941291809082,0.2907664179801941,-1.5341006517410278,-1.5644410848617554,-0.9144195318222046,3.115147113800049
1.3876878023147583,0.29255449771881104,-1.530832052230835,-1.5636059045791626,-0.9152379035949707,3.1143620014190674
1.3782856464385986,0.29447197914123535,-1.5328587293624878,-1.564422369003296,-0.914894163608551,3.1164722442626953
1.3860045671463013,0.29199880361557007,-1.5330508947372437,-1.5652306079864502,-0.9155960083007812,3.1155738830566406
1.371227741241455,0.2993845045566559,-1.528764009475708,-1.5670233964920044,-0.9155073165893555,3.115743398666382
1.3635179996490479,0.30968940258026123,-1.5225719213485718,-1.5728881359100342,-0.9142124056816101,3.116082191467285
1.358211874961853,0.3128541111946106,-1.5147615671157837,-1.5767852067947388,-0.9145626425743103,3.1140453815460205
1.3341829776763916,0.34460416436195374,-1.5041449069976807,-1.5850350856781006,-0.9104166626930237,3.106813669204712
1.3272970914840698,0.35343796014785767,-1.4972786903381348,-1.587177038192749,-0.9098532795906067,3.1080565452575684
1.3675485849380493,0.3594527244567871,-1.4597539901733398,-1.6152217388153076,-0.9144761562347412,3.1337544918060303
1.4204224348068237,0.2639078199863434,-1.490638017654419,-1.5843724012374878,-0.9176469445228577,-3.1271958351135254
1.3908175230026245,0.31697794795036316,-1.4837510585784912,-1.5923413038253784,-0.9110357761383057,-3.139155626296997
1.381749153137207,0.3374708294868469,-1.4808546304702759,-1.6012237071990967,-0.908072829246521,3.138505220413208
1.3933238983154297,0.32501113414764404,-1.4888836145401,-1.6009941101074219,-0.9104058742523193,3.140843152999878
1.382007360458374,0.33926472067832947,-1.4884967803955078,-1.606851577758789,-0.9103425145149231,3.1385743618011475
1.3944741487503052,0.3363978862762451,-1.4913777112960815,-1.6093692779541016,-0.9114484190940857,3.136664390563965
1.3787660598754883,0.3500622808933258,-1.4847357273101807,-1.6113853454589844,-0.9077930450439453,3.1352362632751465
1.3936612606048584,0.3433885872364044,-1.4892899990081787,-1.6085186004638672,-0.9107961058616638,3.1361801624298096
1.3900195360183716,0.37032485008239746,-1.4828985929489136,-1.6187273263931274,-0.9113020896911621,3.128821849822998
1.3882091045379639,0.37509971857070923,-1.4829338788986206,-1.619506597518921,-0.9106306433677673,3.1263091564178467
1.4926037788391113,0.3570009469985962,-1.428986668586731,-1.6909782886505127,-0.9048378467559814,3.083528757095337
1.5638567209243774,0.2299736887216568,-1.4601601362228394,-1.6452497243881226,-0.9102053642272949,3.115074872970581
1.559045672416687,0.23078154027462006,-1.4625767469406128,-1.647038459777832,-0.911160945892334,3.1147289276123047
1.5717493295669556,0.22371402382850647,-1.4610493183135986,-1.6429939270019531,-0.9106273651123047,3.114834785461426
1.5716252326965332,0.22480711340904236,-1.4609990119934082,-1.64488685131073,-0.9104499816894531,3.115649938583374
1.5681616067886353,0.22913627326488495,-1.462123155593872,-1.6460185050964355,-0.909733772277832,3.1172945499420166
1.5781151056289673,0.219548299908638,-1.4625537395477295,-1.6445343494415283,-0.9122390747070312,3.1187705993652344
1.5647276639938354,0.2356347292661667,-1.4671807289123535,-1.6481672525405884,-0.9126719236373901,3.1188790798187256
1.5682216882705688,0.2299133688211441,-1.4676166772842407,-1.6485097408294678,-0.9143272638320923,3.119631052017212
1.573370337486267,0.24126434326171875,-1.4674158096313477,-1.6489092111587524,-0.9113019108772278,3.1189827919006348
1.576568603515625,0.22509372234344482,-1.4668952226638794,-1.648249626159668,-0.9149746894836426,3.1231465339660645
1.629753589630127,0.31893378496170044,-1.5318593978881836,-1.7276171445846558,-0.9067922830581665,3.0666258335113525
1.6339679956436157,0.2723104953765869,-1.527127742767334,-1.7132266759872437,-0.9073928594589233,3.0678374767303467
1.6360974311828613,0.2752547860145569,-1.5249556303024292,-1.712311029434204,-0.9118070006370544,3.070435047149658
1.6416734457015991,0.2803860902786255,-1.5252100229263306,-1.7142562866210938,-0.9097588062286377,3.0702056884765625
1.630399227142334,0.2987461984157562,-1.5276224613189697,-1.7200535535812378,-0.9129993915557861,3.069450616836548
1.6471370458602905,0.27792492508888245,-1.5315488576889038,-1.717698097229004,-0.9140369296073914,3.071089506149292
1.6356310844421387,0.2737390398979187,-1.5289428234100342,-1.7194938659667969,-0.9214818477630615,3.074481248855591
1.644149899482727,0.2769377827644348,-1.530894160270691,-1.7205601930618286,-0.9185358881950378,3.0733814239501953
1.6388171911239624,0.276714950799942,-1.5300394296646118,-1.7197340726852417,-0.9208619594573975,3.07331919670105
1.6424616575241089,0.27327433228492737,-1.53019380569458,-1.720336675643921,-0.9201694130897522,3.073059320449829
1.653154730796814,0.29025205969810486,-1.5342525243759155,-1.720422387123108,-0.9227969646453857,3.0666799545288086
1.8028444051742554,0.20945419371128082,-1.4845006465911865,-1.7238198518753052,-0.9208632111549377,3.02947998046875
1.7547721862792969,0.1909291297197342,-1.4630329608917236,-1.7142605781555176,-0.9030599594116211,3.0372281074523926
1.7289389371871948,0.1911691576242447,-1.4528917074203491,-1.709257960319519,-0.9108789563179016,3.0450351238250732
1.6837773323059082,0.1800057590007782,-1.4649144411087036,-1.7095396518707275,-0.9241783022880554,3.0476760864257812
1.6566299200057983,0.17983785271644592,-1.4790376424789429,-1.713889241218567,-0.9290944933891296,3.0506179332733154
1.648564338684082,0.18871015310287476,-1.5065884590148926,-1.7176601886749268,-0.9258303046226501,3.047293186187744
1.6500786542892456,0.21785449981689453,-1.5659193992614746,-1.7424640655517578,-0.940088152885437,3.039421558380127
1.6766784191131592,0.2232980877161026,-1.5890132188796997,-1.7407760620117188,-0.9464756846427917,3.0451595783233643
1.7633503675460815,0.18679098784923553,-1.6182867288589478,-1.7287895679473877,-0.9434704184532166,3.062912940979004
1.8016084432601929,0.1715802401304245,-1.6238678693771362,-1.719508409500122,-0.9410984516143799,3.06938099861145
1.793086051940918,0.21472766995429993,-1.6274369955062866,-1.7267041206359863,-0.9333903789520264,3.0621089935302734
1.8921757936477661,0.23960962891578674,-1.6222238540649414,-1.7432458400726318,-0.9535452723503113,3.0179293155670166
1.8936115503311157,0.19930803775787354,-1.4496793746948242,-1.7140895128250122,-0.9157547950744629,3.0176169872283936
1.85658597946167,0.19021522998809814,-1.450119972229004,-1.7083827257156372,-0.9075973033905029,3.019294261932373
1.8091760873794556,0.1877775341272354,-1.4402570724487305,-1.6996031999588013,-0.9021368026733398,3.0298190116882324
1.7642515897750854,0.21104885637760162,-1.4401911497116089,-1.6996639966964722,-0.8998849391937256,3.029350757598877
1.7381086349487305,0.17429900169372559,-1.4372124671936035,-1.6968852281570435,-0.9098614454269409,3.0486230850219727
1.7513726949691772,0.1549663543701172,-1.4331384897232056,-1.6958907842636108,-0.9117754101753235,3.0511159896850586
1.7363189458847046,0.158566415309906,-1.4338126182556152,-1.6916087865829468,-0.9093422293663025,3.056324005126953
1.7295925617218018,0.15353789925575256,-1.4318344593048096,-1.688449740409851,-0.9076693058013916,3.061379909515381
1.719007968902588,0.13976778090000153,-1.4257521629333496,-1.68324613571167,-0.9062239527702332,3.064969301223755
1.727286458015442,0.13417042791843414,-1.439409852027893,-1.6826512813568115,-0.9084269404411316,3.070725202560425
1.843024730682373,0.12276158481836319,-1.8766686916351318,-1.6705878973007202,-0.9727602005004883,3.063913106918335
2.02099347114563,0.1864774376153946,-1.8856478929519653,-1.7009904384613037,-0.970202624797821,3.0151312351226807
2.022228717803955,0.1786210685968399,-1.8820178508758545,-1.6969108581542969,-0.9717741012573242,3.0204970836639404
2.0252273082733154,0.17784488201141357,-1.88407564163208,-1.6985975503921509,-0.9729429483413696,3.0202388763427734
2.0128695964813232,0.18049880862236023,-1.8873604536056519,-1.7023630142211914,-0.9691190123558044,3.013047218322754
2.0148098468780518,0.1875169724225998,-1.8876310586929321,-1.7032181024551392,-0.968427836894989,3.0102899074554443
2.01008939743042,0.17275622487068176,-1.894566535949707,-1.7012543678283691,-0.9674726724624634,3.0121397972106934
2.004296064376831,0.17897893488407135,-1.8845806121826172,-1.702113389968872,-0.9652833938598633,3.0072200298309326
1.9948132038116455,0.17283302545547485,-1.8881545066833496,-1.7043890953063965,-0.9653452634811401,3.006683111190796
1.9970014095306396,0.18183177709579468,-1.8885070085525513,-1.7035876512527466,-0.964178740978241,3.0054376125335693
2.0081279277801514,0.1677761971950531,-1.8902442455291748,-1.7051408290863037,-0.9669244289398193,3.0080819129943848
2.1191532611846924,0.2921760678291321,-1.9481401443481445,-1.6308605670928955,-0.9835081100463867,3.0543696880340576
2.154801607131958,0.2942618131637573,-1.9513829946517944,-1.6249281167984009,-0.9876134395599365,3.0599653720855713
2.152538776397705,0.2934733033180237,-1.9499143362045288,-1.6253480911254883,-0.9883597493171692,3.061467409133911
2.1474618911743164,0.2923113703727722,-1.9496303796768188,-1.6256613731384277,-0.9870632886886597,3.059816837310791
2.149729013442993,0.303754985332489,-1.9445717334747314,-1.6265097856521606,-0.9865532517433167,3.0587317943573
2.1480047702789307,0.2936939299106598,-1.953832983970642,-1.6274317502975464,-0.9883800745010376,3.060260534286499
2.144611358642578,0.29826050996780396,-1.955367922782898,-1.6271733045578003,-0.988711416721344,3.0617167949676514
2.137725591659546,0.30008408427238464,-1.9512474536895752,-1.6289077997207642,-0.9880989193916321,3.0583853721618652
2.159606456756592,0.2950560748577118,-1.9535037279129028,-1.62787926197052,-0.9890431761741638,3.0593559741973877
2.163989782333374,0.2991744875907898,-1.9545930624008179,-1.6274315118789673,-0.9882781505584717,3.0585808753967285
2.1582717895507812,0.2947900593280792,-1.9582271575927734,-1.6268540620803833,-0.9883367419242859,3.056804895401001
2.1745550632476807,0.30291998386383057,-1.8694275617599487,-1.5873627662658691,-1.0000702142715454,3.038954257965088
2.207366943359375,0.2749892473220825,-1.8753979206085205,-1.580999493598938,-1.0026220083236694,3.0472352504730225
2.2194931507110596,0.2663216292858124,-1.8855454921722412,-1.5754882097244263,-1.0047993659973145,3.052117109298706
2.2573025226593018,0.232661172747612,-1.8841367959976196,-1.5740987062454224,-1.0070854425430298,3.057603597640991
2.2618212699890137,0.2226329743862152,-1.8841814994812012,-1.5776652097702026,-1.009489893913269,3.0593810081481934
2.2878453731536865,0.19705432653427124,-1.891280174255371,-1.5798447132110596,-1.0180237293243408,3.0549821853637695
2.2909629344940186,0.1856752336025238,-1.8958947658538818,-1.582749605178833,-1.0231437683105469,3.049896478652954
2.3092470169067383,0.1762712299823761,-1.8968005180358887,-1.5861011743545532,-1.0272350311279297,3.0468618869781494
2.327988386154175,0.16871151328086853,-1.8932546377182007,-1.582615613937378,-1.0316194295883179,3.0481677055358887
2.339857816696167,0.17537404596805573,-1.890490174293518,-1.593929409980774,-1.036565899848938,3.039212226867676
2.3121724128723145,0.1897692084312439,-1.875828504562378,-1.59017813205719,-1.038405418395996,3.042717218399048
2.3515257835388184,0.19279853999614716,-1.792578935623169,-1.5661684274673462,-1.0366880893707275,3.0327696800231934
2.1756045818328857,0.25029757618904114,-1.7702620029449463,-1.5920920372009277,-1.0103565454483032,3.003929853439331
2.164206027984619,0.22911253571510315,-1.7739036083221436,-1.597115397453308,-1.0079270601272583,3.0123708248138428
2.135162353515625,0.24436882138252258,-1.7696164846420288,-1.6050392389297485,-1.0105996131896973,3.0105979442596436
2.126607894897461,0.23674720525741577,-1.7638576030731201,-1.5970395803451538,-1.0096828937530518,3.023392915725708
2.1120059490203857,0.24146410822868347,-1.7612653970718384,-1.597628116607666,-1.0101301670074463,3.0283052921295166
2.111464738845825,0.23615214228630066,-1.7668780088424683,-1.5930894613265991,-1.0110987424850464,3.033982515335083
2.136406421661377,0.18042519688606262,-1.773056983947754,-1.572852611541748,-1.0201340913772583,3.062971591949463
2.1513452529907227,0.16645704209804535,-1.7813265323638916,-1.5693944692611694,-1.0251508951187134,3.0739331245422363
2.141334056854248,0.164155974984169,-1.7782131433486938,-1.5783847570419312,-1.0310920476913452,3.0768251419067383
2.1400506496429443,0.16101890802383423,-1.763512372970581,-1.581012487411499,-1.0325870513916016,3.071641683578491
2.3451879024505615,0.023623384535312653,-1.4743832349777222,-1.5628668069839478,-1.0774664878845215,3.062777042388916
2.3852360248565674,0.09376087784767151,-1.5228581428527832,-1.5837165117263794,-1.0650547742843628,2.9978365898132324
2.3623878955841064,0.10587136447429657,-1.512440800666809,-1.590747356414795,-1.0640264749526978,2.991072416305542
2.3365981578826904,0.12380571663379669,-1.506056785583496,-1.5941665172576904,-1.0628207921981812,2.9932024478912354
2.3581459522247314,0.10575045645236969,-1.5105489492416382,-1.5926353931427002,-1.0621827840805054,2.998128890991211
2.3780133724212646,0.08541670441627502,-1.5195648670196533,-1.5886892080307007,-1.0674116611480713,3.0048975944519043
2.385823965072632,0.07878769934177399,-1.5214225053787231,-1.5876002311706543,-1.0691274404525757,3.005753755569458
2.410210609436035,0.07672804594039917,-1.5286356210708618,-1.5790760517120361,-1.0664148330688477,3.0087151527404785
2.405836582183838,0.06758298724889755,-1.5326955318450928,-1.5849473476409912,-1.0614309310913086,3.0104315280914307
2.4175870418548584,0.05937798693776131,-1.5341362953186035,-1.5834875106811523,-1.0609196424484253,3.0102367401123047
2.4306375980377197,0.054086051881313324,-1.5416903495788574,-1.5952683687210083,-1.061762809753418,2.9990949630737305
2.4206736087799072,0.0768313780426979,-1.4539802074432373,-1.6209295988082886,-1.0991051197052002,3.0218751430511475
2.3781235218048096,0.13905607163906097,-1.4307081699371338,-1.5962374210357666,-1.1034049987792969,3.0255916118621826
2.381157159805298,0.12938930094242096,-1.4281083345413208,-1.599045991897583,-1.1024246215820312,3.025571346282959
2.3800225257873535,0.13276547193527222,-1.4276748895645142,-1.5989100933074951,-1.1012994050979614,3.0256705284118652
2.384484052658081,0.12550216913223267,-1.421906590461731,-1.6032471656799316,-1.1008085012435913,3.0252537727355957
2.38044810295105,0.13117055594921112,-1.4219653606414795,-1.6119977235794067,-1.100618839263916,3.0169475078582764
2.3855202198028564,0.12444303929805756,-1.4162845611572266,-1.613533854484558,-1.0991511344909668,3.016428232192993
2.3861918449401855,0.124715156853199,-1.4171910285949707,-1.612162709236145,-1.0983800888061523,3.0193066596984863
2.391855001449585,0.12520235776901245,-1.4130786657333374,-1.6152995824813843,-1.0982900857925415,3.017021656036377
2.4076426029205322,0.121946781873703,-1.4113283157348633,-1.6194998025894165,-1.0999656915664673,3.016029119491577
2.417710065841675,0.12075820565223694,-1.4090602397918701,-1.6215741634368896,-1.0992491245269775,3.015479803085327
2.657470464706421,0.1058373898267746,-1.3132342100143433,-1.6911096572875977,-1.1227355003356934,2.9654603004455566
2.628511667251587,0.12556566298007965,-1.3248366117477417,-1.6555092334747314,-1.1285390853881836,2.987145185470581
2.6287612915039062,0.1207316443324089,-1.312986969947815,-1.6620839834213257,-1.1280628442764282,2.9824838638305664
2.655461549758911,0.11659862101078033,-1.3112562894821167,-1.6696727275848389,-1.126822590827942,2.971458911895752
2.6573681831359863,0.11411608755588531,-1.3139700889587402,-1.6706043481826782,-1.125579833984375,2.9688374996185303
2.676572561264038,0.10695609450340271,-1.3167308568954468,-1.6722087860107422,-1.1244903802871704,2.963083505630493
2.7076313495635986,0.10295578092336655,-1.3092440366744995,-1.6761889457702637,-1.1216541528701782,2.956812858581543
2.7378945350646973,0.09533882886171341,-1.305955410003662,-1.6808291673660278,-1.118359088897705,2.954575300216675
2.77803897857666,0.08881799876689911,-1.298338532447815,-1.679192304611206,-1.1184719800949097,2.963228940963745
2.7882630825042725,0.08495758473873138,-1.2974447011947632,-1.6758981943130493,-1.116175651550293,2.9670510292053223
2.8037972450256348,0.0768980085849762,-1.300864577293396,-1.6797544956207275,-1.1179052591323853,2.962407350540161
2.8671412467956543,0.0525074303150177,-1.2996746301651,-1.7424440383911133,-1.1443877220153809,2.9134740829467773
2.6923139095306396,0.08766162395477295,-1.3407834768295288,-1.7352155447006226,-1.1522190570831299,2.9142231941223145
2.7131543159484863,0.08711006492376328,-1.3376411199569702,-1.7322666645050049,-1.152490496635437,2.915193557739258
2.725656747817993,0.08266943693161011,-1.336258888244629,-1.7268341779708862,-1.1509661674499512,2.923499345779419
2.7315900325775146,0.08201971650123596,-1.3329776525497437,-1.7237673997879028,-1.1509147882461548,2.9294259548187256
2.7298641204833984,0.07348131388425827,-1.3284319639205933,-1.7175477743148804,-1.1508138179779053,2.9410459995269775
2.740980863571167,0.05420317500829697,-1.3178199529647827,-1.7186706066131592,-1.1510564088821411,2.9444353580474854
2.7446391582489014,0.02689623087644577,-1.3100298643112183,-1.7093689441680908,-1.1503233909606934,2.9609885215759277
2.7510461807250977,0.025349125266075134,-1.3098499774932861,-1.705847144126892,-1.1507056951522827,2.9662957191467285
2.7468340396881104,0.019905678927898407,-1.3110692501068115,-1.701197624206543,-1.148546576499939,2.970106601715088
2.754263401031494,0.014898084104061127,-1.3126682043075562,-1.70545494556427,-1.1473195552825928,2.9676167964935303
2.9611783027648926,-0.08828170597553253,-1.1906665563583374,-1.7425976991653442,-1.1710357666015625,2.932446002960205
2.858341693878174,0.006383747793734074,-1.2154486179351807,-1.7852681875228882,-1.1657702922821045,2.867920160293579
2.8490219116210938,0.009037456475198269,-1.2162147760391235,-1.7876499891281128,-1.1658504009246826,2.8639516830444336
2.8513922691345215,0.013900338672101498,-1.2177621126174927,-1.787101149559021,-1.1672637462615967,2.8597757816314697
2.8458235263824463,0.023026306182146072,-1.2265697717666626,-1.778024435043335,-1.169924020767212,2.8666257858276367
2.8442986011505127,-0.0038900021463632584,-1.2383047342300415,-1.7820185422897339,-1.166119933128357,2.8670201301574707
2.892641067504883,-0.06642170250415802,-1.248008370399475,-1.744728446006775,-1.1545138359069824,2.9159719944000244
2.897106409072876,-0.07794293761253357,-1.2603017091751099,-1.737852692604065,-1.1491941213607788,2.919130563735962
2.9194228649139404,-0.1018320694565773,-1.264793872833252,-1.7347949743270874,-1.1534661054611206,2.9262962341308594
2.9239158630371094,-0.09818917512893677,-1.2705122232437134,-1.7377549409866333,-1.159969449043274,2.919799327850342
2.913048267364502,-0.07214031368494034,-1.2729114294052124,-1.7449473142623901,-1.1662209033966064,2.9208927154541016
2.948732614517212,-0.05868197977542877,-1.2699183225631714,-1.7424226999282837,-1.184608817100525,2.975090265274048
2.927696704864502,0.029314445331692696,-1.2212468385696411,-1.7553212642669678,-1.1941168308258057,2.944624185562134
2.902538299560547,0.03914210945367813,-1.2389822006225586,-1.7576216459274292,-1.1918668746948242,2.942143678665161
2.893156051635742,0.033543169498443604,-1.2547262907028198,-1.7553250789642334,-1.190765142440796,2.942214012145996
2.9219887256622314,0.03254043310880661,-1.2510368824005127,-1.7477045059204102,-1.1904457807540894,2.9588136672973633
2.9173529148101807,0.01802968420088291,-1.2380863428115845,-1.7448649406433105,-1.1922926902770996,2.967219352722168
2.8927438259124756,-0.0029200848657637835,-1.2221057415008545,-1.7531367540359497,-1.1954710483551025,2.960489273071289
2.875063419342041,0.0017208296339958906,-1.2267074584960938,-1.7615541219711304,-1.19060480594635,2.9506256580352783
2.8604345321655273,-0.012268896214663982,-1.214953899383545,-1.7709887027740479,-1.1905543804168701,2.9480323791503906
2.8641669750213623,-0.014951870776712894,-1.2055364847183228,-1.7872368097305298,-1.1906287670135498,2.9398856163024902
2.8535494804382324,-0.006355241872370243,-1.202802300453186,-1.8007872104644775,-1.1921870708465576,2.9320545196533203
2.8687734603881836,0.1588129848241806,-1.300606608390808,-1.796824336051941,-1.2167969942092896,2.9920108318328857
2.940095901489258,0.1988178938627243,-1.2955129146575928,-1.7459467649459839,-1.2118897438049316,3.0098352432250977
2.950023889541626,0.19820940494537354,-1.2958918809890747,-1.7451670169830322,-1.2113542556762695,3.008437395095825
2.9487955570220947,0.19369818270206451,-1.3020249605178833,-1.7447766065597534,-1.2119377851486206,3.0066628456115723
2.941791296005249,0.1981271207332611,-1.3041465282440186,-1.7445112466812134,-1.2157431840896606,3.0063488483428955
2.937500476837158,0.20375454425811768,-1.3112648725509644,-1.7438358068466187,-1.2132344245910645,3.0051066875457764
2.9358253479003906,0.20772646367549896,-1.3111276626586914,-1.7422754764556885,-1.2111480236053467,3.0091981887817383
2.9457509517669678,0.18950556218624115,-1.303454041481018,-1.7555913925170898,-1.2124698162078857,2.995692491531372
2.9355015754699707,0.20056819915771484,-1.3092526197433472,-1.7462105751037598,-1.20906400680542,3.0063982009887695
2.955007314682007,0.19271044433116913,-1.3075618743896484,-1.748413324356079,-1.2092598676681519,3.0055453777313232
2.9307518005371094,0.2008315771818161,-1.3086574077606201,-1.7464591264724731,-1.2083845138549805,3.0123536586761475
2.875113010406494,0.2598923146724701,-1.5101500749588013,-1.794079303741455,-1.2385647296905518,3.0367591381073
2.944589376449585,0.23154985904693604,-1.5006309747695923,-1.80849027633667,-1.2326221466064453,3.022003173828125
2.966972827911377,0.20543690025806427,-1.503989338874817,-1.817571997642517,-1.231000542640686,3.0194590091705322
2.9625377655029297,0.20666447281837463,-1.515376091003418,-1.8084721565246582,-1.2263545989990234,3.03437876701355
3.002474784851074,0.19147391617298126,-1.5194498300552368,-1.8141511678695679,-1.2207716703414917,3.0303030014038086
2.9912543296813965,0.19339118897914886,-1.5168139934539795,-1.8060085773468018,-1.2175272703170776,3.0365312099456787
3.0377120971679688,0.16003075242042542,-1.5130950212478638,-1.8140521049499512,-1.215616226196289,3.027184247970581
3.0299038887023926,0.16137123107910156,-1.5135767459869385,-1.807497501373291,-1.21568763256073,3.033285617828369
3.0373668670654297,0.15546126663684845,-1.5099077224731445,-1.8124688863754272,-1.2127118110656738,3.029019832611084
3.026395797729492,0.15724006295204163,-1.4974524974822998,-1.8064602613449097,-1.2125626802444458,3.0353457927703857
3.030129909515381,0.1461409032344818,-1.5025947093963623,-1.8076857328414917,-1.2116535902023315,3.0329997539520264
2.9779953956604004,0.10752120614051819,-1.477023959159851,-1.8168452978134155,-1.230054497718811,3.0712482929229736
2.8243775367736816,0.2561088800430298,-1.4527409076690674,-1.832154631614685,-1.2632553577423096,3.0505831241607666
2.8428919315338135,0.25417718291282654,-1.4531313180923462,-1.8397183418273926,-1.2617236375808716,3.0407321453094482
2.8713760375976562,0.24827449023723602,-1.4528915882110596,-1.841461181640625,-1.2600998878479004,3.034332275390625
2.8872838020324707,0.2413998246192932,-1.455601692199707,-1.8561886548995972,-1.2586175203323364,3.0173089504241943
2.9310176372528076,0.23064666986465454,-1.4480758905410767,-1.825675129890442,-1.2475255727767944,3.0405521392822266
2.959127902984619,0.20515260100364685,-1.4444243907928467,-1.8087806701660156,-1.2378054857254028,3.049903631210327
2.9870054721832275,0.18551169335842133,-1.4330583810806274,-1.8102847337722778,-1.2308076620101929,3.0455238819122314
3.0171682834625244,0.15686747431755066,-1.4142684936523438,-1.8252053260803223,-1.2169244289398193,3.027301788330078
3.025646924972534,0.15036368370056152,-1.4098087549209595,-1.832175850868225,-1.2144006490707397,3.0214850902557373
3.0289177894592285,0.14701968431472778,-1.4041266441345215,-1.838119387626648,-1.2130038738250732,3.015103816986084
3.246309280395508,0.1186627596616745,-1.2178101539611816,-1.8602060079574585,-1.2000478506088257,3.041346311569214
3.0619616508483887,0.2097787708044052,-1.2694014310836792,-1.839814305305481,-1.257561445236206,3.0968384742736816
3.0747106075286865,0.20602959394454956,-1.2616058588027954,-1.8423821926116943,-1.2580674886703491,3.094428777694702
3.0943093299865723,0.20125503838062286,-1.2457773685455322,-1.8473155498504639,-1.2576093673706055,3.0885114669799805
3.101825475692749,0.20081759989261627,-1.2380670309066772,-1.8519264459609985,-1.2570198774337769,3.0836384296417236
3.1234400272369385,0.20080280303955078,-1.2192150354385376,-1.8660439252853394,-1.2579736709594727,3.0671122074127197
3.135366916656494,0.20147423446178436,-1.2126861810684204,-1.8711377382278442,-1.2562323808670044,3.0592923164367676
3.1398558616638184,0.20055623352527618,-1.2026864290237427,-1.8753554821014404,-1.255385160446167,3.0524890422821045
3.1471128463745117,0.19848939776420593,-1.1845898628234863,-1.8783785104751587,-1.2556709051132202,3.0459558963775635
3.155555486679077,0.19509319961071014,-1.1808587312698364,-1.8817404508590698,-1.2559300661087036,3.0414717197418213
3.149456739425659,0.20073829591274261,-1.1797373294830322,-1.8780845403671265,-1.2557793855667114,3.045591354370117
3.1526925563812256,0.19808058440685272,-1.1820369958877563,-1.8789558410644531,-1.256450891494751,3.0448553562164307
3.049905776977539,0.21142305433750153,-1.2801381349563599,-1.8402016162872314,-1.2570370435714722,3.0965940952301025
3.0413689613342285,0.21567346155643463,-1.2783215045928955,-1.8382848501205444,-1.2570868730545044,3.097405433654785
3.04532527923584,0.20671850442886353,-1.278090000152588,-1.8295148611068726,-1.258535623550415,3.1047263145446777
3.048006057739258,0.20701384544372559,-1.2789005041122437,-1.8294346332550049,-1.257987380027771,3.1044938564300537
3.0483973026275635,0.20702318847179413,-1.283149003982544,-1.832080602645874,-1.2581226825714111,3.1024200916290283
3.0450148582458496,0.2148461490869522,-1.2807753086090088,-1.841704249382019,-1.256698727607727,3.0968239307403564
3.0494120121002197,0.21307015419006348,-1.2842013835906982,-1.8463497161865234,-1.256190538406372,3.09149169921875
3.051600933074951,0.20875908434391022,-1.2870539426803589,-1.8419578075408936,-1.2560404539108276,3.095942258834839
3.051766872406006,0.21458613872528076,-1.2832635641098022,-1.8547933101654053,-1.2504847049713135,3.0851962566375732
3.052260160446167,0.20503893494606018,-1.2970649003982544,-1.8471980094909668,-1.2525697946548462,3.090177297592163
3.0626349449157715,0.19557423889636993,-1.31306791305542,-1.8192318677902222,-1.25798761844635,3.1230034828186035
3.0373051166534424,0.21280469000339508,-1.2774591445922852,-1.8173667192459106,-1.257130742073059,3.1203157901763916
3.04057240486145,0.21621039509773254,-1.2821201086044312,-1.818610668182373,-1.2585874795913696,3.1274595260620117
3.0573787689208984,0.1596396267414093,-1.2413595914840698,-1.8524410724639893,-1.2534600496292114,-3.1280362606048584
3.08730411529541,0.14212873578071594,-1.2462185621261597,-1.8596464395523071,-1.2532167434692383,-3.128253936767578
3.097740888595581,0.1455921232700348,-1.2414851188659668,-1.8579598665237427,-1.247765064239502,-3.129570245742798
3.1427834033966064,0.13305366039276123,-1.2542375326156616,-1.8688042163848877,-1.245285987854004,-3.136472225189209
3.2495276927948,0.07837523519992828,-1.2710832357406616,-1.846379280090332,-1.2470662593841553,-3.0963363647460938
3.34440541267395,0.07691237330436707,-1.2877871990203857,-1.7786352634429932,-1.2376112937927246,-3.035646677017212
3.360191583633423,0.08811251819133759,-1.3093774318695068,-1.7868988513946533,-1.2500170469284058,-3.047271490097046
3.4181370735168457,0.038184717297554016,-1.2823243141174316,-1.7651957273483276,-1.2514543533325195,-3.0288052558898926
3.4340224266052246,0.022199854254722595,-1.255516529083252,-1.7521541118621826,-1.2454017400741577,-3.0120911598205566
3.074753522872925,0.19561639428138733,-1.2780972719192505,-1.8437166213989258,-1.2568070888519287,3.095409393310547
3.0735530853271484,0.19910979270935059,-1.2703378200531006,-1.8311727046966553,-1.2553728818893433,3.108776092529297
3.080627918243408,0.19534222781658173,-1.2678275108337402,-1.8361951112747192,-1.2554482221603394,3.104949712753296
3.078890800476074,0.19366022944450378,-1.2701700925827026,-1.8376903533935547,-1.2556153535842896,3.103400230407715
3.0832173824310303,0.1952495276927948,-1.2685737609863281,-1.8369337320327759,-1.2548561096191406,3.104931354522705
3.094695806503296,0.18803037703037262,-1.259685754776001,-1.8394914865493774,-1.2536256313323975,3.10197377204895
3.11138653755188,0.18739287555217743,-1.244052529335022,-1.8285871744155884,-1.2495719194412231,3.1093339920043945
3.116671085357666,0.1838255375623703,-1.248469352722168,-1.8365050554275513,-1.2505652904510498,3.1044723987579346
3.1252546310424805,0.17834556102752686,-1.2379504442214966,-1.829210638999939,-1.2491382360458374,3.11057186126709
3.1363956928253174,0.17347142100334167,-1.2337136268615723,-1.8271509408950806,-1.247360348701477,3.1128461360931396
3.5918116569519043,0.0003051385283470154,-1.3549344539642334,-1.7050060033798218,-1.2521454095840454,-3.021296501159668
3.532714605331421,0.033305779099464417,-1.4051060676574707,-1.7117693424224854,-1.2592170238494873,-3.035224437713623
3.5402283668518066,0.03218954801559448,-1.4018340110778809,-1.7171275615692139,-1.2609106302261353,-3.038559675216675
3.538907527923584,0.027702679857611656,-1.398418664932251,-1.7102906703948975,-1.259245753288269,-3.0320310592651367
3.5467257499694824,0.022769512608647346,-1.401523470878601,-1.7129085063934326,-1.258030652999878,-3.037853240966797
3.557112455368042,0.024838872253894806,-1.4094387292861938,-1.7203816175460815,-1.2595272064208984,-3.044875144958496
3.5776119232177734,0.019094126299023628,-1.393566608428955,-1.708404779434204,-1.2555949687957764,-3.031277894973755
3.586360454559326,0.019772831350564957,-1.3928641080856323,-1.698246955871582,-1.2529513835906982,-3.028076648712158
3.5862174034118652,0.018265118822455406,-1.3947981595993042,-1.6998800039291382,-1.2509655952453613,-3.0312654972076416
3.5988152027130127,0.016162637621164322,-1.4030269384384155,-1.7074545621871948,-1.252572774887085,-3.0427234172821045
3.5979185104370117,0.008301444351673126,-1.3989717960357666,-1.709355115890503,-1.2524789571762085,-3.041943073272705
3.7150990962982178,0.013076525181531906,-1.3257606029510498,-1.6637884378433228,-1.2662873268127441,-3.032996654510498
3.655414342880249,0.022604042664170265,-1.3136703968048096,-1.6740225553512573,-1.2715439796447754,-3.035823106765747
3.6705820560455322,0.016244765371084213,-1.3139629364013672,-1.6813273429870605,-1.2713946104049683,-3.040970802307129
3.7322752475738525,0.025006914511322975,-1.3430466651916504,-1.6372764110565186,-1.2735689878463745,-3.062842845916748
3.7190115451812744,0.04018644988536835,-1.3302949666976929,-1.6269859075546265,-1.2518326044082642,-3.0992417335510254
3.646430492401123,0.10974778234958649,-1.1869384050369263,-1.6345949172973633,-1.2490441799163818,3.0466270446777344
3.6477184295654297,0.11130648106336594,-1.1729705333709717,-1.6245290040969849,-1.2432847023010254,3.0565831661224365
3.6714768409729004,0.09326965361833572,-1.1546540260314941,-1.6246002912521362,-1.247938632965088,3.0684216022491455
3.6640563011169434,0.10559973865747452,-1.1545945405960083,-1.628718614578247,-1.2508161067962646,3.0679972171783447
3.6604175567626953,0.1122242882847786,-1.1608352661132812,-1.628251552581787,-1.2497668266296387,3.077219009399414
3.6662709712982178,0.1186174526810646,-1.1698510646820068,-1.6465179920196533,-1.2495627403259277,3.0722827911376953
3.76965594291687,0.10058131814002991,-1.0640411376953125,-1.597193956375122,-1.2549103498458862,3.0801663398742676
3.6859307289123535,0.09301836788654327,-1.219675064086914,-1.6389714479446411,-1.272283673286438,-3.0170392990112305
3.6918160915374756,0.09124095737934113,-1.2209397554397583,-1.6373883485794067,-1.2724266052246094,-3.016356945037842
3.686906576156616,0.09537412226200104,-1.2225724458694458,-1.64176607131958,-1.2750459909439087,-3.019212245941162
3.6863551139831543,0.09656883776187897,-1.221817135810852,-1.643768548965454,-1.2764908075332642,-3.022264242172241
3.681565523147583,0.10267873853445053,-1.2186098098754883,-1.6456040143966675,-1.2770442962646484,-3.0232677459716797
3.6534337997436523,0.11932235956192017,-1.2174879312515259,-1.652928352355957,-1.280060887336731,-3.029341697692871
3.623232126235962,0.1232595294713974,-1.2000194787979126,-1.6365511417388916,-1.27257239818573,-3.0129244327545166
3.7867259979248047,0.0688030868768692,-1.2509608268737793,-1.5972565412521362,-1.2846187353134155,-2.9553191661834717
3.814100980758667,0.06694136559963226,-1.2661011219024658,-1.602279782295227,-1.2890377044677734,-2.945808172225952
3.85697603225708,0.040815290063619614,-1.2908445596694946,-1.6553113460540771,-1.2986009120941162,-2.97320556640625
4.084479331970215,0.30255451798439026,-0.8548661470413208,-1.657537817955017,-1.301978588104248,3.0741522312164307
3.914700508117676,0.3117322027683258,-0.7672185897827148,-1.564110279083252,-1.2717936038970947,3.06032133102417
3.924100875854492,0.28551632165908813,-0.746559739112854,-1.572996973991394,-1.2674444913864136,3.0433948040008545
3.950432777404785,0.2696909010410309,-0.7516159415245056,-1.5756350755691528,-1.269839882850647,3.0398190021514893
3.9602816104888916,0.2594928443431854,-0.750446081161499,-1.575999140739441,-1.269675612449646,3.0389857292175293
3.9413492679595947,0.2653070390224457,-0.7422911524772644,-1.5736333131790161,-1.2674983739852905,3.040515661239624
3.9497859477996826,0.2629700303077698,-0.7501587271690369,-1.575709581375122,-1.269237756729126,3.0396065711975098
3.9533238410949707,0.2621026039123535,-0.7489215135574341,-1.5784845352172852,-1.2673015594482422,3.0331475734710693
3.947570562362671,0.265585720539093,-0.7525886297225952,-1.5821999311447144,-1.269669771194458,3.0291788578033447
3.9401087760925293,0.27706021070480347,-0.7652354836463928,-1.5834910869598389,-1.2677546739578247,3.0321736335754395
3.959669589996338,0.2779478430747986,-0.7744960784912109,-1.573113203048706,-1.2687689065933228,3.0434606075286865
4.037606716156006,0.09628688544034958,-0.9720500707626343,-1.6784183979034424,-1.3132182359695435,3.095323085784912
4.066145896911621,0.107171431183815,-0.9925819039344788,-1.683283805847168,-1.3268121480941772,3.102621555328369
4.061483860015869,0.10308653116226196,-0.9945781230926514,-1.6770718097686768,-1.3240997791290283,3.1062021255493164
4.062678813934326,0.1166195273399353,-0.9945963025093079,-1.6836868524551392,-1.320754885673523,3.100015163421631
4.059060573577881,0.12341180443763733,-0.9974389672279358,-1.6896964311599731,-1.3228448629379272,3.0991086959838867
4.064427375793457,0.12373490631580353,-1.0209472179412842,-1.6580361127853394,-1.3211442232131958,3.1327624320983887
4.093466758728027,0.10815199464559555,-1.0338236093521118,-1.627044916152954,-1.3241100311279297,-3.1144890785217285
4.09979772567749,0.10011698305606842,-1.0359764099121094,-1.6195372343063354,-1.330014705657959,-3.1025946140289307
4.094392776489258,0.09207609295845032,-1.0419644117355347,-1.6279526948928833,-1.3322111368179321,-3.104541063308716
4.110692024230957,0.09209470450878143,-1.0398714542388916,-1.6182494163513184,-1.3381067514419556,-3.0934722423553467
4.108321189880371,0.08764132857322693,-1.0343879461288452,-1.6227171421051025,-1.340606689453125,-3.0983726978302
4.152507305145264,0.10807844996452332,-1.003734827041626,-1.6349061727523804,-1.3217023611068726,-3.0861902236938477
4.090538501739502,0.1325480043888092,-0.9573776125907898,-1.6809391975402832,-1.3066966533660889,3.1277894973754883
4.077876091003418,0.12559913098812103,-0.9648023247718811,-1.702025055885315,-1.3082544803619385,3.1034023761749268
4.036862850189209,0.15111763775348663,-0.9585352540016174,-1.7077844142913818,-1.306634545326233,3.1014983654022217
3.992638349533081,0.1715136468410492,-0.9584981799125671,-1.7218016386032104,-1.3071516752243042,3.0844032764434814
4.000540256500244,0.16163013875484467,-0.9526069164276123,-1.7129569053649902,-1.3065299987792969,3.0922698974609375
4.027588844299316,0.15439333021640778,-0.9657770991325378,-1.7332967519760132,-1.3103632926940918,3.067861795425415
4.015681743621826,0.16592387855052948,-0.9610146284103394,-1.726577639579773,-1.311764121055603,3.0765469074249268
4.011706829071045,0.16922083497047424,-0.9772767424583435,-1.7169057130813599,-1.3108041286468506,3.087085008621216
4.0420122146606445,0.14837563037872314,-0.9817951321601868,-1.7250449657440186,-1.3126239776611328,3.0748403072357178
4.0235276222229,0.15975475311279297,-0.9788344502449036,-1.7236628532409668,-1.3121148347854614,3.075725555419922
4.103684902191162,0.0835052877664566,-0.9431845545768738,-1.6616665124893188,-1.3048702478408813,-3.0675110816955566
4.13380765914917,0.08136523514986038,-0.9068179726600647,-1.6528350114822388,-1.3067660331726074,-3.0512616634368896
4.120163917541504,0.08830506354570389,-0.9044920802116394,-1.6673316955566406,-1.3074450492858887,-3.06723690032959
4.140554428100586,0.08403097838163376,-0.8986488580703735,-1.648381233215332,-1.3029119968414307,-3.0474071502685547
4.109854698181152,0.11367969959974289,-0.8979684114456177,-1.670579433441162,-1.30563223361969,-3.069542407989502
4.1376471519470215,0.09071239829063416,-0.9055653810501099,-1.6739641427993774,-1.3061068058013916,-3.076892614364624
4.1233601570129395,0.09673595428466797,-0.9021707773208618,-1.669516921043396,-1.3057271242141724,-3.070758104324341
4.102416038513184,0.11214461922645569,-0.8935660123825073,-1.6787370443344116,-1.3042535781860352,-3.080271005630493
4.104067802429199,0.1088641956448555,-0.8970170617103577,-1.6860928535461426,-1.3060212135314941,-3.0885984897613525
4.097158908843994,0.1133980005979538,-0.8736717700958252,-1.6949148178100586,-1.3030239343643188,-3.0980536937713623
4.097419261932373,0.11330944299697876,-0.8705326318740845,-1.7018115520477295,-1.3030000925064087,-3.103837251663208
3.782541036605835,0.18000653386116028,-0.8476901054382324,-1.7227646112442017,-1.31964111328125,3.1401915550231934
3.853302478790283,0.13912233710289001,-0.8832571506500244,-1.6775314807891846,-1.3209412097930908,-3.105208396911621
3.8318328857421875,0.1556752473115921,-0.8785384893417358,-1.685906171798706,-1.3189464807510376,-3.1110873222351074
3.8447439670562744,0.16221117973327637,-0.8914285898208618,-1.6930526494979858,-1.3207730054855347,-3.1282565593719482
3.8281946182250977,0.17189693450927734,-0.8866665363311768,-1.6993052959442139,-1.3194063901901245,-3.1358284950256348
3.8438358306884766,0.16902829706668854,-0.8700606822967529,-1.6901336908340454,-1.3192267417907715,-3.127690315246582
3.862715005874634,0.13683417439460754,-0.8496628403663635,-1.6769462823867798,-1.319503664970398,-3.116548538208008
3.9343087673187256,0.06945045292377472,-0.8068575859069824,-1.655819058418274,-1.3137152194976807,-3.0928680896759033
3.9662888050079346,0.04377669095993042,-0.7856374382972717,-1.6414433717727661,-1.3076525926589966,-3.076334238052368
4.00447416305542,-0.011144578456878662,-0.7430055737495422,-1.6034303903579712,-1.3032218217849731,-3.0206310749053955
4.022337436676025,-0.0438431054353714,-0.7272335290908813,-1.5828672647476196,-1.3043636083602905,-2.9939444065093994
3.9021530151367188,-0.05954010784626007,-0.7379734516143799,-1.6043097972869873,-1.3185826539993286,-3.008409023284912
3.7052180767059326,0.13520802557468414,-0.8961185812950134,-1.725480318069458,-1.3377525806427002,3.1415302753448486
3.704389810562134,0.124414823949337,-0.8939868211746216,-1.7159124612808228,-1.3370565176010132,-3.1331703662872314
3.7075486183166504,0.10961110889911652,-0.8783267140388489,-1.6933422088623047,-1.331717610359192,-3.1053876876831055
3.7153756618499756,0.10328327119350433,-0.8756236433982849,-1.6841175556182861,-1.3287466764450073,-3.093283176422119
3.72943115234375,0.08720952272415161,-0.8498217463493347,-1.659633994102478,-1.3277887105941772,-3.0630698204040527
3.7096314430236816,0.10538163781166077,-0.8343665599822998,-1.6633659601211548,-1.3281439542770386,-3.0653185844421387
3.7235796451568604,0.08018499612808228,-0.8044291734695435,-1.6315617561340332,-1.3337159156799316,-3.0095036029815674
3.7228150367736816,0.07795123010873795,-0.8074460029602051,-1.6197501420974731,-1.3336641788482666,-2.980497121810913
3.708786725997925,0.07655683904886246,-0.8075406551361084,-1.620964527130127,-1.329797625541687,-2.984057903289795
3.7529690265655518,0.057689011096954346,-0.8264716863632202,-1.6032521724700928,-1.333905816078186,-2.955092430114746
3.9116952419281006,-0.020465809851884842,-0.818149745464325,-1.4781087636947632,-1.323720932006836,-2.792309045791626
3.9204487800598145,0.006564022973179817,-0.8944758176803589,-1.588686227798462,-1.3210846185684204,-2.973691940307617
3.919332504272461,0.009042343124747276,-0.8888378739356995,-1.5860217809677124,-1.3201603889465332,-2.9701480865478516
3.9259884357452393,0.0049964673817157745,-0.8890416026115417,-1.5942587852478027,-1.3198179006576538,-2.9804344177246094
3.933185577392578,-0.004714589565992355,-0.8706153035163879,-1.5806102752685547,-1.3145346641540527,-2.9623124599456787
3.929870128631592,-0.003956060856580734,-0.860373854637146,-1.58025062084198,-1.3130171298980713,-2.9612529277801514
3.9424188137054443,-0.017471663653850555,-0.8548269867897034,-1.5921825170516968,-1.3147292137145996,-2.9780852794647217
3.950640916824341,-0.03015350177884102,-0.8522920608520508,-1.5940871238708496,-1.315035104751587,-2.975177764892578
3.9686148166656494,-0.037670206278562546,-0.8442495465278625,-1.5921571254730225,-1.3140652179718018,-2.970062732696533
3.9836461544036865,-0.04309375211596489,-0.8518020510673523,-1.5900126695632935,-1.316832184791565,-2.971282720565796
3.9906845092773438,-0.041447218507528305,-0.8386029601097107,-1.5811655521392822,-1.3150396347045898,-2.959981679916382
4.074161529541016,0.001051574945449829,-0.8987332582473755,-1.440888524055481,-1.329178810119629,-2.7590694427490234
3.9621036052703857,0.05817824974656105,-0.9552638530731201,-1.4514104127883911,-1.3449327945709229,-2.791703701019287
3.9615185260772705,0.07903378456830978,-0.9364330768585205,-1.399324655532837,-1.3392488956451416,-2.747436285018921
3.956380605697632,0.08389030396938324,-0.9370002746582031,-1.3809795379638672,-1.340889573097229,-2.734074354171753
3.9619929790496826,0.0949193462729454,-0.9269092082977295,-1.3694614171981812,-1.3426684141159058,-2.7269506454467773
3.9488916397094727,0.0885392352938652,-0.9372214078903198,-1.3674665689468384,-1.3430119752883911,-2.726161003112793
3.944380760192871,0.10217852145433426,-0.9234164357185364,-1.357793927192688,-1.3385679721832275,-2.7227413654327393
3.964193105697632,0.09604661166667938,-0.9186234474182129,-1.353545069694519,-1.335446834564209,-2.7137739658355713
3.9348981380462646,0.09929164499044418,-0.9202880859375,-1.3487815856933594,-1.3372281789779663,-2.715096950531006
3.939121961593628,0.11462581157684326,-0.9232129454612732,-1.35219144821167,-1.3345632553100586,-2.7140867710113525
3.9150240421295166,0.11217336356639862,-0.936858594417572,-1.3523064851760864,-1.337262511253357,-2.714632987976074
4.012377738952637,0.10645654797554016,-0.9153143763542175,-1.372534155845642,-1.3280586004257202,-2.672360420227051
4.118253231048584,0.050156161189079285,-0.9629627466201782,-1.4807051420211792,-1.3370130062103271,-2.747921943664551
4.0781097412109375,0.03967501223087311,-0.9909140467643738,-1.4930683374404907,-1.3562465906143188,-2.7618348598480225
4.077676296234131,0.03769192844629288,-0.9915529489517212,-1.4852410554885864,-1.3610074520111084,-2.7590906620025635
4.0769500732421875,0.029924515634775162,-0.9952154755592346,-1.492942452430725,-1.3652536869049072,-2.7666523456573486
4.06534481048584,0.04271624982357025,-0.993664026260376,-1.4856339693069458,-1.3634566068649292,-2.7566280364990234
4.0752692222595215,0.027927275747060776,-0.9989069700241089,-1.5030767917633057,-1.3664281368255615,-2.773892879486084
4.070310115814209,0.03745221346616745,-0.9961891174316406,-1.4922418594360352,-1.3631224632263184,-2.7654216289520264
4.070797920227051,0.04265394061803818,-0.9928808808326721,-1.4976528882980347,-1.3644527196884155,-2.7684426307678223
4.069907188415527,0.04701097309589386,-0.9955751299858093,-1.493847131729126,-1.3633882999420166,-2.767313241958618
4.071503162384033,0.02979235351085663,-0.9985363483428955,-1.4929263591766357,-1.363722562789917,-2.764395236968994
3.958073854446411,0.00020151212811470032,-1.0278840065002441,-1.3889504671096802,-1.3749195337295532,-2.6680827140808105
4.007496356964111,0.011721177957952023,-0.9794619679450989,-1.3941091299057007,-1.349538803100586,-2.6603598594665527
4.000693321228027,0.00799687672406435,-0.9826833009719849,-1.3984116315841675,-1.3537524938583374,-2.6651625633239746
3.9821324348449707,0.01286376267671585,-0.9964548945426941,-1.3859684467315674,-1.3637864589691162,-2.653662919998169
3.9787919521331787,0.021081145852804184,-1.0099411010742188,-1.3959033489227295,-1.3635631799697876,-2.664443016052246
3.980391025543213,0.020966600626707077,-1.0041009187698364,-1.383872628211975,-1.3720647096633911,-2.660970449447632
3.9806971549987793,0.021604349836707115,-1.0034745931625366,-1.3895893096923828,-1.3713254928588867,-2.6596477031707764
3.975179433822632,0.023182572796940804,-1.002872347831726,-1.38786780834198,-1.3651591539382935,-2.654618740081787
3.9848792552948,0.01547271478921175,-0.9894286394119263,-1.3903348445892334,-1.3570127487182617,-2.653254508972168
3.9818623065948486,0.02343878522515297,-0.9829854965209961,-1.3919676542282104,-1.3543342351913452,-2.654649019241333
3.991670846939087,0.019218862056732178,-0.9817806482315063,-1.396875023841858,-1.35500967502594,-2.660853624343872
3.86759877204895,-0.01544131152331829,-0.9710711240768433,-1.3851290941238403,-1.403943657875061,-2.691636800765991
3.8786098957061768,-0.020106691867113113,-0.9635645151138306,-1.413541555404663,-1.39521062374115,-2.7181403636932373
3.88616681098938,-0.01932622864842415,-0.9566330313682556,-1.4093515872955322,-1.3913284540176392,-2.711932897567749
3.8958702087402344,-0.025411678478121758,-0.9447147250175476,-1.3936963081359863,-1.3880441188812256,-2.696871280670166
3.8937277793884277,-0.031059041619300842,-0.9180284142494202,-1.370108962059021,-1.3877042531967163,-2.665550708770752
3.9058144092559814,-0.04209444671869278,-0.8956475257873535,-1.35442054271698,-1.387620210647583,-2.644970178604126
3.9024062156677246,-0.04567672312259674,-0.8823672533035278,-1.3461816310882568,-1.386027216911316,-2.6319682598114014
3.8983876705169678,-0.04708654433488846,-0.8879000544548035,-1.36336350440979,-1.3837205171585083,-2.653397560119629
3.90815806388855,-0.059212274849414825,-0.8837231397628784,-1.3405858278274536,-1.3848528861999512,-2.6259405612945557
3.8930606842041016,-0.03673609718680382,-0.8758784532546997,-1.3395975828170776,-1.3850635290145874,-2.6240041255950928
3.900968074798584,-0.05080021172761917,-0.8812560439109802,-1.3483259677886963,-1.3839019536972046,-2.634702682495117
3.8478641510009766,-0.05459783226251602,-0.9035638570785522,-1.36834716796875,-1.400707721710205,-2.6644909381866455
3.8501925468444824,-0.03233863040804863,-0.9743306040763855,-1.4043080806732178,-1.406070590019226,-2.714632272720337
3.8483822345733643,-0.03496894612908363,-0.9719916582107544,-1.3936456441879272,-1.4049750566482544,-2.7012500762939453
3.8500826358795166,-0.037326619029045105,-0.9662129878997803,-1.39699387550354,-1.4046435356140137,-2.706502676010132
3.8458425998687744,-0.035741016268730164,-0.9660123586654663,-1.3960660696029663,-1.4037147760391235,-2.704585075378418
3.8550150394439697,-0.03936689719557762,-0.96480393409729,-1.393707275390625,-1.403207778930664,-2.701261520385742
3.8393373489379883,-0.02941524051129818,-0.9701095819473267,-1.408018946647644,-1.4023107290267944,-2.7203917503356934
3.810758352279663,-0.02272283285856247,-1.0004433393478394,-1.416358232498169,-1.4131008386611938,-2.74214506149292
3.793093204498291,-0.02937784604728222,-1.0097935199737549,-1.4064359664916992,-1.4206771850585938,-2.735079526901245
3.7593817710876465,-0.020895302295684814,-1.0232510566711426,-1.4113218784332275,-1.426825761795044,-2.744765281677246
3.757293462753296,-0.012157510966062546,-1.0128567218780518,-1.4016684293746948,-1.4272526502609253,-2.743269920349121
3.7913169860839844,0.031419068574905396,-1.0196518898010254,-1.3799737691879272,-1.428355097770691,-2.7396399974823
3.8414454460144043,0.01067129336297512,-1.0066980123519897,-1.3840177059173584,-1.425734281539917,-2.708693742752075
3.8413050174713135,0.0029679115395992994,-1.003431797027588,-1.3989349603652954,-1.4323461055755615,-2.735319137573242
3.836966037750244,0.014176920056343079,-1.0118180513381958,-1.393498420715332,-1.4379189014434814,-2.7411348819732666
3.8183517456054688,0.021466989070177078,-1.013649821281433,-1.3608015775680542,-1.4442083835601807,-2.7093441486358643
3.7525713443756104,0.05886503681540489,-1.0036320686340332,-1.2538254261016846,-1.4431641101837158,-2.608142614364624
3.731520891189575,0.08186634629964828,-1.002898097038269,-1.19449782371521,-1.4416135549545288,-2.549280881881714
3.7521231174468994,0.08213017880916595,-1.0026620626449585,-1.1107330322265625,-1.429829716682434,-2.4705541133880615
3.743140935897827,0.08335817605257034,-0.983180582523346,-1.0551975965499878,-1.4295796155929565,-2.4296000003814697
3.7311012744903564,0.0679137334227562,-0.9834489822387695,-1.0793555974960327,-1.4283488988876343,-2.4574246406555176
3.7377517223358154,0.08881398290395737,-0.9894589185714722,-1.1213581562042236,-1.4319208860397339,-2.4990663528442383
3.5839180946350098,0.11984119564294815,-0.9828338623046875,-1.1939021348953247,-1.455155611038208,-2.6034483909606934
3.708766222000122,0.027403252199292183,-0.9458852410316467,-1.3271111249923706,-1.4377686977386475,-2.7137439250946045
3.681025743484497,0.032247234135866165,-0.9384528994560242,-1.321239709854126,-1.4365719556808472,-2.7010767459869385
3.6941335201263428,0.037346288561820984,-0.9524779915809631,-1.3247979879379272,-1.431843876838684,-2.7075390815734863
3.689361333847046,0.03472215682268143,-0.9399554133415222,-1.3253320455551147,-1.4331578016281128,-2.706463098526001
3.701143264770508,0.03057972341775894,-0.9490932822227478,-1.3290518522262573,-1.4340617656707764,-2.7127811908721924
3.7243072986602783,0.02524813450872898,-0.9551624655723572,-1.345320463180542,-1.4361693859100342,-2.7356646060943604
3.819542646408081,0.005970032885670662,-0.9705575108528137,-1.3928990364074707,-1.4400476217269897,-2.7766456604003906
3.8272106647491455,-0.00592547282576561,-0.972070038318634,-1.3834378719329834,-1.4425506591796875,-2.7527482509613037
3.7888827323913574,-0.009855369105935097,-0.9721361994743347,-1.4047846794128418,-1.4401706457138062,-2.771164894104004
3.750901460647583,-0.06617757678031921,-0.9699605107307434,-1.4233331680297852,-1.4269312620162964,-2.7756052017211914
3.3325905799865723,-0.26827073097229004,-1.0002074241638184,-1.2073115110397339,-1.4192246198654175,-2.6351678371429443
3.3791959285736084,-0.24300940334796906,-0.989534854888916,-1.1593416929244995,-1.4300776720046997,-2.6029086112976074
3.387439727783203,-0.2723245322704315,-0.9876465797424316,-1.169848918914795,-1.4281336069107056,-2.6044278144836426
3.4326093196868896,-0.3152366280555725,-0.9831650853157043,-1.1769559383392334,-1.4228153228759766,-2.599724054336548
3.4513537883758545,-0.3325842618942261,-0.956684410572052,-1.1133332252502441,-1.422040343284607,-2.5181937217712402
3.4250283241271973,-0.3327734172344208,-0.9367926716804504,-1.1085822582244873,-1.4142141342163086,-2.51035475730896
3.4486963748931885,-0.34665051102638245,-0.8819180727005005,-1.0802075862884521,-1.4045742750167847,-2.464359998703003
3.450094223022461,-0.3598046898841858,-0.8793010711669922,-1.064902901649475,-1.4084244966506958,-2.4307663440704346
3.448479175567627,-0.3599641025066376,-0.8806594610214233,-1.060316562652588,-1.4156019687652588,-2.4081873893737793
3.4362802505493164,-0.3191172182559967,-0.8913432955741882,-1.1040366888046265,-1.429325819015503,-2.4210262298583984
3.442044496536255,-0.33617568016052246,-0.9106084704399109,-1.1123273372650146,-1.430065393447876,-2.4279751777648926
3.4747893810272217,-0.1367172747850418,-0.9352186918258667,-1.2183353900909424,-1.4259039163589478,-2.4769811630249023
3.3824450969696045,-0.0356905460357666,-1.0338653326034546,-1.2332736253738403,-1.4289610385894775,-2.6415531635284424
3.3839685916900635,-0.03371160849928856,-1.024086833000183,-1.2199100255966187,-1.4251651763916016,-2.630150556564331
3.3963418006896973,-0.03269750624895096,-1.0237021446228027,-1.2129594087600708,-1.4243757724761963,-2.6226627826690674
3.3878374099731445,-0.03451484069228172,-1.0227599143981934,-1.2173370122909546,-1.4248758554458618,-2.6270456314086914
3.375835657119751,-0.03224276006221771,-1.034224033355713,-1.2381378412246704,-1.4286261796951294,-2.6489124298095703
3.3864712715148926,-0.030284255743026733,-1.0232897996902466,-1.2218821048736572,-1.4266003370285034,-2.6296169757843018
3.380084276199341,-0.03075942024588585,-1.0287827253341675,-1.2256081104278564,-1.4271526336669922,-2.634218692779541
3.3793625831604004,-0.027863454073667526,-1.024863839149475,-1.2247394323349,-1.4281688928604126,-2.6337852478027344
3.3770182132720947,-0.026803812012076378,-1.0294015407562256,-1.2256872653961182,-1.4282523393630981,-2.6368701457977295
3.3656039237976074,-0.01933918707072735,-1.024929404258728,-1.2089810371398926,-1.4286657571792603,-2.618309259414673
3.8194754123687744,0.052008263766765594,-1.0194813013076782,-1.2121978998184204,-1.4017170667648315,-2.439732551574707
3.824075698852539,0.054762180894613266,-1.0252946615219116,-1.2161943912506104,-1.4015018939971924,-2.450565814971924
3.8198537826538086,0.0622987262904644,-1.0230648517608643,-1.2128492593765259,-1.4003454446792603,-2.4461004734039307
3.7956864833831787,0.0706842839717865,-1.0496060848236084,-1.2380160093307495,-1.4078179597854614,-2.471924066543579
3.7867531776428223,0.06998071074485779,-1.0572962760925293,-1.2416139841079712,-1.413021445274353,-2.4781010150909424
3.787022352218628,0.07184865325689316,-1.0570889711380005,-1.236940860748291,-1.4150303602218628,-2.470917224884033
3.785935401916504,0.07456652820110321,-1.0631736516952515,-1.2485487461090088,-1.4139299392700195,-2.4858455657958984
3.760622024536133,0.07678774744272232,-1.0597599744796753,-1.2425273656845093,-1.4150606393814087,-2.481499195098877
3.7786495685577393,0.06892859935760498,-1.0660277605056763,-1.2650539875030518,-1.415789008140564,-2.5027270317077637
3.7741408348083496,0.06732550263404846,-1.0663273334503174,-1.2702009677886963,-1.416501760482788,-2.5114448070526123
3.783567428588867,0.0718681663274765,-1.0686160326004028,-1.2704291343688965,-1.4157828092575073,-2.5106935501098633
3.800198793411255,0.01959264650940895,-1.0423578023910522,-1.226816177368164,-1.424784541130066,-2.456949472427368
3.8380093574523926,0.019286539405584335,-0.980553925037384,-1.2067590951919556,-1.4042730331420898,-2.4265403747558594
3.8481340408325195,0.01861261948943138,-0.9811121225357056,-1.2115346193313599,-1.4051979780197144,-2.428560495376587
3.857649087905884,0.0020887632854282856,-0.9871038198471069,-1.2096190452575684,-1.4057477712631226,-2.426694393157959
3.8580570220947266,0.0071553634479641914,-0.9856878519058228,-1.2113841772079468,-1.404872179031372,-2.427353620529175
3.8538904190063477,0.0005206437781453133,-0.9909040927886963,-1.2048250436782837,-1.4061051607131958,-2.420776605606079
3.854536771774292,-0.0008897371590137482,-0.982354462146759,-1.200351595878601,-1.4039838314056396,-2.4182448387145996
3.8561697006225586,-0.0037786848843097687,-0.9894827604293823,-1.2153671979904175,-1.403997540473938,-2.437312602996826
3.858588933944702,-0.012164481915533543,-0.9950375556945801,-1.2049221992492676,-1.4064850807189941,-2.4242103099823
3.8468799591064453,0.0010332977399230003,-0.9877236485481262,-1.2125334739685059,-1.4056227207183838,-2.4350414276123047
3.852079391479492,-0.004591482691466808,-1.0000662803649902,-1.2113373279571533,-1.4062232971191406,-2.4335122108459473
3.7650678157806396,-0.05627182126045227,-0.9958360195159912,-1.2196015119552612,-1.42509126663208,-2.472446918487549
3.7794127464294434,-0.05284148454666138,-1.0031921863555908,-1.2222362756729126,-1.428851842880249,-2.4754631519317627
3.778932809829712,-0.04664921015501022,-0.9970700740814209,-1.226572036743164,-1.422329306602478,-2.4846060276031494
3.7777230739593506,-0.051911674439907074,-0.9985272288322449,-1.2272831201553345,-1.4213052988052368,-2.484128475189209
3.757359027862549,-0.03957367315888405,-0.971287190914154,-1.2699612379074097,-1.4158241748809814,-2.520254373550415
3.7406551837921143,-0.041918106377124786,-0.9586154818534851,-1.2659671306610107,-1.414120078086853,-2.515244245529175
3.7666079998016357,-0.04711947590112686,-0.9365328550338745,-1.2281490564346313,-1.4134833812713623,-2.4475855827331543
3.7814624309539795,-0.04326876252889633,-0.9421717524528503,-1.2298099994659424,-1.4127470254898071,-2.4366869926452637
3.7979788780212402,-0.04683296009898186,-0.9458949565887451,-1.2358752489089966,-1.4118610620498657,-2.4375898838043213
3.7938482761383057,-0.043742287904024124,-0.9487390518188477,-1.2339608669281006,-1.4122215509414673,-2.432837724685669
3.812586545944214,-0.05272067338228226,-0.9561228156089783,-1.2322137355804443,-1.4147359132766724,-2.4327898025512695
3.8509137630462646,-0.035431742668151855,-0.8949953317642212,-1.2210954427719116,-1.4126546382904053,-2.4359474182128906
3.811353921890259,-0.05398940667510033,-0.9493536353111267,-1.211232304573059,-1.4367685317993164,-2.4903485774993896
3.8133394718170166,-0.05177830904722214,-0.9457448124885559,-1.2164647579193115,-1.4357177019119263,-2.494218587875366
3.8081235885620117,-0.055068984627723694,-0.9489729404449463,-1.214003562927246,-1.438097596168518,-2.493802785873413
3.8060245513916016,-0.05392104759812355,-0.9465022683143616,-1.2110741138458252,-1.437536597251892,-2.4909780025482178
3.815624952316284,-0.055435359477996826,-0.945093035697937,-1.2179580926895142,-1.4346182346343994,-2.4947664737701416
3.8237953186035156,-0.06261778622865677,-0.9335972666740417,-1.2126225233078003,-1.4323617219924927,-2.487053394317627
3.842849016189575,-0.05534511059522629,-0.9182009100914001,-1.177575707435608,-1.4292336702346802,-2.451979160308838
3.859260320663452,-0.052634090185165405,-0.9148513078689575,-1.1901257038116455,-1.4288299083709717,-2.4645326137542725
3.8862836360931396,-0.04883464425802231,-0.9224831461906433,-1.1830549240112305,-1.4315704107284546,-2.4646832942962646
3.884972333908081,-0.04905045032501221,-0.922148585319519,-1.1881368160247803,-1.4314497709274292,-2.4705970287323
3.963184356689453,0.0058207884430885315,-0.9523881673812866,-1.2145787477493286,-1.4166022539138794,-2.4203975200653076
3.8711135387420654,0.003128994256258011,-0.9864458441734314,-1.1863715648651123,-1.4234663248062134,-2.399332046508789
3.873155355453491,-0.003740863874554634,-0.9985907673835754,-1.1809697151184082,-1.4274110794067383,-2.3961923122406006
3.8541207313537598,0.0020300056785345078,-0.9838624000549316,-1.1907694339752197,-1.4211013317108154,-2.402243137359619
3.879575490951538,-0.0031844433397054672,-1.0002743005752563,-1.1847658157348633,-1.427993655204773,-2.4008398056030273
3.865537405014038,-0.00012637674808502197,-0.9919176697731018,-1.1906776428222656,-1.4271043539047241,-2.4044251441955566
3.879157066345215,-0.003985142335295677,-1.0053768157958984,-1.1911600828170776,-1.4291685819625854,-2.407130241394043
3.874580144882202,-0.002390865236520767,-1.0114954710006714,-1.2083827257156372,-1.430485486984253,-2.424870014190674
3.863853931427002,-0.004352414980530739,-1.0047252178192139,-1.2032239437103271,-1.4291934967041016,-2.418174982070923
3.8624227046966553,-0.0019056349992752075,-0.9991939663887024,-1.2051535844802856,-1.4281625747680664,-2.420055389404297
3.9057328701019287,0.002241816371679306,-1.0018872022628784,-1.2446900606155396,-1.4228318929672241,-2.459324598312378
4.028106689453125,-0.014293470419943333,-1.0097558498382568,-1.2322640419006348,-1.429569959640503,-2.4205689430236816
3.9727354049682617,0.016804687678813934,-0.9622423052787781,-1.1213403940200806,-1.4316301345825195,-2.2998268604278564
4.012012958526611,0.017087310552597046,-0.9590803384780884,-1.0103790760040283,-1.4256985187530518,-2.198627233505249
4.014812469482422,0.019484926015138626,-0.954106867313385,-1.01005220413208,-1.427871823310852,-2.19157338142395
4.012451171875,0.017315085977315903,-0.9582195281982422,-1.016595721244812,-1.4274895191192627,-2.2006676197052
4.00851583480835,0.018033843487501144,-0.9607632756233215,-1.0082018375396729,-1.427329659461975,-2.193610906600952
3.996649742126465,0.03682992607355118,-0.9515738487243652,-0.9983585476875305,-1.4281880855560303,-2.175586700439453
3.9875218868255615,0.04292817413806915,-0.9565795660018921,-1.0721224546432495,-1.4328124523162842,-2.2467663288116455
3.972034454345703,0.03853895142674446,-0.955170750617981,-1.1193727254867554,-1.4324545860290527,-2.2942581176757812
3.9817659854888916,0.04372042790055275,-0.9530990123748779,-1.0890209674835205,-1.4329829216003418,-2.2623209953308105
3.976426601409912,0.04279054328799248,-0.9562813639640808,-1.0963186025619507,-1.4328492879867554,-2.273496627807617
4.034679889678955,0.03011370822787285,-0.9447413682937622,-1.073768138885498,-1.4616776704788208,-2.233598232269287
4.011782646179199,-0.008208655752241611,-0.9595049023628235,-1.0975875854492188,-1.4519716501235962,-2.262850046157837
4.013082027435303,-0.008400281891226768,-0.9601022601127625,-1.1062957048416138,-1.453203797340393,-2.2710416316986084
4.013856887817383,-0.00939653255045414,-0.9575875401496887,-1.0999572277069092,-1.4529130458831787,-2.264359712600708
4.00936222076416,-0.007373412139713764,-0.9609023928642273,-1.1024959087371826,-1.4529536962509155,-2.268317937850952
4.00966739654541,-0.0076426793821156025,-0.9631679058074951,-1.1169371604919434,-1.4523680210113525,-2.2837765216827393
4.0119309425354,-0.00935405120253563,-0.960369884967804,-1.0963479280471802,-1.4534082412719727,-2.262235403060913
4.007589817047119,-0.00887212436646223,-0.9625871181488037,-1.1053599119186401,-1.4519797563552856,-2.2733805179595947
4.011356830596924,-0.008931840769946575,-0.9606977701187134,-1.1301443576812744,-1.4523171186447144,-2.2952749729156494
4.012558460235596,-0.009859985671937466,-0.9591740965843201,-1.1136095523834229,-1.4532749652862549,-2.280449867248535
4.0080060958862305,-0.007572207134217024,-0.9622142910957336,-1.0955463647842407,-1.4524462223052979,-2.262441635131836
4.011503219604492,-0.02838844805955887,-1.022872805595398,-0.9550237655639648,-1.4461109638214111,-2.09104323387146
4.014015197753906,-0.029645316302776337,-1.0238516330718994,-0.9696071743965149,-1.4474316835403442,-2.1038458347320557
4.015228271484375,-0.028571855276823044,-1.023389220237732,-0.9577609300613403,-1.4467211961746216,-2.0917797088623047
4.017416000366211,-0.02666831761598587,-1.021563172340393,-0.9403789043426514,-1.447224497795105,-2.0740764141082764
4.01857328414917,-0.029503384605050087,-1.021332859992981,-0.9609484672546387,-1.448449730873108,-2.0933282375335693
4.016056537628174,-0.026402991265058517,-1.0209202766418457,-0.9379683136940002,-1.446862816810608,-2.068406105041504
4.020902633666992,-0.02775535173714161,-1.0222855806350708,-0.9627384543418884,-1.4481087923049927,-2.0928595066070557
4.027444362640381,-0.025829534977674484,-1.018012523651123,-0.9879436492919922,-1.4499177932739258,-2.1132781505584717
4.059298515319824,-0.029737655073404312,-1.013085126876831,-1.0469869375228882,-1.4455262422561646,-2.157287359237671
4.068295001983643,-0.03130015730857849,-1.0111784934997559,-1.0918315649032593,-1.444798469543457,-2.199178457260132
4.0588226318359375,-0.02726341038942337,-0.9991804361343384,-1.0170255899429321,-1.4439489841461182,-2.126526117324829
4.015554904937744,-0.019215121865272522,-1.0117576122283936,-0.9895197749137878,-1.4459697008132935,-2.1221370697021484
4.023624897003174,-0.010521087795495987,-1.0181413888931274,-1.0836918354034424,-1.452472448348999,-2.2229483127593994
4.044514179229736,0.003774784505367279,-1.0301413536071777,-1.406649112701416,-1.4496797323226929,-2.564199447631836
4.048291206359863,0.013525284826755524,-1.032596468925476,-1.5393937826156616,-1.441229224205017,-2.7091639041900635
4.032463550567627,0.019230864942073822,-1.0402485132217407,-1.7187268733978271,-1.438398003578186,-2.89914608001709
4.042811870574951,0.023108433932065964,-1.051076889038086,-1.8634469509124756,-1.4283748865127563,-3.0548555850982666
4.039348602294922,0.019183162599802017,-1.0572258234024048,-2.054286241531372,-1.4057800769805908,3.0252459049224854
4.066971302032471,0.003899596631526947,-1.0098493099212646,-2.3610122203826904,-1.2948040962219238,2.692934036254883
4.077075958251953,-0.010814901441335678,-0.996748149394989,-2.3492259979248047,-1.3009828329086304,2.716663360595703
4.0722975730896,0.016222253441810608,-0.9833052754402161,-2.4243595600128174,-1.2507272958755493,2.6024136543273926
4.108801364898682,0.00011134892702102661,-0.9374856948852539,-2.498661756515503,-1.2546674013137817,2.5625808238983154
4.043700695037842,-0.032981645315885544,-0.9771868586540222,-0.9359515905380249,-1.4730144739151,-2.016580104827881
4.028603553771973,-0.03247056528925896,-0.9882267117500305,-0.9064245820045471,-1.4755405187606812,-1.9823561906814575
4.009030342102051,-0.005664218217134476,-1.0041910409927368,-0.8958503603935242,-1.4738385677337646,-1.9657772779464722
3.971489906311035,0.02974749356508255,-1.015920639038086,-0.8856081962585449,-1.476489543914795,-1.960134506225586
3.975724697113037,0.04289513826370239,-1.0345723628997803,-0.916638970375061,-1.478789210319519,-1.9951341152191162
3.921765089035034,0.1277536302804947,-1.0729551315307617,-0.9293892979621887,-1.4785515069961548,-2.003413677215576
3.922011137008667,0.1478320062160492,-1.083006501197815,-0.9879429340362549,-1.484184980392456,-2.068467378616333
3.8802084922790527,0.19081763923168182,-1.0791070461273193,-1.0740275382995605,-1.4843194484710693,-2.1648693084716797
3.8794801235198975,0.2009638100862503,-1.0710841417312622,-1.094216227531433,-1.4850291013717651,-2.1883883476257324
3.8468048572540283,0.2209814041852951,-1.0664557218551636,-1.1367530822753906,-1.4807935953140259,-2.2361183166503906
3.8800299167633057,0.23080280423164368,-1.0894230604171753,-2.490980386734009,-1.2627065181732178,2.512622356414795
4.069454193115234,-0.06507280468940735,-1.004336953163147,-2.484299659729004,-1.2780542373657227,2.5398459434509277
4.0648651123046875,-0.031303778290748596,-1.025768756866455,-2.4200356006622314,-1.27561616897583,2.5950777530670166
4.0438618659973145,-0.017044104635715485,-1.0235755443572998,-2.4038422107696533,-1.2727270126342773,2.6080682277679443
4.055718421936035,-0.015358693897724152,-1.0261800289154053,-2.389714002609253,-1.2725799083709717,2.6238648891448975
4.033721923828125,-0.0008078962564468384,-1.0173249244689941,-2.370842695236206,-1.2679888010025024,2.641347646713257
4.023383140563965,0.00981440395116806,-1.0187627077102661,-2.3636624813079834,-1.2662814855575562,2.6484487056732178
4.060667991638184,-0.017469946295022964,-1.031329870223999,-2.4070682525634766,-1.2702206373214722,2.60992169380188
4.0700860023498535,-0.03429759666323662,-1.024984359741211,-2.4439172744750977,-1.272559404373169,2.574852705001831
4.072148323059082,-0.06765859574079514,-1.0117981433868408,-2.470548152923584,-1.2766661643981934,2.550485849380493
4.079168796539307,-0.12129820883274078,-0.9933153390884399,-2.4623265266418457,-1.2787786722183228,2.5712690353393555
3.618192195892334,-0.12981289625167847,-1.0762313604354858,-2.431596517562866,-1.2575891017913818,2.535109043121338
3.6257078647613525,-0.10090252757072449,-1.083952784538269,-2.437872886657715,-1.2546430826187134,2.512556791305542
3.6343765258789062,-0.10617656260728836,-1.0856115818023682,-2.4427123069763184,-1.254547357559204,2.5071732997894287
3.6403005123138428,-0.10578498244285583,-1.0774534940719604,-2.435384511947632,-1.2530261278152466,2.515113353729248
3.6523337364196777,-0.11459867656230927,-1.0757933855056763,-2.4345333576202393,-1.2534451484680176,2.515812873840332
3.6538641452789307,-0.12134021520614624,-1.0754083395004272,-2.428856611251831,-1.2533862590789795,2.5230722427368164
3.6539814472198486,-0.15587568283081055,-1.0687109231948853,-2.4399771690368652,-1.2525125741958618,2.5187079906463623
3.639880418777466,-0.18539409339427948,-1.0530332326889038,-2.3998682498931885,-1.2533884048461914,2.5568289756774902
3.6180648803710938,-0.20628276467323303,-1.03328537940979,-2.373450517654419,-1.2477930784225464,2.586272954940796
3.6389050483703613,-0.2293546497821808,-1.033523440361023,-2.3722081184387207,-1.2478411197662354,2.5918920040130615
3.6214053630828857,-0.2240348607301712,-1.0284700393676758,-2.368553876876831,-1.2480261325836182,2.5956592559814453
3.672300100326538,-0.17901873588562012,-1.0183426141738892,-2.3121042251586914,-1.2647895812988281,2.6239304542541504
3.6719846725463867,-0.02753555029630661,-1.0872029066085815,-2.4099185466766357,-1.2743910551071167,2.519623279571533
3.6954073905944824,-0.03961028903722763,-1.0786468982696533,-2.4160635471343994,-1.273182988166809,2.5149800777435303
3.6792972087860107,-0.055843792855739594,-1.0785226821899414,-2.392454147338867,-1.2721912860870361,2.5362110137939453
3.6896884441375732,-0.06483175605535507,-1.0705608129501343,-2.387557029724121,-1.2687631845474243,2.5419716835021973
3.667743444442749,-0.06616279482841492,-1.0485105514526367,-2.3527231216430664,-1.2621867656707764,2.5747737884521484
3.6613621711730957,-0.07072513550519943,-1.0390689373016357,-2.3358700275421143,-1.2606825828552246,2.5894174575805664
3.6553757190704346,-0.0721302181482315,-1.024185061454773,-2.32037615776062,-1.2525221109390259,2.6037142276763916
3.675102472305298,-0.08363905549049377,-1.0187739133834839,-2.3208377361297607,-1.2557549476623535,2.6029529571533203
3.6568517684936523,-0.07681139558553696,-1.0211081504821777,-2.322103500366211,-1.2525895833969116,2.5991108417510986
3.6544134616851807,-0.0880250632762909,-1.0159894227981567,-2.312727451324463,-1.252414345741272,2.608546018600464
3.824347496032715,0.008104212582111359,-0.9750537872314453,-2.2169077396392822,-1.255855917930603,2.693619728088379
3.826857089996338,0.07864747196435928,-1.0282038450241089,-2.3172740936279297,-1.276459813117981,2.6067142486572266
3.8236799240112305,0.07985647022724152,-1.0281645059585571,-2.3090646266937256,-1.2752817869186401,2.6156086921691895
3.8238179683685303,0.0829138532280922,-1.0231529474258423,-2.31018328666687,-1.275375247001648,2.6135482788085938
3.8264453411102295,0.07677218317985535,-1.0254610776901245,-2.313209056854248,-1.2764242887496948,2.610630512237549
3.820103406906128,0.08721920847892761,-1.023686408996582,-2.3164188861846924,-1.275711178779602,2.608771324157715
3.819441795349121,0.09055914729833603,-1.0251553058624268,-2.319920063018799,-1.2753678560256958,2.605780601501465
3.825796604156494,0.08115777373313904,-1.0293606519699097,-2.315885543823242,-1.276865005493164,2.609745740890503
3.8185315132141113,0.08754388988018036,-1.0277695655822754,-2.3140456676483154,-1.2751744985580444,2.611410140991211
3.8296101093292236,0.07410645484924316,-1.0240224599838257,-2.31254243850708,-1.2770408391952515,2.612978219985962
3.821141004562378,0.08466765284538269,-1.025820255279541,-2.3152832984924316,-1.2753124237060547,2.609480142593384
3.9064738750457764,0.18104377388954163,-1.0155107975006104,-2.203465223312378,-1.2659932374954224,2.6948750019073486
3.9161555767059326,0.16704367101192474,-1.021742820739746,-2.208291530609131,-1.2682104110717773,2.687988758087158
3.9208924770355225,0.1646687090396881,-1.018886923789978,-2.213728904724121,-1.2699626684188843,2.6839606761932373
3.91489839553833,0.17677158117294312,-1.0221047401428223,-2.2194957733154297,-1.268672227859497,2.6800615787506104
3.909403085708618,0.1791611909866333,-1.029917597770691,-2.235440731048584,-1.2725433111190796,2.6609554290771484
3.9067649841308594,0.1884699910879135,-1.0339322090148926,-2.2374134063720703,-1.2714544534683228,2.656465768814087
3.911104679107666,0.19384881854057312,-1.0373942852020264,-2.2382898330688477,-1.2723606824874878,2.655937671661377
3.8955507278442383,0.19768908619880676,-1.0274643898010254,-2.2506496906280518,-1.2734589576721191,2.64923357963562
3.8919575214385986,0.19618624448776245,-1.0282350778579712,-2.2482569217681885,-1.2744015455245972,2.650949716567993
3.9019768238067627,0.19263602793216705,-1.025580883026123,-2.2450969219207764,-1.274986982345581,2.6550629138946533
3.888620138168335,0.19636285305023193,-1.0318158864974976,-2.251549243927002,-1.27362859249115,2.646252155303955
3.916149616241455,0.17438554763793945,-1.0256710052490234,-2.2506768703460693,-1.2804570198059082,2.6652486324310303
3.9168949127197266,0.15444360673427582,-1.0199759006500244,-2.218855381011963,-1.2762120962142944,2.6966464519500732
3.9188551902770996,0.1537613421678543,-1.0251187086105347,-2.21938419342041,-1.275824785232544,2.6950721740722656
3.915325164794922,0.15279340744018555,-1.0194835662841797,-2.225184202194214,-1.277895450592041,2.692476749420166
3.9085731506347656,0.1593879759311676,-1.0075981616973877,-2.2284843921661377,-1.2786335945129395,2.6871492862701416
3.903055191040039,0.17413130402565002,-1.04496169090271,-2.2515339851379395,-1.2794467210769653,2.659820079803467
3.8937718868255615,0.20141346752643585,-1.063940405845642,-2.274677276611328,-1.2810101509094238,2.6368744373321533
3.8725504875183105,0.21954745054244995,-1.0707505941390991,-2.2763824462890625,-1.2826160192489624,2.6405739784240723
3.8732690811157227,0.22516682744026184,-1.068784475326538,-2.2777950763702393,-1.2825099229812622,2.64070200920105
3.8735904693603516,0.2274445742368698,-1.067510962486267,-2.281107187271118,-1.2827990055084229,2.6383769512176514
3.876126527786255,0.23336046934127808,-1.067398190498352,-2.2780373096466064,-1.283986210823059,2.6430881023406982
3.8595657348632812,0.17204496264457703,-1.0818097591400146,-2.3347485065460205,-1.2979412078857422,2.6228482723236084
3.8938050270080566,0.08261150121688843,-1.026975154876709,-2.2553188800811768,-1.2890030145645142,2.6958868503570557
3.8976521492004395,0.08543993532657623,-1.0268133878707886,-2.260030746459961,-1.2885591983795166,2.6901228427886963
3.89666485786438,0.08541684597730637,-1.024863362312317,-2.258974075317383,-1.289742112159729,2.6920721530914307
3.8865315914154053,0.09112106263637543,-1.0202445983886719,-2.2703754901885986,-1.290817141532898,2.6844217777252197
3.8877179622650146,0.09813186526298523,-1.0313094854354858,-2.2910561561584473,-1.2933201789855957,2.6622753143310547
3.849668025970459,0.14877527952194214,-1.0546271800994873,-2.291687250137329,-1.2966229915618896,2.6687488555908203
3.854098081588745,0.17570316791534424,-1.0750781297683716,-2.290863037109375,-1.2975594997406006,2.669650077819824
3.8536605834960938,0.20293304324150085,-1.0968743562698364,-2.3027689456939697,-1.2922918796539307,2.6492252349853516
3.8532798290252686,0.24083971977233887,-1.1121968030929565,-2.3173482418060303,-1.2904988527297974,2.632031202316284
3.847351551055908,0.24533674120903015,-1.1141859292984009,-2.3144638538360596,-1.2912849187850952,2.636537790298462
3.7520034313201904,0.21770116686820984,-1.1763314008712769,-2.3933117389678955,-1.3128035068511963,2.583026885986328
3.7848007678985596,0.045406341552734375,-1.0798280239105225,-2.336946964263916,-1.3095277547836304,2.635380268096924
3.7843494415283203,0.0528271347284317,-1.0834406614303589,-2.344172954559326,-1.3095999956130981,2.6297872066497803
3.780102252960205,0.0660385712981224,-1.0862287282943726,-2.3570127487182617,-1.3095195293426514,2.6154496669769287
3.786128282546997,0.10935422778129578,-1.1007124185562134,-2.380199432373047,-1.310031771659851,2.5941736698150635
3.780184268951416,0.12026950716972351,-1.1069830656051636,-2.3699328899383545,-1.3101985454559326,2.605811357498169
3.776918888092041,0.14566117525100708,-1.1143074035644531,-2.3666179180145264,-1.3113495111465454,2.6089305877685547
3.7869906425476074,0.13979798555374146,-1.114274263381958,-2.3640034198760986,-1.3084355592727661,2.6135542392730713
3.7918806076049805,0.1397392749786377,-1.115779995918274,-2.3763937950134277,-1.3067551851272583,2.5961315631866455
3.788985252380371,0.13411632180213928,-1.1225043535232544,-2.3774502277374268,-1.3070729970932007,2.5923893451690674
3.8006930351257324,0.12935060262680054,-1.1213034391403198,-2.3776144981384277,-1.3055976629257202,2.5930206775665283
3.687533378601074,0.06472799181938171,-1.0958267450332642,-2.443786144256592,-1.314746618270874,2.506254196166992
3.7001349925994873,-0.026005232706665993,-1.0522013902664185,-2.3887040615081787,-1.3191852569580078,2.5631134510040283
3.687260866165161,-0.031015345826745033,-1.0568454265594482,-2.3829290866851807,-1.3169173002243042,2.5657196044921875
3.7046749591827393,-0.034848883748054504,-1.0684176683425903,-2.3680169582366943,-1.3139106035232544,2.5771617889404297
3.6994075775146484,-0.03393319994211197,-1.066602349281311,-2.3661675453186035,-1.3142169713974,2.5788381099700928
3.7061917781829834,-0.05324706435203552,-1.0713870525360107,-2.3356828689575195,-1.315420150756836,2.6033377647399902
3.715482473373413,-0.05759572237730026,-1.0575519800186157,-2.345083475112915,-1.3138725757598877,2.5970990657806396
3.711859941482544,-0.06697987765073776,-1.0434130430221558,-2.334962844848633,-1.3118195533752441,2.6080613136291504
3.6990761756896973,-0.06819269061088562,-1.046296238899231,-2.3385252952575684,-1.3146905899047852,2.6050937175750732
3.6990835666656494,-0.0684552788734436,-1.0450060367584229,-2.3300395011901855,-1.3144147396087646,2.613508462905884
3.6869282722473145,-0.06648586690425873,-1.044273853302002,-2.3295419216156006,-1.3149715662002563,2.613953113555908
3.6487555503845215,-0.1344945877790451,-1.0453922748565674,-2.372727870941162,-1.3116722106933594,2.5804903507232666
3.673748731613159,-0.09436838328838348,-1.0596956014633179,-2.4258956909179688,-1.317370057106018,2.532588481903076
3.6825196743011475,-0.10857494175434113,-1.0583609342575073,-2.407417058944702,-1.3184731006622314,2.551600217819214
3.684187889099121,-0.10653766989707947,-1.05485999584198,-2.4110143184661865,-1.3163717985153198,2.5484538078308105
3.686347723007202,-0.10541969537734985,-1.0561987161636353,-2.4189207553863525,-1.3165205717086792,2.5392961502075195
3.708220958709717,-0.10582998394966125,-1.0626416206359863,-2.4274392127990723,-1.3166042566299438,2.5292747020721436
3.6963679790496826,-0.1055942177772522,-1.063057780265808,-2.4333202838897705,-1.318388819694519,2.5248382091522217
3.688467502593994,-0.10189607739448547,-1.0634050369262695,-2.4270682334899902,-1.320185661315918,2.5320379734039307
3.687631368637085,-0.09917314350605011,-1.0642625093460083,-2.431978702545166,-1.3210358619689941,2.5277156829833984
3.6884782314300537,-0.10554598271846771,-1.0633678436279297,-2.42665696144104,-1.321065068244934,2.533186197280884
3.7011876106262207,-0.1029457077383995,-1.0628993511199951,-2.4295992851257324,-1.3165068626403809,2.528489828109741
3.7183165550231934,-0.008466258645057678,-1.0402851104736328,-2.344914197921753,-1.3198517560958862,2.5803487300872803
3.6963083744049072,0.01525881513953209,-1.0438780784606934,-2.3635311126708984,-1.3203628063201904,2.5682590007781982
3.710566520690918,0.007247094064950943,-1.0423014163970947,-2.364516019821167,-1.319593071937561,2.56748104095459
3.7152578830718994,0.015441052615642548,-1.040069580078125,-2.3647377490997314,-1.3181161880493164,2.5679287910461426
3.694951295852661,0.01647450216114521,-1.036300539970398,-2.366751194000244,-1.3183866739273071,2.5666754245758057
3.6793084144592285,0.01880529522895813,-1.0289784669876099,-2.360415458679199,-1.3208647966384888,2.5749738216400146
3.659022808074951,0.026306450366973877,-1.0077182054519653,-2.3654332160949707,-1.3185057640075684,2.573920726776123
3.6322147846221924,0.029526405036449432,-0.9694486856460571,-2.358459711074829,-1.314864158630371,2.5852582454681396
3.60714054107666,0.02034386247396469,-0.926760196685791,-2.3357861042022705,-1.3130931854248047,2.615955114364624
3.602632522583008,0.01828811876475811,-0.9216524362564087,-2.318005323410034,-1.3123019933700562,2.634202718734741
3.627967596054077,0.016449132934212685,-0.9140535593032837,-2.331475019454956,-1.3117806911468506,2.620786666870117
3.6353747844696045,0.0092029869556427,-0.8683258295059204,-2.3053297996520996,-1.3209763765335083,2.648834466934204
3.7351231575012207,-0.00016847066581249237,-0.988241970539093,-2.345541477203369,-1.3277240991592407,2.5879485607147217
3.7021126747131348,0.0027448348701000214,-0.9516225457191467,-2.33542537689209,-1.3257465362548828,2.605992078781128
3.718057632446289,-0.028346367180347443,-0.9192456603050232,-2.309030532836914,-1.321254014968872,2.636749029159546
3.7190515995025635,-0.030010629445314407,-0.9151662588119507,-2.292964220046997,-1.3218892812728882,2.652332067489624
3.7237513065338135,-0.04315194860100746,-0.9042438268661499,-2.3087480068206787,-1.3210870027542114,2.6369094848632812
3.7231533527374268,-0.04329398646950722,-0.897118091583252,-2.291173219680786,-1.3203144073486328,2.6535449028015137
3.7547881603240967,-0.060324814170598984,-0.8922873139381409,-2.3097312450408936,-1.3170422315597534,2.6342689990997314
3.755399703979492,-0.05030147358775139,-0.8893107175827026,-2.310896635055542,-1.3156481981277466,2.6340861320495605
3.7415521144866943,-0.05173439159989357,-0.883495569229126,-2.281428813934326,-1.3148574829101562,2.6608471870422363
3.7638955116271973,-0.0516645573079586,-0.8779282569885254,-2.267669200897217,-1.3113316297531128,2.67413067817688
3.7090256214141846,-0.00066346675157547,-1.0025478601455688,-2.2412030696868896,-1.3137457370758057,2.7053704261779785
3.7271556854248047,0.06137789413332939,-1.096976637840271,-2.2947592735290527,-1.3255248069763184,2.634136915206909
3.731426954269409,0.06397730112075806,-1.100297212600708,-2.296025276184082,-1.3253675699234009,2.632338523864746
3.7264997959136963,0.048064522445201874,-1.0717889070510864,-2.261763095855713,-1.3205182552337646,2.6680972576141357
3.7296013832092285,0.024012453854084015,-1.0620547533035278,-2.2316231727600098,-1.3116217851638794,2.701000928878784
3.728928327560425,-0.007698677480220795,-1.0297788381576538,-2.1901113986968994,-1.3122164011001587,2.761082887649536
3.7451388835906982,-0.018953345715999603,-1.016015648841858,-2.175758123397827,-1.3085628747940063,2.7797603607177734
3.7396771907806396,-0.012848332524299622,-1.0106325149536133,-2.186608076095581,-1.3041273355484009,2.7681331634521484
3.7520461082458496,-0.017284773290157318,-1.0053987503051758,-2.202603816986084,-1.307450532913208,2.755805492401123
3.7281298637390137,-0.006187744438648224,-1.008708119392395,-2.2153103351593018,-1.3070660829544067,2.7467939853668213
3.7124509811401367,0.016574077308177948,-1.019166350364685,-2.2331559658050537,-1.305951476097107,2.735410451889038
3.792553663253784,0.0466313436627388,-1.0566895008087158,-2.1818368434906006,-1.3005174398422241,2.794515609741211
3.8394486904144287,0.06833704560995102,-1.096232533454895,-2.221898317337036,-1.3169208765029907,2.7218847274780273
3.836122512817383,0.07133195549249649,-1.0993562936782837,-2.2148101329803467,-1.315819501876831,2.728485345840454
3.832200288772583,0.06139109283685684,-1.1068623065948486,-2.217477321624756,-1.314409852027893,2.725548028945923
3.829810619354248,0.0652690976858139,-1.1081372499465942,-2.219653606414795,-1.3122658729553223,2.7218782901763916
3.8224105834960938,0.07276284694671631,-1.0972646474838257,-2.2161667346954346,-1.3083792924880981,2.729238510131836
3.8221912384033203,0.070377878844738,-1.1036680936813354,-2.2197980880737305,-1.3083773851394653,2.723705291748047
3.8241288661956787,0.07113314419984818,-1.0978999137878418,-2.214329957962036,-1.304736614227295,2.7300612926483154
3.8379812240600586,0.0625724196434021,-1.0963258743286133,-2.218559503555298,-1.307275652885437,2.7253050804138184
3.8293824195861816,0.0651790127158165,-1.1031699180603027,-2.2163615226745605,-1.3066205978393555,2.7260043621063232
3.8266987800598145,0.07125716656446457,-1.0977001190185547,-2.2194111347198486,-1.3073617219924927,2.725032091140747
3.917707681655884,0.16038042306900024,-1.1129567623138428,-2.1588528156280518,-1.300386667251587,2.7925689220428467
3.9305357933044434,0.16943469643592834,-1.1202294826507568,-2.172227144241333,-1.3114124536514282,2.7711400985717773
3.927943468093872,0.16645938158035278,-1.121675968170166,-2.1794826984405518,-1.312278151512146,2.764478921890259
3.9349422454833984,0.15970595180988312,-1.1265119314193726,-2.177532434463501,-1.3122271299362183,2.7662599086761475
3.9270143508911133,0.15929456055164337,-1.1319323778152466,-2.1847336292266846,-1.3114432096481323,2.7585184574127197
3.9246714115142822,0.15977811813354492,-1.1295350790023804,-2.178574800491333,-1.309973955154419,2.7656564712524414
3.9334042072296143,0.15653230249881744,-1.1355748176574707,-2.182387113571167,-1.3128771781921387,2.761723279953003
3.9318597316741943,0.15986841917037964,-1.1311092376708984,-2.184638261795044,-1.313915491104126,2.7600066661834717
3.9337220191955566,0.16533257067203522,-1.111039400100708,-2.166351318359375,-1.3089786767959595,2.7809629440307617
3.940091609954834,0.1749788075685501,-1.1013352870941162,-2.162614583969116,-1.3090014457702637,2.7846076488494873
3.944011926651001,0.18176895380020142,-1.1097087860107422,-2.1639323234558105,-1.3153772354125977,2.7814736366271973
3.998793125152588,0.21176809072494507,-1.0567528009414673,-2.1465330123901367,-1.3118494749069214,2.802292585372925
3.96433162689209,0.2039911150932312,-1.0886473655700684,-2.1819746494293213,-1.3125419616699219,2.763139009475708
3.9490966796875,0.2229403704404831,-1.1032781600952148,-2.1866414546966553,-1.3139885663986206,2.759392023086548
3.9705488681793213,0.2267531007528305,-1.1161946058273315,-2.2038509845733643,-1.3130136728286743,2.7466683387756348
3.978443145751953,0.2266203612089157,-1.1072334051132202,-2.1975698471069336,-1.3157209157943726,2.7526299953460693
3.970205545425415,0.22291682660579681,-1.1291098594665527,-2.210381269454956,-1.3119829893112183,2.7415406703948975
3.9730348587036133,0.22637109458446503,-1.1257132291793823,-2.208878755569458,-1.3126659393310547,2.7395403385162354
3.9730610847473145,0.2205154299736023,-1.1283133029937744,-2.1794543266296387,-1.3163259029388428,2.7692794799804688
3.969485282897949,0.22766126692295074,-1.120215892791748,-2.17749285697937,-1.319308876991272,2.7679829597473145
3.946497678756714,0.22147123515605927,-1.1259902715682983,-2.2070136070251465,-1.319252610206604,2.7343266010284424
3.944206714630127,0.23477016389369965,-1.1202634572982788,-2.1995463371276855,-1.3210183382034302,2.742238759994507
3.9467976093292236,0.17764316499233246,-1.0857748985290527,-2.200829267501831,-1.3324953317642212,2.772401809692383
3.9708399772644043,0.1291808784008026,-1.0535770654678345,-2.1740753650665283,-1.3254045248031616,2.8211185932159424
3.948155641555786,0.15965425968170166,-1.0639548301696777,-2.1700778007507324,-1.3322124481201172,2.832880973815918
3.946500539779663,0.16529026627540588,-1.0727559328079224,-2.1559510231018066,-1.339142918586731,2.8536791801452637
3.9636166095733643,0.15397702157497406,-1.083888053894043,-2.1860361099243164,-1.3408485651016235,2.8208703994750977
4.0039963722229,0.14170126616954803,-1.0948288440704346,-2.1756432056427,-1.3429723978042603,2.8394951820373535
3.9751882553100586,0.20188277959823608,-1.1031252145767212,-2.1727166175842285,-1.349494457244873,2.8522791862487793
3.9665300846099854,0.19703632593154907,-1.1131170988082886,-2.1896843910217285,-1.3521136045455933,2.8344345092773438
3.943042755126953,0.21370431780815125,-1.1109988689422607,-2.1841561794281006,-1.3517851829528809,2.840043067932129
3.9504661560058594,0.21526293456554413,-1.1092417240142822,-2.189425230026245,-1.3510856628417969,2.837303638458252
3.9357423782348633,0.223737895488739,-1.1064002513885498,-2.190277576446533,-1.3517204523086548,2.833524703979492
3.835292339324951,0.14891013503074646,-1.1484931707382202,-2.2447807788848877,-1.3571611642837524,2.7978429794311523
3.875648260116577,0.03513655439019203,-1.095088243484497,-2.1986441612243652,-1.331032633781433,2.811750888824463
3.8735833168029785,0.036756839603185654,-1.098343849182129,-2.20072865486145,-1.3317110538482666,2.8118739128112793
3.8688206672668457,0.04479779303073883,-1.0904130935668945,-2.1711349487304688,-1.3304507732391357,2.840639591217041
3.881805181503296,0.03889179974794388,-1.1013671159744263,-2.1717822551727295,-1.3300864696502686,2.8346524238586426
3.8989851474761963,0.027943573892116547,-1.1171832084655762,-2.1926803588867188,-1.3299880027770996,2.811669111251831
3.901353597640991,0.029869992285966873,-1.1208996772766113,-2.176288366317749,-1.3291879892349243,2.8279542922973633
3.886367082595825,0.03147973492741585,-1.1088709831237793,-2.1684839725494385,-1.3290151357650757,2.834538221359253
3.907942056655884,0.025233253836631775,-1.1100691556930542,-2.1673810482025146,-1.3254644870758057,2.83341121673584
3.938502550125122,0.01779288798570633,-1.1253952980041504,-2.174008369445801,-1.3265031576156616,2.8204383850097656
3.919785261154175,0.021763060241937637,-1.1150133609771729,-2.1493234634399414,-1.324131727218628,2.845200538635254
3.6937453746795654,-0.1352737694978714,-1.2289525270462036,-2.221214532852173,-1.3539865016937256,2.842134952545166
3.653451919555664,-0.12334821373224258,-1.1853508949279785,-2.2226626873016357,-1.355830192565918,2.857529878616333
3.6456685066223145,-0.12273530662059784,-1.1847153902053833,-2.217172622680664,-1.3560680150985718,2.864027261734009
3.6651804447174072,-0.13185210525989532,-1.192034125328064,-2.2210986614227295,-1.3556557893753052,2.854696273803711
3.671881675720215,-0.1337895691394806,-1.1970785856246948,-2.211639642715454,-1.3534396886825562,2.8622992038726807
3.6804299354553223,-0.13379189372062683,-1.2023576498031616,-2.21624755859375,-1.3536884784698486,2.8531880378723145
3.6979339122772217,-0.13825449347496033,-1.213602066040039,-2.186150074005127,-1.3510692119598389,2.8779542446136475
3.7336320877075195,-0.13683071732521057,-1.2422466278076172,-2.1671011447906494,-1.3506433963775635,2.884465217590332
3.778445243835449,-0.1616005003452301,-1.2519999742507935,-2.1871960163116455,-1.347014307975769,2.8589766025543213
3.7901761531829834,-0.18856695294380188,-1.2572990655899048,-2.1694579124450684,-1.338965892791748,2.8709723949432373
3.784127950668335,-0.1972421109676361,-1.263833999633789,-2.1787242889404297,-1.3404467105865479,2.8599534034729004
3.8547861576080322,-0.22276216745376587,-1.1510802507400513,-2.133930206298828,-1.3439178466796875,2.8903491497039795
3.7140932083129883,-0.16765634715557098,-1.0943233966827393,-2.20585560798645,-1.3633677959442139,2.8515889644622803
3.730144739151001,-0.17736223340034485,-1.0951191186904907,-2.2006092071533203,-1.3609018325805664,2.8551931381225586
3.74871826171875,-0.18700434267520905,-1.092115879058838,-2.1978275775909424,-1.3604354858398438,2.853250503540039
3.767430067062378,-0.20057106018066406,-1.0842335224151611,-2.248354196548462,-1.3548754453659058,2.799165725708008
3.7571423053741455,-0.19780553877353668,-1.088658094406128,-2.2159156799316406,-1.3483295440673828,2.8272628784179688
3.7548279762268066,-0.19262215495109558,-1.0913056135177612,-2.196179151535034,-1.3467289209365845,2.8466506004333496
3.755619764328003,-0.19790953397750854,-1.0902235507965088,-2.219433546066284,-1.3456720113754272,2.8232524394989014
3.7656610012054443,-0.20630648732185364,-1.089166522026062,-2.230668306350708,-1.3466969728469849,2.8121447563171387
3.751041889190674,-0.1862427145242691,-1.0925747156143188,-2.2136216163635254,-1.3451743125915527,2.8282670974731445
3.7591469287872314,-0.20385664701461792,-1.0813556909561157,-2.213895320892334,-1.346977710723877,2.8330237865448
3.899351119995117,-0.17723272740840912,-0.9143492579460144,-2.1528279781341553,-1.3338408470153809,2.8824310302734375
3.832608222961426,-0.13358478248119354,-0.9333234429359436,-2.1201584339141846,-1.3468695878982544,2.932318925857544
3.8503384590148926,-0.1358598917722702,-0.9294165968894958,-2.14139986038208,-1.3464090824127197,2.907864809036255
3.8481075763702393,-0.14513301849365234,-0.9325867891311646,-2.1385738849639893,-1.3467860221862793,2.9104256629943848
3.8543477058410645,-0.14685270190238953,-0.9297839403152466,-2.136011838912964,-1.346534252166748,2.9127845764160156
3.8524258136749268,-0.14037738740444183,-0.9355642199516296,-2.1322598457336426,-1.3443751335144043,2.9170103073120117
3.8586769104003906,-0.14411252737045288,-0.9297850728034973,-2.135443925857544,-1.3448370695114136,2.9132421016693115
3.854048728942871,-0.13779793679714203,-0.9305678606033325,-2.1361465454101562,-1.3433302640914917,2.9117465019226074
3.8662948608398438,-0.15026044845581055,-0.9341657161712646,-2.136063814163208,-1.3440580368041992,2.9117023944854736
3.858731508255005,-0.1456591784954071,-0.9336510896682739,-2.136532783508301,-1.3457692861557007,2.9119768142700195
3.8589389324188232,-0.14345023036003113,-0.9350484013557434,-2.1258809566497803,-1.3460309505462646,2.9221229553222656
3.9277448654174805,-0.07566134631633759,-0.9210447072982788,-2.1598474979400635,-1.3373976945877075,2.8881475925445557
3.93447208404541,-0.0772610753774643,-0.9205433130264282,-2.1516122817993164,-1.3382399082183838,2.896868944168091
3.9329538345336914,-0.0819159597158432,-0.9243730306625366,-2.147223711013794,-1.3374717235565186,2.898526191711426
3.94783878326416,-0.08692463487386703,-0.9256979823112488,-2.141949415206909,-1.3369412422180176,2.9035911560058594
3.9411559104919434,-0.08296291530132294,-0.9268665313720703,-2.145324945449829,-1.3366643190383911,2.898984670639038
3.9359729290008545,-0.07980068027973175,-0.9308889508247375,-2.1411631107330322,-1.3370351791381836,2.9046437740325928
3.939532995223999,-0.07636146247386932,-0.9229130148887634,-2.139719247817993,-1.3392447233200073,2.907480239868164
3.929354190826416,-0.07904412597417831,-0.9259957075119019,-2.148089647293091,-1.339385986328125,2.9036684036254883
3.919171094894409,-0.07082145661115646,-0.913008987903595,-2.1495959758758545,-1.3392140865325928,2.901942253112793
3.9213192462921143,-0.07425186038017273,-0.9109526872634888,-2.151515007019043,-1.3394088745117188,2.90209698677063
3.9478046894073486,-0.09055089205503464,-0.9181957840919495,-2.144651412963867,-1.3388642072677612,2.903968572616577
3.9384958744049072,-0.08219843357801437,-0.9343574643135071,-2.1611392498016357,-1.3416595458984375,2.908975601196289
3.9432053565979004,-0.09260408580303192,-0.9434608817100525,-2.1619298458099365,-1.342591643333435,2.909359931945801
3.937509059906006,-0.09283383190631866,-0.9398908615112305,-2.1542375087738037,-1.342489242553711,2.917771100997925
3.946469783782959,-0.09959365427494049,-0.9438847899436951,-2.1484200954437256,-1.3425977230072021,2.923468828201294
3.948307752609253,-0.0976596474647522,-0.9394245743751526,-2.152679443359375,-1.3410850763320923,2.9183592796325684
3.9466347694396973,-0.09892061352729797,-0.9407809376716614,-2.1600170135498047,-1.343488097190857,2.910856008529663
3.9454970359802246,-0.09547834098339081,-0.9452313780784607,-2.1573197841644287,-1.3426921367645264,2.915407419204712
3.9335222244262695,-0.09038165211677551,-0.9448689222335815,-2.1597814559936523,-1.3436744213104248,2.910719394683838
3.9482674598693848,-0.09989497065544128,-0.9377241730690002,-2.151499032974243,-1.342052936553955,2.9184818267822266
3.944725751876831,-0.09841404110193253,-0.9419580101966858,-2.1415257453918457,-1.3418540954589844,2.927699565887451
3.953139066696167,-0.09975108504295349,-0.9441810846328735,-2.153796911239624,-1.3417364358901978,2.9154598712921143
3.966155767440796,-0.11027322709560394,-0.9340212345123291,-2.1578102111816406,-1.3470617532730103,2.9235711097717285
3.9365732669830322,-0.08151936531066895,-0.9243278503417969,-2.1697676181793213,-1.353755235671997,2.9219532012939453
3.9353432655334473,-0.07648148387670517,-0.9256647825241089,-2.167255163192749,-1.3528227806091309,2.922055959701538
3.9380695819854736,-0.0902382880449295,-0.9297686815261841,-2.1674020290374756,-1.3520723581314087,2.925692558288574
3.9449143409729004,-0.08906709402799606,-0.9264770746231079,-2.1638472080230713,-1.351380705833435,2.927670955657959
3.946256160736084,-0.08984006941318512,-0.9317666888237,-2.1589765548706055,-1.351508617401123,2.928093671798706
3.9584054946899414,-0.11409738659858704,-0.9458116292953491,-2.1478941440582275,-1.3533285856246948,2.939082622528076
3.9718549251556396,-0.13155505061149597,-0.9654026627540588,-2.143596887588501,-1.3510266542434692,2.937959909439087
3.977384567260742,-0.13710714876651764,-0.9638309478759766,-2.1310887336730957,-1.3511234521865845,2.9497926235198975
3.964606761932373,-0.13380055129528046,-0.9682854413986206,-2.133845329284668,-1.3491533994674683,2.9450573921203613
3.97467041015625,-0.1267867535352707,-0.9712259769439697,-2.1389925479888916,-1.3506466150283813,2.9400792121887207
4.008955955505371,-0.14299975335597992,-0.9462870955467224,-2.133469343185425,-1.3545172214508057,2.9553401470184326
3.9659159183502197,-0.061034590005874634,-0.8990734815597534,-2.163463830947876,-1.3545427322387695,2.928985357284546
3.9624240398406982,-0.06326690316200256,-0.8961553573608398,-2.1614866256713867,-1.3547978401184082,2.9316399097442627
3.965440273284912,-0.06536299735307693,-0.8975540995597839,-2.159271240234375,-1.3545362949371338,2.934307098388672
3.9639811515808105,-0.05732639878988266,-0.9009984731674194,-2.1618547439575195,-1.3542462587356567,2.9311671257019043
3.956711769104004,-0.06009387969970703,-0.9009374976158142,-2.1682443618774414,-1.3561248779296875,2.926220178604126
3.9626848697662354,-0.062118254601955414,-0.9002236127853394,-2.161604642868042,-1.3544871807098389,2.9328861236572266
3.9663619995117188,-0.06214509159326553,-0.8986289501190186,-2.1659772396087646,-1.3554853200912476,2.927152156829834
3.9708163738250732,-0.0684838518500328,-0.9004073143005371,-2.172780990600586,-1.3570116758346558,2.9204587936401367
3.9751248359680176,-0.07162591069936752,-0.9015413522720337,-2.1550416946411133,-1.3556653261184692,2.9382569789886475
3.971705675125122,-0.07540060579776764,-0.9042156934738159,-2.166294813156128,-1.3560478687286377,2.9279110431671143
4.0530805587768555,-0.06967277079820633,-0.8475294709205627,-2.1395137310028076,-1.3571760654449463,2.956202268600464
4.054358959197998,-0.07913460582494736,-0.8529300093650818,-2.149726152420044,-1.358572006225586,2.947397470474243
4.059471130371094,-0.08227146416902542,-0.8521246314048767,-2.1394267082214355,-1.3574658632278442,2.957298755645752
4.054854393005371,-0.08004069328308105,-0.8553414940834045,-2.1548514366149902,-1.3604340553283691,2.9422972202301025
4.047611713409424,-0.07107171416282654,-0.8503190875053406,-2.1486639976501465,-1.357948660850525,2.9485957622528076
4.041116237640381,-0.06308853626251221,-0.8422329425811768,-2.151547908782959,-1.3583686351776123,2.9469716548919678
4.0319013595581055,-0.052169088274240494,-0.8441912531852722,-2.141806125640869,-1.3563742637634277,2.959545135498047
4.028090000152588,-0.048152677714824677,-0.8465381860733032,-2.1445422172546387,-1.3567023277282715,2.9572629928588867
4.027102470397949,-0.05096527561545372,-0.8481557965278625,-2.150230646133423,-1.3580076694488525,2.950835704803467
4.032752990722656,-0.05050418898463249,-0.8546137809753418,-2.1378989219665527,-1.3567904233932495,2.9619274139404297
4.0409255027771,-0.0557074099779129,-0.8601313233375549,-2.146829843521118,-1.3569529056549072,2.9504709243774414
4.057872772216797,-0.08984308689832687,-0.8604744076728821,-2.156984806060791,-1.3647161722183228,2.9542105197906494
4.047571659088135,-0.10111544281244278,-0.855151891708374,-2.1413187980651855,-1.3612061738967896,2.972464084625244
4.050998210906982,-0.10127972811460495,-0.8566967844963074,-2.1461737155914307,-1.3610057830810547,2.96708607673645
4.054562568664551,-0.10474690794944763,-0.8525768518447876,-2.1437103748321533,-1.3575053215026855,2.9681332111358643
4.076585292816162,-0.11810262501239777,-0.8566513061523438,-2.126976728439331,-1.3562026023864746,2.9820961952209473
4.080848217010498,-0.12646454572677612,-0.8603323698043823,-2.1194663047790527,-1.3564047813415527,2.987948417663574
4.085757255554199,-0.13112017512321472,-0.8590197563171387,-2.1127967834472656,-1.3563560247421265,2.9935898780822754
4.080712795257568,-0.14126235246658325,-0.8557971715927124,-2.098931074142456,-1.351692795753479,3.007937431335449
4.086874485015869,-0.14406390488147736,-0.8458379507064819,-2.095726490020752,-1.3462567329406738,3.0088443756103516
4.056301116943359,-0.13671596348285675,-0.8275889754295349,-2.079303026199341,-1.3446651697158813,3.023517608642578
4.045475959777832,-0.15802529454231262,-0.8102576732635498,-2.1042118072509766,-1.348078966140747,3.014941930770874
4.056904315948486,-0.12739169597625732,-0.8241246938705444,-2.1209495067596436,-1.3607022762298584,3.0041627883911133
4.052063465118408,-0.1302192509174347,-0.819356381893158,-2.1043646335601807,-1.3601901531219482,3.0201101303100586
4.056673049926758,-0.13838687539100647,-0.8156703114509583,-2.1051247119903564,-1.3596982955932617,3.018376111984253
4.0467424392700195,-0.1329677700996399,-0.8152481317520142,-2.1109025478363037,-1.3566393852233887,3.0130157470703125
4.04271125793457,-0.13003933429718018,-0.8146090507507324,-2.1105406284332275,-1.3553297519683838,3.0130131244659424
4.049044609069824,-0.13212847709655762,-0.8112630844116211,-2.105456829071045,-1.3580830097198486,3.018265724182129
4.051935195922852,-0.1333947479724884,-0.8084003925323486,-2.1053831577301025,-1.3598523139953613,3.017918348312378
4.063766002655029,-0.1365692913532257,-0.8047290444374084,-2.0989372730255127,-1.3589200973510742,3.0255825519561768
4.052138805389404,-0.1326456069946289,-0.8055514097213745,-2.096726655960083,-1.3599413633346558,3.027310609817505
4.057790756225586,-0.13202884793281555,-0.806707501411438,-2.099494457244873,-1.3593469858169556,3.024813175201416
4.117143154144287,-0.06874281167984009,-0.8168410062789917,-2.0438597202301025,-1.345715045928955,3.0568878650665283
4.125843048095703,-0.05131547152996063,-0.8459919095039368,-2.0954744815826416,-1.3589857816696167,3.0058648586273193
4.132672309875488,-0.05492808669805527,-0.8475886583328247,-2.0801572799682617,-1.3541438579559326,3.0181965827941895
4.12180757522583,-0.057808537036180496,-0.8656505346298218,-2.0828793048858643,-1.3528929948806763,3.0114951133728027
4.095555305480957,-0.05251728743314743,-0.8571430444717407,-2.062267780303955,-1.3414644002914429,3.028282403945923
4.110578536987305,-0.06334193795919418,-0.8508034944534302,-2.063896894454956,-1.3376408815383911,3.022953748703003
4.12114143371582,-0.06833765655755997,-0.8498969078063965,-2.0602855682373047,-1.3413358926773071,3.027992010116577
4.105754852294922,-0.06356145441532135,-0.8409291505813599,-2.060774803161621,-1.339756965637207,3.0317635536193848
4.097072601318359,-0.06002271920442581,-0.8413448333740234,-2.0501487255096436,-1.3366785049438477,3.0413475036621094
4.103587627410889,-0.0629364550113678,-0.8424301743507385,-2.0529017448425293,-1.3381041288375854,3.0388550758361816
4.108936309814453,-0.06543608009815216,-0.8364719748497009,-2.0613505840301514,-1.3389010429382324,3.0300469398498535
4.134366512298584,-0.05915684252977371,-0.8575612902641296,-2.0210859775543213,-1.337721586227417,3.0882625579833984
4.157154560089111,-0.04252994805574417,-0.8622465133666992,-2.0283801555633545,-1.354330062866211,3.0921173095703125
4.153217792510986,-0.04547344148159027,-0.8631798028945923,-2.02858829498291,-1.3526734113693237,3.090477466583252
4.1478447914123535,-0.03651361167430878,-0.8665891885757446,-2.0261616706848145,-1.3509480953216553,3.0925254821777344
4.140143871307373,-0.016597457230091095,-0.8558951020240784,-2.01288104057312,-1.35440194606781,3.1070916652679443
4.137121200561523,-0.010593932121992111,-0.8480479717254639,-2.007516622543335,-1.3533738851547241,3.111769437789917
4.15341329574585,-0.04075324907898903,-0.8648518323898315,-2.0206167697906494,-1.3546143770217896,3.098679780960083
4.163898944854736,-0.042229063808918,-0.8625332117080688,-2.0287439823150635,-1.3561867475509644,3.0898635387420654
4.15901517868042,-0.04321928694844246,-0.8648649454116821,-2.0371265411376953,-1.3572460412979126,3.0814859867095947
4.1577653884887695,-0.037714794278144836,-0.8648864030838013,-2.020440101623535,-1.349166989326477,3.096743583679199
4.161900520324707,-0.034976959228515625,-0.8622143864631653,-2.027071952819824,-1.3530356884002686,3.0903704166412354
4.166499137878418,-0.004323506727814674,-0.8703284859657288,-2.001164197921753,-1.3472496271133423,-3.141065835952759
4.167346000671387,0.0006549727986566722,-0.8614031076431274,-2.000882148742676,-1.347710132598877,-3.1405527591705322
4.1646294593811035,0.027900848537683487,-0.8706279397010803,-1.9969998598098755,-1.3531625270843506,-3.1353726387023926
4.151480197906494,0.025663208216428757,-0.8764366507530212,-1.996259331703186,-1.3509418964385986,-3.133568525314331
4.165850639343262,0.026378430426120758,-0.8793730735778809,-1.998653769493103,-1.3526946306228638,-3.1344871520996094
4.160412311553955,0.01704852655529976,-0.8824869990348816,-2.0483758449554443,-1.3523112535476685,3.0991575717926025
4.1863789558410645,-0.0257832333445549,-0.8789097666740417,-2.026014804840088,-1.3482930660247803,3.113955020904541
4.172541618347168,-0.032537225633859634,-0.8956847190856934,-2.022583484649658,-1.3425003290176392,3.115032434463501
4.172234058380127,-0.036028534173965454,-0.8903866410255432,-2.0174977779388428,-1.3397482633590698,3.1181254386901855
4.170182228088379,-0.03777841106057167,-0.9066652059555054,-2.0303585529327393,-1.3369227647781372,3.1015563011169434
4.167978763580322,-0.036782748997211456,-0.9018756151199341,-2.027848720550537,-1.3373804092407227,3.1053714752197266
4.1825714111328125,-0.08775888383388519,-0.8976758718490601,-2.0095207691192627,-1.3456990718841553,-3.1137490272521973
4.144728183746338,-0.04963359236717224,-0.8718546032905579,-2.009305477142334,-1.3546638488769531,-3.10396671295166
4.142908573150635,-0.04405428469181061,-0.8669951558113098,-2.0029640197753906,-1.3511630296707153,-3.09747576713562
4.137739181518555,-0.049587685614824295,-0.8691729307174683,-2.0108487606048584,-1.353137493133545,-3.1080403327941895
4.144773960113525,-0.054756589233875275,-0.8716221451759338,-2.017347812652588,-1.3548132181167603,-3.113715887069702
4.167166709899902,-0.06579586863517761,-0.8746466040611267,-2.011286735534668,-1.3520896434783936,-3.106839179992676
4.160858154296875,-0.06388729065656662,-0.8739888668060303,-2.019421339035034,-1.351846694946289,-3.1159486770629883
4.165541648864746,-0.0588165819644928,-0.8800300359725952,-2.0217716693878174,-1.3576136827468872,-3.1170523166656494
4.169409275054932,-0.05388456583023071,-0.8705300092697144,-2.011537790298462,-1.3580282926559448,-3.107898235321045
4.172305107116699,-0.043707020580768585,-0.8641758561134338,-2.0086913108825684,-1.3571572303771973,-3.1044371128082275
4.1679887771606445,-0.02772446908056736,-0.8593732118606567,-1.9726102352142334,-1.354926347732544,-3.0683507919311523
4.194674491882324,-0.003098800778388977,-0.8344144821166992,-1.956183671951294,-1.3468749523162842,-3.025893211364746
4.187897205352783,0.00882817804813385,-0.8428261280059814,-1.9325436353683472,-1.346055507659912,-3.0014967918395996
4.172675609588623,0.030914656817913055,-0.8504378795623779,-1.8874945640563965,-1.3447428941726685,-2.9520463943481445
4.153580188751221,0.05578391253948212,-0.8628280162811279,-1.8715916872024536,-1.334926724433899,-2.9338254928588867
4.129602909088135,0.06033705174922943,-0.8662452101707458,-1.852717399597168,-1.3318336009979248,-2.9205408096313477
4.115499019622803,0.04369205981492996,-0.8779036402702332,-1.849263072013855,-1.3280152082443237,-2.9228837490081787
4.122764587402344,0.034291766583919525,-0.8766303658485413,-1.8487231731414795,-1.327462911605835,-2.9243578910827637
4.105226039886475,0.023855846375226974,-0.8776859045028687,-1.8267302513122559,-1.3210240602493286,-2.907768964767456
4.113135814666748,0.020227625966072083,-0.8741342425346375,-1.808798909187317,-1.3146629333496094,-2.894146203994751
4.081535816192627,0.004635758697986603,-0.8573555946350098,-1.790273904800415,-1.3166241645812988,-2.889019012451172
4.067051887512207,0.008736766874790192,-0.8478046655654907,-1.8008182048797607,-1.3130311965942383,-2.9044532775878906
4.036628246307373,-0.08332923799753189,-0.865523099899292,-1.7371290922164917,-1.315855622291565,-2.814141273498535
4.130185127258301,-0.058498091995716095,-0.8800607323646545,-1.9492534399032593,-1.3662495613098145,-2.9502153396606445
4.138455390930176,-0.07056078314781189,-0.881989598274231,-1.950659155845642,-1.3750883340835571,-2.945653200149536
4.146725654602051,-0.006409406661987305,-0.9090830683708191,-1.944524884223938,-1.3831956386566162,-2.9383044242858887
4.151025295257568,-0.004695795476436615,-0.9111775755882263,-1.9242606163024902,-1.3824660778045654,-2.915278911590576
4.149292945861816,0.007848002016544342,-0.9084410071372986,-1.9184476137161255,-1.3834360837936401,-2.905212163925171
4.150981426239014,0.0061258599162101746,-0.9112959504127502,-1.9163976907730103,-1.379604458808899,-2.90543532371521
4.165278911590576,0.01730784773826599,-0.9165284633636475,-1.903368592262268,-1.3830844163894653,-2.89142107963562
4.18377161026001,0.042960427701473236,-0.9068728685379028,-1.8861467838287354,-1.3830927610397339,-2.8710694313049316
4.212743759155273,0.07179921120405197,-0.9216489791870117,-1.8660913705825806,-1.3849835395812988,-2.848374843597412
4.203361988067627,0.10107267647981644,-0.9323321580886841,-1.816653847694397,-1.3839988708496094,-2.795823097229004
3.9922802448272705,0.04355177283287048,-0.957335352897644,-1.56963312625885,-1.3504035472869873,-2.615687608718872
3.9354782104492188,-0.15642185509204865,-0.9067357778549194,-1.7318917512893677,-1.3189940452575684,-2.8116443157196045
3.9303371906280518,-0.1455737203359604,-0.9106000065803528,-1.7389707565307617,-1.3213988542556763,-2.815380573272705
3.9313457012176514,-0.14385534822940826,-0.9141022562980652,-1.738450288772583,-1.3213392496109009,-2.816955089569092
3.9209718704223633,-0.1338510811328888,-0.917754054069519,-1.7433596849441528,-1.3226637840270996,-2.8196725845336914
3.9193902015686035,-0.13141661882400513,-0.9141855835914612,-1.7285147905349731,-1.3225796222686768,-2.8053078651428223
3.922675132751465,-0.1333479881286621,-0.9214268922805786,-1.727148175239563,-1.3208214044570923,-2.8050997257232666
3.9340641498565674,-0.1432342380285263,-0.9138091206550598,-1.7418756484985352,-1.3246314525604248,-2.8170623779296875
3.933828830718994,-0.14757946133613586,-0.9073997139930725,-1.7417103052139282,-1.3198825120925903,-2.8219850063323975
3.944322347640991,-0.16192980110645294,-0.8996926546096802,-1.747025728225708,-1.3178616762161255,-2.83331298828125
3.9609217643737793,-0.17389950156211853,-0.8953968286514282,-1.7543666362762451,-1.3187769651412964,-2.840388059616089
3.720555067062378,-0.17426404356956482,-0.9585797786712646,-1.5858922004699707,-1.3274201154708862,-2.669712543487549
3.686047315597534,-0.15490512549877167,-0.9675425887107849,-1.528399109840393,-1.3209900856018066,-2.6121578216552734
3.706260919570923,-0.16723759472370148,-0.9689298868179321,-1.556681513786316,-1.3224258422851562,-2.6367416381835938
3.6974658966064453,-0.16485139727592468,-0.9649853110313416,-1.5416669845581055,-1.3180968761444092,-2.628753185272217
3.702082633972168,-0.1663765013217926,-0.969239354133606,-1.553891658782959,-1.315739393234253,-2.641143560409546
3.7009963989257812,-0.17112617194652557,-0.9659231305122375,-1.5499314069747925,-1.3185821771621704,-2.6353888511657715
3.7219302654266357,-0.1805790364742279,-0.9809471368789673,-1.5496985912322998,-1.3226054906845093,-2.634101629257202
3.74588680267334,-0.16242489218711853,-1.0258896350860596,-1.5050339698791504,-1.3182542324066162,-2.5992894172668457
3.771066427230835,-0.15518909692764282,-1.0688719749450684,-1.474518060684204,-1.3103972673416138,-2.580233097076416
3.7882089614868164,-0.15318576991558075,-1.1005815267562866,-1.4870587587356567,-1.3101552724838257,-2.59798002243042
3.8116354942321777,-0.1638067364692688,-1.1167762279510498,-1.4789130687713623,-1.314951777458191,-2.586676836013794
3.865496873855591,-0.09175065904855728,-1.162224531173706,-1.5223063230514526,-1.299826741218567,-2.6576988697052
3.761770725250244,-0.11437328904867172,-0.9923360347747803,-1.6087580919265747,-1.3271620273590088,-2.6961755752563477
3.75510835647583,-0.08986344933509827,-1.0410563945770264,-1.5766853094100952,-1.3213244676589966,-2.6735544204711914
3.7551705837249756,-0.09309983998537064,-1.0460952520370483,-1.5731021165847778,-1.3226176500320435,-2.670083522796631
3.785205602645874,-0.11325393617153168,-1.065904974937439,-1.5605717897415161,-1.3170198202133179,-2.6672892570495605
3.795445442199707,-0.11207151412963867,-1.077667236328125,-1.5682004690170288,-1.315580129623413,-2.6769933700561523
3.7933735847473145,-0.11218994855880737,-1.0947649478912354,-1.56038236618042,-1.3117059469223022,-2.672210931777954
3.7934017181396484,-0.11427497118711472,-1.1095465421676636,-1.5594446659088135,-1.3111650943756104,-2.676330089569092
3.7897069454193115,-0.10950685292482376,-1.1128523349761963,-1.568034052848816,-1.3136295080184937,-2.684082269668579
3.797051191329956,-0.10704787075519562,-1.1188596487045288,-1.557613730430603,-1.3139249086380005,-2.673517942428589
3.798452377319336,-0.10916069895029068,-1.1204569339752197,-1.5511553287506104,-1.3107260465621948,-2.668560266494751
3.8199586868286133,-0.14075660705566406,-0.9945546984672546,-1.5233221054077148,-1.290871500968933,-2.628303050994873
3.7417285442352295,-0.1447533369064331,-0.8698272705078125,-1.519089937210083,-1.291879653930664,-2.6009087562561035
3.7436277866363525,-0.14959509670734406,-0.8682569861412048,-1.525293231010437,-1.2904614210128784,-2.610664129257202
3.748952627182007,-0.15548697113990784,-0.8704714179039001,-1.5332387685775757,-1.2911183834075928,-2.618731737136841
3.744776964187622,-0.15796545147895813,-0.8723423480987549,-1.5242420434951782,-1.2870917320251465,-2.6092777252197266
3.7597248554229736,-0.17716538906097412,-0.8732917308807373,-1.5333930253982544,-1.2883572578430176,-2.6251401901245117
3.752009153366089,-0.17991957068443298,-0.8776734471321106,-1.51413893699646,-1.281613826751709,-2.6063997745513916
3.7392117977142334,-0.17757385969161987,-0.8831361532211304,-1.5017982721328735,-1.2771655321121216,-2.5964908599853516
3.763387680053711,-0.20040714740753174,-0.8873552680015564,-1.4970130920410156,-1.2775274515151978,-2.5934817790985107
3.766883611679077,-0.21135389804840088,-0.888465166091919,-1.4876347780227661,-1.275206208229065,-2.586975336074829
3.7481601238250732,-0.20704539120197296,-0.8980116844177246,-1.4742611646652222,-1.2712812423706055,-2.579339027404785
3.821375608444214,-0.26335352659225464,-0.7816869616508484,-1.465488076210022,-1.2624520063400269,-2.5712740421295166
3.7824759483337402,-0.1677156686782837,-0.7727534770965576,-1.5304282903671265,-1.2861067056655884,-2.613720417022705
3.828507423400879,-0.21851421892642975,-0.7420898079872131,-1.4861177206039429,-1.2669013738632202,-2.5690112113952637
3.853004217147827,-0.24482162296772003,-0.7321388125419617,-1.496968150138855,-1.2659052610397339,-2.5779037475585938
3.8618040084838867,-0.26873981952667236,-0.7252183556556702,-1.4854085445404053,-1.2610117197036743,-2.5676894187927246
3.8867437839508057,-0.2963141202926636,-0.7286921143531799,-1.4867905378341675,-1.2596572637557983,-2.568065643310547
3.89384388923645,-0.31703829765319824,-0.7311312556266785,-1.487126350402832,-1.2581257820129395,-2.573730230331421
3.905837059020996,-0.3288070261478424,-0.7370768785476685,-1.4730870723724365,-1.2491540908813477,-2.5635292530059814
3.9088759422302246,-0.3379706144332886,-0.737302303314209,-1.461687684059143,-1.2452257871627808,-2.553842306137085
3.9099013805389404,-0.33408451080322266,-0.7484812140464783,-1.4642070531845093,-1.237919807434082,-2.561608076095581
3.9251534938812256,-0.3349006772041321,-0.7463215589523315,-1.467651605606079,-1.2325307130813599,-2.5673248767852783
3.8920304775238037,-0.2683529257774353,-0.7725218534469604,-1.4325969219207764,-1.198286771774292,-2.5052409172058105
3.795886278152466,-0.1341715008020401,-0.7917054295539856,-1.4819799661636353,-1.2535322904586792,-2.5359034538269043
3.814832925796509,-0.14634191989898682,-0.785441517829895,-1.476401686668396,-1.2414385080337524,-2.5326650142669678
3.8350744247436523,-0.1458737701177597,-0.78578782081604,-1.4757003784179688,-1.2429802417755127,-2.5312108993530273
3.851989269256592,-0.14216792583465576,-0.7829559445381165,-1.4762011766433716,-1.249538779258728,-2.5253710746765137
3.864872455596924,-0.13668124377727509,-0.7781837582588196,-1.4581104516983032,-1.2475311756134033,-2.505042314529419
3.8804214000701904,-0.1480780839920044,-0.7746037244796753,-1.4571070671081543,-1.252001166343689,-2.5006048679351807
3.89151930809021,-0.15789306163787842,-0.7737861275672913,-1.448691487312317,-1.2588143348693848,-2.488600254058838
3.905071258544922,-0.1477135866880417,-0.7777255177497864,-1.4530123472213745,-1.2570372819900513,-2.493445873260498
3.857757568359375,-0.12713441252708435,-0.7436922788619995,-1.4442483186721802,-1.2512600421905518,-2.4796717166900635
3.8640594482421875,-0.12393105030059814,-0.7395616769790649,-1.44733464717865,-1.2523802518844604,-2.485349416732788
3.972299814224243,-0.037378594279289246,-0.8081821799278259,-1.4171745777130127,-1.211615800857544,-2.4232280254364014
3.905703067779541,-0.03535224497318268,-0.8460637331008911,-1.44052255153656,-1.211757779121399,-2.4624130725860596
3.894022226333618,-0.018290752544999123,-0.8498994708061218,-1.448517084121704,-1.216971516609192,-2.468386650085449
3.8666841983795166,0.013115142472088337,-0.8370065689086914,-1.459679126739502,-1.2191400527954102,-2.478337049484253
3.892202854156494,0.007364942692220211,-0.8392492532730103,-1.4687747955322266,-1.228944182395935,-2.48063588142395
3.8790457248687744,0.007801948115229607,-0.8414900898933411,-1.4579240083694458,-1.2196611166000366,-2.477161407470703
3.892526626586914,-0.0002767592668533325,-0.8362746238708496,-1.4634413719177246,-1.2237457036972046,-2.479722738265991
3.8690989017486572,0.01859370246529579,-0.8406688570976257,-1.4641618728637695,-1.2170813083648682,-2.4872148036956787
3.886862277984619,0.0042836302891373634,-0.8427047729492188,-1.4656717777252197,-1.2165508270263672,-2.4874255657196045
3.8847484588623047,0.00822785310447216,-0.8446808457374573,-1.4691871404647827,-1.2124106884002686,-2.492027759552002
3.876575231552124,-0.0018011517822742462,-0.8453578352928162,-1.468765377998352,-1.208683967590332,-2.49395489692688
3.8884050846099854,-0.0887666568160057,-0.8360013365745544,-1.456015944480896,-1.2143280506134033,-2.4131240844726562
3.8899002075195312,-0.11107431352138519,-0.8404202461242676,-1.4309383630752563,-1.2097320556640625,-2.391336441040039
3.8883097171783447,-0.10681188106536865,-0.8402400016784668,-1.4318807125091553,-1.2115944623947144,-2.3905041217803955
3.8980729579925537,-0.11277490854263306,-0.841770350933075,-1.429762363433838,-1.2133156061172485,-2.3855621814727783
3.8862578868865967,-0.0925479456782341,-0.8393705487251282,-1.4271042346954346,-1.2053416967391968,-2.389317035675049
3.913780927658081,-0.12182486057281494,-0.8393530249595642,-1.4281377792358398,-1.2182239294052124,-2.3793015480041504
3.905714273452759,-0.1123451292514801,-0.8388115763664246,-1.4389898777008057,-1.2153732776641846,-2.395474672317505
3.9039947986602783,-0.10817519575357437,-0.8378827571868896,-1.4467679262161255,-1.2212024927139282,-2.4005610942840576
3.915980100631714,-0.1070682555437088,-0.839577317237854,-1.4470585584640503,-1.2207852602005005,-2.400883436203003
3.9148366451263428,-0.1024141013622284,-0.8412566184997559,-1.4556926488876343,-1.224576711654663,-2.407845973968506
3.935189723968506,-0.09949107468128204,-0.8262398838996887,-1.4801257848739624,-1.2235296964645386,-2.425384759902954
3.9032554626464844,-0.10314219444990158,-0.8246203064918518,-1.4499282836914062,-1.2092152833938599,-2.400430917739868
3.940094232559204,-0.1151743084192276,-0.8284395337104797,-1.4568707942962646,-1.2189303636550903,-2.3999695777893066
3.948713779449463,-0.1136789545416832,-0.8406246304512024,-1.4695945978164673,-1.2247029542922974,-2.4134645462036133
3.9309048652648926,-0.1107230857014656,-0.8482962250709534,-1.4637893438339233,-1.2174043655395508,-2.4140117168426514
3.9287424087524414,-0.11919968575239182,-0.858506441116333,-1.468038558959961,-1.2158772945404053,-2.421710252761841
3.9363198280334473,-0.1264025866985321,-0.8623459935188293,-1.469093918800354,-1.215087652206421,-2.4220564365386963
3.928528070449829,-0.12905077636241913,-0.8645645380020142,-1.4675967693328857,-1.2126113176345825,-2.4259190559387207
3.921011209487915,-0.12823739647865295,-0.8668569922447205,-1.4728922843933105,-1.2127737998962402,-2.430753231048584
3.9284889698028564,-0.13100329041481018,-0.8658015131950378,-1.4784234762191772,-1.2163031101226807,-2.4345343112945557
3.932765007019043,-0.1369611620903015,-0.8676587343215942,-1.4777088165283203,-1.2188847064971924,-2.43220591545105
3.9386961460113525,-0.1559179127216339,-0.8522359728813171,-1.5045101642608643,-1.2202861309051514,-2.443647623062134
3.937798023223877,-0.1446312516927719,-0.8021169304847717,-1.4789701700210571,-1.2238558530807495,-2.4087886810302734
3.939443826675415,-0.14649170637130737,-0.8032479286193848,-1.479260802268982,-1.2214573621749878,-2.4109508991241455
3.9424188137054443,-0.15222008526325226,-0.8056382536888123,-1.4839487075805664,-1.2251039743423462,-2.4121205806732178
3.9696152210235596,-0.17199328541755676,-0.8271907567977905,-1.4900407791137695,-1.2309622764587402,-2.4183547496795654
3.965609550476074,-0.16934120655059814,-0.8307399153709412,-1.4878071546554565,-1.23154878616333,-2.4199044704437256
3.973252058029175,-0.19820350408554077,-0.846194863319397,-1.4808813333511353,-1.2232967615127563,-2.4172043800354004
3.9829132556915283,-0.2023351490497589,-0.8645681738853455,-1.484562873840332,-1.2287684679031372,-2.4193472862243652
4.02237606048584,-0.2285207211971283,-0.8852635622024536,-1.4920810461044312,-1.233410120010376,-2.4267876148223877
4.042489051818848,-0.24492403864860535,-0.8936449289321899,-1.4937955141067505,-1.2360446453094482,-2.4270732402801514
4.088350296020508,-0.2713888883590698,-0.8996891379356384,-1.4975385665893555,-1.2367717027664185,-2.4304256439208984
4.126605033874512,-0.2799149751663208,-0.8860073685646057,-1.5253247022628784,-1.2352136373519897,-2.444624662399292
3.9983437061309814,-0.14057813584804535,-0.7651738524436951,-1.5174455642700195,-1.2290692329406738,-2.4376449584960938
3.9967973232269287,-0.12422364950180054,-0.7897832989692688,-1.5329504013061523,-1.2391153573989868,-2.4522531032562256
4.029360771179199,-0.138250470161438,-0.7927730083465576,-1.5478776693344116,-1.2457265853881836,-2.461989641189575
4.025807857513428,-0.12824910879135132,-0.8110065460205078,-1.5481935739517212,-1.2478400468826294,-2.4633233547210693
3.999406099319458,-0.10094596445560455,-0.8441879749298096,-1.5452748537063599,-1.253481388092041,-2.463700771331787
4.002724647521973,-0.0932634100317955,-0.8517022132873535,-1.5463385581970215,-1.2542181015014648,-2.464648723602295
4.019739627838135,-0.09672374278306961,-0.8595399856567383,-1.5550734996795654,-1.2569401264190674,-2.472107172012329
4.024571895599365,-0.0944705456495285,-0.8575941324234009,-1.55270516872406,-1.256941318511963,-2.4694111347198486
4.020856857299805,-0.08832847326993942,-0.8495520353317261,-1.5471638441085815,-1.2557945251464844,-2.4639525413513184
4.00063419342041,-0.0882888063788414,-0.8505240678787231,-1.5407459735870361,-1.2539187669754028,-2.460697889328003
4.211187362670898,-0.16307982802391052,-0.7001079320907593,-1.5756289958953857,-1.2712329626083374,-2.484433650970459
4.152806758880615,-0.1993582397699356,-0.6009171605110168,-1.527444839477539,-1.2409462928771973,-2.4433529376983643
4.1873698234558105,-0.2186342179775238,-0.6053368449211121,-1.5463873147964478,-1.2484956979751587,-2.458653211593628
4.1619744300842285,-0.21288847923278809,-0.6146544814109802,-1.5543345212936401,-1.2501153945922852,-2.4657256603240967
4.164751052856445,-0.22311930358409882,-0.6229740381240845,-1.566974401473999,-1.254417896270752,-2.478327751159668
4.176357269287109,-0.2241288721561432,-0.6415808796882629,-1.5911381244659424,-1.2631281614303589,-2.4977214336395264
4.19218111038208,-0.22772079706192017,-0.6512932777404785,-1.60798180103302,-1.2677254676818848,-2.506653308868408
4.205316066741943,-0.22123472392559052,-0.6730102896690369,-1.6587947607040405,-1.279273271560669,-2.5453548431396484
4.203753471374512,-0.2217319756746292,-0.695323646068573,-1.682126522064209,-1.282889485359192,-2.5725178718566895
4.211352348327637,-0.21941132843494415,-0.742784857749939,-1.758621335029602,-1.2901403903961182,-2.647122621536255
4.182378768920898,-0.2077408730983734,-0.7917009592056274,-1.7762864828109741,-1.293200969696045,-2.664628744125366
4.0789475440979,-0.22294142842292786,-0.8516252040863037,-1.8172647953033447,-1.3186479806900024,-2.6536359786987305
4.133357048034668,-0.2381397783756256,-0.6411752700805664,-1.6313310861587524,-1.2816129922866821,-2.498422384262085
4.155311107635498,-0.22879831492900848,-0.6771365404129028,-1.6713767051696777,-1.294190764427185,-2.5239925384521484
4.152461051940918,-0.20340664684772491,-0.7001094222068787,-1.700364112854004,-1.3048388957977295,-2.539400100708008
4.162081241607666,-0.1629977971315384,-0.7155442833900452,-1.7308541536331177,-1.316696047782898,-2.5545642375946045
4.149838447570801,-0.13268998265266418,-0.700093686580658,-1.722669005393982,-1.3133704662322998,-2.544915199279785
4.140020847320557,-0.11531107127666473,-0.6905376315116882,-1.7189974784851074,-1.3108097314834595,-2.539977788925171
4.138749599456787,-0.11037488281726837,-0.6863345503807068,-1.7092008590698242,-1.3078944683074951,-2.52683162689209
4.152939319610596,-0.12147006392478943,-0.6882033348083496,-1.7072185277938843,-1.3070263862609863,-2.5252773761749268
4.1667890548706055,-0.12647324800491333,-0.6896840333938599,-1.7126508951187134,-1.3088219165802002,-2.5286717414855957
4.143413543701172,-0.11175449937582016,-0.6825520992279053,-1.7073266506195068,-1.308476209640503,-2.5223186016082764
4.242089748382568,-0.0833069235086441,-0.639750599861145,-1.9849125146865845,-1.3278050422668457,-2.7219772338867188
4.21924352645874,-0.1831216812133789,-0.5933899283409119,-1.8197057247161865,-1.295190453529358,-2.605360746383667
4.194626808166504,-0.16765445470809937,-0.5931887030601501,-1.8463006019592285,-1.2923110723495483,-2.6420040130615234
4.231996059417725,-0.17104822397232056,-0.5942373871803284,-1.8617640733718872,-1.2906585931777954,-2.6538617610931396
4.243746757507324,-0.16725467145442963,-0.5950154662132263,-1.8684312105178833,-1.2885831594467163,-2.659672975540161
4.2445783615112305,-0.16527551412582397,-0.595207929611206,-1.8692740201950073,-1.286918044090271,-2.6617488861083984
4.312516689300537,-0.17511998116970062,-0.6009719967842102,-1.8873803615570068,-1.2800054550170898,-2.663290500640869
4.345895290374756,-0.17612707614898682,-0.6070622801780701,-1.8927218914031982,-1.2754641771316528,-2.669079303741455
4.363491535186768,-0.17984740436077118,-0.6065585613250732,-1.8884748220443726,-1.2762141227722168,-2.6611509323120117
4.365988254547119,-0.17573855817317963,-0.6126614809036255,-1.8904290199279785,-1.2747942209243774,-2.6651201248168945
4.355898380279541,-0.1737278401851654,-0.615354597568512,-1.895804524421692,-1.2757441997528076,-2.6754229068756104
4.450565338134766,-0.11294225603342056,-0.5929368138313293,-2.051180601119995,-1.2824785709381104,-2.744011878967285
4.29166316986084,-0.12432094663381577,-0.5812360644340515,-1.9931657314300537,-1.2950021028518677,-2.679715871810913
4.283918380737305,-0.12714524567127228,-0.5865434408187866,-2.0019547939300537,-1.2955726385116577,-2.6941959857940674
4.285346031188965,-0.12616483867168427,-0.5967637300491333,-2.0148868560791016,-1.2905691862106323,-2.7145588397979736
4.2860331535339355,-0.13682465255260468,-0.603825032711029,-2.014132499694824,-1.2880133390426636,-2.726996660232544
4.294153213500977,-0.13951095938682556,-0.6063101291656494,-2.020190477371216,-1.2854150533676147,-2.742539167404175
4.297049522399902,-0.15591251850128174,-0.6052653789520264,-2.01911997795105,-1.2873284816741943,-2.737884283065796
4.305887222290039,-0.16658715903759003,-0.60547935962677,-2.021981954574585,-1.2852869033813477,-2.7481839656829834
4.2964348793029785,-0.16680750250816345,-0.6125482320785522,-2.0273728370666504,-1.2816842794418335,-2.7648377418518066
4.2779412269592285,-0.17635656893253326,-0.6150174140930176,-2.0235812664031982,-1.276841640472412,-2.7773289680480957
4.263843059539795,-0.17989590764045715,-0.6103744506835938,-2.0190224647521973,-1.269890308380127,-2.784074544906616
4.160733222961426,-0.14492255449295044,-0.6939973831176758,-2.0948991775512695,-1.259095549583435,-2.841142177581787
4.123952388763428,-0.042366571724414825,-0.6535441279411316,-2.0172200202941895,-1.302884817123413,-2.6810121536254883
4.092049598693848,-0.05304551124572754,-0.6715728044509888,-1.9609508514404297,-1.2877253293991089,-2.692720413208008
4.073731899261475,-0.09278371930122375,-0.6719394326210022,-1.9414952993392944,-1.2857526540756226,-2.6828291416168213
4.034574508666992,-0.09007076919078827,-0.6808731555938721,-1.9494069814682007,-1.2882405519485474,-2.6914491653442383
4.018190383911133,-0.10363096743822098,-0.6730596423149109,-1.9508790969848633,-1.2939610481262207,-2.689758062362671
4.035160541534424,-0.1112610250711441,-0.6698431372642517,-1.951615810394287,-1.293592929840088,-2.6942896842956543
4.045288562774658,-0.12556710839271545,-0.6643528938293457,-1.9465460777282715,-1.2932398319244385,-2.6844029426574707
4.025049686431885,-0.11040857434272766,-0.6665993332862854,-1.95753812789917,-1.2952228784561157,-2.696587085723877
4.016820907592773,-0.10328321158885956,-0.6664944291114807,-1.965187430381775,-1.2966846227645874,-2.7026734352111816
4.0267157554626465,-0.10561653226613998,-0.6638989448547363,-1.9626539945602417,-1.2953989505767822,-2.698920726776123
4.079758167266846,-0.18064340949058533,-0.6035085916519165,-2.024298667907715,-1.2333593368530273,-2.8252885341644287
4.2549591064453125,-0.1690104603767395,-0.5480695962905884,-2.1238927841186523,-1.2498539686203003,-2.823678493499756
4.264397621154785,-0.1764048933982849,-0.548741340637207,-2.131085157394409,-1.2503308057785034,-2.82736873626709
4.266982078552246,-0.17232133448123932,-0.5525339841842651,-2.1402969360351562,-1.2536213397979736,-2.8329262733459473
4.262151718139648,-0.17108191549777985,-0.5508913993835449,-2.1437270641326904,-1.2539165019989014,-2.835404872894287
4.260589122772217,-0.16629837453365326,-0.5553666353225708,-2.1408073902130127,-1.2542665004730225,-2.834280252456665
4.264545440673828,-0.17153996229171753,-0.5530628561973572,-2.1432883739471436,-1.254410982131958,-2.8345694541931152
4.270687103271484,-0.1785108596086502,-0.5496780872344971,-2.1479310989379883,-1.2535767555236816,-2.8364973068237305
4.262624740600586,-0.1661817580461502,-0.5566258430480957,-2.1467723846435547,-1.2548363208770752,-2.839557409286499
4.266958236694336,-0.17003372311592102,-0.5537278056144714,-2.1428732872009277,-1.2533023357391357,-2.836413860321045
4.260782718658447,-0.16857045888900757,-0.5544437766075134,-2.146804094314575,-1.254635214805603,-2.8380916118621826
4.2719597816467285,-0.17406484484672546,-0.550368070602417,-2.1484618186950684,-1.2535066604614258,-2.838806390762329
4.218315124511719,-0.151523157954216,-0.56059330701828,-2.106137275695801,-1.2487196922302246,-2.8113629817962646
4.218871593475342,-0.1429143249988556,-0.5638833045959473,-2.10288143157959,-1.2484804391860962,-2.8088462352752686
4.2442626953125,-0.15132322907447815,-0.554930567741394,-2.102989435195923,-1.2459288835525513,-2.8079371452331543
4.227982997894287,-0.14352086186408997,-0.5641709566116333,-2.1013457775115967,-1.2471516132354736,-2.8105647563934326
4.235435485839844,-0.14769169688224792,-0.5611095428466797,-2.1047775745391846,-1.2480049133300781,-2.8111183643341064
4.249260902404785,-0.15002182126045227,-0.563296914100647,-2.112226963043213,-1.2471034526824951,-2.818010091781616
4.268021583557129,-0.16389749944210052,-0.5592180490493774,-2.116210460662842,-1.2471600770950317,-2.8145079612731934
4.2437334060668945,-0.1526648849248886,-0.5636045336723328,-2.1111772060394287,-1.2480462789535522,-2.8165764808654785
4.249783515930176,-0.15173444151878357,-0.5641021728515625,-2.110133647918701,-1.245733618736267,-2.8146133422851562
4.243544578552246,-0.15277771651744843,-0.5628527402877808,-2.1070077419281006,-1.2475227117538452,-2.8135147094726562
4.172184467315674,-0.20830538868904114,-0.6436437368392944,-2.1603376865386963,-1.2610336542129517,-2.8102686405181885
4.161266326904297,-0.21306836605072021,-0.6377634406089783,-2.159127712249756,-1.262433409690857,-2.808971643447876
4.1398091316223145,-0.203216090798378,-0.6486210823059082,-2.1630642414093018,-1.2636538743972778,-2.814964771270752
4.126236915588379,-0.20101673901081085,-0.6540530323982239,-2.164506196975708,-1.2627259492874146,-2.818431854248047
4.1088948249816895,-0.19698980450630188,-0.6581408381462097,-2.1595332622528076,-1.2622562646865845,-2.8159384727478027
4.123947620391846,-0.19803225994110107,-0.6555907726287842,-2.1618638038635254,-1.2620174884796143,-2.820202589035034
4.116037368774414,-0.19473673403263092,-0.6548779606819153,-2.1621253490448,-1.260205626487732,-2.8267135620117188
4.127660274505615,-0.19671790301799774,-0.6520096659660339,-2.1648850440979004,-1.2589715719223022,-2.832412004470825
4.184700012207031,-0.2025429904460907,-0.6345688104629517,-2.1694462299346924,-1.2553375959396362,-2.842158079147339
4.2341766357421875,-0.2071613371372223,-0.6144136190414429,-2.1675541400909424,-1.251435399055481,-2.8485255241394043
4.288044452667236,-0.23872557282447815,-0.5915431380271912,-2.1673784255981445,-1.2480171918869019,-2.85485577583313
4.285102844238281,-0.26078587770462036,-0.5815452933311462,-2.152846097946167,-1.2478785514831543,-2.834099769592285
4.164050102233887,-0.20364490151405334,-0.6426341533660889,-2.160936117172241,-1.260661005973816,-2.8002281188964844
4.192319393157959,-0.2196376770734787,-0.6259939074516296,-2.1593451499938965,-1.2570685148239136,-2.804625988006592
4.206793785095215,-0.22235539555549622,-0.6224141120910645,-2.1571226119995117,-1.253447413444519,-2.8052804470062256
4.218034267425537,-0.23011191189289093,-0.6202583909034729,-2.1552720069885254,-1.2511755228042603,-2.8068296909332275
4.211145877838135,-0.22318457067012787,-0.622747540473938,-2.1563942432403564,-1.2512024641036987,-2.8065555095672607
4.2071075439453125,-0.21929886937141418,-0.6245965957641602,-2.1565301418304443,-1.2510669231414795,-2.806262731552124
4.206246852874756,-0.21875503659248352,-0.6287055611610413,-2.1610727310180664,-1.250800371170044,-2.8100781440734863
4.210531234741211,-0.21854501962661743,-0.6316583156585693,-2.1653850078582764,-1.2491827011108398,-2.815237283706665
4.203836441040039,-0.21393153071403503,-0.6327781081199646,-2.1624138355255127,-1.2490968704223633,-2.811143636703491
4.206831932067871,-0.2179057002067566,-0.6327187418937683,-2.165830612182617,-1.2482913732528687,-2.8157031536102295
4.20984411239624,-0.21490231156349182,-0.6307395696640015,-2.1628174781799316,-1.2477693557739258,-2.812464952468872
4.154211044311523,-0.2067597508430481,-0.6491647958755493,-2.1645708084106445,-1.2648918628692627,-2.796032190322876
4.1641669273376465,-0.21193471550941467,-0.6502925157546997,-2.168213367462158,-1.263521671295166,-2.800333023071289
4.1584577560424805,-0.20872654020786285,-0.6471778154373169,-2.1634578704833984,-1.2643407583236694,-2.7954251766204834
4.159505844116211,-0.21013858914375305,-0.6457296013832092,-2.1631126403808594,-1.2631616592407227,-2.796430826187134
4.1401495933532715,-0.20528201758861542,-0.6462282538414001,-2.1609292030334473,-1.2662149667739868,-2.794313430786133
4.15016508102417,-0.20746959745883942,-0.6438659429550171,-2.1603262424468994,-1.2652641534805298,-2.7933876514434814
4.146509647369385,-0.20803378522396088,-0.644834578037262,-2.1613059043884277,-1.2640626430511475,-2.7958412170410156
4.147287845611572,-0.20704004168510437,-0.646886944770813,-2.1621644496917725,-1.2651692628860474,-2.7961387634277344
4.15011739730835,-0.2061317414045334,-0.6468250751495361,-2.1618096828460693,-1.265046238899231,-2.794487714767456
4.142815589904785,-0.20473700761795044,-0.6475315690040588,-2.163677453994751,-1.265451431274414,-2.7974345684051514
4.138861179351807,-0.2047424614429474,-0.6448565721511841,-2.1616437435150146,-1.2660088539123535,-2.795320987701416
4.173658847808838,-0.21670304238796234,-0.6490650773048401,-2.1665000915527344,-1.262965202331543,-2.7977054119110107
4.171830654144287,-0.21522611379623413,-0.6472823619842529,-2.1653945446014404,-1.2632079124450684,-2.7968554496765137
4.173418045043945,-0.21697625517845154,-0.6483817100524902,-2.165584087371826,-1.2627660036087036,-2.797314405441284
4.175484657287598,-0.21782782673835754,-0.6478461027145386,-2.1640260219573975,-1.261614441871643,-2.7955844402313232
4.170828342437744,-0.21312430500984192,-0.6481748819351196,-2.1654088497161865,-1.2637609243392944,-2.7960596084594727
4.172694683074951,-0.21723710000514984,-0.6501480340957642,-2.1689343452453613,-1.2635198831558228,-2.8001577854156494
4.175578594207764,-0.21775862574577332,-0.6493600606918335,-2.170107841491699,-1.262900471687317,-2.801395893096924
4.169193744659424,-0.2131185680627823,-0.6478961110115051,-2.1650118827819824,-1.263558268547058,-2.796801805496216
4.163147926330566,-0.20960713922977448,-0.6469959616661072,-2.1621830463409424,-1.2646785974502563,-2.7942028045654297
4.175426483154297,-0.21455781161785126,-0.6468309164047241,-2.164396286010742,-1.2639096975326538,-2.7958767414093018
4.182721138000488,-0.22097791731357574,-0.6439940929412842,-2.166840076446533,-1.26180100440979,-2.7984724044799805
4.161431789398193,-0.20377591252326965,-0.6413110494613647,-2.1635568141937256,-1.2659993171691895,-2.794827461242676
4.147826194763184,-0.20118923485279083,-0.6412829160690308,-2.1660544872283936,-1.2672700881958008,-2.797933340072632
4.162846088409424,-0.20529142022132874,-0.6427712440490723,-2.1685166358947754,-1.2655651569366455,-2.8002877235412598
4.141438007354736,-0.19849412143230438,-0.644778847694397,-2.1687965393066406,-1.267338752746582,-2.801224946975708
4.1606645584106445,-0.2029348760843277,-0.6458192467689514,-2.1719882488250732,-1.2657277584075928,-2.8046071529388428
4.132630825042725,-0.19225730001926422,-0.6541904807090759,-2.1782641410827637,-1.2651193141937256,-2.8164801597595215
4.1447834968566895,-0.19676156342029572,-0.6488779783248901,-2.171607255935669,-1.2647494077682495,-2.8064048290252686
4.149255752563477,-0.20220725238323212,-0.6451147198677063,-2.1687674522399902,-1.2648435831069946,-2.802356719970703
4.1640448570251465,-0.20614908635616302,-0.641670823097229,-2.1666061878204346,-1.2644615173339844,-2.799607276916504
4.141835689544678,-0.19998086988925934,-0.6404303312301636,-2.1679418087005615,-1.2663019895553589,-2.801041841506958
4.158509254455566,-0.20517273247241974,-0.6415424346923828,-2.1678781509399414,-1.2648391723632812,-2.800870418548584
4.140104293823242,-0.19905361533164978,-0.6522223949432373,-2.164294719696045,-1.2681033611297607,-2.7949907779693604
4.159214973449707,-0.20734697580337524,-0.6515274047851562,-2.1692025661468506,-1.265581727027893,-2.798466444015503
4.1526780128479,-0.2041430026292801,-0.6522122621536255,-2.1678240299224854,-1.2665584087371826,-2.797729969024658
4.138207912445068,-0.1985640972852707,-0.6526171565055847,-2.168555736541748,-1.2687873840332031,-2.798638105392456
4.169795513153076,-0.21260859072208405,-0.6468989849090576,-2.165487051010132,-1.2640966176986694,-2.795180559158325
4.16238260269165,-0.20682945847511292,-0.6487531661987305,-2.167104721069336,-1.2661714553833008,-2.7963690757751465
4.157528877258301,-0.20571398735046387,-0.6474917531013489,-2.1672770977020264,-1.2660704851150513,-2.7970974445343018
4.15798282623291,-0.20436929166316986,-0.6486645936965942,-2.165923833847046,-1.2661676406860352,-2.7954697608947754
4.1658101081848145,-0.2100190818309784,-0.6480696201324463,-2.1678919792175293,-1.2650357484817505,-2.797441005706787
4.154162883758545,-0.20433393120765686,-0.64872807264328,-2.166259288787842,-1.2652758359909058,-2.7966690063476562
4.156217098236084,-0.20444180071353912,-0.6469661593437195,-2.165722131729126,-1.265957236289978,-2.795527935028076
4.1707868576049805,-0.21220658719539642,-0.6427801251411438,-2.1644797325134277,-1.2643173933029175,-2.7953834533691406
4.155202388763428,-0.20452436804771423,-0.6460824012756348,-2.1659083366394043,-1.2664936780929565,-2.796731472015381
4.164361953735352,-0.20990459620952606,-0.6443178653717041,-2.1687674522399902,-1.2647169828414917,-2.7998809814453125
4.158898830413818,-0.20735636353492737,-0.6445732116699219,-2.165083885192871,-1.2647806406021118,-2.796722173690796
4.156076431274414,-0.20420406758785248,-0.6435695886611938,-2.1652297973632812,-1.2658694982528687,-2.7967922687530518
4.161463260650635,-0.2087319791316986,-0.6444162130355835,-2.1676440238952637,-1.2642567157745361,-2.799088716506958
4.154438495635986,-0.20407655835151672,-0.6438378095626831,-2.1660876274108887,-1.2656446695327759,-2.797048330307007
4.156826972961426,-0.20585083961486816,-0.6431441903114319,-2.1661365032196045,-1.265232801437378,-2.7971553802490234
4.16178560256958,-0.20752468705177307,-0.6426734328269958,-2.16694974899292,-1.2649526596069336,-2.7974631786346436
4.155313014984131,-0.2046416699886322,-0.6443485021591187,-2.167391061782837,-1.2653099298477173,-2.798207998275757
4.1626691818237305,-0.20783671736717224,-0.6434199810028076,-2.1694836616516113,-1.2647842168807983,-2.800260305404663
4.152451038360596,-0.20585687458515167,-0.647905170917511,-2.162376880645752,-1.264693260192871,-2.7939810752868652
4.152400493621826,-0.20502473413944244,-0.6471828818321228,-2.161874771118164,-1.2662127017974854,-2.793362855911255
4.162080764770508,-0.209457129240036,-0.6448280811309814,-2.165492057800293,-1.2648018598556519,-2.795651912689209
4.154876232147217,-0.20486479997634888,-0.6447269320487976,-2.1612801551818848,-1.26547110080719,-2.7922203540802
4.1622090339660645,-0.207495778799057,-0.6459792852401733,-2.161625385284424,-1.2645090818405151,-2.79209566116333
4.145144462585449,-0.2051193118095398,-0.6495446562767029,-2.1643142700195312,-1.2665255069732666,-2.7946975231170654
4.147010326385498,-0.2056485414505005,-0.6513020992279053,-2.1659083366394043,-1.2654929161071777,-2.796248435974121
4.149236679077148,-0.2034357637166977,-0.6475319266319275,-2.164445638656616,-1.2659878730773926,-2.795010566711426
4.1533684730529785,-0.20565050840377808,-0.6471767425537109,-2.1636271476745605,-1.2661128044128418,-2.794179677963257
4.152454853057861,-0.20484109222888947,-0.6457826495170593,-2.161705255508423,-1.2657321691513062,-2.7933108806610107
4.151791095733643,-0.20485568046569824,-0.6471417546272278,-2.1633570194244385,-1.2657051086425781,-2.79482364654541
4.170530796051025,-0.21234506368637085,-0.6448255181312561,-2.1656134128570557,-1.2637929916381836,-2.795525550842285
4.165646076202393,-0.20909430086612701,-0.6449975967407227,-2.163353443145752,-1.2640812397003174,-2.793036699295044
4.170780658721924,-0.21293917298316956,-0.6448417901992798,-2.165691614151001,-1.2638795375823975,-2.795565366744995
4.169214248657227,-0.2125001847743988,-0.6438966393470764,-2.165813446044922,-1.2636884450912476,-2.795159101486206
4.167837619781494,-0.2106594741344452,-0.6446520090103149,-2.161712646484375,-1.2640595436096191,-2.7921700477600098
4.156320571899414,-0.2055208384990692,-0.64580899477005,-2.163856267929077,-1.265336513519287,-2.7946038246154785
4.162562370300293,-0.20911654829978943,-0.644352376461029,-2.162914514541626,-1.2641260623931885,-2.793621063232422
4.160284996032715,-0.20862267911434174,-0.645248532295227,-2.165114641189575,-1.2638386487960815,-2.795891523361206
4.157032012939453,-0.20703259110450745,-0.6471673846244812,-2.1650772094726562,-1.2644901275634766,-2.79549241065979
4.160411834716797,-0.20839379727840424,-0.6476898193359375,-2.164738416671753,-1.2641215324401855,-2.794585943222046
4.1680707931518555,-0.21330760419368744,-0.6472060084342957,-2.1674129962921143,-1.262925148010254,-2.7967073917388916
4.1498284339904785,-0.2027701437473297,-0.6457358002662659,-2.161806344985962,-1.2681035995483398,-2.7931346893310547
4.150699615478516,-0.20455054938793182,-0.6471990346908569,-2.162142276763916,-1.2668858766555786,-2.7939419746398926
4.158452033996582,-0.20494593679904938,-0.6425862908363342,-2.1614933013916016,-1.2662668228149414,-2.7928154468536377
4.1456990242004395,-0.1984494924545288,-0.6377206444740295,-2.1628823280334473,-1.2671377658843994,-2.794625759124756
4.1698455810546875,-0.2061237245798111,-0.6346086859703064,-2.164402961730957,-1.2640628814697266,-2.796100378036499
4.169540882110596,-0.20048514008522034,-0.6316262483596802,-2.163084030151367,-1.2640981674194336,-2.795384168624878
4.178318023681641,-0.20879913866519928,-0.6293137073516846,-2.162707805633545,-1.2630996704101562,-2.796854257583618
4.174331188201904,-0.20528747141361237,-0.6313685774803162,-2.166274309158325,-1.2631409168243408,-2.800445079803467
4.162913799285889,-0.19406524300575256,-0.6303160190582275,-2.1678524017333984,-1.2630643844604492,-2.801154136657715
4.173483848571777,-0.197433739900589,-0.6309859156608582,-2.1661055088043213,-1.262519359588623,-2.802002191543579
4.1829657554626465,-0.19640247523784637,-0.6318749785423279,-2.168850898742676,-1.2614678144454956,-2.8078365325927734
4.15933895111084,-0.21532490849494934,-0.6512171626091003,-2.168048620223999,-1.2627735137939453,-2.7949140071868896
4.156002521514893,-0.21257369220256805,-0.6535207629203796,-2.16983962059021,-1.2633517980575562,-2.79636287689209
4.151181221008301,-0.20861174166202545,-0.6542439460754395,-2.169135570526123,-1.2645211219787598,-2.7964110374450684
4.151158809661865,-0.207830548286438,-0.6548396348953247,-2.1694040298461914,-1.2646607160568237,-2.7966976165771484
4.156031608581543,-0.21163125336170197,-0.6524021625518799,-2.1693167686462402,-1.26387357711792,-2.796254873275757
4.153326034545898,-0.21070151031017303,-0.6536693572998047,-2.1682071685791016,-1.2634655237197876,-2.795086145401001
4.149809837341309,-0.2074277102947235,-0.6598674058914185,-2.172665596008301,-1.2650519609451294,-2.7991514205932617
4.151904582977295,-0.20799846947193146,-0.6596468687057495,-2.1731314659118652,-1.2647721767425537,-2.799870729446411
4.157352924346924,-0.209825798869133,-0.6515587568283081,-2.1692776679992676,-1.263594150543213,-2.7964015007019043
4.159187316894531,-0.206576406955719,-0.6493754386901855,-2.171233654022217,-1.263572096824646,-2.7998361587524414
4.203774452209473,-0.21034549176692963,-0.6301615834236145,-2.1645095348358154,-1.2589364051818848,-2.800220251083374
4.163404941558838,-0.20460428297519684,-0.6564043760299683,-2.1845040321350098,-1.2627534866333008,-2.810528039932251
4.172194957733154,-0.20411458611488342,-0.64461350440979,-2.178605794906616,-1.2607183456420898,-2.8061487674713135
4.187163352966309,-0.20404013991355896,-0.6332968473434448,-2.1704230308532715,-1.2586897611618042,-2.8002707958221436
4.201700687408447,-0.2042737901210785,-0.6251221299171448,-2.1655433177948,-1.2564144134521484,-2.79944109916687
4.207370281219482,-0.20172375440597534,-0.6254256963729858,-2.1634089946746826,-1.2553825378417969,-2.7969133853912354
4.193060398101807,-0.1915755569934845,-0.6270996332168579,-2.1635687351226807,-1.2563799619674683,-2.7976269721984863
4.201544761657715,-0.1981724351644516,-0.6223600506782532,-2.158917188644409,-1.2558751106262207,-2.7931792736053467
4.195949554443359,-0.1922740936279297,-0.6285945177078247,-2.1643917560577393,-1.2554148435592651,-2.7980399131774902
4.205853462219238,-0.20112130045890808,-0.6263420581817627,-2.160646438598633,-1.2550320625305176,-2.794663906097412
4.204689025878906,-0.19701281189918518,-0.6258202791213989,-2.1605663299560547,-1.2549909353256226,-2.7944862842559814
4.203577995300293,-0.1963368058204651,-0.6248968243598938,-2.1624088287353516,-1.2552874088287354,-2.7965619564056396
4.152781009674072,-0.19683566689491272,-0.6635377407073975,-2.1964898109436035,-1.2635715007781982,-2.8212950229644775
4.160816669464111,-0.19436341524124146,-0.6528865694999695,-2.1941921710968018,-1.2633363008499146,-2.822340726852417
4.1908440589904785,-0.20350579917430878,-0.6355672478675842,-2.18544602394104,-1.2584490776062012,-2.818995475769043
4.199802398681641,-0.20601344108581543,-0.6354926824569702,-2.1843371391296387,-1.2561928033828735,-2.8193979263305664
4.194193363189697,-0.20258551836013794,-0.6365994811058044,-2.1859846115112305,-1.2571911811828613,-2.8196651935577393
4.189273834228516,-0.20078152418136597,-0.6375824213027954,-2.187260389328003,-1.258278250694275,-2.820643901824951
4.1954426765441895,-0.20398718118667603,-0.6346744298934937,-2.18459153175354,-1.2569096088409424,-2.818770408630371
4.197240829467773,-0.20371133089065552,-0.6368948221206665,-2.1879427433013916,-1.257766842842102,-2.8205997943878174
4.1917266845703125,-0.20026637613773346,-0.6372072696685791,-2.1845834255218506,-1.256234049797058,-2.8192005157470703
4.196247577667236,-0.204892098903656,-0.6355955004692078,-2.184417724609375,-1.256956696510315,-2.8188347816467285
4.190451622009277,-0.20157013833522797,-0.6372988224029541,-2.186051607131958,-1.2585362195968628,-2.8192827701568604
4.14489221572876,-0.20129403471946716,-0.668469250202179,-2.1982581615448,-1.2618213891983032,-2.8265151977539062
4.137641429901123,-0.18826279044151306,-0.6751793622970581,-2.201230525970459,-1.263684868812561,-2.8265905380249023
4.139317989349365,-0.18943370878696442,-0.6722326874732971,-2.199096202850342,-1.2626333236694336,-2.8247768878936768
4.1400227546691895,-0.19128616154193878,-0.6726354956626892,-2.1992061138153076,-1.262825608253479,-2.825824737548828
4.139946460723877,-0.18963885307312012,-0.671257734298706,-2.1988182067871094,-1.2624802589416504,-2.8243515491485596
4.143037796020508,-0.18788421154022217,-0.6742520332336426,-2.2008707523345947,-1.2627142667770386,-2.826167583465576
4.143004417419434,-0.19347189366817474,-0.6727979183197021,-2.201172113418579,-1.2624013423919678,-2.828826904296875
4.142839431762695,-0.19159701466560364,-0.6742980480194092,-2.2039549350738525,-1.2627629041671753,-2.8295140266418457
4.140809059143066,-0.18789374828338623,-0.67295902967453,-2.2003612518310547,-1.262589693069458,-2.8249404430389404
4.142190933227539,-0.191939115524292,-0.6750372648239136,-2.2033896446228027,-1.2634611129760742,-2.8291664123535156
4.142527103424072,-0.18674705922603607,-0.677669882774353,-2.2030227184295654,-1.262695074081421,-2.8268332481384277
4.132019996643066,-0.18298500776290894,-0.6755158305168152,-2.201591968536377,-1.263436198234558,-2.8230080604553223
4.132973670959473,-0.18795786798000336,-0.673655092716217,-2.1999032497406006,-1.2648643255233765,-2.8221852779388428
4.135977745056152,-0.19175131618976593,-0.6728989481925964,-2.2012271881103516,-1.2639856338500977,-2.8244950771331787
4.137157440185547,-0.19069033861160278,-0.6750116944313049,-2.202155828475952,-1.2638493776321411,-2.824263095855713
4.126124382019043,-0.18554992973804474,-0.6736027002334595,-2.1998701095581055,-1.2637951374053955,-2.8194308280944824
4.1292500495910645,-0.1870897263288498,-0.6846768260002136,-2.2046239376068115,-1.2654080390930176,-2.8180086612701416
4.132228374481201,-0.19100865721702576,-0.6858107447624207,-2.2061171531677246,-1.2651426792144775,-2.8165457248687744
4.135969638824463,-0.1942761093378067,-0.6933850049972534,-2.2150871753692627,-1.264630913734436,-2.810497283935547
4.128393173217773,-0.18959888815879822,-0.6974440217018127,-2.2272181510925293,-1.2690541744232178,-2.8142616748809814
4.128514766693115,-0.18825088441371918,-0.6961116790771484,-2.2370824813842773,-1.2705578804016113,-2.8087565898895264
4.127147197723389,-0.18666349351406097,-0.6969199776649475,-2.241037130355835,-1.2710598707199097,-2.8084118366241455
4.152251720428467,-0.20996785163879395,-0.6547890305519104,-2.1889286041259766,-1.2645522356033325,-2.8167190551757812
4.145029067993164,-0.20256341993808746,-0.6574611663818359,-2.1838300228118896,-1.265946388244629,-2.808960437774658
4.150968074798584,-0.20699359476566315,-0.658065676689148,-2.1881964206695557,-1.2650303840637207,-2.814518690109253
4.147313594818115,-0.20274807512760162,-0.6578435897827148,-2.187540292739868,-1.2656220197677612,-2.811163902282715
4.152054786682129,-0.21040324866771698,-0.6567867994308472,-2.1888344287872314,-1.2639386653900146,-2.8149919509887695
4.146572113037109,-0.20137619972229004,-0.6600850224494934,-2.187434434890747,-1.2658486366271973,-2.810171604156494
4.141816139221191,-0.1970149725675583,-0.6620026230812073,-2.1865525245666504,-1.2662081718444824,-2.808570384979248
4.144359111785889,-0.19727537035942078,-0.6658651828765869,-2.189291477203369,-1.2655524015426636,-2.8107738494873047
4.150388240814209,-0.20308908820152283,-0.6624974012374878,-2.1900289058685303,-1.2644697427749634,-2.8130338191986084
4.149453163146973,-0.20195679366588593,-0.6619787812232971,-2.18873929977417,-1.2643964290618896,-2.8097596168518066
4.15061092376709,-0.20129236578941345,-0.6655179262161255,-2.1904470920562744,-1.264718770980835,-2.809936761856079
4.141660690307617,-0.20243094861507416,-0.6607241034507751,-2.1789886951446533,-1.2664847373962402,-2.805887222290039
4.150031089782715,-0.2058340162038803,-0.6598313450813293,-2.1813271045684814,-1.2657945156097412,-2.8075244426727295
4.149287223815918,-0.20219941437244415,-0.6604489088058472,-2.179978370666504,-1.2660201787948608,-2.8054330348968506
4.147674083709717,-0.20253238081932068,-0.6638885736465454,-2.1802875995635986,-1.2668455839157104,-2.805069923400879
4.145698070526123,-0.19795405864715576,-0.6651971340179443,-2.1790406703948975,-1.2672553062438965,-2.803035020828247
4.136300086975098,-0.18725159764289856,-0.6777644753456116,-2.1907083988189697,-1.2729432582855225,-2.808297634124756
4.1356916427612305,-0.18557116389274597,-0.6775911450386047,-2.193532943725586,-1.2728333473205566,-2.8087551593780518
4.120236396789551,-0.1711127907037735,-0.6800659894943237,-2.1992805004119873,-1.2761293649673462,-2.808323621749878
4.126002311706543,-0.17624443769454956,-0.6776394844055176,-2.1967387199401855,-1.2756997346878052,-2.806220293045044
4.119469165802002,-0.17290601134300232,-0.6787628531455994,-2.1958582401275635,-1.2760645151138306,-2.803603172302246
4.119646072387695,-0.17168781161308289,-0.6804339289665222,-2.199489116668701,-1.2757956981658936,-2.8058576583862305
4.158014297485352,-0.21578702330589294,-0.6617488861083984,-2.1717896461486816,-1.264411449432373,-2.8011629581451416
4.148698329925537,-0.21119892597198486,-0.6625684499740601,-2.167834520339966,-1.266597032546997,-2.796459197998047
4.16208028793335,-0.21351264417171478,-0.6639387011528015,-2.1756691932678223,-1.263840675354004,-2.803626775741577
4.147725582122803,-0.20504069328308105,-0.6662308573722839,-2.1690096855163574,-1.2675588130950928,-2.7976627349853516
4.157057762145996,-0.2096593827009201,-0.6686627864837646,-2.1749062538146973,-1.2643991708755493,-2.8022758960723877
4.147327423095703,-0.20391546189785004,-0.6698521375656128,-2.1728289127349854,-1.268655776977539,-2.799943208694458
4.153160572052002,-0.2021181881427765,-0.6723247766494751,-2.176546096801758,-1.2686678171157837,-2.8027639389038086
4.148763656616211,-0.2027336210012436,-0.6704246997833252,-2.174424886703491,-1.269205927848816,-2.801964521408081
4.1562724113464355,-0.20565402507781982,-0.6724966764450073,-2.176461935043335,-1.2678190469741821,-2.801762104034424
4.135043144226074,-0.19231554865837097,-0.6746229529380798,-2.174785852432251,-1.2717796564102173,-2.8010663986206055
4.134215831756592,-0.1921587735414505,-0.6757277846336365,-2.174100637435913,-1.2719383239746094,-2.800679922103882
4.153933525085449,-0.21773257851600647,-0.6604916453361511,-2.1634652614593506,-1.2649199962615967,-2.7952539920806885
4.162577152252197,-0.22030749917030334,-0.6596782207489014,-2.1689088344573975,-1.2628573179244995,-2.800384044647217
4.156091690063477,-0.21677783131599426,-0.6578618288040161,-2.1611294746398926,-1.2642982006072998,-2.7939624786376953
4.154585838317871,-0.21324782073497772,-0.6605278253555298,-2.165592670440674,-1.2650034427642822,-2.796753168106079
4.162049770355225,-0.21274720132350922,-0.6613249182701111,-2.167576551437378,-1.2636148929595947,-2.798388719558716
4.148593425750732,-0.210694819688797,-0.6635528206825256,-2.160435914993286,-1.2658805847167969,-2.791778802871704
4.155670642852783,-0.21225787699222565,-0.6622015833854675,-2.1621382236480713,-1.2648077011108398,-2.793470621109009
4.141437530517578,-0.20482511818408966,-0.6653943061828613,-2.1601412296295166,-1.2667875289916992,-2.792135715484619
4.147176265716553,-0.20764610171318054,-0.6632628440856934,-2.1606857776641846,-1.266189694404602,-2.7926015853881836
4.14187479019165,-0.20460179448127747,-0.6646169424057007,-2.1599433422088623,-1.2669824361801147,-2.792248487472534
4.149624824523926,-0.20881928503513336,-0.6656432151794434,-2.1662914752960205,-1.2662802934646606,-2.7968108654022217
4.144443035125732,-0.2136714607477188,-0.6645019054412842,-2.161405324935913,-1.265304446220398,-2.7941091060638428
4.146840572357178,-0.21724344789981842,-0.663593053817749,-2.1582818031311035,-1.2660410404205322,-2.7915287017822266
4.151660442352295,-0.2182198315858841,-0.6656997799873352,-2.164628028869629,-1.2653234004974365,-2.79758882522583
4.139604091644287,-0.21209187805652618,-0.6652635931968689,-2.1629037857055664,-1.266273021697998,-2.7956230640411377
4.13132905960083,-0.20817601680755615,-0.664838433265686,-2.165308952331543,-1.2677795886993408,-2.79809832572937
4.142687797546387,-0.21576067805290222,-0.6641833186149597,-2.163696765899658,-1.2667114734649658,-2.797135353088379
4.156395435333252,-0.21859508752822876,-0.666991114616394,-2.168940782546997,-1.2647100687026978,-2.801007032394409
4.141839981079102,-0.21398499608039856,-0.6651127338409424,-2.159855365753174,-1.2671339511871338,-2.793186902999878
4.135665416717529,-0.21073965728282928,-0.6629123091697693,-2.157870054244995,-1.2674885988235474,-2.791097402572632
4.142324447631836,-0.2132803499698639,-0.6652688980102539,-2.161186695098877,-1.26692533493042,-2.795231580734253
4.14552640914917,-0.21567311882972717,-0.6647475361824036,-2.1614606380462646,-1.266563892364502,-2.795055627822876
4.138193607330322,-0.21532496809959412,-0.6616862416267395,-2.157637357711792,-1.2662630081176758,-2.7910237312316895
4.139369010925293,-0.21274200081825256,-0.6626121997833252,-2.1577365398406982,-1.265871286392212,-2.790600061416626
4.153782844543457,-0.22101294994354248,-0.6654127836227417,-2.1643218994140625,-1.2641311883926392,-2.7974624633789062
4.143595218658447,-0.2149048000574112,-0.6641319394111633,-2.159785747528076,-1.2652360200881958,-2.792041540145874
4.142633438110352,-0.21790476143360138,-0.6633234024047852,-2.158419609069824,-1.2657074928283691,-2.791069269180298
4.15207052230835,-0.2236250340938568,-0.663958728313446,-2.1649820804595947,-1.265494465827942,-2.7985668182373047
4.156858921051025,-0.2212776392698288,-0.6644113063812256,-2.163487672805786,-1.2638620138168335,-2.7970376014709473
4.135561466217041,-0.21125206351280212,-0.6625527739524841,-2.154802083969116,-1.2654072046279907,-2.788466215133667
4.13761568069458,-0.21284933388233185,-0.6634639501571655,-2.158130645751953,-1.265562891960144,-2.7918167114257812
4.145732879638672,-0.2155158668756485,-0.666833221912384,-2.165189266204834,-1.2658677101135254,-2.797682046890259
4.135467052459717,-0.2103220671415329,-0.6665289402008057,-2.1573355197906494,-1.2667826414108276,-2.790245771408081
4.155669689178467,-0.22343330085277557,-0.6646299958229065,-2.164921283721924,-1.2646516561508179,-2.798196315765381
4.153870105743408,-0.224056676030159,-0.664467990398407,-2.1660099029541016,-1.2646369934082031,-2.799182176589966
4.150224208831787,-0.22142590582370758,-0.6612675189971924,-2.1613833904266357,-1.264417052268982,-2.7955150604248047
4.15744161605835,-0.22559823095798492,-0.6631667613983154,-2.1642894744873047,-1.2634613513946533,-2.7997820377349854
4.148613452911377,-0.22048647701740265,-0.6630325317382812,-2.1605048179626465,-1.2652803659439087,-2.795128107070923
4.153980731964111,-0.2234427034854889,-0.6633167266845703,-2.163917303085327,-1.2651009559631348,-2.798563003540039
4.1469950675964355,-0.21809209883213043,-0.664085328578949,-2.162444591522217,-1.2654378414154053,-2.7963268756866455
4.154531002044678,-0.22368793189525604,-0.6640495657920837,-2.165252685546875,-1.26478910446167,-2.7997868061065674
4.15651798248291,-0.22387774288654327,-0.6630191206932068,-2.1621644496917725,-1.2645634412765503,-2.79679274559021
4.15902853012085,-0.22501417994499207,-0.662139892578125,-2.161406993865967,-1.2637747526168823,-2.796117067337036
4.155056953430176,-0.22330257296562195,-0.6630960702896118,-2.164716958999634,-1.2641980648040771,-2.7992546558380127
4.161260604858398,-0.22385214269161224,-0.6647306680679321,-2.166628837585449,-1.264628291130066,-2.799077272415161
4.151363372802734,-0.21866664290428162,-0.6666273474693298,-2.165611982345581,-1.2667109966278076,-2.7971079349517822
4.134568691253662,-0.18431857228279114,-0.6851336359977722,-2.2079591751098633,-1.2706806659698486,-2.829026699066162
4.110239028930664,-0.14452698826789856,-0.6687513589859009,-2.2146809101104736,-1.2653425931930542,-2.8327481746673584
4.1187520027160645,-0.13062646985054016,-0.6532676815986633,-2.213787794113159,-1.260177493095398,-2.8353590965270996
4.132810592651367,-0.12191794812679291,-0.6365047693252563,-2.2011520862579346,-1.2611783742904663,-2.8297300338745117
4.1340012550354,-0.1221824660897255,-0.6330419182777405,-2.1882355213165283,-1.2615710496902466,-2.8201634883880615
4.130370140075684,-0.12079790234565735,-0.6326820850372314,-2.178330421447754,-1.2614102363586426,-2.813175916671753
4.123333930969238,-0.11675518751144409,-0.6321598887443542,-2.1821067333221436,-1.26051664352417,-2.817737102508545
4.076313018798828,-0.09805811196565628,-0.6431922912597656,-2.1622815132141113,-1.263427495956421,-2.801959276199341
4.080524921417236,-0.10282295197248459,-0.6437788009643555,-2.1496620178222656,-1.2667795419692993,-2.7896225452423096
4.090731620788574,-0.18612578511238098,-0.6960838437080383,-2.164857864379883,-1.263292908668518,-2.8060269355773926
4.100072860717773,-0.18951547145843506,-0.692238450050354,-2.1637587547302246,-1.2634402513504028,-2.804941177368164
4.078526973724365,-0.1842985451221466,-0.6911948919296265,-2.158643960952759,-1.26223623752594,-2.801785945892334
4.088541030883789,-0.18781828880310059,-0.6862137317657471,-2.159947395324707,-1.2623008489608765,-2.803067684173584
4.083266258239746,-0.18629130721092224,-0.6752327680587769,-2.1547303199768066,-1.2617402076721191,-2.7997307777404785
4.087355136871338,-0.1868312954902649,-0.6710836887359619,-2.152482032775879,-1.2604225873947144,-2.798119068145752
4.090755939483643,-0.192518949508667,-0.6690980792045593,-2.1548898220062256,-1.2617803812026978,-2.80031418800354
4.067497730255127,-0.18284383416175842,-0.6704646944999695,-2.153073310852051,-1.2602430582046509,-2.7992970943450928
4.0604963302612305,-0.17674225568771362,-0.6741316318511963,-2.1496753692626953,-1.260992169380188,-2.796297311782837
4.071606159210205,-0.1798604428768158,-0.6738163232803345,-2.1535191535949707,-1.260622501373291,-2.7992494106292725
4.058393955230713,-0.1743289679288864,-0.6695114970207214,-2.1469616889953613,-1.259624719619751,-2.7939579486846924
4.13021993637085,-0.20165598392486572,-0.6885344386100769,-2.163653612136841,-1.26615571975708,-2.801226854324341
4.1259284019470215,-0.20101627707481384,-0.6885624527931213,-2.1635725498199463,-1.2651607990264893,-2.802265167236328
4.127019882202148,-0.19778397679328918,-0.6958197951316833,-2.173560857772827,-1.2658700942993164,-2.8076279163360596
4.150185585021973,-0.2032567709684372,-0.7005257606506348,-2.1803362369537354,-1.2666610479354858,-2.812821865081787
4.1518988609313965,-0.19787421822547913,-0.7092018127441406,-2.191617727279663,-1.2662521600723267,-2.8203439712524414
4.15295934677124,-0.19604653120040894,-0.7106176018714905,-2.2070488929748535,-1.2661536931991577,-2.8348631858825684
4.1583991050720215,-0.19479534029960632,-0.7090022563934326,-2.1921253204345703,-1.2653416395187378,-2.821462869644165
4.174409866333008,-0.200089693069458,-0.7058680057525635,-2.1821675300598145,-1.2662209272384644,-2.8130972385406494
4.1650285720825195,-0.199001744389534,-0.7054689526557922,-2.179126501083374,-1.2656972408294678,-2.812194585800171
4.1648030281066895,-0.19430536031723022,-0.7016374468803406,-2.1660714149475098,-1.2665420770645142,-2.8029258251190186
4.152745723724365,-0.1886788010597229,-0.6943696737289429,-2.156491279602051,-1.2636677026748657,-2.796562433242798
4.067667007446289,-0.1791856288909912,-0.6754857301712036,-2.152378797531128,-1.2635279893875122,-2.8005456924438477
4.090327739715576,-0.1880967766046524,-0.6716126203536987,-2.1486408710479736,-1.2630265951156616,-2.796576499938965
4.103281497955322,-0.1881963163614273,-0.6850100159645081,-2.15291690826416,-1.2658052444458008,-2.7990379333496094
4.118439674377441,-0.1917237639427185,-0.6786989569664001,-2.150230646133423,-1.2662924528121948,-2.795729398727417
4.03035831451416,-0.1595006287097931,-0.6726372241973877,-2.1439504623413086,-1.2650034427642822,-2.7984485626220703
4.070375442504883,-0.17753815650939941,-0.6582151651382446,-2.139439344406128,-1.2625820636749268,-2.7925970554351807
4.062107563018799,-0.17241404950618744,-0.6607133746147156,-2.138261318206787,-1.2627801895141602,-2.791266679763794
4.067869186401367,-0.16790315508842468,-0.6489452719688416,-2.1192803382873535,-1.258837103843689,-2.776998519897461
4.07470178604126,-0.17472872138023376,-0.642852783203125,-2.117211103439331,-1.2567790746688843,-2.7774171829223633
4.079801082611084,-0.18143320083618164,-0.6490379571914673,-2.135601043701172,-1.2588778734207153,-2.789625644683838
4.080772876739502,-0.17798206210136414,-0.6566877961158752,-2.142815351486206,-1.2630571126937866,-2.796326160430908
4.087671279907227,-0.1813604086637497,-0.6742483973503113,-2.157020330429077,-1.260792851448059,-2.800814390182495
4.073677062988281,-0.1778346449136734,-0.6792424321174622,-2.1575815677642822,-1.2606950998306274,-2.8019208908081055
4.052802562713623,-0.1662266105413437,-0.6829326152801514,-2.1556296348571777,-1.2595776319503784,-2.801089286804199
4.118067741394043,-0.1973835527896881,-0.6667936444282532,-2.1585450172424316,-1.2627060413360596,-2.8004097938537598
4.08528470993042,-0.18351536989212036,-0.6736825108528137,-2.158722400665283,-1.2612135410308838,-2.802391529083252
4.078710556030273,-0.17976079881191254,-0.6799060702323914,-2.1610288619995117,-1.2618818283081055,-2.8042690753936768
4.082930088043213,-0.1819256842136383,-0.6705633997917175,-2.1584956645965576,-1.2600516080856323,-2.8023769855499268
4.0883965492248535,-0.18268203735351562,-0.6618127822875977,-2.150590181350708,-1.2618319988250732,-2.7959883213043213
4.079604148864746,-0.17871007323265076,-0.6529974937438965,-2.143846035003662,-1.262061357498169,-2.79071307182312
4.100130081176758,-0.18379250168800354,-0.6467519998550415,-2.142533540725708,-1.261518120765686,-2.791703462600708
4.159303188323975,-0.19801963865756989,-0.6465085744857788,-2.1477909088134766,-1.2575764656066895,-2.803532123565674
4.152108192443848,-0.21615149080753326,-0.6658428311347961,-2.1633880138397217,-1.2631738185882568,-2.7977449893951416
4.144045829772949,-0.21115587651729584,-0.6688902974128723,-2.166882276535034,-1.2632254362106323,-2.8012449741363525
4.149110317230225,-0.21386751532554626,-0.6671717166900635,-2.163846731185913,-1.2645820379257202,-2.797945261001587
4.1668267250061035,-0.22057248651981354,-0.6584445238113403,-2.1621768474578857,-1.264807105064392,-2.7996625900268555
4.155243396759033,-0.2157333642244339,-0.6624297499656677,-2.1679675579071045,-1.2654191255569458,-2.8044211864471436
4.1700615882873535,-0.22100211679935455,-0.6572324633598328,-2.1628575325012207,-1.2672525644302368,-2.801427125930786
4.177920818328857,-0.22050437331199646,-0.65557861328125,-2.1747148036956787,-1.2687288522720337,-2.8168394565582275
4.161688327789307,-0.21091577410697937,-0.6538805365562439,-2.172281265258789,-1.2698264122009277,-2.8128602504730225
4.161352634429932,-0.2105429619550705,-0.6558274626731873,-2.178075075149536,-1.2703800201416016,-2.819584608078003
4.176180362701416,-0.21726566553115845,-0.6514180302619934,-2.1742992401123047,-1.268955945968628,-2.8179171085357666
4.1716461181640625,-0.21120697259902954,-0.6589138507843018,-2.181917667388916,-1.2709113359451294,-2.8264598846435547
4.131275653839111,-0.19803135097026825,-0.6747803092002869,-2.1725497245788574,-1.2630921602249146,-2.802924871444702
4.152281761169434,-0.21103112399578094,-0.670200526714325,-2.1663897037506104,-1.2611548900604248,-2.8005096912384033
4.1501946449279785,-0.21195055544376373,-0.6712076663970947,-2.171191692352295,-1.2617641687393188,-2.806161880493164
4.1386308670043945,-0.20175506174564362,-0.6752434968948364,-2.175791025161743,-1.2628511190414429,-2.8089866638183594
4.140300273895264,-0.2096402645111084,-0.6710245013237,-2.1687300205230713,-1.2613919973373413,-2.8019161224365234
4.138658046722412,-0.20670627057552338,-0.6710608601570129,-2.1694436073303223,-1.261792778968811,-2.801880359649658
4.146880626678467,-0.21894551813602448,-0.6672127842903137,-2.1704556941986084,-1.2624953985214233,-2.8066277503967285
4.127738952636719,-0.20212632417678833,-0.6725816130638123,-2.172708034515381,-1.2621488571166992,-2.803358793258667
4.163275241851807,-0.22717610001564026,-0.6646909713745117,-2.1662189960479736,-1.261837124824524,-2.8025882244110107
4.153049468994141,-0.22104792296886444,-0.6719329953193665,-2.1693806648254395,-1.2625293731689453,-2.8027303218841553
4.130414009094238,-0.20926110446453094,-0.6739954948425293,-2.1752729415893555,-1.2624223232269287,-2.8054487705230713
4.127663612365723,-0.20029515027999878,-0.6799702644348145,-2.1707146167755127,-1.2639174461364746,-2.800480365753174
4.1405029296875,-0.2129734605550766,-0.673080325126648,-2.1636312007904053,-1.2618906497955322,-2.7967560291290283
4.11722469329834,-0.20799043774604797,-0.678900957107544,-2.1754884719848633,-1.2583787441253662,-2.798823118209839
4.127940654754639,-0.21992169320583344,-0.6746947765350342,-2.1811277866363525,-1.2611643075942993,-2.7913317680358887
4.075382232666016,-0.2001262605190277,-0.6821003556251526,-2.2049403190612793,-1.265322208404541,-2.8039064407348633
4.030956745147705,-0.17520880699157715,-0.6918383836746216,-2.2814879417419434,-1.2743797302246094,-2.82014536857605
4.012421607971191,-0.1685187816619873,-0.7026938199996948,-2.243725299835205,-1.268242359161377,-2.8025355339050293
4.003020286560059,-0.15364964306354523,-0.7151808142662048,-2.212843418121338,-1.2600847482681274,-2.7680108547210693
4.017135143280029,-0.15626637637615204,-0.716716468334198,-2.2099592685699463,-1.2600277662277222,-2.764336347579956
4.013315200805664,-0.15676572918891907,-0.715542197227478,-2.20774507522583,-1.2590481042861938,-2.7651519775390625
4.0172905921936035,-0.15336808562278748,-0.7151594161987305,-2.218071460723877,-1.2595280408859253,-2.7719151973724365
4.113602161407471,-0.19267818331718445,-0.6908506751060486,-2.173330068588257,-1.2682534456253052,-2.8190150260925293
4.0878005027771,-0.17524127662181854,-0.6789497137069702,-2.159379482269287,-1.2682932615280151,-2.8162450790405273
4.051374912261963,-0.16553524136543274,-0.6671144962310791,-2.137539863586426,-1.266623854637146,-2.80595064163208
4.041194915771484,-0.16945073008537292,-0.6533285975456238,-2.133230447769165,-1.2668722867965698,-2.8076114654541016
3.9999096393585205,-0.15732604265213013,-0.6559165120124817,-2.1266305446624756,-1.265724778175354,-2.8088958263397217
3.959806203842163,-0.13037610054016113,-0.6580078601837158,-2.1089389324188232,-1.2619056701660156,-2.797780990600586
3.9942429065704346,-0.13738881051540375,-0.6428528428077698,-2.097094774246216,-1.2573914527893066,-2.8057143688201904
3.9864046573638916,-0.12992194294929504,-0.6419777274131775,-2.091735601425171,-1.2560081481933594,-2.8006179332733154
3.9722740650177,-0.1266898363828659,-0.6394921541213989,-2.0727739334106445,-1.2569084167480469,-2.793588876724243
3.9690358638763428,-0.1243995800614357,-0.643832266330719,-2.0717880725860596,-1.2565759420394897,-2.7926042079925537
3.97117280960083,-0.11385302245616913,-0.6477775573730469,-2.0669987201690674,-1.252890944480896,-2.7892274856567383
4.125655651092529,-0.19486622512340546,-0.6537482738494873,-2.1785337924957275,-1.268244981765747,-2.8180038928985596
4.197745323181152,-0.1919965147972107,-0.6503624320030212,-2.1414856910705566,-1.2548866271972656,-2.8004472255706787
4.259585857391357,-0.2170100063085556,-0.6606156229972839,-2.121101140975952,-1.2506839036941528,-2.789337158203125
4.249423027038574,-0.21139878034591675,-0.6588886976242065,-2.115511417388916,-1.252789855003357,-2.7846343517303467
4.261529922485352,-0.22104884684085846,-0.6684219837188721,-2.1314239501953125,-1.2585430145263672,-2.817446708679199
4.290593147277832,-0.22881439328193665,-0.6772865056991577,-2.133084297180176,-1.2593865394592285,-2.8205559253692627
4.298341751098633,-0.22126653790473938,-0.6870021224021912,-2.1332690715789795,-1.26054847240448,-2.8320353031158447
4.2980875968933105,-0.21447333693504333,-0.6916460394859314,-2.1365389823913574,-1.2611922025680542,-2.8368895053863525
4.303284645080566,-0.21308191120624542,-0.6892234683036804,-2.137373685836792,-1.260169506072998,-2.839094638824463
4.296042442321777,-0.2000674307346344,-0.6774197220802307,-2.135605573654175,-1.262836217880249,-2.8299975395202637
4.290389537811279,-0.1917559653520584,-0.6824411153793335,-2.1372225284576416,-1.2616989612579346,-2.8368284702301025
4.148005962371826,-0.21364659070968628,-0.6560266017913818,-2.177156686782837,-1.2645338773727417,-2.8104090690612793
4.149717807769775,-0.21698565781116486,-0.6555153727531433,-2.174801826477051,-1.263853669166565,-2.8092381954193115
4.143074989318848,-0.21020503342151642,-0.6513832211494446,-2.1809885501861572,-1.2647414207458496,-2.812114953994751
4.1634345054626465,-0.2255312204360962,-0.6585184931755066,-2.1775403022766113,-1.2648744583129883,-2.8113901615142822
4.194505214691162,-0.23176775872707367,-0.6577777862548828,-2.1704607009887695,-1.2629470825195312,-2.8030760288238525
4.164949893951416,-0.22492754459381104,-0.6598963737487793,-2.1837289333343506,-1.264336347579956,-2.8124310970306396
4.166178226470947,-0.22519464790821075,-0.6630083322525024,-2.189619302749634,-1.263458251953125,-2.817307233810425
4.193750858306885,-0.22834984958171844,-0.6608240604400635,-2.1892001628875732,-1.26277756690979,-2.8139700889587402
4.123110294342041,-0.20318567752838135,-0.6780586242675781,-2.2172443866729736,-1.2650096416473389,-2.829742670059204
4.14953088760376,-0.21422915160655975,-0.6758407950401306,-2.2141196727752686,-1.2635548114776611,-2.821584701538086
4.107228755950928,-0.20326228439807892,-0.6819367408752441,-2.2337825298309326,-1.2656065225601196,-2.8373827934265137
4.170409679412842,-0.22014091908931732,-0.6578251719474792,-2.196316957473755,-1.2639765739440918,-2.820768356323242
4.1852641105651855,-0.22439225018024445,-0.6560105681419373,-2.1982967853546143,-1.2645546197891235,-2.821587085723877
4.171875953674316,-0.2185695618391037,-0.6629360914230347,-2.2103724479675293,-1.2645318508148193,-2.8236639499664307
4.1902313232421875,-0.22468426823616028,-0.6578065156936646,-2.21372389793396,-1.2652488946914673,-2.822594165802002
4.160755157470703,-0.21902555227279663,-0.6603626012802124,-2.2124178409576416,-1.262730598449707,-2.8106892108917236
4.177870750427246,-0.2282031774520874,-0.6532728672027588,-2.215822696685791,-1.2642912864685059,-2.809305191040039
4.144719123840332,-0.228733092546463,-0.6541805267333984,-2.2479403018951416,-1.2642099857330322,-2.825380325317383
4.0919013023376465,-0.22949732840061188,-0.6430084109306335,-2.30057954788208,-1.2676893472671509,-2.845226287841797
4.087536811828613,-0.23545387387275696,-0.6394295692443848,-2.302966356277466,-1.270050048828125,-2.836465358734131
4.064679145812988,-0.2346767634153366,-0.645156979560852,-2.303161144256592,-1.2707403898239136,-2.828331708908081
4.058466911315918,-0.23410990834236145,-0.6444306373596191,-2.2949941158294678,-1.2702776193618774,-2.8170876502990723
4.068084239959717,-0.19496643543243408,-0.7107307314872742,-2.1959049701690674,-1.2572683095932007,-2.8154730796813965
3.9824490547180176,-0.16808298230171204,-0.7204846739768982,-2.2046611309051514,-1.2590173482894897,-2.8226659297943115
3.9684717655181885,-0.16361527144908905,-0.7199701070785522,-2.189814329147339,-1.2597928047180176,-2.805190324783325
3.926706314086914,-0.14349326491355896,-0.7273500561714172,-2.168090343475342,-1.2604560852050781,-2.77245831489563
3.928745746612549,-0.14092358946800232,-0.7410925626754761,-2.1816303730010986,-1.2599049806594849,-2.7796883583068848
3.9089291095733643,-0.14405080676078796,-0.7421138286590576,-2.1934125423431396,-1.2614306211471558,-2.780933380126953
3.902834892272949,-0.14816409349441528,-0.7399879097938538,-2.1862611770629883,-1.2617087364196777,-2.7746922969818115
3.9011473655700684,-0.1426735371351242,-0.7472662329673767,-2.200495719909668,-1.261190414428711,-2.787339448928833
3.9215431213378906,-0.1557384431362152,-0.7342022657394409,-2.177044153213501,-1.2618961334228516,-2.7676000595092773
3.909273862838745,-0.15173198282718658,-0.7339917421340942,-2.17535662651062,-1.2620223760604858,-2.7679059505462646
3.8985273838043213,-0.14483888447284698,-0.7363331317901611,-2.180931568145752,-1.262765645980835,-2.774878740310669
4.122085094451904,-0.21382638812065125,-0.6768970489501953,-2.1622939109802246,-1.2681299448013306,-2.8039662837982178
4.101071357727051,-0.20955847203731537,-0.6780087351799011,-2.15812611579895,-1.2710795402526855,-2.801818609237671
4.110584735870361,-0.21035531163215637,-0.6799914240837097,-2.168691873550415,-1.2693774700164795,-2.810386896133423
4.1165900230407715,-0.21533085405826569,-0.6709718704223633,-2.1504786014556885,-1.2691751718521118,-2.79555344581604
4.131057262420654,-0.21586886048316956,-0.6634777784347534,-2.142130136489868,-1.2673876285552979,-2.7872514724731445
4.166342735290527,-0.22313889861106873,-0.6636818051338196,-2.1362953186035156,-1.2587000131607056,-2.7878127098083496
4.272148609161377,-0.24274766445159912,-0.6614986658096313,-2.120340585708618,-1.2489991188049316,-2.7774243354797363
4.439640998840332,-0.3471136689186096,-0.6763643026351929,-2.099170684814453,-1.254307508468628,-2.7750041484832764
4.44645357131958,-0.3447437882423401,-0.7210906147956848,-2.0718493461608887,-1.2620882987976074,-2.750840663909912
4.405375003814697,-0.32857468724250793,-0.7376725673675537,-2.0583531856536865,-1.2574461698532104,-2.749959945678711
4.387726783752441,-0.3165290355682373,-0.7453227043151855,-2.052711009979248,-1.2563469409942627,-2.747872829437256
4.148005962371826,-0.20711109042167664,-0.6643118262290955,-2.182959794998169,-1.2619436979293823,-2.8147494792938232
4.146963596343994,-0.20863023400306702,-0.6620537638664246,-2.1824452877044678,-1.2652088403701782,-2.815416097640991
4.168363094329834,-0.21068572998046875,-0.652673065662384,-2.1765990257263184,-1.26528799533844,-2.81868052482605
4.161421775817871,-0.2042226642370224,-0.6498789191246033,-2.1753077507019043,-1.2670320272445679,-2.8139514923095703
4.167821884155273,-0.20901992917060852,-0.6490733027458191,-2.17668080329895,-1.2670557498931885,-2.816378116607666
4.152490139007568,-0.2038099616765976,-0.6563193202018738,-2.176845073699951,-1.2690837383270264,-2.814962148666382
4.148996353149414,-0.19714798033237457,-0.6542198657989502,-2.176377773284912,-1.269340991973877,-2.811469078063965
4.155771255493164,-0.20307426154613495,-0.6536579728126526,-2.1791799068450928,-1.269456386566162,-2.816633701324463
4.160962104797363,-0.20558972656726837,-0.6532881259918213,-2.175952672958374,-1.2672110795974731,-2.8147494792938232
4.16534948348999,-0.20662425458431244,-0.6483290791511536,-2.174532890319824,-1.26726496219635,-2.813162326812744
4.163743019104004,-0.20579028129577637,-0.650948166847229,-2.1783103942871094,-1.2669354677200317,-2.81689715385437
4.143612861633301,-0.19591079652309418,-0.6781511306762695,-2.199446439743042,-1.2637451887130737,-2.8263328075408936
4.145556926727295,-0.19995102286338806,-0.6752760410308838,-2.1970043182373047,-1.2634176015853882,-2.826350450515747
4.1457743644714355,-0.2027589976787567,-0.6740803122520447,-2.199767827987671,-1.261225700378418,-2.8276612758636475
4.145393371582031,-0.20310857892036438,-0.6767397522926331,-2.2053184509277344,-1.2618794441223145,-2.8312840461730957
4.147272109985352,-0.20164789259433746,-0.676787793636322,-2.2078092098236084,-1.263634443283081,-2.830516815185547
4.154092788696289,-0.20853586494922638,-0.6801806688308716,-2.218935012817383,-1.2617474794387817,-2.8329062461853027
4.15589714050293,-0.2150212824344635,-0.6780014038085938,-2.2249693870544434,-1.2620841264724731,-2.8372812271118164
4.1565752029418945,-0.21443653106689453,-0.6825771331787109,-2.2270565032958984,-1.2610228061676025,-2.8366124629974365
4.158048152923584,-0.21382871270179749,-0.6801120042800903,-2.2291524410247803,-1.2614444494247437,-2.8370962142944336
4.15224027633667,-0.21167230606079102,-0.6848848462104797,-2.2274277210235596,-1.2610886096954346,-2.8336379528045654
4.153583526611328,-0.2146688550710678,-0.6803873777389526,-2.2273786067962646,-1.2616722583770752,-2.836411476135254
4.143564224243164,-0.20151329040527344,-0.6724461913108826,-2.20688796043396,-1.2637791633605957,-2.8340601921081543
4.144733428955078,-0.20122894644737244,-0.6745718121528625,-2.206357479095459,-1.2628549337387085,-2.832970380783081
4.149364471435547,-0.20465293526649475,-0.6718711256980896,-2.208413600921631,-1.2628226280212402,-2.834671974182129
4.150530815124512,-0.20574951171875,-0.6705748438835144,-2.208956480026245,-1.263108730316162,-2.8337249755859375
4.156871318817139,-0.20841707289218903,-0.6710988283157349,-2.2106964588165283,-1.262148141860962,-2.8333752155303955
4.152641773223877,-0.21095265448093414,-0.6804837584495544,-2.226541519165039,-1.261978268623352,-2.8371307849884033
4.141627311706543,-0.21298794448375702,-0.6915847659111023,-2.2369964122772217,-1.260331630706787,-2.828655958175659
4.137175559997559,-0.2148323357105255,-0.6927633881568909,-2.240607738494873,-1.2619733810424805,-2.830152750015259
4.141693592071533,-0.21864309906959534,-0.6907636523246765,-2.2391467094421387,-1.2607501745224,-2.8237035274505615
4.11583137512207,-0.2144385278224945,-0.6907626390457153,-2.2641611099243164,-1.2642196416854858,-2.8371422290802
4.08285665512085,-0.2022741734981537,-0.6861536502838135,-2.2785325050354004,-1.2597920894622803,-2.847794532775879
4.119095802307129,-0.19018030166625977,-0.6842409372329712,-2.189352512359619,-1.2729239463806152,-2.8248672485351562
4.105628490447998,-0.17770183086395264,-0.690317690372467,-2.189072370529175,-1.2737834453582764,-2.8246638774871826
4.081990718841553,-0.16484856605529785,-0.695177435874939,-2.188826560974121,-1.2722058296203613,-2.8256263732910156
4.059233665466309,-0.15064796805381775,-0.7003894448280334,-2.200716972351074,-1.2701845169067383,-2.8369016647338867
4.065585136413574,-0.15502966940402985,-0.7010172009468079,-2.2065978050231934,-1.2708526849746704,-2.841758966445923
4.075568675994873,-0.15921646356582642,-0.6984958052635193,-2.203665256500244,-1.2715376615524292,-2.8377606868743896
4.097708702087402,-0.17378199100494385,-0.6897751092910767,-2.1884918212890625,-1.2731047868728638,-2.8242721557617188
4.126178741455078,-0.19282077252864838,-0.6848289370536804,-2.1876516342163086,-1.2737164497375488,-2.823347806930542
4.086628437042236,-0.1680666208267212,-0.6918123364448547,-2.1832971572875977,-1.2720856666564941,-2.822502613067627
4.08595609664917,-0.1692468523979187,-0.6859568953514099,-2.1734397411346436,-1.2726930379867554,-2.818079948425293
4.105805397033691,-0.18297040462493896,-0.6835799813270569,-2.1743247509002686,-1.2714651823043823,-2.817223310470581
4.125406265258789,-0.19250208139419556,-0.679943859577179,-2.183270215988159,-1.2672010660171509,-2.815816879272461
4.132540225982666,-0.1992737054824829,-0.675243616104126,-2.180704355239868,-1.26790189743042,-2.814992666244507
4.151723384857178,-0.2025679349899292,-0.6603614687919617,-2.1511590480804443,-1.2654364109039307,-2.8003294467926025
4.15319299697876,-0.20268085598945618,-0.6618919968605042,-2.1323869228363037,-1.2636058330535889,-2.7869906425476074
4.1481099128723145,-0.19717536866664886,-0.6603699922561646,-2.1400856971740723,-1.2660224437713623,-2.795745849609375
4.162051677703857,-0.19470643997192383,-0.6630088686943054,-2.1255321502685547,-1.2624781131744385,-2.7863576412200928
4.161868095397949,-0.19553154706954956,-0.6629087328910828,-2.1251003742218018,-1.2622827291488647,-2.785637140274048
4.167068004608154,-0.19656138122081757,-0.6695225238800049,-2.127070903778076,-1.259989857673645,-2.7898669242858887
4.165622234344482,-0.193838968873024,-0.6705768704414368,-2.1256840229034424,-1.2610576152801514,-2.7910518646240234
4.178523063659668,-0.18895429372787476,-0.6818006634712219,-2.133537769317627,-1.2610208988189697,-2.806286573410034
4.201770782470703,-0.19259347021579742,-0.6845389008522034,-2.131793260574341,-1.2587788105010986,-2.807325601577759
4.138846397399902,-0.19820648431777954,-0.6738558411598206,-2.181957244873047,-1.2631456851959229,-2.8168869018554688
4.138736248016357,-0.19596074521541595,-0.6729509234428406,-2.1689751148223877,-1.2654259204864502,-2.80546236038208
4.129717826843262,-0.1901882290840149,-0.6722192168235779,-2.152287721633911,-1.2695952653884888,-2.789163827896118
4.131964683532715,-0.18831466138362885,-0.6718568205833435,-2.1508629322052,-1.268578290939331,-2.7877261638641357
4.136972904205322,-0.18967340886592865,-0.6682537794113159,-2.1451077461242676,-1.2705409526824951,-2.784480094909668
4.1528425216674805,-0.19572369754314423,-0.6612997055053711,-2.144428253173828,-1.26919686794281,-2.7862226963043213
4.135094165802002,-0.1837359219789505,-0.6655967831611633,-2.1330554485321045,-1.270940899848938,-2.7723095417022705
4.150627613067627,-0.19080011546611786,-0.658623456954956,-2.1298587322235107,-1.2705622911453247,-2.7708163261413574
4.1605987548828125,-0.19374880194664001,-0.6560320854187012,-2.1042990684509277,-1.271483302116394,-2.7511942386627197
4.156988620758057,-0.19313284754753113,-0.6610556244850159,-2.082761526107788,-1.2742180824279785,-2.7334542274475098
4.159229278564453,-0.19858938455581665,-0.6618748307228088,-2.076511859893799,-1.2746385335922241,-2.7303273677825928
4.1552348136901855,-0.21502158045768738,-0.6761099100112915,-2.1798219680786133,-1.2602874040603638,-2.8192765712738037
4.144862651824951,-0.2071070373058319,-0.6795942783355713,-2.1784424781799316,-1.261805772781372,-2.8151586055755615
4.147590637207031,-0.2075669765472412,-0.6794158220291138,-2.1788699626922607,-1.260614037513733,-2.8158671855926514
4.14653205871582,-0.21387837827205658,-0.6778051853179932,-2.1729934215545654,-1.2605500221252441,-2.81174898147583
4.1499528884887695,-0.21633979678153992,-0.6759142279624939,-2.156322717666626,-1.2593187093734741,-2.797048330307007
4.152433395385742,-0.22164684534072876,-0.6675260663032532,-2.1428945064544678,-1.2575896978378296,-2.783594846725464
4.1542792320251465,-0.22451770305633545,-0.6658371686935425,-2.1384377479553223,-1.258159875869751,-2.778836727142334
4.1612935066223145,-0.2285558432340622,-0.6600362062454224,-2.108690023422241,-1.2595558166503906,-2.7531328201293945
4.19174861907959,-0.2463521808385849,-0.6457550525665283,-2.069866418838501,-1.2634073495864868,-2.721527099609375
4.197354316711426,-0.25023964047431946,-0.6432588696479797,-2.064317464828491,-1.2636140584945679,-2.717283010482788
4.191830635070801,-0.24487578868865967,-0.6438344120979309,-2.062361240386963,-1.265222191810608,-2.715620517730713
4.144903659820557,-0.20116865634918213,-0.6746280193328857,-2.1767680644989014,-1.2594083547592163,-2.812563896179199
4.156450271606445,-0.21101519465446472,-0.6657320857048035,-2.1556317806243896,-1.2584694623947144,-2.7907297611236572
4.1569132804870605,-0.2126501500606537,-0.659583330154419,-2.1520164012908936,-1.2570370435714722,-2.787550926208496
4.154714107513428,-0.20440608263015747,-0.6683143973350525,-2.158773183822632,-1.2588759660720825,-2.794015407562256
4.156200885772705,-0.21084879338741302,-0.6604950428009033,-2.153701066970825,-1.2579665184020996,-2.7899718284606934
4.152825832366943,-0.2036307007074356,-0.6688345670700073,-2.157878875732422,-1.2592352628707886,-2.793349266052246
4.155760765075684,-0.20724241435527802,-0.665954053401947,-2.1516613960266113,-1.2597352266311646,-2.7880239486694336
4.15544319152832,-0.20799793303012848,-0.6616984009742737,-2.152717351913452,-1.2577909231185913,-2.7886507511138916
4.155670166015625,-0.20946119725704193,-0.664201557636261,-2.1515228748321533,-1.2593070268630981,-2.7874011993408203
4.158584117889404,-0.2191021740436554,-0.655177652835846,-2.1457998752593994,-1.2572379112243652,-2.783324718475342
4.159610748291016,-0.21633920073509216,-0.6563608646392822,-2.146458148956299,-1.2575255632400513,-2.7841567993164062
4.138779640197754,-0.19761021435260773,-0.6738771200180054,-2.1839523315429688,-1.2593954801559448,-2.816800117492676
4.144529819488525,-0.19357497990131378,-0.6755519509315491,-2.1801564693450928,-1.2612662315368652,-2.8114352226257324
4.143664836883545,-0.19034388661384583,-0.6700571179389954,-2.162389039993286,-1.263826608657837,-2.793806314468384
4.155851364135742,-0.2025003880262375,-0.6616917252540588,-2.1455769538879395,-1.2630692720413208,-2.7790017127990723
4.1544647216796875,-0.20745502412319183,-0.6570040583610535,-2.141855239868164,-1.2648036479949951,-2.7762320041656494
4.156835556030273,-0.2073231190443039,-0.6556369066238403,-2.1417455673217773,-1.2647818326950073,-2.7755141258239746
4.1398539543151855,-0.20209042727947235,-0.6627797484397888,-2.1457157135009766,-1.2665739059448242,-2.7791192531585693
4.15062952041626,-0.2062828689813614,-0.6569490432739258,-2.1425602436065674,-1.2667735815048218,-2.7755582332611084
4.159238815307617,-0.21526390314102173,-0.6490421295166016,-2.134505033493042,-1.2646957635879517,-2.771047592163086
4.165929317474365,-0.21997618675231934,-0.6492928266525269,-2.1298627853393555,-1.264068603515625,-2.765693187713623
4.149033546447754,-0.21062609553337097,-0.6561001539230347,-2.138953447341919,-1.2652395963668823,-2.7740938663482666
4.14562463760376,-0.21045319736003876,-0.6697101593017578,-2.170325517654419,-1.260254979133606,-2.802485942840576
4.145132541656494,-0.20606108009815216,-0.6693055629730225,-2.1751582622528076,-1.2610960006713867,-2.8056869506835938
4.144728183746338,-0.20635803043842316,-0.668432354927063,-2.1745169162750244,-1.261598825454712,-2.803183078765869
4.134715557098389,-0.1987936943769455,-0.6715595126152039,-2.1794142723083496,-1.2622209787368774,-2.808345079421997
4.134420871734619,-0.19967633485794067,-0.6648598909378052,-2.172781467437744,-1.2631138563156128,-2.8002963066101074
4.125129222869873,-0.1980040818452835,-0.6651456356048584,-2.175163745880127,-1.264365792274475,-2.8019535541534424
4.136049747467041,-0.20433373749256134,-0.6582158207893372,-2.166029691696167,-1.2619719505310059,-2.7912492752075195
4.163327217102051,-0.21968039870262146,-0.6486958265304565,-2.1556999683380127,-1.2604690790176392,-2.7803196907043457
4.14779806137085,-0.21557824313640594,-0.6527546644210815,-2.156872034072876,-1.2620608806610107,-2.781153678894043
4.133707046508789,-0.1972639262676239,-0.6614318490028381,-2.167598009109497,-1.264185905456543,-2.793079137802124
4.139931678771973,-0.20403072237968445,-0.6591304540634155,-2.160637378692627,-1.263912320137024,-2.784874677658081
4.134241104125977,-0.19562293589115143,-0.6719664335250854,-2.1804347038269043,-1.2609506845474243,-2.8118016719818115
4.126336574554443,-0.19098281860351562,-0.6757396459579468,-2.186173439025879,-1.2608237266540527,-2.8181135654449463
4.132753372192383,-0.19692717492580414,-0.6707755923271179,-2.1848061084747314,-1.2609299421310425,-2.8148884773254395
4.13402795791626,-0.19915956258773804,-0.665797770023346,-2.1800529956817627,-1.259567141532898,-2.8092129230499268
4.131739616394043,-0.1896549016237259,-0.6686742901802063,-2.18314528465271,-1.2605115175247192,-2.81242036819458
4.139636039733887,-0.20145748555660248,-0.6634059548377991,-2.1765100955963135,-1.2589530944824219,-2.8020999431610107
4.129630088806152,-0.18875528872013092,-0.6697217226028442,-2.1863160133361816,-1.2609702348709106,-2.8124196529388428
4.1256818771362305,-0.18491379916667938,-0.6700816750526428,-2.1912543773651123,-1.2622121572494507,-2.8154618740081787
4.124236583709717,-0.18720030784606934,-0.6659937500953674,-2.1896703243255615,-1.2608002424240112,-2.8126096725463867
4.132861137390137,-0.1931667923927307,-0.6613008379936218,-2.195162296295166,-1.260184407234192,-2.816279888153076
4.104567050933838,-0.17976945638656616,-0.6710118651390076,-2.2457735538482666,-1.2523562908172607,-2.857842445373535
4.142005443572998,-0.20445679128170013,-0.6788607239723206,-2.2161664962768555,-1.2615962028503418,-2.8406777381896973
4.127148628234863,-0.1994435042142868,-0.6767985820770264,-2.251025915145874,-1.2562386989593506,-2.861949920654297
4.1217474937438965,-0.19657887518405914,-0.6731544137001038,-2.2597544193267822,-1.254274606704712,-2.8670177459716797
4.12513542175293,-0.20009702444076538,-0.6755497455596924,-2.2614898681640625,-1.2557650804519653,-2.865248680114746
4.103486061096191,-0.19096563756465912,-0.6834982633590698,-2.275620460510254,-1.254224419593811,-2.8770105838775635
4.106154918670654,-0.19305090606212616,-0.673589289188385,-2.2737691402435303,-1.2532309293746948,-2.8700265884399414
4.1053924560546875,-0.18956413865089417,-0.6694061160087585,-2.278280258178711,-1.2542426586151123,-2.874634265899658
4.102877140045166,-0.18998181819915771,-0.6698077321052551,-2.2785799503326416,-1.2553579807281494,-2.8725950717926025
4.107487678527832,-0.18895670771598816,-0.6564818620681763,-2.27669095993042,-1.2543693780899048,-2.8681485652923584
4.109296798706055,-0.18825484812259674,-0.6569715142250061,-2.274622917175293,-1.2533949613571167,-2.8658478260040283
4.117409706115723,-0.19212748110294342,-0.6536752581596375,-2.2763137817382812,-1.2539551258087158,-2.867513656616211
4.151617527008057,-0.20099659264087677,-0.6748029589653015,-2.1897785663604736,-1.2643780708312988,-2.8222053050994873
4.148809432983398,-0.20317649841308594,-0.678831934928894,-2.1948740482330322,-1.2651934623718262,-2.8257150650024414
4.147105693817139,-0.19738756120204926,-0.6812498569488525,-2.197436809539795,-1.2648309469223022,-2.828385829925537
4.147852420806885,-0.20464856922626495,-0.67901211977005,-2.1938650608062744,-1.2644132375717163,-2.8247311115264893
4.140642166137695,-0.19340789318084717,-0.685940146446228,-2.2014710903167725,-1.2638146877288818,-2.8320412635803223
4.1453704833984375,-0.1957269161939621,-0.6819336414337158,-2.199519395828247,-1.2640457153320312,-2.8305957317352295
4.142819881439209,-0.19809594750404358,-0.6841803789138794,-2.2031943798065186,-1.2641339302062988,-2.833616256713867
4.1493940353393555,-0.20575565099716187,-0.6750219464302063,-2.194112777709961,-1.2615025043487549,-2.8210480213165283
4.137726306915283,-0.19860172271728516,-0.6737450957298279,-2.2144854068756104,-1.2584538459777832,-2.8339860439300537
4.118468761444092,-0.1818467378616333,-0.6688671708106995,-2.2394983768463135,-1.2532572746276855,-2.8436899185180664
4.1175127029418945,-0.18233194947242737,-0.6629469990730286,-2.2431018352508545,-1.249178409576416,-2.834869861602783
4.143957138061523,-0.20960702002048492,-0.67433762550354,-2.2022624015808105,-1.265445351600647,-2.829467535018921
4.141465663909912,-0.20793847739696503,-0.674239456653595,-2.20582914352417,-1.2642481327056885,-2.828803539276123
4.119636535644531,-0.19389304518699646,-0.6816557049751282,-2.2300424575805664,-1.26028311252594,-2.8452394008636475
4.096619606018066,-0.18742714822292328,-0.6748256683349609,-2.232133388519287,-1.2557085752487183,-2.823223352432251
4.091244697570801,-0.17794641852378845,-0.6654155254364014,-2.2385408878326416,-1.2551664113998413,-2.8150408267974854
4.047112941741943,-0.15290582180023193,-0.6566461324691772,-2.26885986328125,-1.261810064315796,-2.8222527503967285
4.006726264953613,-0.1488698571920395,-0.6728964447975159,-2.296401023864746,-1.266155481338501,-2.8413610458374023
3.91098690032959,-0.1305377036333084,-0.688266932964325,-2.356171131134033,-1.2685099840164185,-2.9018514156341553
3.9000203609466553,-0.13332945108413696,-0.6909312605857849,-2.34816312789917,-1.2717695236206055,-2.898966073989868
3.886361837387085,-0.1292475163936615,-0.6939542889595032,-2.347099781036377,-1.2745749950408936,-2.9055614471435547
3.877525568008423,-0.12094761431217194,-0.701014518737793,-2.3495900630950928,-1.2765657901763916,-2.907735586166382
4.141964912414551,-0.21903641521930695,-0.6632819771766663,-2.167828321456909,-1.2654812335968018,-2.7954447269439697
4.15660285949707,-0.22987493872642517,-0.6554216146469116,-2.1701817512512207,-1.2624586820602417,-2.794584035873413
4.153315544128418,-0.23186972737312317,-0.6529678106307983,-2.16902494430542,-1.2619554996490479,-2.7927327156066895
4.156547546386719,-0.23660808801651,-0.6506791710853577,-2.1660540103912354,-1.2615821361541748,-2.7889790534973145
4.166932582855225,-0.24545910954475403,-0.6468809247016907,-2.1627719402313232,-1.2600826025009155,-2.784083843231201
4.165043354034424,-0.24746307730674744,-0.643596351146698,-2.16060733795166,-1.2595653533935547,-2.783308982849121
4.183992385864258,-0.26218897104263306,-0.6432242393493652,-2.1553151607513428,-1.259386420249939,-2.7765064239501953
4.176508903503418,-0.26411938667297363,-0.6378031373023987,-2.1580445766448975,-1.259371042251587,-2.780750036239624
4.177505970001221,-0.2684851586818695,-0.6330923438072205,-2.1555259227752686,-1.2589950561523438,-2.777635335922241
4.18934440612793,-0.2749408483505249,-0.6301244497299194,-2.1495985984802246,-1.2582571506500244,-2.7721378803253174
4.178902626037598,-0.274127721786499,-0.6287884712219238,-2.1564505100250244,-1.258861780166626,-2.7784221172332764
4.154749393463135,-0.22353887557983398,-0.6429320573806763,-2.157388925552368,-1.2620598077774048,-2.784456253051758
4.1573381423950195,-0.22603672742843628,-0.6404919028282166,-2.159533739089966,-1.2618228197097778,-2.786029100418091
4.152989864349365,-0.22497598826885223,-0.6418191194534302,-2.1595115661621094,-1.2608751058578491,-2.7862350940704346
4.181588649749756,-0.24723172187805176,-0.6313930749893188,-2.1589064598083496,-1.259403109550476,-2.783499002456665
4.170958995819092,-0.237140491604805,-0.6312995553016663,-2.159313917160034,-1.2592533826828003,-2.784247636795044
4.165727138519287,-0.23517216742038727,-0.6360969543457031,-2.1586999893188477,-1.2607017755508423,-2.784681797027588
4.168597221374512,-0.2383829653263092,-0.6378296613693237,-2.16384220123291,-1.2597830295562744,-2.7879464626312256
4.178791046142578,-0.24322465062141418,-0.6390659809112549,-2.162855863571167,-1.2600592374801636,-2.786180019378662
4.154539585113525,-0.23155836760997772,-0.6459233164787292,-2.1686975955963135,-1.260168194770813,-2.7917401790618896
